{"type": "FeatureCollection", "features": [{"type": "Feature", "geometry": {"type": "Point", "coordinates": [-84.29485946188, 33.384046646948]}, "properties": {"state": "GA", "county": "Henry", "city": "HAMPTON", "zip": "30228", "address": "4 CINDY CT", "parcelid": "022B01034000", "loan_type": "Commercial", "date": "2022-08-24", "amount": 655352000.0, "lender": "GERMAN AMERICAN CAPITAL", "borrower": "BAF ASSETS 5 LLC", "parent_brand": "Amherst Residential", "matched_address": "4 CINDY CT, HAMPTON, GA, 30228"}}, {"type": "Feature", "geometry": {"type": "Point", "coordinates": [-84.01751855201, 33.522589948005]}, "properties": {"state": "GA", "county": "Newton", "city": "COVINGTON", "zip": "30016", "address": "45 ASHLEY WAY", "parcelid": "00080-00000-705-000", "loan_type": "Commercial", "date": "2022-08-24", "amount": 655352000.0, "lender": "GERMAN AMERICAN CAPITAL", "borrower": "BAF ASSETS 5 LLC", "parent_brand": "Amherst Residential", "matched_address": "45 ASHLEY WAY, COVINGTON, GA, 30016"}}, {"type": "Feature", "geometry": {"type": "Point", "coordinates": [-84.773091928, 33.672025852762]}, "properties": {"state": "GA", "county": "Douglas", "city": "DOUGLASVILLE", "zip": "30135", "address": "6040 ORCHARD RD", "parcelid": "0034-02-5- -00009", "loan_type": "Commercial", "date": "2022-08-24", "amount": 655352000.0, "lender": "GERMAN AMERICAN CAPITAL", "borrower": "BAF ASSETS 5 LLC", "parent_brand": "Amherst Residential", "matched_address": "6040 ORCHARD RD, DOUGLASVILLE, GA, 30135"}}, {"type": "Feature", "geometry": {"type": "Point", "coordinates": [-84.346395969846, 33.44858813221]}, "properties": {"state": "GA", "county": "Clayton", "city": "HAMPTON", "zip": "30228", "address": "1357 SHELLY CT", "parcelid": "06-129B- C-021", "loan_type": "Commercial", "date": "2022-08-24", "amount": 655352000.0, "lender": "GERMAN AMERICAN CAPITAL", "borrower": "BAF ASSETS 5 LLC", "parent_brand": "Amherst Residential", "matched_address": "1357 SHELLY CT, HAMPTON, GA, 30228"}}, {"type": "Feature", "geometry": {"type": "Point", "coordinates": [-84.548368634353, 33.716537344429]}, "properties": {"state": "GA", "county": "Fulton", "city": "ATLANTA", "zip": "30331", "address": "1960 LOCH LOMOND TRL SW", "parcelid": "14F007900020116", "loan_type": "Commercial", "date": "2022-08-24", "amount": 655352000.0, "lender": "GERMAN AMERICAN CAPITAL", "borrower": "BAF ASSETS 5 LLC", "parent_brand": "Amherst Residential", "matched_address": "1960 LOCH LOMOND TRL SW, ATLANTA, GA, 30331"}}, {"type": "Feature", "geometry": {"type": "Point", "coordinates": [-84.584966534827, 34.127268523579]}, "properties": {"state": "GA", "county": "Cherokee", "city": "WOODSTOCK", "zip": "30189", "address": "207 CARMICHAEL RD", "parcelid": "15N04A 065", "loan_type": "Commercial", "date": "2022-08-24", "amount": 655352000.0, "lender": "GERMAN AMERICAN CAPITAL", "borrower": "BAF ASSETS 5 LLC", "parent_brand": "Amherst Residential", "matched_address": "207 CARMICHAEL RD, WOODSTOCK, GA, 30189"}}, {"type": "Feature", "geometry": {"type": "Point", "coordinates": [-84.316632446414, 33.660459259061]}, "properties": {"state": "GA", "county": "DeKalb", "city": "CONLEY", "zip": "30288", "address": "4135 SAUTEE TRL", "parcelid": "15 020 02 073", "loan_type": "Commercial", "date": "2022-08-24", "amount": 655352000.0, "lender": "GERMAN AMERICAN CAPITAL", "borrower": "BAF ASSETS 5 LLC", "parent_brand": "Amherst Residential", "matched_address": "4135 SAUTEE TRL, CONLEY, GA, 30288"}}, {"type": "Feature", "geometry": {"type": "Point", "coordinates": [-84.809410960961, 33.379025615857]}, "properties": {"state": "GA", "county": "Coweta", "city": "NEWNAN", "zip": "30263", "address": "15 RAY ST", "parcelid": "N22\u00a0 0008 004", "loan_type": "Commercial", "date": "2022-08-24", "amount": 655352000.0, "lender": "GERMAN AMERICAN CAPITAL", "borrower": "BAF ASSETS 5 LLC", "parent_brand": "Amherst Residential", "matched_address": "15 RAY ST, NEWNAN, GA, 30263"}}, {"type": "Feature", "geometry": {"type": "Point", "coordinates": [-84.00049535388, 33.721686673286]}, "properties": {"state": "GA", "county": "Rockdale", "city": "CONYERS", "zip": "30012", "address": "1357 COUNTRY LANE WAY NE", "parcelid": "054-A-01-0036", "loan_type": "Commercial", "date": "2022-08-24", "amount": 655352000.0, "lender": "GERMAN AMERICAN CAPITAL", "borrower": "BAF ASSETS 5 LLC", "parent_brand": "Amherst Residential", "matched_address": "1357 COUNTRY LANE WAY NE, CONYERS, GA, 30012"}}, {"type": "Feature", "geometry": {"type": "Point", "coordinates": [-83.97633187581, 34.023833807994]}, "properties": {"state": "GA", "county": "Gwinnett", "city": "LAWRENCEVILLE", "zip": "30043", "address": "1171 SOMMERSET DR", "parcelid": "R7092 043", "loan_type": "Commercial", "date": "2022-08-24", "amount": 655352000.0, "lender": "GERMAN AMERICAN CAPITAL", "borrower": "BAF ASSETS 5 LLC", "parent_brand": "Amherst Residential", "matched_address": "1171 SOMMERSET DR, LAWRENCEVILLE, GA, 30043"}}, {"type": "Feature", "geometry": {"type": "Point", "coordinates": [-84.110537678721, 34.215098751566]}, "properties": {"state": "GA", "county": "Forsyth", "city": "CUMMING", "zip": "30041", "address": "1545 DOGWOOD DR", "parcelid": "195-000-121", "loan_type": "Commercial", "date": "2022-08-24", "amount": 655352000.0, "lender": "GERMAN AMERICAN CAPITAL", "borrower": "BAF ASSETS 5 LLC", "parent_brand": "Amherst Residential", "matched_address": "1545 DOGWOOD DR, CUMMING, GA, 30041"}}, {"type": "Feature", "geometry": {"type": "Point", "coordinates": [-83.909507775671, 33.896020322552]}, "properties": {"state": "GA", "county": "Gwinnett", "city": "LOGANVILLE", "zip": "30052", "address": "735 TRIBBLE GATES CT", "parcelid": "R5198 046", "loan_type": "Commercial", "date": "2022-08-24", "amount": 655352000.0, "lender": "GERMAN AMERICAN CAPITAL", "borrower": "BAF ASSETS 5 LLC", "parent_brand": "Amherst Residential", "matched_address": "735 TRIBBLE GATES CT, LOGANVILLE, GA, 30052"}}, {"type": "Feature", "geometry": {"type": "Point", "coordinates": [-84.940328301523, 33.790314524619]}, "properties": {"state": "GA", "county": "Carroll", "city": "VILLA RICA", "zip": "30180", "address": "100 CREEKSIDE CIR", "parcelid": "166- \u00a0 -0180", "loan_type": "Commercial", "date": "2022-08-24", "amount": 655352000.0, "lender": "GERMAN AMERICAN CAPITAL", "borrower": "BAF ASSETS 5 LLC", "parent_brand": "Amherst Residential", "matched_address": "100 CREEKSIDE CIR, VILLA RICA, GA, 30180"}}, {"type": "Feature", "geometry": {"type": "Point", "coordinates": [-85.023067086595, 33.980111244591]}, "properties": {"state": "GA", "county": "Polk", "city": "ROCKMART", "zip": "30153", "address": "223 ARBOR DR", "parcelid": "061B073-", "loan_type": "Commercial", "date": "2022-08-24", "amount": 655352000.0, "lender": "GERMAN AMERICAN CAPITAL", "borrower": "BAF ASSETS 5 LLC", "parent_brand": "Amherst Residential", "matched_address": "223 ARBOR DR, ROCKMART, GA, 30153"}}, {"type": "Feature", "geometry": {"type": "Point", "coordinates": [-84.157239853169, 33.469906732074]}, "properties": {"state": "GA", "county": "Henry", "city": "MCDONOUGH", "zip": "30253", "address": "113 LELAND LN", "parcelid": "090E01047000", "loan_type": "Commercial", "date": "01/01/1899", "amount": 655352000.0, "lender": "GERMAN AMERICAN CAPITAL", "borrower": "BAF ASSETS 5 LLC", "parent_brand": "Amherst Residential", "matched_address": "113 LELAND LN, MCDONOUGH, GA, 30253"}}, {"type": "Feature", "geometry": {"type": "Point", "coordinates": [-84.00049535388, 33.721686673286]}, "properties": {"state": "GA", "county": "Rockdale", "city": "CONYERS", "zip": "30012", "address": "1357 COUNTRY LANE WAY NE", "parcelid": "054-A-01-0036", "loan_type": "Commercial", "date": "01/01/1899", "amount": 655352000.0, "lender": "GERMAN AMERICAN CAPITAL", "borrower": "BAF ASSETS 5 LLC", "parent_brand": "Amherst Residential", "matched_address": "1357 COUNTRY LANE WAY NE, CONYERS, GA, 30012"}}, {"type": "Feature", "geometry": {"type": "Point", "coordinates": [-84.669483590585, 33.685449310252]}, "properties": {"state": "GA", "county": "Douglas", "city": "DOUGLASVILLE", "zip": "30135", "address": "2876 RED LODGE WAY", "parcelid": "0123-01-5- -00009", "loan_type": "Commercial", "date": "01/01/1899", "amount": 655352000.0, "lender": "GERMAN AMERICAN CAPITAL", "borrower": "BAF ASSETS 5 LLC", "parent_brand": "Amherst Residential", "matched_address": "2876 RED LODGE WAY, DOUGLASVILLE, GA, 30135"}}, {"type": "Feature", "geometry": {"type": "Point", "coordinates": [-84.012905639429, 33.530514917347]}, "properties": {"state": "GA", "county": "Newton", "city": "COVINGTON", "zip": "30016", "address": "120 GOLDFINCH DR", "parcelid": "00080-00000-209-000", "loan_type": "Commercial", "date": "01/01/1899", "amount": 655352000.0, "lender": "GERMAN AMERICAN CAPITAL", "borrower": "BAF ASSETS 5 LLC", "parent_brand": "Amherst Residential", "matched_address": "120 GOLDFINCH DR, COVINGTON, GA, 30016"}}, {"type": "Feature", "geometry": {"type": "Point", "coordinates": [-85.013612944208, 33.889258155059]}, "properties": {"state": "GA", "county": "Paulding", "city": "ROCKMART", "zip": "30153", "address": "115 COUNTRY FARMS DR", "parcelid": "162.2.2.021.0000", "loan_type": "Commercial", "date": "01/01/1899", "amount": 655352000.0, "lender": "GERMAN AMERICAN CAPITAL", "borrower": "BAF ASSETS 5 LLC", "parent_brand": "Amherst Residential", "matched_address": "115 COUNTRY FARMS DR, ROCKMART, GA, 30153"}}, {"type": "Feature", "geometry": {"type": "Point", "coordinates": [-84.427806311483, 33.586097868474]}, "properties": {"state": "GA", "county": "Clayton", "city": "RIVERDALE", "zip": "30296", "address": "1170 VALENTINE CT", "parcelid": "13-120C- A-038", "loan_type": "Commercial", "date": "01/01/1899", "amount": 655352000.0, "lender": "GERMAN AMERICAN CAPITAL", "borrower": "BAF ASSETS 5 LLC", "parent_brand": "Amherst Residential", "matched_address": "1170 VALENTINE CT, RIVERDALE, GA, 30296"}}, {"type": "Feature", "geometry": {"type": "Point", "coordinates": [-83.894380786752, 34.315281958627]}, "properties": {"state": "GA", "county": "Hall", "city": "GAINESVILLE", "zip": "30506", "address": "3404 CROWN DR", "parcelid": "10-086 -000-090", "loan_type": "Commercial", "date": "01/01/1899", "amount": 655352000.0, "lender": "GERMAN AMERICAN CAPITAL", "borrower": "BAF ASSETS 5 LLC", "parent_brand": "Amherst Residential", "matched_address": "3404 CROWN DR, GAINESVILLE, GA, 30506"}}, {"type": "Feature", "geometry": {"type": "Point", "coordinates": [-84.101672665019, 33.755820485242]}, "properties": {"state": "GA", "county": "DeKalb", "city": "LITHONIA", "zip": "30058", "address": "1286 LIVE OAK TER", "parcelid": "16 158 01 083", "loan_type": "Commercial", "date": "01/01/1899", "amount": 655352000.0, "lender": "GERMAN AMERICAN CAPITAL", "borrower": "BAF ASSETS 5 LLC", "parent_brand": "Amherst Residential", "matched_address": "1286 LIVE OAK TER, LITHONIA, GA, 30058"}}, {"type": "Feature", "geometry": {"type": "Point", "coordinates": [-86.702009573994, 36.161666455185]}, "properties": {"state": "TN", "county": "Davidson", "city": "NASHVILLE", "zip": "37210", "address": "2117 FARLEY PL", "parcelid": "095-05-0A-047-00", "loan_type": "Commercial", "date": "01/01/1899", "amount": 655352000.0, "lender": "GERMAN AMERICAN CAPITAL CORP", "borrower": "BAF ASSETS 5 LLC", "parent_brand": "Amherst Residential", "matched_address": "2117 FARLEY PL, NASHVILLE, TN, 37210"}}, {"type": "Feature", "geometry": {"type": "Point", "coordinates": [-86.794357595865, 36.23600869469]}, "properties": {"state": "TN", "county": "Davidson", "city": "NASHVILLE", "zip": "37207", "address": "2811 CREEKBEND DR", "parcelid": "059-04-0A-090-00", "loan_type": "Commercial", "date": "01/01/1899", "amount": 655352000.0, "lender": "GERMAN AMERICAN CAPITAL CORP", "borrower": "BAF ASSETS 5 LLC", "parent_brand": "Amherst Residential", "matched_address": "2811 CREEKBEND DR, NASHVILLE, TN, 37207"}}, {"type": "Feature", "geometry": {"type": "Point", "coordinates": [-86.605140159167, 36.0751279954]}, "properties": {"state": "TN", "county": "Davidson", "city": "ANTIOCH", "zip": "37013", "address": "3213 AUTUMN DR", "parcelid": "150-07-0-130-00", "loan_type": "Commercial", "date": "01/01/1899", "amount": 655352000.0, "lender": "GERMAN AMERICAN CAPITAL CORP", "borrower": "BAF ASSETS 5 LLC", "parent_brand": "Amherst Residential", "matched_address": "3213 AUTUMN DR, ANTIOCH, TN, 37013"}}, {"type": "Feature", "geometry": {"type": "Point", "coordinates": [-86.596210998873, 36.072984400467]}, "properties": {"state": "TN", "county": "Davidson", "city": "ANTIOCH", "zip": "37013", "address": "1117 BURLINGAME CT", "parcelid": "150-08-0-147-00", "loan_type": "Commercial", "date": "01/01/1899", "amount": 655352000.0, "lender": "GERMAN AMERICAN CAPITAL CORP", "borrower": "BAF ASSETS 5 LLC", "parent_brand": "Amherst Residential", "matched_address": "1117 BURLINGAME CT, ANTIOCH, TN, 37013"}}, {"type": "Feature", "geometry": {"type": "Point", "coordinates": [-86.608164643992, 36.073479097498]}, "properties": {"state": "TN", "county": "Davidson", "city": "ANTIOCH", "zip": "37013", "address": "3113 STONEY BROOK CIR", "parcelid": "150-07-0-039-00", "loan_type": "Commercial", "date": "01/01/1899", "amount": 655352000.0, "lender": "GERMAN AMERICAN CAPITAL CORP", "borrower": "BAF ASSETS 5 LLC", "parent_brand": "Amherst Residential", "matched_address": "3113 STONEY BROOK CIR, ANTIOCH, TN, 37013"}}, {"type": "Feature", "geometry": {"type": "Point", "coordinates": [-86.656262997862, 36.233891104709]}, "properties": {"state": "TN", "county": "Davidson", "city": "MADISON", "zip": "37115", "address": "1503 MOHAWK TRL", "parcelid": "063-02-0-054-00", "loan_type": "Commercial", "date": "01/01/1899", "amount": 655352000.0, "lender": "GERMAN AMERICAN CAPITAL CORP", "borrower": "BAF ASSETS 5 LLC", "parent_brand": "Amherst Residential", "matched_address": "1503 MOHAWK TRL, MADISON, TN, 37115"}}, {"type": "Feature", "geometry": {"type": "Point", "coordinates": [-86.794213206712, 36.236016395439]}, "properties": {"state": "TN", "county": "Davidson", "city": "NASHVILLE", "zip": "37207", "address": "2809 CREEKBEND DR", "parcelid": "059-04-0A-089-00", "loan_type": "Commercial", "date": "01/01/1899", "amount": 655352000.0, "lender": "GERMAN AMERICAN CAPITAL CORP", "borrower": "BAF ASSETS 5 LLC", "parent_brand": "Amherst Residential", "matched_address": "2809 CREEKBEND DR, NASHVILLE, TN, 37207"}}, {"type": "Feature", "geometry": {"type": "Point", "coordinates": [-86.593432901542, 36.201992458125]}, "properties": {"state": "TN", "county": "Davidson", "city": "HERMITAGE", "zip": "37076", "address": "421 SCOTTS CREEK TRL", "parcelid": "075-12-0A-119-00", "loan_type": "Commercial", "date": "01/01/1899", "amount": 655352000.0, "lender": "GERMAN AMERICAN CAPITAL CORP", "borrower": "BAF ASSETS 5 LLC", "parent_brand": "Amherst Residential", "matched_address": "421 SCOTTS CREEK TRL, HERMITAGE, TN, 37076"}}, {"type": "Feature", "geometry": {"type": "Point", "coordinates": [-86.795974494123, 36.234538100222]}, "properties": {"state": "TN", "county": "Davidson", "city": "NASHVILLE", "zip": "37207", "address": "3249 WOODPOINT DR", "parcelid": "059-04-0A-215-00", "loan_type": "Commercial", "date": "01/01/1899", "amount": 655352000.0, "lender": "GERMAN AMERICAN CAPITAL CORP", "borrower": "BAF ASSETS 5 LLC", "parent_brand": "Amherst Residential", "matched_address": "3249 WOODPOINT DR, NASHVILLE, TN, 37207"}}, {"type": "Feature", "geometry": {"type": "Point", "coordinates": [-86.665257455215, 36.243544663549]}, "properties": {"state": "TN", "county": "Davidson", "city": "MADISON", "zip": "37115", "address": "1572 JOE PYRON DR", "parcelid": "053-09-0B-162-00", "loan_type": "Commercial", "date": "01/01/1899", "amount": 655352000.0, "lender": "GERMAN AMERICAN CAPITAL CORP", "borrower": "BAF ASSETS 5 LLC", "parent_brand": "Amherst Residential", "matched_address": "1572 JOE PYRON DR, MADISON, TN, 37115"}}, {"type": "Feature", "geometry": {"type": "Point", "coordinates": [-86.695057778029, 36.233992497671]}, "properties": {"state": "TN", "county": "Davidson", "city": "NASHVILLE", "zip": "37214", "address": "4049 LONGFELLOW DR", "parcelid": "062-02-0B-005-00", "loan_type": "Commercial", "date": "01/01/1899", "amount": 655352000.0, "lender": "GERMAN AMERICAN CAPITAL CORP", "borrower": "BAF ASSETS 5 LLC", "parent_brand": "Amherst Residential", "matched_address": "4049 LONGFELLOW DR, NASHVILLE, TN, 37214"}}, {"type": "Feature", "geometry": {"type": "Point", "coordinates": [-86.58949311034, 36.173869857285]}, "properties": {"state": "TN", "county": "Davidson", "city": "HERMITAGE", "zip": "37076", "address": "4332 CENTRAL VALLEY DR", "parcelid": "087-13-0-035-00", "loan_type": "Commercial", "date": "01/01/1899", "amount": 655352000.0, "lender": "GERMAN AMERICAN CAPITAL CORP", "borrower": "BAF ASSETS 5 LLC", "parent_brand": "Amherst Residential", "matched_address": "4332 CENTRAL VALLEY DR, HERMITAGE, TN, 37076"}}, {"type": "Feature", "geometry": {"type": "Point", "coordinates": [-86.627900518874, 36.043552902084]}, "properties": {"state": "TN", "county": "Davidson", "city": "ANTIOCH", "zip": "37013", "address": "216 CROSSHAVEN CT", "parcelid": "164-09-0-014-00", "loan_type": "Commercial", "date": "01/01/1899", "amount": 655352000.0, "lender": "GERMAN AMERICAN CAPITAL CORP", "borrower": "BAF ASSETS 5 LLC", "parent_brand": "Amherst Residential", "matched_address": "216 CROSSHAVEN CT, ANTIOCH, TN, 37013"}}, {"type": "Feature", "geometry": {"type": "Point", "coordinates": [-86.69033446108, 36.253193784516]}, "properties": {"state": "TN", "county": "Davidson", "city": "MADISON", "zip": "37115", "address": "636 KINSEY BLVD", "parcelid": "052-03-0-162-00", "loan_type": "Commercial", "date": "01/01/1899", "amount": 655352000.0, "lender": "GERMAN AMERICAN CAPITAL CORP", "borrower": "BAF ASSETS 5 LLC", "parent_brand": "Amherst Residential", "matched_address": "636 KINSEY BLVD, MADISON, TN, 37115"}}, {"type": "Feature", "geometry": {"type": "Point", "coordinates": [-86.659998590746, 36.057129256092]}, "properties": {"state": "TN", "county": "Davidson", "city": "ANTIOCH", "zip": "37013", "address": "4132 HIGHLANDER CT", "parcelid": "163-01-0-041-00", "loan_type": "Commercial", "date": "01/01/1899", "amount": 655352000.0, "lender": "GERMAN AMERICAN CAPITAL CORP", "borrower": "BAF ASSETS 5 LLC", "parent_brand": "Amherst Residential", "matched_address": "4132 HIGHLANDER CT, ANTIOCH, TN, 37013"}}, {"type": "Feature", "geometry": {"type": "Point", "coordinates": [-86.669581956579, 36.24408516241]}, "properties": {"state": "TN", "county": "Davidson", "city": "MADISON", "zip": "37115", "address": "1508 BEAUNA CT", "parcelid": "053-09-0-112-00", "loan_type": "Commercial", "date": "01/01/1899", "amount": 655352000.0, "lender": "GERMAN AMERICAN CAPITAL CORP", "borrower": "BAF ASSETS 5 LLC", "parent_brand": "Amherst Residential", "matched_address": "1508 BEAUNA CT, MADISON, TN, 37115"}}, {"type": "Feature", "geometry": {"type": "Point", "coordinates": [-86.576450655763, 36.168233853969]}, "properties": {"state": "TN", "county": "Davidson", "city": "HERMITAGE", "zip": "37076", "address": "5300 ROXBOROUGH PASS", "parcelid": "098-02-0-041-00", "loan_type": "Commercial", "date": "01/01/1899", "amount": 655352000.0, "lender": "GERMAN AMERICAN CAPITAL CORP", "borrower": "BAF ASSETS 5 LLC", "parent_brand": "Amherst Residential", "matched_address": "5300 ROXBOROUGH PASS, HERMITAGE, TN, 37076"}}, {"type": "Feature", "geometry": {"type": "Point", "coordinates": [-86.654310080463, 36.235081175918]}, "properties": {"state": "TN", "county": "Davidson", "city": "MADISON", "zip": "37115", "address": "1685 COMANCHE RUN", "parcelid": "053-14-0A-076-00", "loan_type": "Commercial", "date": "01/01/1899", "amount": 655352000.0, "lender": "GERMAN AMERICAN CAPITAL CORP", "borrower": "BAF ASSETS 5 LLC", "parent_brand": "Amherst Residential", "matched_address": "1685 COMANCHE RUN, MADISON, TN, 37115"}}, {"type": "Feature", "geometry": {"type": "Point", "coordinates": [-86.687877562839, 36.009929393926]}, "properties": {"state": "TN", "county": "Davidson", "city": "BRENTWOOD", "zip": "37027", "address": "8005 MANDAN DR", "parcelid": "181-03-0A-352-00", "loan_type": "Commercial", "date": "01/01/1899", "amount": 655352000.0, "lender": "GERMAN AMERICAN CAPITAL CORP", "borrower": "BAF ASSETS 5 LLC", "parent_brand": "Amherst Residential", "matched_address": "8005 MANDAN DR, BRENTWOOD, TN, 37027"}}, {"type": "Feature", "geometry": {"type": "Point", "coordinates": [-86.609531905296, 36.070358470208]}, "properties": {"state": "TN", "county": "Davidson", "city": "ANTIOCH", "zip": "37013", "address": "201 TOWNE VALLEY CT", "parcelid": "150-10-0-094-00", "loan_type": "Commercial", "date": "01/01/1899", "amount": 655352000.0, "lender": "GERMAN AMERICAN CAPITAL CORP", "borrower": "BAF ASSETS 5 LLC", "parent_brand": "Amherst Residential", "matched_address": "201 TOWNE VALLEY CT, ANTIOCH, TN, 37013"}}, {"type": "Feature", "geometry": {"type": "Point", "coordinates": [-86.601925709982, 36.186333099118]}, "properties": {"state": "TN", "county": "Davidson", "city": "HERMITAGE", "zip": "37076", "address": "204 RETREAT CT W", "parcelid": "086-07-0-056-00", "loan_type": "Commercial", "date": "01/01/1899", "amount": 655352000.0, "lender": "GERMAN AMERICAN CAPITAL CORP", "borrower": "BAF ASSETS 5 LLC", "parent_brand": "Amherst Residential", "matched_address": "204 RETREAT CT W, HERMITAGE, TN, 37076"}}, {"type": "Feature", "geometry": {"type": "Point", "coordinates": [-86.654883169295, 36.077876632453]}, "properties": {"state": "TN", "county": "Davidson", "city": "ANTIOCH", "zip": "37013", "address": "720 OAK CREEK DR", "parcelid": "149-02-0-058-00", "loan_type": "Commercial", "date": "01/01/1899", "amount": 655352000.0, "lender": "GERMAN AMERICAN CAPITAL CORP", "borrower": "BAF ASSETS 5 LLC", "parent_brand": "Amherst Residential", "matched_address": "720 OAK CREEK DR, ANTIOCH, TN, 37013"}}, {"type": "Feature", "geometry": {"type": "Point", "coordinates": [-86.581923681305, 36.08348046639]}, "properties": {"state": "TN", "county": "Davidson", "city": "ANTIOCH", "zip": "37013", "address": "3925 WATERFORD WAY", "parcelid": "137-13-0A-068-00", "loan_type": "Commercial", "date": "01/01/1899", "amount": 655352000.0, "lender": "GERMAN AMERICAN CAPITAL CORP", "borrower": "BAF ASSETS 5 LLC", "parent_brand": "Amherst Residential", "matched_address": "3925 WATERFORD WAY, ANTIOCH, TN, 37013"}}, {"type": "Feature", "geometry": {"type": "Point", "coordinates": [-86.722965675639, 36.263408737467]}, "properties": {"state": "TN", "county": "Davidson", "city": "MADISON", "zip": "37115", "address": "405 HICKORY CHASE DR", "parcelid": "042-16-0A-003-00", "loan_type": "Commercial", "date": "01/01/1899", "amount": 655352000.0, "lender": "GERMAN AMERICAN CAPITAL CORP", "borrower": "BAF ASSETS 5 LLC", "parent_brand": "Amherst Residential", "matched_address": "405 HICKORY CHASE DR, MADISON, TN, 37115"}}, {"type": "Feature", "geometry": {"type": "Point", "coordinates": [-112.110271872861, 33.645285344596]}, "properties": {"state": "AZ", "county": "Maricopa", "city": "PHOENIX", "zip": "85023", "address": "2407 W SHADY GLEN AVE", "parcelid": "208-22-042", "loan_type": "Commercial", "date": "2022-08-24", "amount": 655352000.0, "lender": "GERMAN AMERICAN CAPITAL CORPORATION", "borrower": "BAF ASSETS 5 LLC", "parent_brand": "Amherst Residential", "matched_address": "2407 W SHADY GLEN AVE, PHOENIX, AZ, 85023"}}, {"type": "Feature", "geometry": {"type": "Point", "coordinates": [-112.247381999844, 33.645744569556]}, "properties": {"state": "AZ", "county": "Maricopa", "city": "PEORIA", "zip": "85382", "address": "8729 W ATHENS ST", "parcelid": "200-42-204", "loan_type": "Commercial", "date": "2022-08-24", "amount": 655352000.0, "lender": "GERMAN AMERICAN CAPITAL CORPORATION", "borrower": "BAF ASSETS 5 LLC", "parent_brand": "Amherst Residential", "matched_address": "8729 W ATHENS ST, PEORIA, AZ, 85382"}}, {"type": "Feature", "geometry": {"type": "Point", "coordinates": [-112.147572814807, 33.540597387012]}, "properties": {"state": "AZ", "county": "Maricopa", "city": "PHOENIX", "zip": "85051", "address": "4122 W GLENN DR", "parcelid": "151-18-236", "loan_type": "Commercial", "date": "2022-08-24", "amount": 655352000.0, "lender": "GERMAN AMERICAN CAPITAL CORPORATION", "borrower": "BAF ASSETS 5 LLC", "parent_brand": "Amherst Residential", "matched_address": "4122 W GLENN DR, PHOENIX, AZ, 85051"}}, {"type": "Feature", "geometry": {"type": "Point", "coordinates": [-112.205656049289, 33.516628026768]}, "properties": {"state": "AZ", "county": "Maricopa", "city": "GLENDALE", "zip": "85303", "address": "5501 N 68TH AVE", "parcelid": "144-25-269", "loan_type": "Commercial", "date": "2022-08-24", "amount": 655352000.0, "lender": "GERMAN AMERICAN CAPITAL CORPORATION", "borrower": "BAF ASSETS 5 LLC", "parent_brand": "Amherst Residential", "matched_address": "5501 N 68TH AVE, GLENDALE, AZ, 85303"}}, {"type": "Feature", "geometry": {"type": "Point", "coordinates": [-112.200227817376, 33.5774771677]}, "properties": {"state": "AZ", "county": "Maricopa", "city": "GLENDALE", "zip": "85302", "address": "6530 W CINNABAR AVE", "parcelid": "143-49-642", "loan_type": "Commercial", "date": "2022-08-24", "amount": 655352000.0, "lender": "GERMAN AMERICAN CAPITAL CORPORATION", "borrower": "BAF ASSETS 5 LLC", "parent_brand": "Amherst Residential", "matched_address": "6530 W CINNABAR AVE, GLENDALE, AZ, 85302"}}, {"type": "Feature", "geometry": {"type": "Point", "coordinates": [-111.731189908478, 33.437725165326]}, "properties": {"state": "AZ", "county": "Maricopa", "city": "MESA", "zip": "85205", "address": "4631 E GREENWAY ST", "parcelid": "141-33-122", "loan_type": "Commercial", "date": "2022-08-24", "amount": 655352000.0, "lender": "GERMAN AMERICAN CAPITAL CORPORATION", "borrower": "BAF ASSETS 5 LLC", "parent_brand": "Amherst Residential", "matched_address": "4631 E GREENWAY ST, MESA, AZ, 85205"}}, {"type": "Feature", "geometry": {"type": "Point", "coordinates": [-111.782942269969, 33.393015579682]}, "properties": {"state": "AZ", "county": "Maricopa", "city": "MESA", "zip": "85204", "address": "2255 E GABLE AVE", "parcelid": "140-61-030", "loan_type": "Commercial", "date": "2022-08-24", "amount": 655352000.0, "lender": "GERMAN AMERICAN CAPITAL CORPORATION", "borrower": "BAF ASSETS 5 LLC", "parent_brand": "Amherst Residential", "matched_address": "2255 E GABLE AVE, MESA, AZ, 85204"}}, {"type": "Feature", "geometry": {"type": "Point", "coordinates": [-112.050000459934, 33.400902707628]}, "properties": {"state": "AZ", "county": "Maricopa", "city": "PHOENIX", "zip": "85040", "address": "1441 E SONRISAS ST", "parcelid": "113-54-059", "loan_type": "Commercial", "date": "2022-08-24", "amount": 655352000.0, "lender": "GERMAN AMERICAN CAPITAL CORPORATION", "borrower": "BAF ASSETS 5 LLC", "parent_brand": "Amherst Residential", "matched_address": "1441 E SONRISAS ST, PHOENIX, AZ, 85040"}}, {"type": "Feature", "geometry": {"type": "Point", "coordinates": [-112.126503511072, 33.395102849089]}, "properties": {"state": "AZ", "county": "Maricopa", "city": "PHOENIX", "zip": "85041", "address": "3144 W PECAN RD", "parcelid": "105-68-175", "loan_type": "Commercial", "date": "2022-08-24", "amount": 655352000.0, "lender": "GERMAN AMERICAN CAPITAL CORPORATION", "borrower": "BAF ASSETS 5 LLC", "parent_brand": "Amherst Residential", "matched_address": "3144 W PECAN RD, PHOENIX, AZ, 85041"}}, {"type": "Feature", "geometry": {"type": "Point", "coordinates": [-112.288318745835, 33.501921259748]}, "properties": {"state": "AZ", "county": "Maricopa", "city": "PHOENIX", "zip": "85037", "address": "4520 N 106TH AVE", "parcelid": "102-17-790", "loan_type": "Commercial", "date": "2022-08-24", "amount": 655352000.0, "lender": "GERMAN AMERICAN CAPITAL CORPORATION", "borrower": "BAF ASSETS 5 LLC", "parent_brand": "Amherst Residential", "matched_address": "4520 N 106TH AVE, PHOENIX, AZ, 85037"}}, {"type": "Feature", "geometry": {"type": "Point", "coordinates": [-110.996911658157, 32.154807557748]}, "properties": {"state": "AZ", "county": "Pima", "city": "TUCSON", "zip": "85746", "address": "1494 W KENNINGTON AVE", "parcelid": "137-32-0220", "loan_type": "Commercial", "date": "2022-08-24", "amount": 655352000.0, "lender": "GERMAN AMERICAN CAPITAL CORPORATION", "borrower": "BAF ASSETS 5 LLC", "parent_brand": "Amherst Residential", "matched_address": "1494 W KENNINGTON AVE, TUCSON, AZ, 85746"}}, {"type": "Feature", "geometry": {"type": "Point", "coordinates": [-110.971649869884, 31.998779097424]}, "properties": {"state": "AZ", "county": "Pima", "city": "SAHUARITA", "zip": "85629", "address": "13831 S CAMINO NUDO", "parcelid": "303-77-1100", "loan_type": "Commercial", "date": "2022-08-24", "amount": 655352000.0, "lender": "GERMAN AMERICAN CAPITAL CORPORATION", "borrower": "BAF ASSETS 5 LLC", "parent_brand": "Amherst Residential", "matched_address": "13831 CAM NUDO, SAHUARITA, AZ, 85629"}}, {"type": "Feature", "geometry": {"type": "Point", "coordinates": [-111.062528785517, 32.349355928913]}, "properties": {"state": "AZ", "county": "Pima", "city": "TUCSON", "zip": "85741", "address": "4591 W JOSHUA LN", "parcelid": "225-38-5740", "loan_type": "Commercial", "date": "2022-08-24", "amount": 655352000.0, "lender": "GERMAN AMERICAN CAPITAL CORPORATION", "borrower": "BAF ASSETS 5 LLC", "parent_brand": "Amherst Residential", "matched_address": "4591 W JOSHUA LN, TUCSON, AZ, 85741"}}, {"type": "Feature", "geometry": {"type": "Point", "coordinates": [-111.116971112369, 32.113989727288]}, "properties": {"state": "AZ", "county": "Pima", "city": "TUCSON", "zip": "85757", "address": "7143 W FALL HAVEN WAY", "parcelid": "210-42-1690", "loan_type": "Commercial", "date": "2022-08-24", "amount": 655352000.0, "lender": "GERMAN AMERICAN CAPITAL CORPORATION", "borrower": "BAF ASSETS 5 LLC", "parent_brand": "Amherst Residential", "matched_address": "7143 W FALL HAVEN WAY, TUCSON, AZ, 85757"}}, {"type": "Feature", "geometry": {"type": "Point", "coordinates": [-111.129419601465, 32.129472884059]}, "properties": {"state": "AZ", "county": "Pima", "city": "TUCSON", "zip": "85757", "address": "6735 S MAY FLY DR", "parcelid": "210-36-1030", "loan_type": "Commercial", "date": "2022-08-24", "amount": 655352000.0, "lender": "GERMAN AMERICAN CAPITAL CORPORATION", "borrower": "BAF ASSETS 5 LLC", "parent_brand": "Amherst Residential", "matched_address": "6735 S MAY FLY DR, TUCSON, AZ, 85757"}}, {"type": "Feature", "geometry": {"type": "Point", "coordinates": [-111.123277418091, 32.1297733167]}, "properties": {"state": "AZ", "county": "Pima", "city": "TUCSON", "zip": "85757", "address": "7400 W CALLE MEDINA", "parcelid": "210-34-0790", "loan_type": "Commercial", "date": "2022-08-24", "amount": 655352000.0, "lender": "GERMAN AMERICAN CAPITAL CORPORATION", "borrower": "BAF ASSETS 5 LLC", "parent_brand": "Amherst Residential", "matched_address": "7400 W CLL MEDINA, TUCSON, AZ, 85757"}}, {"type": "Feature", "geometry": {"type": "Point", "coordinates": [-112.14948117636, 33.700658140963]}, "properties": {"state": "AZ", "county": "Maricopa", "city": "GLENDALE", "zip": "85310", "address": "23619 N 41ST DR", "parcelid": "205-11-549", "loan_type": "Commercial", "date": "2022-08-24", "amount": 655352000.0, "lender": "GERMAN AMERICAN CAPITAL CORPORATION", "borrower": "BAF ASSETS 5 LLC", "parent_brand": "Amherst Residential", "matched_address": "23619 N 41ST DR, GLENDALE, AZ, 85310"}}, {"type": "Feature", "geometry": {"type": "Point", "coordinates": [-110.797246817078, 32.110692148307]}, "properties": {"state": "AZ", "county": "Pima", "city": "TUCSON", "zip": "85747", "address": "9165 E IRONBARK ST", "parcelid": "141-28-2180", "loan_type": "Commercial", "date": "2022-08-24", "amount": 655352000.0, "lender": "GERMAN AMERICAN CAPITAL CORPORATION", "borrower": "BAF ASSETS 5 LLC", "parent_brand": "Amherst Residential", "matched_address": "9165 E IRONBARK ST, TUCSON, AZ, 85747"}}, {"type": "Feature", "geometry": {"type": "Point", "coordinates": [-110.903981179692, 32.127847306695]}, "properties": {"state": "AZ", "county": "Pima", "city": "TUCSON", "zip": "85756", "address": "4151 E AGATE KNOLL DR", "parcelid": "140-41-3130", "loan_type": "Commercial", "date": "2022-08-24", "amount": 655352000.0, "lender": "GERMAN AMERICAN CAPITAL CORPORATION", "borrower": "BAF ASSETS 5 LLC", "parent_brand": "Amherst Residential", "matched_address": "4151 E AGATE KNOLL DR, TUCSON, AZ, 85756"}}, {"type": "Feature", "geometry": {"type": "Point", "coordinates": [-110.905476254938, 32.127856306764]}, "properties": {"state": "AZ", "county": "Pima", "city": "TUCSON", "zip": "85756", "address": "4071 E AGATE KNOLL DR", "parcelid": "140-41-2720", "loan_type": "Commercial", "date": "2022-08-24", "amount": 655352000.0, "lender": "GERMAN AMERICAN CAPITAL CORPORATION", "borrower": "BAF ASSETS 5 LLC", "parent_brand": "Amherst Residential", "matched_address": "4071 E AGATE KNOLL DR, TUCSON, AZ, 85756"}}, {"type": "Feature", "geometry": {"type": "Point", "coordinates": [-110.90307139828, 32.139452251847]}, "properties": {"state": "AZ", "county": "Pima", "city": "TUCSON", "zip": "85706", "address": "6190 S WATER FOUNTAIN DR", "parcelid": "140-32-2490", "loan_type": "Commercial", "date": "2022-08-24", "amount": 655352000.0, "lender": "GERMAN AMERICAN CAPITAL CORPORATION", "borrower": "BAF ASSETS 5 LLC", "parent_brand": "Amherst Residential", "matched_address": "6190 S WATER FOUNTAIN DR, TUCSON, AZ, 85706"}}, {"type": "Feature", "geometry": {"type": "Point", "coordinates": [-110.785066624778, 32.181921701855]}, "properties": {"state": "AZ", "county": "Pima", "city": "TUCSON", "zip": "85730", "address": "9722 E SELLAROLE RD", "parcelid": "136-12-2350", "loan_type": "Commercial", "date": "2022-08-24", "amount": 655352000.0, "lender": "GERMAN AMERICAN CAPITAL CORPORATION", "borrower": "BAF ASSETS 5 LLC", "parent_brand": "Amherst Residential", "matched_address": "9722 E SELLAROLE RD, TUCSON, AZ, 85730"}}, {"type": "Feature", "geometry": {"type": "Point", "coordinates": [-110.891315966433, 32.13275037306]}, "properties": {"state": "AZ", "county": "Pima", "city": "TUCSON", "zip": "85756", "address": "6550 S CHINESE LANTERNS DR", "parcelid": "140-39-8120", "loan_type": "Commercial", "date": "2022-08-24", "amount": 655352000.0, "lender": "GERMAN AMERICAN CAPITAL CORPORATION", "borrower": "BAF ASSETS 5 LLC", "parent_brand": "Amherst Residential", "matched_address": "6550 S CHINESE LANTERNS DR, TUCSON, AZ, 85756"}}, {"type": "Feature", "geometry": {"type": "Point", "coordinates": [-110.866994547514, 32.129959627366]}, "properties": {"state": "AZ", "county": "Pima", "city": "TUCSON", "zip": "85756", "address": "5869 E FANTAIL LN", "parcelid": "140-37-8090", "loan_type": "Commercial", "date": "2022-08-24", "amount": 655352000.0, "lender": "GERMAN AMERICAN CAPITAL CORPORATION", "borrower": "BAF ASSETS 5 LLC", "parent_brand": "Amherst Residential", "matched_address": "5869 E FANTAIL DR, TUCSON, AZ, 85756"}}, {"type": "Feature", "geometry": {"type": "Point", "coordinates": [-111.038387299864, 32.124430024602]}, "properties": {"state": "AZ", "county": "Pima", "city": "TUCSON", "zip": "85746", "address": "3424 W AVENIDA SOMBRA", "parcelid": "138-32-8040", "loan_type": "Commercial", "date": "2022-08-24", "amount": 655352000.0, "lender": "GERMAN AMERICAN CAPITAL CORPORATION", "borrower": "BAF ASSETS 5 LLC", "parent_brand": "Amherst Residential", "matched_address": "3424 W AVE SOMBRA, TUCSON, AZ, 85746"}}, {"type": "Feature", "geometry": {"type": "Point", "coordinates": [-111.001268473053, 32.150403716591]}, "properties": {"state": "AZ", "county": "Pima", "city": "TUCSON", "zip": "85746", "address": "1715 W HOLLY OAK DR", "parcelid": "137-31-1480", "loan_type": "Commercial", "date": "2022-08-24", "amount": 655352000.0, "lender": "GERMAN AMERICAN CAPITAL CORPORATION", "borrower": "BAF ASSETS 5 LLC", "parent_brand": "Amherst Residential", "matched_address": "1715 W HOLLY OAK DR, TUCSON, AZ, 85746"}}, {"type": "Feature", "geometry": {"type": "Point", "coordinates": [-111.006229826276, 32.149537308347]}, "properties": {"state": "AZ", "county": "Pima", "city": "TUCSON", "zip": "85746", "address": "1880 W MOUNTAIN OAK LN", "parcelid": "137-29-2390", "loan_type": "Commercial", "date": "2022-08-24", "amount": 655352000.0, "lender": "GERMAN AMERICAN CAPITAL CORPORATION", "borrower": "BAF ASSETS 5 LLC", "parent_brand": "Amherst Residential", "matched_address": "1880 W MOUNTAIN OAK LN, TUCSON, AZ, 85746"}}, {"type": "Feature", "geometry": {"type": "Point", "coordinates": [-111.02445294996, 32.14762030948]}, "properties": {"state": "AZ", "county": "Pima", "city": "TUCSON", "zip": "85746", "address": "5740 S HILDRETH AVE", "parcelid": "137-24-0160", "loan_type": "Commercial", "date": "2022-08-24", "amount": 655352000.0, "lender": "GERMAN AMERICAN CAPITAL CORPORATION", "borrower": "BAF ASSETS 5 LLC", "parent_brand": "Amherst Residential", "matched_address": "5740 S HILDRETH AVE, TUCSON, AZ, 85746"}}, {"type": "Feature", "geometry": {"type": "Point", "coordinates": [-111.035481689168, 32.137727988302]}, "properties": {"state": "AZ", "county": "Pima", "city": "TUCSON", "zip": "85746", "address": "3215 W CAPISTRANO RD", "parcelid": "137-19-1190", "loan_type": "Commercial", "date": "2022-08-24", "amount": 655352000.0, "lender": "GERMAN AMERICAN CAPITAL CORPORATION", "borrower": "BAF ASSETS 5 LLC", "parent_brand": "Amherst Residential", "matched_address": "3215 W CAPISTRANO RD, TUCSON, AZ, 85746"}}, {"type": "Feature", "geometry": {"type": "Point", "coordinates": [-110.835301839487, 32.18956872493]}, "properties": {"state": "AZ", "county": "Pima", "city": "TUCSON", "zip": "85730", "address": "7341 E 39TH ST", "parcelid": "136-21-1970", "loan_type": "Commercial", "date": "2022-08-24", "amount": 655352000.0, "lender": "GERMAN AMERICAN CAPITAL CORPORATION", "borrower": "BAF ASSETS 5 LLC", "parent_brand": "Amherst Residential", "matched_address": "7341 E 39TH ST, TUCSON, AZ, 85730"}}, {"type": "Feature", "geometry": {"type": "Point", "coordinates": [-110.822940868701, 32.182162663185]}, "properties": {"state": "AZ", "county": "Pima", "city": "TUCSON", "zip": "85730", "address": "3410 S LAKESIDE PL", "parcelid": "136-19-0120", "loan_type": "Commercial", "date": "2022-08-24", "amount": 655352000.0, "lender": "GERMAN AMERICAN CAPITAL CORPORATION", "borrower": "BAF ASSETS 5 LLC", "parent_brand": "Amherst Residential", "matched_address": "3410 S LAKESIDE PL, TUCSON, AZ, 85730"}}, {"type": "Feature", "geometry": {"type": "Point", "coordinates": [-110.834599332337, 32.209393912565]}, "properties": {"state": "AZ", "county": "Pima", "city": "TUCSON", "zip": "85710", "address": "7401 E 19TH ST", "parcelid": "134-16-1650", "loan_type": "Commercial", "date": "2022-08-24", "amount": 655352000.0, "lender": "GERMAN AMERICAN CAPITAL CORPORATION", "borrower": "BAF ASSETS 5 LLC", "parent_brand": "Amherst Residential", "matched_address": "7401 E 19TH ST, TUCSON, AZ, 85710"}}, {"type": "Feature", "geometry": {"type": "Point", "coordinates": [-110.999439259733, 32.183638779784]}, "properties": {"state": "AZ", "county": "Pima", "city": "TUCSON", "zip": "85713", "address": "1615 W CALLE GUADALAJARA", "parcelid": "119-21-2000", "loan_type": "Commercial", "date": "2022-08-24", "amount": 655352000.0, "lender": "GERMAN AMERICAN CAPITAL CORPORATION", "borrower": "BAF ASSETS 5 LLC", "parent_brand": "Amherst Residential", "matched_address": "1615 W CLL GUADALAJARA, TUCSON, AZ, 85713"}}, {"type": "Feature", "geometry": {"type": "Point", "coordinates": [-112.613636497329, 33.678232834299]}, "properties": {"state": "AZ", "county": "Maricopa", "city": "BUCKEYE", "zip": "85396", "address": "21354 N 260TH LN", "parcelid": "510-11-608", "loan_type": "Commercial", "date": "2022-08-24", "amount": 655352000.0, "lender": "GERMAN AMERICAN CAPITAL CORPORATION", "borrower": "BAF ASSETS 5 LLC", "parent_brand": "Amherst Residential", "matched_address": "21354 N 260TH LN, BUCKEYE, AZ, 85396"}}, {"type": "Feature", "geometry": {"type": "Point", "coordinates": [-112.448479502805, 33.627964820998]}, "properties": {"state": "AZ", "county": "Maricopa", "city": "SURPRISE", "zip": "85388", "address": "18105 W WESTPARK BLVD", "parcelid": "502-09-458", "loan_type": "Commercial", "date": "2022-08-24", "amount": 655352000.0, "lender": "GERMAN AMERICAN CAPITAL CORPORATION", "borrower": "BAF ASSETS 5 LLC", "parent_brand": "Amherst Residential", "matched_address": "18105 W WESTPARK BLVD, SURPRISE, AZ, 85388"}}, {"type": "Feature", "geometry": {"type": "Point", "coordinates": [-111.810518263513, 33.325636155341]}, "properties": {"state": "AZ", "county": "Maricopa", "city": "CHANDLER", "zip": "85225", "address": "1668 E GOLDEN LN", "parcelid": "302-37-805", "loan_type": "Commercial", "date": "2022-08-24", "amount": 655352000.0, "lender": "GERMAN AMERICAN CAPITAL CORPORATION", "borrower": "BAF ASSETS 5 LLC", "parent_brand": "Amherst Residential", "matched_address": "1668 E GOLDEN LN, CHANDLER, AZ, 85225"}}, {"type": "Feature", "geometry": {"type": "Point", "coordinates": [-111.865421509762, 33.338853874806]}, "properties": {"state": "AZ", "county": "Maricopa", "city": "CHANDLER", "zip": "85224", "address": "1418 W EL ALBA WAY", "parcelid": "302-25-266", "loan_type": "Commercial", "date": "2022-08-24", "amount": 655352000.0, "lender": "GERMAN AMERICAN CAPITAL CORPORATION", "borrower": "BAF ASSETS 5 LLC", "parent_brand": "Amherst Residential", "matched_address": "1418 W EL ALBA WAY, CHANDLER, AZ, 85224"}}, {"type": "Feature", "geometry": {"type": "Point", "coordinates": [-112.096209678665, 33.663307625613]}, "properties": {"state": "AZ", "county": "Maricopa", "city": "PHOENIX", "zip": "85027", "address": "1709 W WICKIEUP LN", "parcelid": "209-19-183", "loan_type": "Commercial", "date": "2022-08-24", "amount": 655352000.0, "lender": "GERMAN AMERICAN CAPITAL CORPORATION", "borrower": "BAF ASSETS 5 LLC", "parent_brand": "Amherst Residential", "matched_address": "1709 W WICKIEUP LN, PHOENIX, AZ, 85027"}}, {"type": "Feature", "geometry": {"type": "Point", "coordinates": [-112.313335604582, 33.602883721454]}, "properties": {"state": "AZ", "county": "Maricopa", "city": "EL MIRAGE", "zip": "85335", "address": "11769 W DAHLIA DR", "parcelid": "501-36-535", "loan_type": "Commercial", "date": "2022-08-24", "amount": 655352000.0, "lender": "GERMAN AMERICAN CAPITAL CORPORATION", "borrower": "BAF ASSETS 5 LLC", "parent_brand": "Amherst Residential", "matched_address": "11769 W DAHLIA DR, EL MIRAGE, AZ, 85335"}}, {"type": "Feature", "geometry": {"type": "Point", "coordinates": [-110.884614035768, 32.124200052914]}, "properties": {"state": "AZ", "county": "Pima", "city": "TUCSON", "zip": "85756", "address": "7061 S PARSNIP LN", "parcelid": "140-56-3260", "loan_type": "Commercial", "date": "2022-08-24", "amount": 655352000.0, "lender": "GERMAN AMERICAN CAPITAL CORPORATION", "borrower": "BAF ASSETS 5 LLC", "parent_brand": "Amherst Residential", "matched_address": "7061 S PARSNIP LN, TUCSON, AZ, 85756"}}, {"type": "Feature", "geometry": {"type": "Point", "coordinates": [-112.336381293069, 33.612501903911]}, "properties": {"state": "AZ", "county": "Maricopa", "city": "EL MIRAGE", "zip": "85335", "address": "12905 W VIA CAMILLE", "parcelid": "501-33-484", "loan_type": "Commercial", "date": "2022-08-24", "amount": 655352000.0, "lender": "GERMAN AMERICAN CAPITAL CORPORATION", "borrower": "BAF ASSETS 5 LLC", "parent_brand": "Amherst Residential", "matched_address": "12905 W VIA CAMILLE, EL MIRAGE, AZ, 85335"}}, {"type": "Feature", "geometry": {"type": "Point", "coordinates": [-111.635441227749, 33.374732287422]}, "properties": {"state": "AZ", "county": "Maricopa", "city": "MESA", "zip": "85209", "address": "2246 S BERNARD", "parcelid": "312-04-139", "loan_type": "Commercial", "date": "2022-08-24", "amount": 655352000.0, "lender": "GERMAN AMERICAN CAPITAL CORPORATION", "borrower": "BAF ASSETS 5 LLC", "parent_brand": "Amherst Residential", "matched_address": "2246 S BERNARD, MESA, AZ, 85209"}}, {"type": "Feature", "geometry": {"type": "Point", "coordinates": [-111.885658583618, 33.32136483178]}, "properties": {"state": "AZ", "county": "Maricopa", "city": "CHANDLER", "zip": "85224", "address": "2531 W GARY DR", "parcelid": "310-01-523", "loan_type": "Commercial", "date": "2022-08-24", "amount": 655352000.0, "lender": "GERMAN AMERICAN CAPITAL CORPORATION", "borrower": "BAF ASSETS 5 LLC", "parent_brand": "Amherst Residential", "matched_address": "2531 W GARY DR, CHANDLER, AZ, 85224"}}, {"type": "Feature", "geometry": {"type": "Point", "coordinates": [-111.699443058957, 33.313843902777]}, "properties": {"state": "AZ", "county": "Maricopa", "city": "GILBERT", "zip": "85295", "address": "4207 E MILKY WAY", "parcelid": "304-43-542", "loan_type": "Commercial", "date": "2022-08-24", "amount": 655352000.0, "lender": "GERMAN AMERICAN CAPITAL CORPORATION", "borrower": "BAF ASSETS 5 LLC", "parent_brand": "Amherst Residential", "matched_address": "4207 E MILKY WAY, GILBERT, AZ, 85295"}}, {"type": "Feature", "geometry": {"type": "Point", "coordinates": [-111.862913261757, 33.323567470153]}, "properties": {"state": "AZ", "county": "Maricopa", "city": "CHANDLER", "zip": "85224", "address": "1232 N COMANCHE CT", "parcelid": "302-97-541", "loan_type": "Commercial", "date": "2022-08-24", "amount": 655352000.0, "lender": "GERMAN AMERICAN CAPITAL CORPORATION", "borrower": "BAF ASSETS 5 LLC", "parent_brand": "Amherst Residential", "matched_address": "1232 N COMANCHE CT, CHANDLER, AZ, 85224"}}, {"type": "Feature", "geometry": {"type": "Point", "coordinates": [-111.882948575625, 33.33452931655]}, "properties": {"state": "AZ", "county": "Maricopa", "city": "CHANDLER", "zip": "85224", "address": "2422 W BROOKS ST", "parcelid": "302-80-115", "loan_type": "Commercial", "date": "2022-08-24", "amount": 655352000.0, "lender": "GERMAN AMERICAN CAPITAL CORPORATION", "borrower": "BAF ASSETS 5 LLC", "parent_brand": "Amherst Residential", "matched_address": "2422 W BROOKS ST, CHANDLER, AZ, 85224"}}, {"type": "Feature", "geometry": {"type": "Point", "coordinates": [-111.850050322137, 33.334128408459]}, "properties": {"state": "AZ", "county": "Maricopa", "city": "CHANDLER", "zip": "85225", "address": "1970 N IOWA ST", "parcelid": "302-41-028", "loan_type": "Commercial", "date": "2022-08-24", "amount": 655352000.0, "lender": "GERMAN AMERICAN CAPITAL CORPORATION", "borrower": "BAF ASSETS 5 LLC", "parent_brand": "Amherst Residential", "matched_address": "1970 N IOWA ST, CHANDLER, AZ, 85225"}}, {"type": "Feature", "geometry": {"type": "Point", "coordinates": [-112.192946846578, 33.618768927723]}, "properties": {"state": "AZ", "county": "Maricopa", "city": "GLENDALE", "zip": "85306", "address": "6316 W BANFF LN", "parcelid": "231-07-222", "loan_type": "Commercial", "date": "2022-08-24", "amount": 655352000.0, "lender": "GERMAN AMERICAN CAPITAL CORPORATION", "borrower": "BAF ASSETS 5 LLC", "parent_brand": "Amherst Residential", "matched_address": "6316 W BANFF LN, GLENDALE, AZ, 85306"}}, {"type": "Feature", "geometry": {"type": "Point", "coordinates": [-111.588320806084, 33.41096797268]}, "properties": {"state": "AZ", "county": "Maricopa", "city": "APACHE JUNCTION", "zip": "85120", "address": "222 S ELMONT DR", "parcelid": "220-68-020", "loan_type": "Commercial", "date": "2022-08-24", "amount": 655352000.0, "lender": "GERMAN AMERICAN CAPITAL CORPORATION", "borrower": "BAF ASSETS 5 LLC", "parent_brand": "Amherst Residential", "matched_address": "222 S ELMONT DR, APACHE JUNCTION, AZ, 85120"}}, {"type": "Feature", "geometry": {"type": "Point", "coordinates": [-112.184368797243, 33.468320552986]}, "properties": {"state": "AZ", "county": "Maricopa", "city": "PHOENIX", "zip": "85035", "address": "5802 W BERKELEY RD", "parcelid": "103-16-386", "loan_type": "Commercial", "date": "2022-08-24", "amount": 655352000.0, "lender": "GERMAN AMERICAN CAPITAL CORPORATION", "borrower": "BAF ASSETS 5 LLC", "parent_brand": "Amherst Residential", "matched_address": "5802 W BERKELEY RD, PHOENIX, AZ, 85035"}}, {"type": "Feature", "geometry": {"type": "Point", "coordinates": [-112.092774734437, 33.667029025298]}, "properties": {"state": "AZ", "county": "Maricopa", "city": "PHOENIX", "zip": "85027", "address": "1522 W WAHALLA LN", "parcelid": "209-13-589", "loan_type": "Commercial", "date": "2022-08-24", "amount": 655352000.0, "lender": "GERMAN AMERICAN CAPITAL CORPORATION", "borrower": "BAF ASSETS 5 LLC", "parent_brand": "Amherst Residential", "matched_address": "1522 W WAHALLA LN, PHOENIX, AZ, 85027"}}, {"type": "Feature", "geometry": {"type": "Point", "coordinates": [-112.083649737379, 33.672924557195]}, "properties": {"state": "AZ", "county": "Maricopa", "city": "PHOENIX", "zip": "85027", "address": "813 W MONTOYA LN", "parcelid": "209-09-837", "loan_type": "Commercial", "date": "2022-08-24", "amount": 655352000.0, "lender": "GERMAN AMERICAN CAPITAL CORPORATION", "borrower": "BAF ASSETS 5 LLC", "parent_brand": "Amherst Residential", "matched_address": "813 W MONTOYA LN, PHOENIX, AZ, 85027"}}, {"type": "Feature", "geometry": {"type": "Point", "coordinates": [-112.166496286343, 33.646122565219]}, "properties": {"state": "AZ", "county": "Maricopa", "city": "GLENDALE", "zip": "85308", "address": "5009 W TORREY PINES CIR", "parcelid": "207-24-355", "loan_type": "Commercial", "date": "2022-08-24", "amount": 655352000.0, "lender": "GERMAN AMERICAN CAPITAL CORPORATION", "borrower": "BAF ASSETS 5 LLC", "parent_brand": "Amherst Residential", "matched_address": "5009 W TORREY PINES CIR, GLENDALE, AZ, 85308"}}, {"type": "Feature", "geometry": {"type": "Point", "coordinates": [-110.842996495766, 32.181362433437]}, "properties": {"state": "AZ", "county": "Pima", "city": "TUCSON", "zip": "85730", "address": "6974 E 45TH ST", "parcelid": "136-23-0740", "loan_type": "Commercial", "date": "2022-08-24", "amount": 655352000.0, "lender": "GERMAN AMERICAN CAPITAL CORPORATION", "borrower": "BAF ASSETS 5 LLC", "parent_brand": "Amherst Residential", "matched_address": "6974 E 45TH ST, TUCSON, AZ, 85730"}}, {"type": "Feature", "geometry": {"type": "Point", "coordinates": [-112.12180871703, 33.6862225187]}, "properties": {"state": "AZ", "county": "Maricopa", "city": "PHOENIX", "zip": "85027", "address": "22014 N 29TH DR", "parcelid": "206-04-193", "loan_type": "Commercial", "date": "2022-08-24", "amount": 655352000.0, "lender": "GERMAN AMERICAN CAPITAL CORPORATION", "borrower": "BAF ASSETS 5 LLC", "parent_brand": "Amherst Residential", "matched_address": "22014 N 29TH AVE, PHOENIX, AZ, 85027"}}, {"type": "Feature", "geometry": {"type": "Point", "coordinates": [-112.202992297706, 33.635214568629]}, "properties": {"state": "AZ", "county": "Maricopa", "city": "PEORIA", "zip": "85382", "address": "6713 W AIRE LIBRE AVE", "parcelid": "200-52-689", "loan_type": "Commercial", "date": "2022-08-24", "amount": 655352000.0, "lender": "GERMAN AMERICAN CAPITAL CORPORATION", "borrower": "BAF ASSETS 5 LLC", "parent_brand": "Amherst Residential", "matched_address": "6713 W AIRE LIBRE AVE, PEORIA, AZ, 85382"}}, {"type": "Feature", "geometry": {"type": "Point", "coordinates": [-111.147891109001, 32.137699323104]}, "properties": {"state": "AZ", "county": "Pima", "city": "TUCSON", "zip": "85757", "address": "8568 W OSPREY LN", "parcelid": "210-55-1490", "loan_type": "Commercial", "date": "2022-08-24", "amount": 655352000.0, "lender": "GERMAN AMERICAN CAPITAL CORPORATION", "borrower": "BAF ASSETS 5 LLC", "parent_brand": "Amherst Residential", "matched_address": "8568 W OSPREY LN, TUCSON, AZ, 85757"}}, {"type": "Feature", "geometry": {"type": "Point", "coordinates": [-110.824509022634, 32.19487295142]}, "properties": {"state": "AZ", "county": "Pima", "city": "TUCSON", "zip": "85710", "address": "2314 S MCCONNELL DR", "parcelid": "135-07-6430", "loan_type": "Commercial", "date": "2022-08-24", "amount": 655352000.0, "lender": "GERMAN AMERICAN CAPITAL CORPORATION", "borrower": "BAF ASSETS 5 LLC", "parent_brand": "Amherst Residential", "matched_address": "2314 S MCCONNELL DR, TUCSON, AZ, 85710"}}, {"type": "Feature", "geometry": {"type": "Point", "coordinates": [-112.141097628329, 33.539241290793]}, "properties": {"state": "AZ", "county": "Maricopa", "city": "PHOENIX", "zip": "85051", "address": "3813 W CACTUS WREN DR", "parcelid": "151-19-059", "loan_type": "Commercial", "date": "2022-08-24", "amount": 655352000.0, "lender": "GERMAN AMERICAN CAPITAL CORPORATION", "borrower": "BAF ASSETS 5 LLC", "parent_brand": "Amherst Residential", "matched_address": "3813 W CACTUS WREN DR, PHOENIX, AZ, 85051"}}, {"type": "Feature", "geometry": {"type": "Point", "coordinates": [-112.14056141329, 33.565006757748]}, "properties": {"state": "AZ", "county": "Maricopa", "city": "PHOENIX", "zip": "85051", "address": "3739 W TOWNLEY AVE", "parcelid": "150-21-059", "loan_type": "Commercial", "date": "2022-08-24", "amount": 655352000.0, "lender": "GERMAN AMERICAN CAPITAL CORPORATION", "borrower": "BAF ASSETS 5 LLC", "parent_brand": "Amherst Residential", "matched_address": "3739 W TOWNLEY AVE, PHOENIX, AZ, 85051"}}, {"type": "Feature", "geometry": {"type": "Point", "coordinates": [-112.138948019158, 33.554214576232]}, "properties": {"state": "AZ", "county": "Maricopa", "city": "PHOENIX", "zip": "85051", "address": "3701 W LOMA LN", "parcelid": "150-17-013", "loan_type": "Commercial", "date": "2022-08-24", "amount": 655352000.0, "lender": "GERMAN AMERICAN CAPITAL CORPORATION", "borrower": "BAF ASSETS 5 LLC", "parent_brand": "Amherst Residential", "matched_address": "3701 W LOMA LN, PHOENIX, AZ, 85051"}}, {"type": "Feature", "geometry": {"type": "Point", "coordinates": [-112.132434889605, 33.589458784181]}, "properties": {"state": "AZ", "county": "Maricopa", "city": "PHOENIX", "zip": "85029", "address": "3414 W CHOLLA ST", "parcelid": "149-51-133", "loan_type": "Commercial", "date": "2022-08-24", "amount": 655352000.0, "lender": "GERMAN AMERICAN CAPITAL CORPORATION", "borrower": "BAF ASSETS 5 LLC", "parent_brand": "Amherst Residential", "matched_address": "3414 W CHOLLA ST, PHOENIX, AZ, 85029"}}, {"type": "Feature", "geometry": {"type": "Point", "coordinates": [-112.175695148777, 33.580677205523]}, "properties": {"state": "AZ", "county": "Maricopa", "city": "GLENDALE", "zip": "85302", "address": "5412 W COCHISE DR", "parcelid": "148-24-216-A", "loan_type": "Commercial", "date": "2022-08-24", "amount": 655352000.0, "lender": "GERMAN AMERICAN CAPITAL CORPORATION", "borrower": "BAF ASSETS 5 LLC", "parent_brand": "Amherst Residential", "matched_address": "5412 W COCHISE DR, GLENDALE, AZ, 85302"}}, {"type": "Feature", "geometry": {"type": "Point", "coordinates": [-112.178399048909, 33.572364632397]}, "properties": {"state": "AZ", "county": "Maricopa", "city": "GLENDALE", "zip": "85302", "address": "9601 N 55TH DR", "parcelid": "148-22-240", "loan_type": "Commercial", "date": "2022-08-24", "amount": 655352000.0, "lender": "GERMAN AMERICAN CAPITAL CORPORATION", "borrower": "BAF ASSETS 5 LLC", "parent_brand": "Amherst Residential", "matched_address": "9601 N 55TH DR, GLENDALE, AZ, 85302"}}, {"type": "Feature", "geometry": {"type": "Point", "coordinates": [-112.158469334919, 33.568423132933]}, "properties": {"state": "AZ", "county": "Maricopa", "city": "GLENDALE", "zip": "85302", "address": "4623 W EVA ST", "parcelid": "148-07-377", "loan_type": "Commercial", "date": "2022-08-24", "amount": 655352000.0, "lender": "GERMAN AMERICAN CAPITAL CORPORATION", "borrower": "BAF ASSETS 5 LLC", "parent_brand": "Amherst Residential", "matched_address": "4623 W EVA ST, GLENDALE, AZ, 85302"}}, {"type": "Feature", "geometry": {"type": "Point", "coordinates": [-112.153543089193, 33.575524165504]}, "properties": {"state": "AZ", "county": "Maricopa", "city": "GLENDALE", "zip": "85302", "address": "4416 W TURQUOISE AVE", "parcelid": "148-06-469", "loan_type": "Commercial", "date": "2022-08-24", "amount": 655352000.0, "lender": "GERMAN AMERICAN CAPITAL CORPORATION", "borrower": "BAF ASSETS 5 LLC", "parent_brand": "Amherst Residential", "matched_address": "4416 W TURQUOISE AVE, GLENDALE, AZ, 85302"}}, {"type": "Feature", "geometry": {"type": "Point", "coordinates": [-112.217480452741, 33.58099320917]}, "properties": {"state": "AZ", "county": "Maricopa", "city": "PEORIA", "zip": "85345", "address": "10546 N 73RD DR", "parcelid": "143-48-076", "loan_type": "Commercial", "date": "2022-08-24", "amount": 655352000.0, "lender": "GERMAN AMERICAN CAPITAL CORPORATION", "borrower": "BAF ASSETS 5 LLC", "parent_brand": "Amherst Residential", "matched_address": "10546 N 73RD DR, PEORIA, AZ, 85345"}}, {"type": "Feature", "geometry": {"type": "Point", "coordinates": [-112.195811986883, 33.571131464497]}, "properties": {"state": "AZ", "county": "Maricopa", "city": "GLENDALE", "zip": "85302", "address": "6314 W SUNNYSLOPE LN", "parcelid": "143-12-427", "loan_type": "Commercial", "date": "2022-08-24", "amount": 655352000.0, "lender": "GERMAN AMERICAN CAPITAL CORPORATION", "borrower": "BAF ASSETS 5 LLC", "parent_brand": "Amherst Residential", "matched_address": "6314 W SUNNYSLOPE LN, GLENDALE, AZ, 85302"}}, {"type": "Feature", "geometry": {"type": "Point", "coordinates": [-111.773590580498, 33.334145273379]}, "properties": {"state": "AZ", "county": "Maricopa", "city": "GILBERT", "zip": "85296", "address": "877 S HONEYSUCKLE LN", "parcelid": "309-14-469", "loan_type": "Commercial", "date": "2022-08-24", "amount": 655352000.0, "lender": "GERMAN AMERICAN CAPITAL CORPORATION", "borrower": "BAF ASSETS 5 LLC", "parent_brand": "Amherst Residential", "matched_address": "877 S HONEYSUCKLE LN, GILBERT, AZ, 85296"}}, {"type": "Feature", "geometry": {"type": "Point", "coordinates": [-112.221989801984, 33.575322945618]}, "properties": {"state": "AZ", "county": "Maricopa", "city": "PEORIA", "zip": "85345", "address": "7551 W IRONWOOD DR", "parcelid": "142-12-182", "loan_type": "Commercial", "date": "2022-08-24", "amount": 655352000.0, "lender": "GERMAN AMERICAN CAPITAL CORPORATION", "borrower": "BAF ASSETS 5 LLC", "parent_brand": "Amherst Residential", "matched_address": "7551 W IRONWOOD DR, PEORIA, AZ, 85345"}}, {"type": "Feature", "geometry": {"type": "Point", "coordinates": [-111.731306090623, 33.425548788294]}, "properties": {"state": "AZ", "county": "Maricopa", "city": "MESA", "zip": "85205", "address": "4633 E COVINA ST", "parcelid": "140-15-092", "loan_type": "Commercial", "date": "2022-08-24", "amount": 655352000.0, "lender": "GERMAN AMERICAN CAPITAL CORPORATION", "borrower": "BAF ASSETS 5 LLC", "parent_brand": "Amherst Residential", "matched_address": "4633 E COVINA ST, MESA, AZ, 85205"}}, {"type": "Feature", "geometry": {"type": "Point", "coordinates": [-112.199022226474, 33.592923574146]}, "properties": {"state": "AZ", "county": "Maricopa", "city": "GLENDALE", "zip": "85304", "address": "6515 W SUNNYSIDE DR", "parcelid": "143-04-162", "loan_type": "Commercial", "date": "2022-08-24", "amount": 655352000.0, "lender": "GERMAN AMERICAN CAPITAL CORPORATION", "borrower": "BAF ASSETS 5 LLC", "parent_brand": "Amherst Residential", "matched_address": "6515 W SUNNYSIDE DR, GLENDALE, AZ, 85304"}}, {"type": "Feature", "geometry": {"type": "Point", "coordinates": [-111.994255657213, 33.389408584201]}, "properties": {"state": "AZ", "county": "Maricopa", "city": "PHOENIX", "zip": "85042", "address": "4034 E ALTA VISTA RD", "parcelid": "123-17-546", "loan_type": "Commercial", "date": "2022-08-24", "amount": 655352000.0, "lender": "GERMAN AMERICAN CAPITAL CORPORATION", "borrower": "BAF ASSETS 5 LLC", "parent_brand": "Amherst Residential", "matched_address": "4034 E ALTA VISTA RD, PHOENIX, AZ, 85042"}}, {"type": "Feature", "geometry": {"type": "Point", "coordinates": [-112.190077456777, 33.622036221067]}, "properties": {"state": "AZ", "county": "Maricopa", "city": "GLENDALE", "zip": "85306", "address": "6060 W CARIBE LN", "parcelid": "231-07-557", "loan_type": "Commercial", "date": "2022-08-24", "amount": 655352000.0, "lender": "GERMAN AMERICAN CAPITAL CORPORATION", "borrower": "BAF ASSETS 5 LLC", "parent_brand": "Amherst Residential", "matched_address": "6060 W CARIBE LN, GLENDALE, AZ, 85306"}}, {"type": "Feature", "geometry": {"type": "Point", "coordinates": [-112.246402153056, 33.481954700664]}, "properties": {"state": "AZ", "county": "Maricopa", "city": "PHOENIX", "zip": "85037", "address": "3041 N 87TH AVE", "parcelid": "102-73-494", "loan_type": "Commercial", "date": "2022-08-24", "amount": 655352000.0, "lender": "GERMAN AMERICAN CAPITAL CORPORATION", "borrower": "BAF ASSETS 5 LLC", "parent_brand": "Amherst Residential", "matched_address": "3041 N 87TH AVE, PHOENIX, AZ, 85037"}}, {"type": "Feature", "geometry": {"type": "Point", "coordinates": [-112.264988402072, 33.42046992866]}, "properties": {"state": "AZ", "county": "Maricopa", "city": "TOLLESON", "zip": "85353", "address": "2822 S 95TH DR", "parcelid": "101-26-800", "loan_type": "Commercial", "date": "2022-08-24", "amount": 655352000.0, "lender": "GERMAN AMERICAN CAPITAL CORPORATION", "borrower": "BAF ASSETS 5 LLC", "parent_brand": "Amherst Residential", "matched_address": "2822 S 95TH DR, TOLLESON, AZ, 85353"}}, {"type": "Feature", "geometry": {"type": "Point", "coordinates": [-112.277091165331, 33.419185193206]}, "properties": {"state": "AZ", "county": "Maricopa", "city": "TOLLESON", "zip": "85353", "address": "10108 W WILLIAMS ST", "parcelid": "101-25-598", "loan_type": "Commercial", "date": "2022-08-24", "amount": 655352000.0, "lender": "GERMAN AMERICAN CAPITAL CORPORATION", "borrower": "BAF ASSETS 5 LLC", "parent_brand": "Amherst Residential", "matched_address": "10108 W WILLIAMS ST, TOLLESON, AZ, 85353"}}, {"type": "Feature", "geometry": {"type": "Point", "coordinates": [-112.304714332729, 33.433060299085]}, "properties": {"state": "AZ", "county": "Maricopa", "city": "AVONDALE", "zip": "85323", "address": "11430 W YUMA ST", "parcelid": "101-20-094", "loan_type": "Commercial", "date": "2022-08-24", "amount": 655352000.0, "lender": "GERMAN AMERICAN CAPITAL CORPORATION", "borrower": "BAF ASSETS 5 LLC", "parent_brand": "Amherst Residential", "matched_address": "11430 W YUMA ST, AVONDALE, AZ, 85323"}}, {"type": "Feature", "geometry": {"type": "Point", "coordinates": [-112.153968817534, 33.635249795099]}, "properties": {"state": "AZ", "county": "Maricopa", "city": "GLENDALE", "zip": "85306", "address": "16432 N 45TH DR", "parcelid": "207-26-346", "loan_type": "Commercial", "date": "2022-08-24", "amount": 655352000.0, "lender": "GERMAN AMERICAN CAPITAL CORPORATION", "borrower": "BAF ASSETS 5 LLC", "parent_brand": "Amherst Residential", "matched_address": "16432 N 45TH DR, GLENDALE, AZ, 85306"}}, {"type": "Feature", "geometry": {"type": "Point", "coordinates": [-112.303273493993, 33.643467617802]}, "properties": {"state": "AZ", "county": "Maricopa", "city": "SURPRISE", "zip": "85378", "address": "17607 N 113TH AVE", "parcelid": "200-36-339", "loan_type": "Commercial", "date": "2022-08-24", "amount": 655352000.0, "lender": "GERMAN AMERICAN CAPITAL CORPORATION", "borrower": "BAF ASSETS 5 LLC", "parent_brand": "Amherst Residential", "matched_address": "17607 N 113TH AVE, SURPRISE, AZ, 85378"}}, {"type": "Feature", "geometry": {"type": "Point", "coordinates": [-112.049205221554, 33.591104995306]}, "properties": {"state": "AZ", "county": "Maricopa", "city": "PHOENIX", "zip": "85020", "address": "1538 E CORTEZ ST", "parcelid": "159-20-100", "loan_type": "Commercial", "date": "2022-08-24", "amount": 655352000.0, "lender": "GERMAN AMERICAN CAPITAL CORPORATION", "borrower": "BAF ASSETS 5 LLC", "parent_brand": "Amherst Residential", "matched_address": "1538 E CORTEZ ST, PHOENIX, AZ, 85020"}}, {"type": "Feature", "geometry": {"type": "Point", "coordinates": [-110.726644074477, 32.061256898676]}, "properties": {"state": "AZ", "county": "Pima", "city": "VAIL", "zip": "85641", "address": "12534 E RED CANYON PL", "parcelid": "305-08-0850", "loan_type": "Commercial", "date": "2022-08-24", "amount": 655352000.0, "lender": "GERMAN AMERICAN CAPITAL CORPORATION", "borrower": "BAF ASSETS 5 LLC", "parent_brand": "Amherst Residential", "matched_address": "12534 E RED CANYON PL, VAIL, AZ, 85641"}}, {"type": "Feature", "geometry": {"type": "Point", "coordinates": [-111.056417241049, 32.353549115836]}, "properties": {"state": "AZ", "county": "Pima", "city": "TUCSON", "zip": "85741", "address": "4259 W STAGESTOP CT", "parcelid": "225-34-5140", "loan_type": "Commercial", "date": "2022-08-24", "amount": 655352000.0, "lender": "GERMAN AMERICAN CAPITAL CORPORATION", "borrower": "BAF ASSETS 5 LLC", "parent_brand": "Amherst Residential", "matched_address": "4259 W STAGESTOP CT, TUCSON, AZ, 85741"}}, {"type": "Feature", "geometry": {"type": "Point", "coordinates": [-111.041260883568, 32.358465498283]}, "properties": {"state": "AZ", "county": "Pima", "city": "TUCSON", "zip": "85741", "address": "8366 N WASHAKIE WAY", "parcelid": "225-30-6260", "loan_type": "Commercial", "date": "2022-08-24", "amount": 655352000.0, "lender": "GERMAN AMERICAN CAPITAL CORPORATION", "borrower": "BAF ASSETS 5 LLC", "parent_brand": "Amherst Residential", "matched_address": "8366 N WASHAKIE WAY, TUCSON, AZ, 85741"}}, {"type": "Feature", "geometry": {"type": "Point", "coordinates": [-111.073043111182, 32.375033919821]}, "properties": {"state": "AZ", "county": "Pima", "city": "TUCSON", "zip": "85742", "address": "5047 W PHEASANT ST", "parcelid": "221-09-0140", "loan_type": "Commercial", "date": "2022-08-24", "amount": 655352000.0, "lender": "GERMAN AMERICAN CAPITAL CORPORATION", "borrower": "BAF ASSETS 5 LLC", "parent_brand": "Amherst Residential", "matched_address": "5047 PHEASANT ST, TUCSON, AZ, 85742"}}, {"type": "Feature", "geometry": {"type": "Point", "coordinates": [-111.10383580352, 32.114360060186]}, "properties": {"state": "AZ", "county": "Pima", "city": "TUCSON", "zip": "85757", "address": "6494 W MISTY MOUNTAIN WAY", "parcelid": "210-42-4440", "loan_type": "Commercial", "date": "2022-08-24", "amount": 655352000.0, "lender": "GERMAN AMERICAN CAPITAL CORPORATION", "borrower": "BAF ASSETS 5 LLC", "parent_brand": "Amherst Residential", "matched_address": "6494 W MISTY MOUNTAIN WAY, TUCSON, AZ, 85757"}}, {"type": "Feature", "geometry": {"type": "Point", "coordinates": [-110.78807691523, 32.105445460014]}, "properties": {"state": "AZ", "county": "Pima", "city": "TUCSON", "zip": "85747", "address": "9567 E DUNNIGAN DR", "parcelid": "141-14-2430", "loan_type": "Commercial", "date": "2022-08-24", "amount": 655352000.0, "lender": "GERMAN AMERICAN CAPITAL CORPORATION", "borrower": "BAF ASSETS 5 LLC", "parent_brand": "Amherst Residential", "matched_address": "9567 E DUNNIGAN DR, TUCSON, AZ, 85747"}}, {"type": "Feature", "geometry": {"type": "Point", "coordinates": [-110.853778513064, 32.110958583151]}, "properties": {"state": "AZ", "county": "Pima", "city": "TUCSON", "zip": "85756", "address": "6509 E GARDEN STONE DR", "parcelid": "141-09-6950", "loan_type": "Commercial", "date": "2022-08-24", "amount": 655352000.0, "lender": "GERMAN AMERICAN CAPITAL CORPORATION", "borrower": "BAF ASSETS 5 LLC", "parent_brand": "Amherst Residential", "matched_address": "6509 E GARDEN STONE DR, TUCSON, AZ, 85756"}}, {"type": "Feature", "geometry": {"type": "Point", "coordinates": [-110.856571232628, 32.108953239132]}, "properties": {"state": "AZ", "county": "Pima", "city": "TUCSON", "zip": "85756", "address": "6365 E STAR MICA ST", "parcelid": "141-09-5680", "loan_type": "Commercial", "date": "2022-08-24", "amount": 655352000.0, "lender": "GERMAN AMERICAN CAPITAL CORPORATION", "borrower": "BAF ASSETS 5 LLC", "parent_brand": "Amherst Residential", "matched_address": "6365 E STAR MICA ST, TUCSON, AZ, 85756"}}, {"type": "Feature", "geometry": {"type": "Point", "coordinates": [-110.882412678611, 32.123379579496]}, "properties": {"state": "AZ", "county": "Pima", "city": "TUCSON", "zip": "85756", "address": "5152 E DESERT STRAW LN", "parcelid": "140-56-5630", "loan_type": "Commercial", "date": "2022-08-24", "amount": 655352000.0, "lender": "GERMAN AMERICAN CAPITAL CORPORATION", "borrower": "BAF ASSETS 5 LLC", "parent_brand": "Amherst Residential", "matched_address": "5152 E DESERT STRAW LN, TUCSON, AZ, 85756"}}, {"type": "Feature", "geometry": {"type": "Point", "coordinates": [-110.940296277777, 32.151052159262]}, "properties": {"state": "AZ", "county": "Pima", "city": "TUCSON", "zip": "85706", "address": "2106 E HOLLADAY ST", "parcelid": "140-15-1200", "loan_type": "Commercial", "date": "2022-08-24", "amount": 655352000.0, "lender": "GERMAN AMERICAN CAPITAL CORPORATION", "borrower": "BAF ASSETS 5 LLC", "parent_brand": "Amherst Residential", "matched_address": "2106 E HOLLADAY ST, TUCSON, AZ, 85706"}}, {"type": "Feature", "geometry": {"type": "Point", "coordinates": [-111.044353936073, 32.117841723327]}, "properties": {"state": "AZ", "county": "Pima", "city": "TUCSON", "zip": "85746", "address": "3715 W EXTON LN", "parcelid": "138-35-4540", "loan_type": "Commercial", "date": "2022-08-24", "amount": 655352000.0, "lender": "GERMAN AMERICAN CAPITAL CORPORATION", "borrower": "BAF ASSETS 5 LLC", "parent_brand": "Amherst Residential", "matched_address": "3715 W EXTON LN, TUCSON, AZ, 85746"}}, {"type": "Feature", "geometry": {"type": "Point", "coordinates": [-111.044615873845, 32.119736346392]}, "properties": {"state": "AZ", "county": "Pima", "city": "TUCSON", "zip": "85746", "address": "7263 S AVENIDA DE LA PALMAR", "parcelid": "138-34-7110", "loan_type": "Commercial", "date": "2022-08-24", "amount": 655352000.0, "lender": "GERMAN AMERICAN CAPITAL CORPORATION", "borrower": "BAF ASSETS 5 LLC", "parent_brand": "Amherst Residential", "matched_address": "7263 S AVE DE LA PALMAR, TUCSON, AZ, 85746"}}, {"type": "Feature", "geometry": {"type": "Point", "coordinates": [-110.793939632334, 32.184487121445]}, "properties": {"state": "AZ", "county": "Pima", "city": "TUCSON", "zip": "85730", "address": "3201 S EASTVIEW AVE", "parcelid": "136-33-6170", "loan_type": "Commercial", "date": "2022-08-24", "amount": 655352000.0, "lender": "GERMAN AMERICAN CAPITAL CORPORATION", "borrower": "BAF ASSETS 5 LLC", "parent_brand": "Amherst Residential", "matched_address": "3201 S EASTVIEW AVE, TUCSON, AZ, 85730"}}, {"type": "Feature", "geometry": {"type": "Point", "coordinates": [-110.831845993343, 32.184585703668]}, "properties": {"state": "AZ", "county": "Pima", "city": "TUCSON", "zip": "85730", "address": "7520 E STELLA RD", "parcelid": "136-34-2480", "loan_type": "Commercial", "date": "2022-08-24", "amount": 655352000.0, "lender": "GERMAN AMERICAN CAPITAL CORPORATION", "borrower": "BAF ASSETS 5 LLC", "parent_brand": "Amherst Residential", "matched_address": "7520 E STELLA RD, TUCSON, AZ, 85730"}}, {"type": "Feature", "geometry": {"type": "Point", "coordinates": [-110.802611902478, 32.165320592418]}, "properties": {"state": "AZ", "county": "Pima", "city": "TUCSON", "zip": "85730", "address": "8886 E CITRUS TREE DR", "parcelid": "136-30-3280", "loan_type": "Commercial", "date": "2022-08-24", "amount": 655352000.0, "lender": "GERMAN AMERICAN CAPITAL CORPORATION", "borrower": "BAF ASSETS 5 LLC", "parent_brand": "Amherst Residential", "matched_address": "8886 E CITRUS TREE DR, TUCSON, AZ, 85730"}}, {"type": "Feature", "geometry": {"type": "Point", "coordinates": [-110.817356214021, 32.180776597852]}, "properties": {"state": "AZ", "county": "Pima", "city": "TUCSON", "zip": "85730", "address": "3471 S SUMMIT AVE", "parcelid": "136-20-0640", "loan_type": "Commercial", "date": "2022-08-24", "amount": 655352000.0, "lender": "GERMAN AMERICAN CAPITAL CORPORATION", "borrower": "BAF ASSETS 5 LLC", "parent_brand": "Amherst Residential", "matched_address": "3471 S SUMMIT AVE, TUCSON, AZ, 85730"}}, {"type": "Feature", "geometry": {"type": "Point", "coordinates": [-110.791546075935, 32.204079698937]}, "properties": {"state": "AZ", "county": "Pima", "city": "TUCSON", "zip": "85710", "address": "9430 E FIELD CANYON PL", "parcelid": "136-07-5130", "loan_type": "Commercial", "date": "2022-08-24", "amount": 655352000.0, "lender": "GERMAN AMERICAN CAPITAL CORPORATION", "borrower": "BAF ASSETS 5 LLC", "parent_brand": "Amherst Residential", "matched_address": "9430 E FIELD CANYON PL, TUCSON, AZ, 85710"}}, {"type": "Feature", "geometry": {"type": "Point", "coordinates": [-110.83375983137, 32.194603125632]}, "properties": {"state": "AZ", "county": "Pima", "city": "TUCSON", "zip": "85710", "address": "7427 E 34TH ST", "parcelid": "135-10-3430", "loan_type": "Commercial", "date": "2022-08-24", "amount": 655352000.0, "lender": "GERMAN AMERICAN CAPITAL CORPORATION", "borrower": "BAF ASSETS 5 LLC", "parent_brand": "Amherst Residential", "matched_address": "7427 E 34TH ST, TUCSON, AZ, 85710"}}, {"type": "Feature", "geometry": {"type": "Point", "coordinates": [-110.862914182493, 32.193398472107]}, "properties": {"state": "AZ", "county": "Pima", "city": "TUCSON", "zip": "85711", "address": "6061 E 35TH ST", "parcelid": "131-13-1830", "loan_type": "Commercial", "date": "2022-08-24", "amount": 655352000.0, "lender": "GERMAN AMERICAN CAPITAL CORPORATION", "borrower": "BAF ASSETS 5 LLC", "parent_brand": "Amherst Residential", "matched_address": "6061 E 35TH ST, TUCSON, AZ, 85711"}}, {"type": "Feature", "geometry": {"type": "Point", "coordinates": [-112.340134695923, 33.617362236299]}, "properties": {"state": "AZ", "county": "Maricopa", "city": "EL MIRAGE", "zip": "85335", "address": "13032 W SAINT MORITZ LN", "parcelid": "509-13-716", "loan_type": "Commercial", "date": "2022-08-24", "amount": 655352000.0, "lender": "GERMAN AMERICAN CAPITAL CORPORATION", "borrower": "BAF ASSETS 5 LLC", "parent_brand": "Amherst Residential", "matched_address": "13032 W SAINT MORITZ LN, EL MIRAGE, AZ, 85335"}}, {"type": "Feature", "geometry": {"type": "Point", "coordinates": [-112.508903510867, 33.472154322154]}, "properties": {"state": "AZ", "county": "Maricopa", "city": "BUCKEYE", "zip": "85396", "address": "2336 N ALSAP RD", "parcelid": "502-80-618", "loan_type": "Commercial", "date": "2022-08-24", "amount": 655352000.0, "lender": "GERMAN AMERICAN CAPITAL CORPORATION", "borrower": "BAF ASSETS 5 LLC", "parent_brand": "Amherst Residential", "matched_address": "2336 N ALSAP RD, BUCKEYE, AZ, 85396"}}, {"type": "Feature", "geometry": {"type": "Point", "coordinates": [-112.438726989015, 33.60745915426]}, "properties": {"state": "AZ", "county": "Maricopa", "city": "SURPRISE", "zip": "85388", "address": "17650 W EUGENE TER", "parcelid": "502-05-177", "loan_type": "Commercial", "date": "2022-08-24", "amount": 655352000.0, "lender": "GERMAN AMERICAN CAPITAL CORPORATION", "borrower": "BAF ASSETS 5 LLC", "parent_brand": "Amherst Residential", "matched_address": "17650 W EUGENE TER, SURPRISE, AZ, 85388"}}, {"type": "Feature", "geometry": {"type": "Point", "coordinates": [-112.325511390919, 33.587804470765]}, "properties": {"state": "AZ", "county": "Maricopa", "city": "EL MIRAGE", "zip": "85335", "address": "12302 W BERRY LN", "parcelid": "501-44-151", "loan_type": "Commercial", "date": "2022-08-24", "amount": 655352000.0, "lender": "GERMAN AMERICAN CAPITAL CORPORATION", "borrower": "BAF ASSETS 5 LLC", "parent_brand": "Amherst Residential", "matched_address": "12302 W BERRY LN, EL MIRAGE, AZ, 85335"}}, {"type": "Feature", "geometry": {"type": "Point", "coordinates": [-112.251021157511, 33.556798266578]}, "properties": {"state": "AZ", "county": "Maricopa", "city": "PEORIA", "zip": "85345", "address": "8914 W LAS PALMARITAS DR", "parcelid": "142-32-318", "loan_type": "Commercial", "date": "2022-08-24", "amount": 655352000.0, "lender": "GERMAN AMERICAN CAPITAL CORPORATION", "borrower": "BAF ASSETS 5 LLC", "parent_brand": "Amherst Residential", "matched_address": "8914 W LAS PALMARITAS DR, PEORIA, AZ, 85345"}}, {"type": "Feature", "geometry": {"type": "Point", "coordinates": [-86.597654718143, 36.054283042444]}, "properties": {"state": "TN", "county": "Davidson", "city": "ANTIOCH", "zip": "37013", "address": "1408 PRIESTSHORE BAY", "parcelid": "164-08-0B-075-00", "loan_type": "Commercial", "date": "01/01/1899", "amount": 434010000.0, "lender": "MORGAN STANLEY MORTGAGE CAPITAL HOLDINGS", "borrower": "ARMM ASSETS 2 LLC", "parent_brand": "Non-Institutional / Other", "matched_address": "1408 PRIESTSHORE BAY, ANTIOCH, TN, 37013"}}, {"type": "Feature", "geometry": {"type": "Point", "coordinates": [-86.96649904743, 36.073931591131]}, "properties": {"state": "TN", "county": "Davidson", "city": "NASHVILLE", "zip": "37221", "address": "105 RYAN CT", "parcelid": "141-07-0B-027-00", "loan_type": "Commercial", "date": "01/01/1899", "amount": 434010000.0, "lender": "MORGAN STANLEY MORTGAGE CAPITAL HOLDINGS", "borrower": "ARMM ASSETS 2 LLC", "parent_brand": "Non-Institutional / Other", "matched_address": "105 RYAN CT, NASHVILLE, TN, 37221"}}, {"type": "Feature", "geometry": {"type": "Point", "coordinates": [-86.690065629958, 36.315932093465]}, "properties": {"state": "TN", "county": "Davidson", "city": "GOODLETTSVILLE", "zip": "37072", "address": "124 NEWCASTLE CT", "parcelid": "026-07-0-164-00", "loan_type": "Commercial", "date": "01/01/1899", "amount": 434010000.0, "lender": "MORGAN STANLEY MORTGAGE CAPITAL HOLDINGS", "borrower": "ARMM ASSETS 2 LLC", "parent_brand": "Non-Institutional / Other", "matched_address": "124 NEWCASTLE CT, GOODLETTSVILLE, TN, 37072"}}, {"type": "Feature", "geometry": {"type": "Point", "coordinates": [-86.645159224201, 36.259592280728]}, "properties": {"state": "TN", "county": "Davidson", "city": "OLD HICKORY", "zip": "37138", "address": "1111 CLARKE ST", "parcelid": "044-15-0-427-00", "loan_type": "Commercial", "date": "01/01/1899", "amount": 434010000.0, "lender": "MORGAN STANLEY MORTGAGE CAPITAL HOLDINGS", "borrower": "ARMM ASSETS 2 LLC", "parent_brand": "Non-Institutional / Other", "matched_address": "1111 CLARKE ST, OLD HICKORY, TN, 37138"}}, {"type": "Feature", "geometry": {"type": "Point", "coordinates": [-97.032839094216, 33.038909350149]}, "properties": {"state": "TX", "county": "Denton", "city": "LEWISVILLE", "zip": "75067", "address": "1514 CARNATION DR", "parcelid": "R02619", "loan_type": "Commercial", "date": "2024-11-14", "amount": 434010000.0, "lender": "MORGAN STANLEY MORTGAGE CAPITAL HOLDINGS", "borrower": "ARMM ASSETS 2 LLC", "parent_brand": "Non-Institutional / Other", "matched_address": "1514 CARNATION DR, LEWISVILLE, TX, 75067"}}, {"type": "Feature", "geometry": {"type": "Point", "coordinates": [-97.028937231456, 33.068442021776]}, "properties": {"state": "TX", "county": "Denton", "city": "LEWISVILLE", "zip": "75077", "address": "1359 JASMINE DR", "parcelid": "R119710", "loan_type": "Commercial", "date": "2024-11-14", "amount": 434010000.0, "lender": "MORGAN STANLEY MORTGAGE CAPITAL HOL", "borrower": "ARMM ASSETS 2 LLC", "parent_brand": "Non-Institutional / Other", "matched_address": "1359 JASMINE DR, LEWISVILLE, TX, 75077"}}, {"type": "Feature", "geometry": {"type": "Point", "coordinates": [-96.535557692163, 33.012724029062]}, "properties": {"state": "TX", "county": "Collin", "city": "WYLIE", "zip": "75098", "address": "204 S 3RD ST", "parcelid": "R-1169-030-0170-1", "loan_type": "Commercial", "date": "2024-11-14", "amount": 434010000.0, "lender": "MORGAN STANLEY MORTGAGE CAPITAL HOL", "borrower": "ARMM ASSETS 2 LLC", "parent_brand": "Non-Institutional / Other", "matched_address": "204 S 3RD ST, WYLIE, TX, 75098"}}, {"type": "Feature", "geometry": {"type": "Point", "coordinates": [-97.028459077035, 33.067251461692]}, "properties": {"state": "TX", "county": "Denton", "city": "LEWISVILLE", "zip": "75077", "address": "1805 CACTUS CIR", "parcelid": "R119837", "loan_type": "Commercial", "date": "2024-11-14", "amount": 434010000.0, "lender": "MORGAN STANLEY MORTGAGE CAPITAL HOLDINGS", "borrower": "ARMM ASSETS 2 LLC", "parent_brand": "Non-Institutional / Other", "matched_address": "1805 CACTUS CIR, LEWISVILLE, TX, 75077"}}, {"type": "Feature", "geometry": {"type": "Point", "coordinates": [-97.240476392539, 33.25914522602]}, "properties": {"state": "TX", "county": "Denton", "city": "KRUM", "zip": "76249", "address": "309 JAGOE ST", "parcelid": "R61048", "loan_type": "Commercial", "date": "2024-11-14", "amount": 434010000.0, "lender": "MORGAN STANLEY MORTGAGE CAPITAL HOLDINGS", "borrower": "ARMM ASSETS 2 LLC", "parent_brand": "Non-Institutional / Other", "matched_address": "309 JAGOE ST, KRUM, TX, 76249"}}, {"type": "Feature", "geometry": {"type": "Point", "coordinates": [-95.408269764412, 30.129370024641]}, "properties": {"state": "TX", "county": "Montgomery", "city": "SPRING", "zip": "77386", "address": "2127 WHITELAW DR", "parcelid": "6115-00-18300", "loan_type": "Commercial", "date": "2024-11-14", "amount": 434010000.0, "lender": "MORGAN STANLEY MORTGAGE CAPITAL HOL", "borrower": "ARMM ASSETS 2 LLC", "parent_brand": "Non-Institutional / Other", "matched_address": "2127 WHITELAW DR, SPRING, TX, 77386"}}, {"type": "Feature", "geometry": {"type": "Point", "coordinates": [-97.191373107607, 32.798385290781]}, "properties": {"state": "TX", "county": "Tarrant", "city": "FORT WORTH", "zip": "76118", "address": "8725 SABINAS TRL", "parcelid": "34557-5-59", "loan_type": "Commercial", "date": "2024-11-14", "amount": 434010000.0, "lender": "MORGAN STANLEY MORTGAGE CAPITAL HOL", "borrower": "ARMM ASSETS 2 LLC", "parent_brand": "Non-Institutional / Other", "matched_address": "8725 SABINAS TRL, FORT WORTH, TX, 76118"}}, {"type": "Feature", "geometry": {"type": "Point", "coordinates": [-98.339923962851, 29.492135129624]}, "properties": {"state": "TX", "county": "Bexar", "city": "SAN ANTONIO", "zip": "78244", "address": "7506 LEDGEBROOK DR", "parcelid": "05080-301-1170", "loan_type": "Commercial", "date": "2024-11-14", "amount": 434010000.0, "lender": "MORGAN STANLEY MORTGAGE CAPITAL HOL", "borrower": "ARMM ASSETS 2 LLC", "parent_brand": "Non-Institutional / Other", "matched_address": "7506 LEDGEBROOK DR, SAN ANTONIO, TX, 78244"}}, {"type": "Feature", "geometry": {"type": "Point", "coordinates": [-97.29570804492, 32.575393307541]}, "properties": {"state": "TX", "county": "Tarrant", "city": "BURLESON", "zip": "76028", "address": "1305 DAWNRIDGE CT", "parcelid": "37933C-6-15", "loan_type": "Commercial", "date": "2024-11-14", "amount": 434010000.0, "lender": "MORGAN STANLEY MORTGAGE CAPITAL HOL", "borrower": "ARMM ASSETS 2 LLC", "parent_brand": "Non-Institutional / Other", "matched_address": "1305 DAWNRIDGE CT, BURLESON, TX, 76028"}}, {"type": "Feature", "geometry": {"type": "Point", "coordinates": [-96.709389704075, 33.041631556098]}, "properties": {"state": "TX", "county": "Collin", "city": "PLANO", "zip": "75023", "address": "790 NOEL TRL", "parcelid": "R-2348-00A-0120-1", "loan_type": "Commercial", "date": "2024-11-14", "amount": 434010000.0, "lender": "MORGAN STANLEY MORTGAGE CAPITAL HOL", "borrower": "ARMM ASSETS 2 LLC", "parent_brand": "Non-Institutional / Other", "matched_address": "790 NOEL TRL, PLANO, TX, 75023"}}, {"type": "Feature", "geometry": {"type": "Point", "coordinates": [-98.317826489329, 29.503434114564]}, "properties": {"state": "TX", "county": "Bexar", "city": "CONVERSE", "zip": "78109", "address": "7330 BELMEDE CT", "parcelid": "18172-002-0010", "loan_type": "Commercial", "date": "2024-11-14", "amount": 434010000.0, "lender": "MORGAN STANLEY MORTGAGE CAPITAL HOL", "borrower": "ARMM ASSETS 2 LLC", "parent_brand": "Non-Institutional / Other", "matched_address": "7330 BELMEDE CT, CONVERSE, TX, 78109"}}, {"type": "Feature", "geometry": {"type": "Point", "coordinates": [-98.708857738514, 29.526052196241]}, "properties": {"state": "TX", "county": "Bexar", "city": "SAN ANTONIO", "zip": "78254", "address": "9039 CANTER HORSE", "parcelid": "04449-678-0240", "loan_type": "Commercial", "date": "2024-11-14", "amount": 434010000.0, "lender": "MORGAN STANLEY MORTGAGE CAPITAL HOL", "borrower": "ARMM ASSETS 2 LLC", "parent_brand": "Non-Institutional / Other", "matched_address": "9039 CANTER HORSE, SAN ANTONIO, TX, 78254"}}, {"type": "Feature", "geometry": {"type": "Point", "coordinates": [-97.359654646492, 32.626266611634]}, "properties": {"state": "TX", "county": "Tarrant", "city": "FORT WORTH", "zip": "76123", "address": "2608 DAHLIA DR", "parcelid": "25405-38-41", "loan_type": "Commercial", "date": "2024-11-14", "amount": 434010000.0, "lender": "MORGAN STANLEY MORTGAGE CAPITAL HOL", "borrower": "ARMM ASSETS 2 LLC", "parent_brand": "Non-Institutional / Other", "matched_address": "2608 DAHLIA DR, FORT WORTH, TX, 76123"}}, {"type": "Feature", "geometry": {"type": "Point", "coordinates": [-97.187653334064, 32.743330243673]}, "properties": {"state": "TX", "county": "Tarrant", "city": "FORT WORTH", "zip": "76112", "address": "7800 ACAPULCO RD", "parcelid": "10610-3-11", "loan_type": "Commercial", "date": "2024-11-14", "amount": 434010000.0, "lender": "MORGAN STANLEY MORTGAGE CAPITAL HOL", "borrower": "ARMM ASSETS 2 LLC", "parent_brand": "Non-Institutional / Other", "matched_address": "7800 ACAPULCO RD, FORT WORTH, TX, 76112"}}, {"type": "Feature", "geometry": {"type": "Point", "coordinates": [-98.705466919665, 29.527395648543]}, "properties": {"state": "TX", "county": "Bexar", "city": "SAN ANTONIO", "zip": "78254", "address": "10803 CANTER SPUR", "parcelid": "04449-678-0590", "loan_type": "Commercial", "date": "2024-11-14", "amount": 434010000.0, "lender": "MORGAN STANLEY MORTGAGE CAPITAL HOL", "borrower": "ARMM ASSETS 2 LLC", "parent_brand": "Non-Institutional / Other", "matched_address": "10803 CANTER SPR, SAN ANTONIO, TX, 78254"}}, {"type": "Feature", "geometry": {"type": "Point", "coordinates": [-95.242729100817, 30.12514001972]}, "properties": {"state": "TX", "county": "Montgomery", "city": "PORTER", "zip": "77365", "address": "21389 TIMBER LODGE LN", "parcelid": "9412-00-00900", "loan_type": "Commercial", "date": "2024-11-14", "amount": 434010000.0, "lender": "MORGAN STANLEY MORTGAGE CAPITAL HOL", "borrower": "ARMM ASSETS 2 LLC", "parent_brand": "Non-Institutional / Other", "matched_address": "21389 TIMBER LODGE LN, PORTER, TX, 77365"}}, {"type": "Feature", "geometry": {"type": "Point", "coordinates": [-97.372796018916, 32.625017286433]}, "properties": {"state": "TX", "county": "Tarrant", "city": "FORT WORTH", "zip": "76123", "address": "3753 BRETT DR", "parcelid": "20726-4-1", "loan_type": "Commercial", "date": "2024-11-14", "amount": 434010000.0, "lender": "MORGAN STANLEY MORTGAGE CAPITAL HOL", "borrower": "ARMM ASSETS 2 LLC", "parent_brand": "Non-Institutional / Other", "matched_address": "3753 BRETT DR, FORT WORTH, TX, 76123"}}, {"type": "Feature", "geometry": {"type": "Point", "coordinates": [-97.240249922179, 32.85496557551]}, "properties": {"state": "TX", "county": "Tarrant", "city": "WATAUGA", "zip": "76148", "address": "6572 OLD MILL CIR", "parcelid": "40796-24-23", "loan_type": "Commercial", "date": "2024-11-14", "amount": 434010000.0, "lender": "MORGAN STANLEY MORTGAGE CAPITAL HOL", "borrower": "ARMM ASSETS 2 LLC", "parent_brand": "Non-Institutional / Other", "matched_address": "6572 OLD MILL CIR, WATAUGA, TX, 76148"}}, {"type": "Feature", "geometry": {"type": "Point", "coordinates": [-97.125250591853, 32.640376853184]}, "properties": {"state": "TX", "county": "Tarrant", "city": "ARLINGTON", "zip": "76001", "address": "6508 IMPALA DR", "parcelid": "37925-4-16", "loan_type": "Commercial", "date": "2024-11-14", "amount": 434010000.0, "lender": "MORGAN STANLEY MORTGAGE CAPITAL HOL", "borrower": "ARMM ASSETS 2 LLC", "parent_brand": "Non-Institutional / Other", "matched_address": "6508 IMPALA DR, ARLINGTON, TX, 76001"}}, {"type": "Feature", "geometry": {"type": "Point", "coordinates": [-98.61178323865, 29.334107995231]}, "properties": {"state": "TX", "county": "Bexar", "city": "SAN ANTONIO", "zip": "78242", "address": "5942 CAPE ANN ST", "parcelid": "17519-039-0340", "loan_type": "Commercial", "date": "2024-11-14", "amount": 434010000.0, "lender": "MORGAN STANLEY MORTGAGE CAPITAL HOL", "borrower": "ARMM ASSETS 2 LLC", "parent_brand": "Non-Institutional / Other", "matched_address": "5942 CAPE ANN ST, SAN ANTONIO, TX, 78242"}}, {"type": "Feature", "geometry": {"type": "Point", "coordinates": [-96.869396257824, 32.995473464704]}, "properties": {"state": "TX", "county": "Denton", "city": "DALLAS", "zip": "75287", "address": "2605 SILVERTHORNE DR", "parcelid": "R84953", "loan_type": "Commercial", "date": "2024-11-14", "amount": 434010000.0, "lender": "MORGAN STANLEY MORTGAGE CAPITAL HOLDINGS", "borrower": "ARMM ASSETS 2 LLC", "parent_brand": "Non-Institutional / Other", "matched_address": "2605 SILVERTHORNE DR, DALLAS, TX, 75287"}}, {"type": "Feature", "geometry": {"type": "Point", "coordinates": [-98.687014340892, 29.505729027101]}, "properties": {"state": "TX", "county": "Bexar", "city": "SAN ANTONIO", "zip": "78250", "address": "7262 BRANDYRIDGE", "parcelid": "18526-049-0500", "loan_type": "Commercial", "date": "2024-11-14", "amount": 434010000.0, "lender": "MORGAN STANLEY MORTGAGE CAPITAL HOL", "borrower": "ARMM ASSETS 2 LLC", "parent_brand": "Non-Institutional / Other", "matched_address": "7262 BRANDYRIDGE, SAN ANTONIO, TX, 78250"}}, {"type": "Feature", "geometry": {"type": "Point", "coordinates": [-98.437218906686, 29.570527469473]}, "properties": {"state": "TX", "county": "Bexar", "city": "SAN ANTONIO", "zip": "78247", "address": "63 VIKING OAK", "parcelid": "13732-004-0150", "loan_type": "Commercial", "date": "2024-11-14", "amount": 434010000.0, "lender": "MORGAN STANLEY MORTGAGE CAPITAL HOL", "borrower": "ARMM ASSETS 2 LLC", "parent_brand": "Non-Institutional / Other", "matched_address": "63 VIKING OAK, SAN ANTONIO, TX, 78247"}}, {"type": "Feature", "geometry": {"type": "Point", "coordinates": [-98.646732127789, 29.48140792439]}, "properties": {"state": "TX", "county": "Bexar", "city": "SAN ANTONIO", "zip": "78250", "address": "8031 MISTY PARK ST", "parcelid": "18683-013-0170", "loan_type": "Commercial", "date": "2024-11-14", "amount": 434010000.0, "lender": "MORGAN STANLEY MORTGAGE CAPITAL HOL", "borrower": "ARMM ASSETS 2 LLC", "parent_brand": "Non-Institutional / Other", "matched_address": "8031 MISTY PARK ST, SAN ANTONIO, TX, 78250"}}, {"type": "Feature", "geometry": {"type": "Point", "coordinates": [-98.687472032547, 29.500511110845]}, "properties": {"state": "TX", "county": "Bexar", "city": "SAN ANTONIO", "zip": "78250", "address": "9422 VALLEY ROCK", "parcelid": "18799-099-1970", "loan_type": "Commercial", "date": "2024-11-14", "amount": 434010000.0, "lender": "MORGAN STANLEY MORTGAGE CAPITAL HOL", "borrower": "ARMM ASSETS 2 LLC", "parent_brand": "Non-Institutional / Other", "matched_address": "9422 VALLEY ROCK DR, SAN ANTONIO, TX, 78250"}}, {"type": "Feature", "geometry": {"type": "Point", "coordinates": [-97.08971194042, 32.612993689833]}, "properties": {"state": "TX", "county": "Tarrant", "city": "ARLINGTON", "zip": "76002", "address": "1117 MULE DEER DR", "parcelid": "44717D-1-9", "loan_type": "Commercial", "date": "2024-11-14", "amount": 434010000.0, "lender": "MORGAN STANLEY MORTGAGE CAPITAL HOL", "borrower": "ARMM ASSETS 2 LLC", "parent_brand": "Non-Institutional / Other", "matched_address": "1117 MULE DEER DR, ARLINGTON, TX, 76002"}}, {"type": "Feature", "geometry": {"type": "Point", "coordinates": [-98.649599327629, 29.505056033807]}, "properties": {"state": "TX", "county": "Bexar", "city": "SAN ANTONIO", "zip": "78250", "address": "8643 SILENT OAKS", "parcelid": "18871-001-0390", "loan_type": "Commercial", "date": "2024-11-14", "amount": 434010000.0, "lender": "MORGAN STANLEY MORTGAGE CAPITAL HOL", "borrower": "ARMM ASSETS 2 LLC", "parent_brand": "Non-Institutional / Other", "matched_address": "8643 SILENT OAKS, SAN ANTONIO, TX, 78250"}}, {"type": "Feature", "geometry": {"type": "Point", "coordinates": [-98.329199395515, 29.4821039401]}, "properties": {"state": "TX", "county": "Bexar", "city": "SAN ANTONIO", "zip": "78244", "address": "5718 BYPASS TRL", "parcelid": "05080-959-0100", "loan_type": "Commercial", "date": "2024-11-14", "amount": 434010000.0, "lender": "MORGAN STANLEY MORTGAGE CAPITAL HOL", "borrower": "ARMM ASSETS 2 LLC", "parent_brand": "Non-Institutional / Other", "matched_address": "5718 BYPASS TRL, SAN ANTONIO, TX, 78244"}}, {"type": "Feature", "geometry": {"type": "Point", "coordinates": [-97.005641064821, 33.032598519926]}, "properties": {"state": "TX", "county": "Denton", "city": "LEWISVILLE", "zip": "75067", "address": "201 WILDFIRE DR", "parcelid": "R04528", "loan_type": "Commercial", "date": "2024-11-14", "amount": 434010000.0, "lender": "MORGAN STANLEY MORTGAGE CAPITAL HOLDINGS", "borrower": "ARMM ASSETS 2 LLC", "parent_brand": "Non-Institutional / Other", "matched_address": "201 WILDFIRE DR, LEWISVILLE, TX, 75067"}}, {"type": "Feature", "geometry": {"type": "Point", "coordinates": [-98.315500101722, 29.485370147162]}, "properties": {"state": "TX", "county": "Bexar", "city": "CONVERSE", "zip": "78109", "address": "6014 IRONMILL CRK", "parcelid": "05080-824-0230", "loan_type": "Commercial", "date": "2024-11-14", "amount": 434010000.0, "lender": "MORGAN STANLEY MORTGAGE CAPITAL HOL", "borrower": "ARMM ASSETS 2 LLC", "parent_brand": "Non-Institutional / Other", "matched_address": "6014 IRONMILL CREEK, CONVERSE, TX, 78109"}}, {"type": "Feature", "geometry": {"type": "Point", "coordinates": [-98.435848751037, 29.326729302696]}, "properties": {"state": "TX", "county": "Bexar", "city": "SAN ANTONIO", "zip": "78223", "address": "3314 SCARLET OHARA", "parcelid": "14955-002-0140", "loan_type": "Commercial", "date": "2024-11-14", "amount": 434010000.0, "lender": "MORGAN STANLEY MORTGAGE CAPITAL HOL", "borrower": "ARMM ASSETS 2 LLC", "parent_brand": "Non-Institutional / Other", "matched_address": "3314 SCARLET OHARA, SAN ANTONIO, TX, 78223"}}, {"type": "Feature", "geometry": {"type": "Point", "coordinates": [-97.124427059754, 32.643241057586]}, "properties": {"state": "TX", "county": "Tarrant", "city": "ARLINGTON", "zip": "76001", "address": "6310 FAIRLANE DR", "parcelid": "37925-12-32", "loan_type": "Commercial", "date": "2024-11-14", "amount": 434010000.0, "lender": "MORGAN STANLEY MORTGAGE CAPITAL HOL", "borrower": "ARMM ASSETS 2 LLC", "parent_brand": "Non-Institutional / Other", "matched_address": "6310 FAIRLANE DR, ARLINGTON, TX, 76001"}}, {"type": "Feature", "geometry": {"type": "Point", "coordinates": [-97.333752323094, 32.888279383609]}, "properties": {"state": "TX", "county": "Tarrant", "city": "FORT WORTH", "zip": "76131", "address": "1716 WIND DANCER TRL", "parcelid": "23623G-9-8", "loan_type": "Commercial", "date": "2024-11-14", "amount": 434010000.0, "lender": "MORGAN STANLEY MORTGAGE CAPITAL HOL", "borrower": "ARMM ASSETS 2 LLC", "parent_brand": "Non-Institutional / Other", "matched_address": "1716 WIND DANCER TRL, FORT WORTH, TX, 76131"}}, {"type": "Feature", "geometry": {"type": "Point", "coordinates": [-96.739458345315, 33.020950610281]}, "properties": {"state": "TX", "county": "Collin", "city": "PLANO", "zip": "75075", "address": "1608 CLOISTER WAY", "parcelid": "R-0491-006-0060-1", "loan_type": "Commercial", "date": "2024-11-14", "amount": 434010000.0, "lender": "MORGAN STANLEY MORTGAGE CAPITAL HOL", "borrower": "ARMM ASSETS 2 LLC", "parent_brand": "Non-Institutional / Other", "matched_address": "1608 CLOISTER WAY, PLANO, TX, 75075"}}, {"type": "Feature", "geometry": {"type": "Point", "coordinates": [-98.344397037249, 29.59283520529]}, "properties": {"state": "TX", "county": "Bexar", "city": "SAN ANTONIO", "zip": "78266", "address": "7342 TAMBURO TRL", "parcelid": "16588-009-0260", "loan_type": "Commercial", "date": "2024-11-14", "amount": 434010000.0, "lender": "MORGAN STANLEY MORTGAGE CAPITAL HOL", "borrower": "ARMM ASSETS 2 LLC", "parent_brand": "Non-Institutional / Other", "matched_address": "7342 TAMBURO TRL, SAN ANTONIO, TX, 78266"}}, {"type": "Feature", "geometry": {"type": "Point", "coordinates": [-98.351612805373, 29.522878126705]}, "properties": {"state": "TX", "county": "Bexar", "city": "SAN ANTONIO", "zip": "78239", "address": "9501 CHELMSFORD", "parcelid": "05960-114-0410", "loan_type": "Commercial", "date": "2024-11-14", "amount": 434010000.0, "lender": "MORGAN STANLEY MORTGAGE CAPITAL HOL", "borrower": "ARMM ASSETS 2 LLC", "parent_brand": "Non-Institutional / Other", "matched_address": "9501 CHELMSFORD, SAN ANTONIO, TX, 78239"}}, {"type": "Feature", "geometry": {"type": "Point", "coordinates": [-97.11277284153, 32.666664347535]}, "properties": {"state": "TX", "county": "Tarrant", "city": "ARLINGTON", "zip": "76018", "address": "4915 OSAGE DR", "parcelid": "38445-3-33", "loan_type": "Commercial", "date": "2024-11-14", "amount": 434010000.0, "lender": "MORGAN STANLEY MORTGAGE CAPITAL HOL", "borrower": "ARMM ASSETS 2 LLC", "parent_brand": "Non-Institutional / Other", "matched_address": "4915 OSAGE DR, ARLINGTON, TX, 76018"}}, {"type": "Feature", "geometry": {"type": "Point", "coordinates": [-97.374308757091, 32.926873861145]}, "properties": {"state": "TX", "county": "Tarrant", "city": "HASLET", "zip": "76052", "address": "10781 BRAEMOOR DR", "parcelid": "12751F-6-10", "loan_type": "Commercial", "date": "2024-11-14", "amount": 434010000.0, "lender": "MORGAN STANLEY MORTGAGE CAPITAL HOL", "borrower": "ARMM ASSETS 2 LLC", "parent_brand": "Non-Institutional / Other", "matched_address": "10781 BRAEMOOR DR, HASLET, TX, 76052"}}, {"type": "Feature", "geometry": {"type": "Point", "coordinates": [-98.686846809107, 29.398770240494]}, "properties": {"state": "TX", "county": "Bexar", "city": "SAN ANTONIO", "zip": "78245", "address": "9954 HAWKSBILL PEAK", "parcelid": "04332-436-0090", "loan_type": "Commercial", "date": "2024-11-14", "amount": 434010000.0, "lender": "MORGAN STANLEY MORTGAGE CAPITAL HOL", "borrower": "ARMM ASSETS 2 LLC", "parent_brand": "Non-Institutional / Other", "matched_address": "9954 HAWKSBILL PEAK, SAN ANTONIO, TX, 78245"}}, {"type": "Feature", "geometry": {"type": "Point", "coordinates": [-97.107020190143, 32.65965265466]}, "properties": {"state": "TX", "county": "Tarrant", "city": "ARLINGTON", "zip": "76018", "address": "5305 VIRBURNUM CT", "parcelid": "13510-21-3", "loan_type": "Commercial", "date": "2024-11-14", "amount": 434010000.0, "lender": "MORGAN STANLEY MORTGAGE CAPITAL HOL", "borrower": "ARMM ASSETS 2 LLC", "parent_brand": "Non-Institutional / Other", "matched_address": "5305 VIRBURNUM CT, ARLINGTON, TX, 76018"}}, {"type": "Feature", "geometry": {"type": "Point", "coordinates": [-97.360126760792, 32.569785331843]}, "properties": {"state": "TX", "county": "Tarrant", "city": "CROWLEY", "zip": "76036", "address": "205 DANIELS CT", "parcelid": "8990-22-21", "loan_type": "Commercial", "date": "2024-11-14", "amount": 434010000.0, "lender": "MORGAN STANLEY MORTGAGE CAPITAL HOL", "borrower": "ARMM ASSETS 2 LLC", "parent_brand": "Non-Institutional / Other", "matched_address": "205 DANIELS CT, CROWLEY, TX, 76036"}}, {"type": "Feature", "geometry": {"type": "Point", "coordinates": [-97.478983472337, 32.667919613539]}, "properties": {"state": "TX", "county": "Tarrant", "city": "BENBROOK", "zip": "76126", "address": "9920 EDMUND DR", "parcelid": "46258-16-7", "loan_type": "Commercial", "date": "2024-11-14", "amount": 434010000.0, "lender": "MORGAN STANLEY MORTGAGE CAPITAL HOL", "borrower": "ARMM ASSETS 2 LLC", "parent_brand": "Non-Institutional / Other", "matched_address": "9920 EDMUND DR, BENBROOK, TX, 76126"}}, {"type": "Feature", "geometry": {"type": "Point", "coordinates": [-95.452322557082, 30.225776262872]}, "properties": {"state": "TX", "county": "Montgomery", "city": "CONROE", "zip": "77385", "address": "178 RAMWIND CT", "parcelid": "9701-05-13900", "loan_type": "Commercial", "date": "2024-11-14", "amount": 434010000.0, "lender": "MORGAN STANLEY MORTGAGE CAPITAL HOL", "borrower": "ARMM ASSETS 2 LLC", "parent_brand": "Non-Institutional / Other", "matched_address": "178 RAMWIND CT, CONROE, TX, 77385"}}, {"type": "Feature", "geometry": {"type": "Point", "coordinates": [-97.515364588971, 32.753980575856]}, "properties": {"state": "TX", "county": "Tarrant", "city": "FORT WORTH", "zip": "76108", "address": "10909 HORNBY ST", "parcelid": "7087-10-05 00:00:00", "loan_type": "Commercial", "date": "2024-11-14", "amount": 434010000.0, "lender": "MORGAN STANLEY MORTGAGE CAPITAL HOL", "borrower": "ARMM ASSETS 2 LLC", "parent_brand": "Non-Institutional / Other", "matched_address": "10909 HORNBY ST, FORT WORTH, TX, 76108"}}, {"type": "Feature", "geometry": {"type": "Point", "coordinates": [-98.36936477584, 29.45605854215]}, "properties": {"state": "TX", "county": "Bexar", "city": "SAN ANTONIO", "zip": "78244", "address": "6130 CANDLETREE", "parcelid": "05092-816-0690", "loan_type": "Commercial", "date": "2024-11-14", "amount": 434010000.0, "lender": "MORGAN STANLEY MORTGAGE CAPITAL HOL", "borrower": "ARMM ASSETS 2 LLC", "parent_brand": "Non-Institutional / Other", "matched_address": "6130 CANDLETREE, SAN ANTONIO, TX, 78244"}}, {"type": "Feature", "geometry": {"type": "Point", "coordinates": [-97.409168909243, 32.86206131675]}, "properties": {"state": "TX", "county": "Tarrant", "city": "FORT WORTH", "zip": "76179", "address": "5841 PARKVIEW HILLS LN", "parcelid": "31682-24-2", "loan_type": "Commercial", "date": "2024-11-14", "amount": 434010000.0, "lender": "MORGAN STANLEY MORTGAGE CAPITAL HOL", "borrower": "ARMM ASSETS 2 LLC", "parent_brand": "Non-Institutional / Other", "matched_address": "5841 PARKVIEW HILLS LN, FORT WORTH, TX, 76179"}}, {"type": "Feature", "geometry": {"type": "Point", "coordinates": [-96.876560256668, 32.99641811829]}, "properties": {"state": "TX", "county": "Denton", "city": "CARROLLTON", "zip": "75007", "address": "2941 ROLLING HILLS DR", "parcelid": "R51268", "loan_type": "Commercial", "date": "2024-11-14", "amount": 434010000.0, "lender": "MORGAN STANLEY MORTGAGE CAPITAL HOLDINGS", "borrower": "ARMM ASSETS 2 LLC", "parent_brand": "Non-Institutional / Other", "matched_address": "2941 ROLLING HILLS DR, CARROLLTON, TX, 75007"}}, {"type": "Feature", "geometry": {"type": "Point", "coordinates": [-97.220209500028, 32.675763720268]}, "properties": {"state": "TX", "county": "Tarrant", "city": "ARLINGTON", "zip": "76016", "address": "7118 GREENSPRING DR", "parcelid": "47515-S-3R", "loan_type": "Commercial", "date": "2024-11-14", "amount": 434010000.0, "lender": "MORGAN STANLEY MORTGAGE CAPITAL HOL", "borrower": "ARMM ASSETS 2 LLC", "parent_brand": "Non-Institutional / Other", "matched_address": "7118 GREENSPRING DR, ARLINGTON, TX, 76016"}}, {"type": "Feature", "geometry": {"type": "Point", "coordinates": [-98.361091638773, 29.45541042086]}, "properties": {"state": "TX", "county": "Bexar", "city": "SAN ANTONIO", "zip": "78244", "address": "6458 CANDLEVIEW CT", "parcelid": "05092-805-0260", "loan_type": "Commercial", "date": "2024-11-14", "amount": 434010000.0, "lender": "MORGAN STANLEY MORTGAGE CAPITAL HOL", "borrower": "ARMM ASSETS 2 LLC", "parent_brand": "Non-Institutional / Other", "matched_address": "6458 CANDLEVIEW CT, SAN ANTONIO, TX, 78244"}}, {"type": "Feature", "geometry": {"type": "Point", "coordinates": [-97.316516673173, 32.601292685811]}, "properties": {"state": "TX", "county": "Tarrant", "city": "FORT WORTH", "zip": "76140", "address": "225 WEBER RIVER TRL", "parcelid": "9615B-L-14", "loan_type": "Commercial", "date": "2024-11-14", "amount": 434010000.0, "lender": "MORGAN STANLEY MORTGAGE CAPITAL HOL", "borrower": "ARMM ASSETS 2 LLC", "parent_brand": "Non-Institutional / Other", "matched_address": "225 WEBER RIVER TRL, FORT WORTH, TX, 76140"}}, {"type": "Feature", "geometry": {"type": "Point", "coordinates": [-97.514706593235, 32.752591254549]}, "properties": {"state": "TX", "county": "Tarrant", "city": "FORT WORTH", "zip": "76108", "address": "10836 DEAUVILLE CIR N", "parcelid": "7087-09-28 00:00:00", "loan_type": "Commercial", "date": "2024-11-14", "amount": 434010000.0, "lender": "MORGAN STANLEY MORTGAGE CAPITAL HOL", "borrower": "ARMM ASSETS 2 LLC", "parent_brand": "Non-Institutional / Other", "matched_address": "10836 DEAUVILLE CIR N, FORT WORTH, TX, 76108"}}, {"type": "Feature", "geometry": {"type": "Point", "coordinates": [-98.319472430524, 29.486921407247]}, "properties": {"state": "TX", "county": "Bexar", "city": "CONVERSE", "zip": "78109", "address": "8127 CHESTNUT BARR DR", "parcelid": "05080-716-0640", "loan_type": "Commercial", "date": "2024-11-14", "amount": 434010000.0, "lender": "MORGAN STANLEY MORTGAGE CAPITAL HOL", "borrower": "ARMM ASSETS 2 LLC", "parent_brand": "Non-Institutional / Other", "matched_address": "8127 CHESTNUT BARR DR, CONVERSE, TX, 78109"}}, {"type": "Feature", "geometry": {"type": "Point", "coordinates": [-98.316351789266, 29.492801757366]}, "properties": {"state": "TX", "county": "Bexar", "city": "CONVERSE", "zip": "78109", "address": "8814 TWINCREEK FARM", "parcelid": "05071-812-0120", "loan_type": "Commercial", "date": "2024-11-14", "amount": 434010000.0, "lender": "MORGAN STANLEY MORTGAGE CAPITAL HOL", "borrower": "ARMM ASSETS 2 LLC", "parent_brand": "Non-Institutional / Other", "matched_address": "8814 TWINCREEK FARM, CONVERSE, TX, 78109"}}, {"type": "Feature", "geometry": {"type": "Point", "coordinates": [-97.261105596021, 32.845810523695]}, "properties": {"state": "TX", "county": "Tarrant", "city": "HALTOM CITY", "zip": "76148", "address": "5625 MACASKILL DR", "parcelid": "4100-6-8R", "loan_type": "Commercial", "date": "2024-11-14", "amount": 434010000.0, "lender": "MORGAN STANLEY MORTGAGE CAPITAL HOL", "borrower": "ARMM ASSETS 2 LLC", "parent_brand": "Non-Institutional / Other", "matched_address": "5625 MACASKILL DR, HALTOM CITY, TX, 76148"}}, {"type": "Feature", "geometry": {"type": "Point", "coordinates": [-95.448166942693, 30.250069272836]}, "properties": {"state": "TX", "county": "Montgomery", "city": "CONROE", "zip": "77302", "address": "647 MOSSWOOD DR", "parcelid": "7305-02-20300", "loan_type": "Commercial", "date": "2024-11-14", "amount": 434010000.0, "lender": "MORGAN STANLEY MORTGAGE CAPITAL HOL", "borrower": "ARMM ASSETS 2 LLC", "parent_brand": "Non-Institutional / Other", "matched_address": "647 MOSSWOOD DR, CONROE, TX, 77302"}}, {"type": "Feature", "geometry": {"type": "Point", "coordinates": [-98.740688249624, 29.465972488912]}, "properties": {"state": "TX", "county": "Bexar", "city": "SAN ANTONIO", "zip": "78253", "address": "12534 CROCKETT WAY", "parcelid": "04400-973-0180", "loan_type": "Commercial", "date": "2024-11-14", "amount": 434010000.0, "lender": "MORGAN STANLEY MORTGAGE CAPITAL HOL", "borrower": "ARMM ASSETS 2 LLC", "parent_brand": "Non-Institutional / Other", "matched_address": "12534 CROCKET WAY, SAN ANTONIO, TX, 78253"}}, {"type": "Feature", "geometry": {"type": "Point", "coordinates": [-96.991838093899, 33.290301315988]}, "properties": {"state": "TX", "county": "Denton", "city": "AUBREY", "zip": "76227", "address": "332 VALLEY DR", "parcelid": "R260193", "loan_type": "Commercial", "date": "2024-11-14", "amount": 434010000.0, "lender": "MORGAN STANLEY MORTGAGE CAPITAL HOLDINGS", "borrower": "ARMM ASSETS 2 LLC", "parent_brand": "Non-Institutional / Other", "matched_address": "332 VALLEY DR, AUBREY, TX, 76227"}}, {"type": "Feature", "geometry": {"type": "Point", "coordinates": [-98.727412236712, 29.523972624886]}, "properties": {"state": "TX", "county": "Bexar", "city": "SAN ANTONIO", "zip": "78254", "address": "8818 PRESERVE TRL", "parcelid": "04450-120-0110", "loan_type": "Commercial", "date": "2024-11-14", "amount": 434010000.0, "lender": "MORGAN STANLEY MORTGAGE CAPITAL HOL", "borrower": "ARMM ASSETS 2 LLC", "parent_brand": "Non-Institutional / Other", "matched_address": "8818 PRESERVE TRL, SAN ANTONIO, TX, 78254"}}, {"type": "Feature", "geometry": {"type": "Point", "coordinates": [-95.4931098617, 29.546171262755]}, "properties": {"state": "TX", "county": "Fort Bend", "city": "FRESNO", "zip": "77545", "address": "2703 TUCKER CREEK DR", "parcelid": "8944-17-002-0070-907", "loan_type": "Commercial", "date": "2024-11-14", "amount": 434010000.0, "lender": "MORGAN STANLEY MORTGAGE CAPITAL HOLDINGS", "borrower": "ARMM ASSETS 2 LLC", "parent_brand": "Non-Institutional / Other", "matched_address": "2703 TUCKER CREEK DR, FRESNO, TX, 77545"}}, {"type": "Feature", "geometry": {"type": "Point", "coordinates": [-98.715582677294, 29.404820403002]}, "properties": {"state": "TX", "county": "Bexar", "city": "SAN ANTONIO", "zip": "78245", "address": "11323 PINK STAR", "parcelid": "04334-237-0140", "loan_type": "Commercial", "date": "2024-11-14", "amount": 434010000.0, "lender": "MORGAN STANLEY MORTGAGE CAPITAL HOL", "borrower": "ARMM ASSETS 2 LLC", "parent_brand": "Non-Institutional / Other", "matched_address": "11323 PINK STAR, SAN ANTONIO, TX, 78245"}}, {"type": "Feature", "geometry": {"type": "Point", "coordinates": [-97.556631850836, 32.884159223208]}, "properties": {"state": "TX", "county": "Parker", "city": "AZLE", "zip": "76020", "address": "649 CREEKVIEW DR", "parcelid": "R000101276", "loan_type": "Commercial", "date": "2024-11-14", "amount": 434010000.0, "lender": "STANLEY MORTGAGE CAPITAL HOLDINGS L", "borrower": "ARMM ASSETS 2 LLC", "parent_brand": "Non-Institutional / Other", "matched_address": "649 CREEKVIEW DR, AZLE, TX, 76020"}}, {"type": "Feature", "geometry": {"type": "Point", "coordinates": [-95.435344150773, 29.549610886105]}, "properties": {"state": "TX", "county": "Fort Bend", "city": "PEARLAND", "zip": "77584", "address": "3310 HAVENWOOD CHASE LN", "parcelid": "6888-03-002-0170-907", "loan_type": "Commercial", "date": "2024-11-14", "amount": 434010000.0, "lender": "MORGAN STANLEY MORTGAGE CAPITAL HOLDINGS", "borrower": "ARMM ASSETS 2 LLC", "parent_brand": "Non-Institutional / Other", "matched_address": "3310 HAVENWOOD CHASE LN, PEARLAND, TX, 77584"}}, {"type": "Feature", "geometry": {"type": "Point", "coordinates": [-98.769773253383, 29.525343545581]}, "properties": {"state": "TX", "county": "Bexar", "city": "SAN ANTONIO", "zip": "78254", "address": "8939 HICKMAN PARK", "parcelid": "04451-490-0030", "loan_type": "Commercial", "date": "2024-11-14", "amount": 434010000.0, "lender": "MORGAN STANLEY MORTGAGE CAPITAL HOL", "borrower": "ARMM ASSETS 2 LLC", "parent_brand": "Non-Institutional / Other", "matched_address": "8939 HICKMAN PARK, SAN ANTONIO, TX, 78254"}}, {"type": "Feature", "geometry": {"type": "Point", "coordinates": [-98.362253258556, 29.452773611573]}, "properties": {"state": "TX", "county": "Bexar", "city": "SAN ANTONIO", "zip": "78244", "address": "2631 BLUFF XING", "parcelid": "05094-215-0370", "loan_type": "Commercial", "date": "2024-11-14", "amount": 434010000.0, "lender": "MORGAN STANLEY MORTGAGE CAPITAL HOL", "borrower": "ARMM ASSETS 2 LLC", "parent_brand": "Non-Institutional / Other", "matched_address": "2631 BLUFF CROSSING, SAN ANTONIO, TX, 78244"}}, {"type": "Feature", "geometry": {"type": "Point", "coordinates": [-95.423301560337, 30.220117006737]}, "properties": {"state": "TX", "county": "Montgomery", "city": "CONROE", "zip": "77385", "address": "9983 CHIMNEY SWIFT LN", "parcelid": "7208-16-01900", "loan_type": "Commercial", "date": "2024-11-14", "amount": 434010000.0, "lender": "MORGAN STANLEY MORTGAGE CAPITAL HOL", "borrower": "ARMM ASSETS 2 LLC", "parent_brand": "Non-Institutional / Other", "matched_address": "9983 CHIMNEY SWIFT LN, CONROE, TX, 77385"}}, {"type": "Feature", "geometry": {"type": "Point", "coordinates": [-95.653540643327, 30.141429455588]}, "properties": {"state": "TX", "county": "Montgomery", "city": "PINEHURST", "zip": "77362", "address": "12062 QUARTERSAWN LN", "parcelid": "3760-04-03300", "loan_type": "Commercial", "date": "2024-11-14", "amount": 434010000.0, "lender": "MORGAN STANLEY MORTGAGE CAPITAL HOL", "borrower": "ARMM ASSETS 2 LLC", "parent_brand": "Non-Institutional / Other", "matched_address": "12062 QUARTERSAWN LN, PINEHURST, TX, 77362"}}, {"type": "Feature", "geometry": {"type": "Point", "coordinates": [-98.714091335261, 29.41783154394]}, "properties": {"state": "TX", "county": "Bexar", "city": "SAN ANTONIO", "zip": "78245", "address": "11131 CREEK EAGLE", "parcelid": "04336-206-0100", "loan_type": "Commercial", "date": "2024-11-14", "amount": 434010000.0, "lender": "MORGAN STANLEY MORTGAGE CAPITAL HOL", "borrower": "ARMM ASSETS 2 LLC", "parent_brand": "Non-Institutional / Other", "matched_address": "11131 CREEK EAGLE, SAN ANTONIO, TX, 78245"}}, {"type": "Feature", "geometry": {"type": "Point", "coordinates": [-98.733741194055, 29.356520448569]}, "properties": {"state": "TX", "county": "Bexar", "city": "SAN ANTONIO", "zip": "78252", "address": "7326 TURNBOW", "parcelid": "04319-150-0530", "loan_type": "Commercial", "date": "2024-11-14", "amount": 434010000.0, "lender": "MORGAN STANLEY MORTGAGE CAPITAL HOL", "borrower": "ARMM ASSETS 2 LLC", "parent_brand": "Non-Institutional / Other", "matched_address": "7326 TURNBOW, SAN ANTONIO, TX, 78252"}}, {"type": "Feature", "geometry": {"type": "Point", "coordinates": [-95.491595899949, 29.550457898583]}, "properties": {"state": "TX", "county": "Fort Bend", "city": "FRESNO", "zip": "77545", "address": "2630 HUNTERS SIDE TRL", "parcelid": "8949-02-004-0050-907", "loan_type": "Commercial", "date": "2024-11-14", "amount": 434010000.0, "lender": "MORGAN STANLEY MORTGAGE CAPITAL HOLDINGS", "borrower": "ARMM ASSETS 2 LLC", "parent_brand": "Non-Institutional / Other", "matched_address": "2630 HUNTERS SIDE TRL, FRESNO, TX, 77545"}}, {"type": "Feature", "geometry": {"type": "Point", "coordinates": [-98.364653893086, 29.390054685172]}, "properties": {"state": "TX", "county": "Bexar", "city": "SAN ANTONIO", "zip": "78222", "address": "6431 WOODCLIFF BND", "parcelid": "18274-008-0160", "loan_type": "Commercial", "date": "2024-11-14", "amount": 434010000.0, "lender": "MORGAN STANLEY MORTGAGE CAPITAL HOL", "borrower": "ARMM ASSETS 2 LLC", "parent_brand": "Non-Institutional / Other", "matched_address": "6431 WOODCLIFF BEND, SAN ANTONIO, TX, 78222"}}, {"type": "Feature", "geometry": {"type": "Point", "coordinates": [-98.734457664026, 29.364411231424]}, "properties": {"state": "TX", "county": "Bexar", "city": "SAN ANTONIO", "zip": "78252", "address": "6726 SABINAL", "parcelid": "04319-152-0240", "loan_type": "Commercial", "date": "2024-11-14", "amount": 434010000.0, "lender": "MORGAN STANLEY MORTGAGE CAPITAL HOL", "borrower": "ARMM ASSETS 2 LLC", "parent_brand": "Non-Institutional / Other", "matched_address": "6726 SABINAL, SAN ANTONIO, TX, 78252"}}, {"type": "Feature", "geometry": {"type": "Point", "coordinates": [-95.801051995597, 30.186678794354]}, "properties": {"state": "TX", "county": "Montgomery", "city": "MAGNOLIA", "zip": "77355", "address": "27018 POETS DR", "parcelid": "9552-00-01200", "loan_type": "Commercial", "date": "2024-11-14", "amount": 434010000.0, "lender": "MORGAN STANLEY MORTGAGE CAPITAL HOL", "borrower": "ARMM ASSETS 2 LLC", "parent_brand": "Non-Institutional / Other", "matched_address": "27018 POETS DR, MAGNOLIA, TX, 77355"}}, {"type": "Feature", "geometry": {"type": "Point", "coordinates": [-98.791637629699, 29.518984453619]}, "properties": {"state": "TX", "county": "Bexar", "city": "SAN ANTONIO", "zip": "78254", "address": "8523 LATTES WHEEL", "parcelid": "04451-174-0510", "loan_type": "Commercial", "date": "2024-11-14", "amount": 434010000.0, "lender": "MORGAN STANLEY MORTGAGE CAPITAL HOL", "borrower": "ARMM ASSETS 2 LLC", "parent_brand": "Non-Institutional / Other", "matched_address": "8523 LATTES WHEEL, SAN ANTONIO, TX, 78254"}}, {"type": "Feature", "geometry": {"type": "Point", "coordinates": [-97.419248022139, 32.857131828502]}, "properties": {"state": "TX", "county": "Tarrant", "city": "FORT WORTH", "zip": "76179", "address": "6240 RED FALCON DR", "parcelid": "33744P-D-10", "loan_type": "Commercial", "date": "2024-11-14", "amount": 434010000.0, "lender": "MORGAN STANLEY MORTGAGE CAPITAL HOL", "borrower": "ARMM ASSETS 2 LLC", "parent_brand": "Non-Institutional / Other", "matched_address": "6240 RED FALCON DR, FORT WORTH, TX, 76179"}}, {"type": "Feature", "geometry": {"type": "Point", "coordinates": [-95.801929039796, 30.186720435446]}, "properties": {"state": "TX", "county": "Montgomery", "city": "MAGNOLIA", "zip": "77355", "address": "26051 ALLAN POE DR", "parcelid": "9552-00-00200", "loan_type": "Commercial", "date": "2024-11-14", "amount": 434010000.0, "lender": "MORGAN STANLEY MORTGAGE CAPITAL HOL", "borrower": "ARMM ASSETS 2 LLC", "parent_brand": "Non-Institutional / Other", "matched_address": "26051 ALLAN POE DR, MAGNOLIA, TX, 77355"}}, {"type": "Feature", "geometry": {"type": "Point", "coordinates": [-95.798697446795, 30.186088617395]}, "properties": {"state": "TX", "county": "Montgomery", "city": "MAGNOLIA", "zip": "77355", "address": "24147 WILDE DR", "parcelid": "9552-02-23600", "loan_type": "Commercial", "date": "2024-11-14", "amount": 434010000.0, "lender": "MORGAN STANLEY MORTGAGE CAPITAL HOL", "borrower": "ARMM ASSETS 2 LLC", "parent_brand": "Non-Institutional / Other", "matched_address": "24147 WILDE DR, MAGNOLIA, TX, 77355"}}, {"type": "Feature", "geometry": {"type": "Point", "coordinates": [-98.766923247984, 29.517189688654]}, "properties": {"state": "TX", "county": "Bexar", "city": "SAN ANTONIO", "zip": "78253", "address": "13778 BRADFORD PARK", "parcelid": "04451-303-0020", "loan_type": "Commercial", "date": "2024-11-14", "amount": 434010000.0, "lender": "MORGAN STANLEY MORTGAGE CAPITAL HOL", "borrower": "ARMM ASSETS 2 LLC", "parent_brand": "Non-Institutional / Other", "matched_address": "13778 BRADFORD PARK, SAN ANTONIO, TX, 78253"}}, {"type": "Feature", "geometry": {"type": "Point", "coordinates": [-98.364938249601, 29.387900772894]}, "properties": {"state": "TX", "county": "Bexar", "city": "SAN ANTONIO", "zip": "78222", "address": "3226 BEGONIA BND", "parcelid": "18274-011-0510", "loan_type": "Commercial", "date": "2024-11-14", "amount": 434010000.0, "lender": "MORGAN STANLEY MORTGAGE CAPITAL HOL", "borrower": "ARMM ASSETS 2 LLC", "parent_brand": "Non-Institutional / Other", "matched_address": "3226 BEGONIA BEND, SAN ANTONIO, TX, 78222"}}, {"type": "Feature", "geometry": {"type": "Point", "coordinates": [-98.802300702552, 29.513842067558]}, "properties": {"state": "TX", "county": "Bexar", "city": "SAN ANTONIO", "zip": "78253", "address": "7918 HANGING BR", "parcelid": "04404-617-0230", "loan_type": "Commercial", "date": "2024-11-14", "amount": 434010000.0, "lender": "MORGAN STANLEY MORTGAGE CAPITAL HOL", "borrower": "ARMM ASSETS 2 LLC", "parent_brand": "Non-Institutional / Other", "matched_address": "7918 HANGING BRANCH, SAN ANTONIO, TX, 78253"}}, {"type": "Feature", "geometry": {"type": "Point", "coordinates": [-96.914625274994, 33.247369570698]}, "properties": {"state": "TX", "county": "Denton", "city": "AUBREY", "zip": "76227", "address": "824 ENGLISH DR", "parcelid": "R757834", "loan_type": "Commercial", "date": "2024-11-14", "amount": 434010000.0, "lender": "MORGAN STANLEY MORTGAGE CAPITAL HOLDINGS", "borrower": "ARMM ASSETS 2 LLC", "parent_brand": "Non-Institutional / Other", "matched_address": "824 ENGLISH DR, AUBREY, TX, 76227"}}, {"type": "Feature", "geometry": {"type": "Point", "coordinates": [-98.162042586068, 29.655360996863]}, "properties": {"state": "TX", "county": "Comal", "city": "NEW BRAUNFELS", "zip": "78132", "address": "3931 TURTLE CRK", "parcelid": "35-0541-0201-00", "loan_type": "Commercial", "date": "2024-11-14", "amount": 434010000.0, "lender": "MORGAN STANLEY MORTGAGE CAPITAL HOL", "borrower": "ARMM ASSETS 2 LLC", "parent_brand": "Non-Institutional / Other", "matched_address": "3931 TURTLE CREEK, NEW BRAUNFELS, TX, 78132"}}, {"type": "Feature", "geometry": {"type": "Point", "coordinates": [-98.213385085547, 29.474007036521]}, "properties": {"state": "TX", "county": "Bexar", "city": "SAINT HEDWIG", "zip": "78152", "address": "5010 DAWN BREAK", "parcelid": "05193-912-0030", "loan_type": "Commercial", "date": "2024-11-14", "amount": 434010000.0, "lender": "MORGAN STANLEY MORTGAGE CAPITAL HOL", "borrower": "ARMM ASSETS 2 LLC", "parent_brand": "Non-Institutional / Other", "matched_address": "5010 DAWN BREAK, SAINT HEDWIG, TX, 78152"}}, {"type": "Feature", "geometry": {"type": "Point", "coordinates": [-97.368640730601, 32.920134073888]}, "properties": {"state": "TX", "county": "Tarrant", "city": "FORT WORTH", "zip": "76131", "address": "10436 ARANSAS DR", "parcelid": "14563F-3-28", "loan_type": "Commercial", "date": "2024-11-14", "amount": 434010000.0, "lender": "MORGAN STANLEY MORTGAGE CAPITAL HOL", "borrower": "ARMM ASSETS 2 LLC", "parent_brand": "Non-Institutional / Other", "matched_address": "10436 ARANSAS DR, FORT WORTH, TX, 76131"}}, {"type": "Feature", "geometry": {"type": "Point", "coordinates": [-98.716867024334, 29.408364642027]}, "properties": {"state": "TX", "county": "Bexar", "city": "SAN ANTONIO", "zip": "78245", "address": "11318 DODSON TRL", "parcelid": "04335-111-0090", "loan_type": "Commercial", "date": "2024-11-14", "amount": 434010000.0, "lender": "MORGAN STANLEY MORTGAGE CAPITAL HOL", "borrower": "ARMM ASSETS 2 LLC", "parent_brand": "Non-Institutional / Other", "matched_address": "11318 DODSON TRL, SAN ANTONIO, TX, 78245"}}, {"type": "Feature", "geometry": {"type": "Point", "coordinates": [-97.099747383816, 32.652758697015]}, "properties": {"state": "TX", "county": "Tarrant", "city": "ARLINGTON", "zip": "76018", "address": "725 CLARIDGE DR", "parcelid": "945-6-12R", "loan_type": "Commercial", "date": "2024-11-14", "amount": 434010000.0, "lender": "MORGAN STANLEY MORTGAGE CAPITAL HOL", "borrower": "ARMM ASSETS 2 LLC", "parent_brand": "Non-Institutional / Other", "matched_address": "725 CLARIDGE DR, ARLINGTON, TX, 76018"}}, {"type": "Feature", "geometry": {"type": "Point", "coordinates": [-97.364490236625, 32.631924904906]}, "properties": {"state": "TX", "county": "Tarrant", "city": "FORT WORTH", "zip": "76123", "address": "3009 CLOVERMEADOW DR", "parcelid": "25405-11-15R1", "loan_type": "Commercial", "date": "2024-11-14", "amount": 434010000.0, "lender": "MORGAN STANLEY MORTGAGE CAPITAL HOL", "borrower": "ARMM ASSETS 2 LLC", "parent_brand": "Non-Institutional / Other", "matched_address": "3009 CLOVERMEADOW DR, FORT WORTH, TX, 76123"}}, {"type": "Feature", "geometry": {"type": "Point", "coordinates": [-97.367288461628, 32.580603883909]}, "properties": {"state": "TX", "county": "Tarrant", "city": "CROWLEY", "zip": "76036", "address": "212 ARNOLD ST", "parcelid": "38705-1-8R", "loan_type": "Commercial", "date": "2024-11-14", "amount": 434010000.0, "lender": "MORGAN STANLEY MORTGAGE CAPITAL HOL", "borrower": "ARMM ASSETS 2 LLC", "parent_brand": "Non-Institutional / Other", "matched_address": "212 ARNOLD ST, CROWLEY, TX, 76036"}}, {"type": "Feature", "geometry": {"type": "Point", "coordinates": [-97.395312816888, 32.859700797955]}, "properties": {"state": "TX", "county": "Tarrant", "city": "FORT WORTH", "zip": "76179", "address": "6816 MEADOW WAY LN", "parcelid": "31682-21-5", "loan_type": "Commercial", "date": "2024-11-14", "amount": 434010000.0, "lender": "MORGAN STANLEY MORTGAGE CAPITAL HOL", "borrower": "ARMM ASSETS 2 LLC", "parent_brand": "Non-Institutional / Other", "matched_address": "6816 MEADOW WAY LN, FORT WORTH, TX, 76179"}}, {"type": "Feature", "geometry": {"type": "Point", "coordinates": [-98.334892022444, 29.467356162596]}, "properties": {"state": "TX", "county": "Bexar", "city": "CONVERSE", "zip": "78109", "address": "7811 REDSTONE MNR", "parcelid": "05080-891-0800", "loan_type": "Commercial", "date": "2024-11-14", "amount": 434010000.0, "lender": "MORGAN STANLEY MORTGAGE CAPITAL HOL", "borrower": "ARMM ASSETS 2 LLC", "parent_brand": "Non-Institutional / Other", "matched_address": "7811 REDSTONE MANOR, CONVERSE, TX, 78109"}}, {"type": "Feature", "geometry": {"type": "Point", "coordinates": [-98.368397538915, 29.498909277823]}, "properties": {"state": "TX", "county": "Bexar", "city": "SAN ANTONIO", "zip": "78218", "address": "7442 PRIMROSE POST", "parcelid": "17738-037-0190", "loan_type": "Commercial", "date": "2024-11-14", "amount": 434010000.0, "lender": "MORGAN STANLEY MORTGAGE CAPITAL HOL", "borrower": "ARMM ASSETS 2 LLC", "parent_brand": "Non-Institutional / Other", "matched_address": "7442 PRIMROSE POST, SAN ANTONIO, TX, 78218"}}, {"type": "Feature", "geometry": {"type": "Point", "coordinates": [-97.28077247939, 32.864847072974]}, "properties": {"state": "TX", "county": "Tarrant", "city": "FORT WORTH", "zip": "76137", "address": "6904 BLACK WING DR", "parcelid": "20809-4-8", "loan_type": "Commercial", "date": "2024-11-14", "amount": 434010000.0, "lender": "MORGAN STANLEY MORTGAGE CAPITAL HOL", "borrower": "ARMM ASSETS 2 LLC", "parent_brand": "Non-Institutional / Other", "matched_address": "6904 BLACK WING DR, FORT WORTH, TX, 76137"}}, {"type": "Feature", "geometry": {"type": "Point", "coordinates": [-97.365014080406, 32.621533144956]}, "properties": {"state": "TX", "county": "Tarrant", "city": "FORT WORTH", "zip": "76123", "address": "8332 CLOVERGLEN LN", "parcelid": "39607-6-21", "loan_type": "Commercial", "date": "2024-11-14", "amount": 434010000.0, "lender": "MORGAN STANLEY MORTGAGE CAPITAL HOL", "borrower": "ARMM ASSETS 2 LLC", "parent_brand": "Non-Institutional / Other", "matched_address": "8332 CLOVERGLEN LN, FORT WORTH, TX, 76123"}}, {"type": "Feature", "geometry": {"type": "Point", "coordinates": [-95.430272265732, 30.219965494224]}, "properties": {"state": "TX", "county": "Montgomery", "city": "CONROE", "zip": "77385", "address": "16738 N BLUE JAY DR", "parcelid": "5330-06-07700", "loan_type": "Commercial", "date": "2024-11-14", "amount": 434010000.0, "lender": "MORGAN STANLEY MORTGAGE CAPITAL HOL", "borrower": "ARMM ASSETS 2 LLC", "parent_brand": "Non-Institutional / Other", "matched_address": "16738 BLUE JAY, CONROE, TX, 77385"}}, {"type": "Feature", "geometry": {"type": "Point", "coordinates": [-97.515502769674, 32.753221512996]}, "properties": {"state": "TX", "county": "Tarrant", "city": "FORT WORTH", "zip": "76108", "address": "10917 IVES ST", "parcelid": "7087-09-11 00:00:00", "loan_type": "Commercial", "date": "2024-11-14", "amount": 434010000.0, "lender": "MORGAN STANLEY MORTGAGE CAPITAL HOL", "borrower": "ARMM ASSETS 2 LLC", "parent_brand": "Non-Institutional / Other", "matched_address": "10917 IVES ST, FORT WORTH, TX, 76108"}}, {"type": "Feature", "geometry": {"type": "Point", "coordinates": [-97.381233387361, 32.61540326275]}, "properties": {"state": "TX", "county": "Tarrant", "city": "FORT WORTH", "zip": "76123", "address": "8705 HUNTERS TRL", "parcelid": "14678E-7-38", "loan_type": "Commercial", "date": "2024-11-14", "amount": 434010000.0, "lender": "MORGAN STANLEY MORTGAGE CAPITAL HOL", "borrower": "ARMM ASSETS 2 LLC", "parent_brand": "Non-Institutional / Other", "matched_address": "8705 HUNTERS TRL, FORT WORTH, TX, 76123"}}, {"type": "Feature", "geometry": {"type": "Point", "coordinates": [-97.153703742633, 32.67182510473]}, "properties": {"state": "TX", "county": "Tarrant", "city": "ARLINGTON", "zip": "76017", "address": "2710 PARTRIDGE AVE", "parcelid": "33250-2-25", "loan_type": "Commercial", "date": "2024-11-14", "amount": 434010000.0, "lender": "MORGAN STANLEY MORTGAGE CAPITAL HOL", "borrower": "ARMM ASSETS 2 LLC", "parent_brand": "Non-Institutional / Other", "matched_address": "2710 PARTRIDGE AVE, ARLINGTON, TX, 76017"}}, {"type": "Feature", "geometry": {"type": "Point", "coordinates": [-98.348822963255, 29.575029189464]}, "properties": {"state": "TX", "county": "Bexar", "city": "SAN ANTONIO", "zip": "78233", "address": "7135 ELUSIVE PASS", "parcelid": "16587-015-0380", "loan_type": "Commercial", "date": "2024-11-14", "amount": 434010000.0, "lender": "MORGAN STANLEY MORTGAGE CAPITAL HOL", "borrower": "ARMM ASSETS 2 LLC", "parent_brand": "Non-Institutional / Other", "matched_address": "7135 ELUSIVE PASS, SAN ANTONIO, TX, 78233"}}, {"type": "Feature", "geometry": {"type": "Point", "coordinates": [-97.280944645172, 32.98102322221]}, "properties": {"state": "TX", "county": "Tarrant", "city": "ROANOKE", "zip": "76262", "address": "13769 CANYON RANCH RD", "parcelid": "24317J-6-28", "loan_type": "Commercial", "date": "2024-11-14", "amount": 434010000.0, "lender": "MORGAN STANLEY MORTGAGE CAPITAL HOL", "borrower": "ARMM ASSETS 2 LLC", "parent_brand": "Non-Institutional / Other", "matched_address": "13769 CANYON RANCH RD, ROANOKE, TX, 76262"}}, {"type": "Feature", "geometry": {"type": "Point", "coordinates": [-95.294363080567, 30.132214388826]}, "properties": {"state": "TX", "county": "Montgomery", "city": "PORTER", "zip": "77365", "address": "18442 HOLLOW OAKS CIR", "parcelid": "3615-00-29900", "loan_type": "Commercial", "date": "2024-11-14", "amount": 434010000.0, "lender": "MORGAN STANLEY MORTGAGE CAPITAL HOL", "borrower": "ARMM ASSETS 2 LLC", "parent_brand": "Non-Institutional / Other", "matched_address": "18442 HOLLOW OAKS CIR, PORTER, TX, 77365"}}, {"type": "Feature", "geometry": {"type": "Point", "coordinates": [-97.372382196177, 32.984966363725]}, "properties": {"state": "TX", "county": "Tarrant", "city": "HASLET", "zip": "76052", "address": "641 ROSARIO LN", "parcelid": "37880B-64-15", "loan_type": "Commercial", "date": "2024-11-14", "amount": 434010000.0, "lender": "MORGAN STANLEY MORTGAGE CAPITAL HOL", "borrower": "ARMM ASSETS 2 LLC", "parent_brand": "Non-Institutional / Other", "matched_address": "641 ROSARIO LN, HASLET, TX, 76052"}}, {"type": "Feature", "geometry": {"type": "Point", "coordinates": [-97.125316423915, 32.669714361821]}, "properties": {"state": "TX", "county": "Tarrant", "city": "ARLINGTON", "zip": "76017", "address": "4710 GREEN HOLLOW DR", "parcelid": "25420-3-6", "loan_type": "Commercial", "date": "2024-11-14", "amount": 434010000.0, "lender": "MORGAN STANLEY MORTGAGE CAPITAL HOL", "borrower": "ARMM ASSETS 2 LLC", "parent_brand": "Non-Institutional / Other", "matched_address": "4710 GREEN HOLLOW DR, ARLINGTON, TX, 76017"}}, {"type": "Feature", "geometry": {"type": "Point", "coordinates": [-98.319069814954, 29.491029456503]}, "properties": {"state": "TX", "county": "Bexar", "city": "CONVERSE", "zip": "78109", "address": "6839 FLAMING RIDGE DR", "parcelid": "05080-703-0110", "loan_type": "Commercial", "date": "2024-11-14", "amount": 434010000.0, "lender": "MORGAN STANLEY MORTGAGE CAPITAL HOL", "borrower": "ARMM ASSETS 2 LLC", "parent_brand": "Non-Institutional / Other", "matched_address": "6839 FLAMING RIDGE, CONVERSE, TX, 78109"}}, {"type": "Feature", "geometry": {"type": "Point", "coordinates": [-98.352581731588, 29.473404038434]}, "properties": {"state": "TX", "county": "Bexar", "city": "SAN ANTONIO", "zip": "78244", "address": "6818 STILL LK", "parcelid": "05080-507-0120", "loan_type": "Commercial", "date": "2024-11-14", "amount": 434010000.0, "lender": "MORGAN STANLEY MORTGAGE CAPITAL HOL", "borrower": "ARMM ASSETS 2 LLC", "parent_brand": "Non-Institutional / Other", "matched_address": "6818 STILL LAKE DR, SAN ANTONIO, TX, 78244"}}, {"type": "Feature", "geometry": {"type": "Point", "coordinates": [-96.669358843296, 33.083546772376]}, "properties": {"state": "TX", "county": "Collin", "city": "ALLEN", "zip": "75002", "address": "532 HIGHTRAIL DR", "parcelid": "R-1150-004-0030-1", "loan_type": "Commercial", "date": "2024-11-14", "amount": 434010000.0, "lender": "MORGAN STANLEY MORTGAGE CAPITAL HOL", "borrower": "ARMM ASSETS 2 LLC", "parent_brand": "Non-Institutional / Other", "matched_address": "532 HIGHTRAIL DR, ALLEN, TX, 75002"}}, {"type": "Feature", "geometry": {"type": "Point", "coordinates": [-97.343552251099, 32.561388799599]}, "properties": {"state": "TX", "county": "Tarrant", "city": "BURLESON", "zip": "76028", "address": "1212 BEECHWOOD LN", "parcelid": "25587-25-18", "loan_type": "Commercial", "date": "2024-11-14", "amount": 434010000.0, "lender": "MORGAN STANLEY MORTGAGE CAPITAL HOL", "borrower": "ARMM ASSETS 2 LLC", "parent_brand": "Non-Institutional / Other", "matched_address": "1212 BEECHWOOD LN, BURLESON, TX, 76028"}}, {"type": "Feature", "geometry": {"type": "Point", "coordinates": [-98.7087302959, 29.396331693566]}, "properties": {"state": "TX", "county": "Bexar", "city": "SAN ANTONIO", "zip": "78245", "address": "10938 WESTERN CACTUS", "parcelid": "05197-711-0100", "loan_type": "Commercial", "date": "2024-11-14", "amount": 434010000.0, "lender": "MORGAN STANLEY MORTGAGE CAPITAL HOL", "borrower": "ARMM ASSETS 2 LLC", "parent_brand": "Non-Institutional / Other", "matched_address": "10938 WESTERN CACTUS, SAN ANTONIO, TX, 78245"}}, {"type": "Feature", "geometry": {"type": "Point", "coordinates": [-98.72817673498, 29.525553469326]}, "properties": {"state": "TX", "county": "Bexar", "city": "SAN ANTONIO", "zip": "78254", "address": "11910 FIELDCREST RUN", "parcelid": "04450-121-0150", "loan_type": "Commercial", "date": "2024-11-14", "amount": 434010000.0, "lender": "MORGAN STANLEY MORTGAGE CAPITAL HOL", "borrower": "ARMM ASSETS 2 LLC", "parent_brand": "Non-Institutional / Other", "matched_address": "11910 FIELD CREST RUN, SAN ANTONIO, TX, 78254"}}, {"type": "Feature", "geometry": {"type": "Point", "coordinates": [-95.427707752621, 30.218699696323]}, "properties": {"state": "TX", "county": "Montgomery", "city": "CONROE", "zip": "77385", "address": "16782 N THRASHER DR", "parcelid": "5330-04-30500", "loan_type": "Commercial", "date": "2024-11-14", "amount": 434010000.0, "lender": "MORGAN STANLEY MORTGAGE CAPITAL HOL", "borrower": "ARMM ASSETS 2 LLC", "parent_brand": "Non-Institutional / Other", "matched_address": "16782 N THRASHER DR, CONROE, TX, 77385"}}, {"type": "Feature", "geometry": {"type": "Point", "coordinates": [-98.696030368725, 29.420755594482]}, "properties": {"state": "TX", "county": "Bexar", "city": "SAN ANTONIO", "zip": "78245", "address": "1210 PRAIRIE GRASS", "parcelid": "05197-174-0010", "loan_type": "Commercial", "date": "2024-11-14", "amount": 434010000.0, "lender": "MORGAN STANLEY MORTGAGE CAPITAL HOL", "borrower": "ARMM ASSETS 2 LLC", "parent_brand": "Non-Institutional / Other", "matched_address": "1210 PRAIRIE GRASS, SAN ANTONIO, TX, 78245"}}, {"type": "Feature", "geometry": {"type": "Point", "coordinates": [-98.28350367503, 29.500850431245]}, "properties": {"state": "TX", "county": "Bexar", "city": "CONVERSE", "zip": "78109", "address": "10323 RED IRON CRK", "parcelid": "05064-505-0070", "loan_type": "Commercial", "date": "2024-11-14", "amount": 434010000.0, "lender": "MORGAN STANLEY MORTGAGE CAPITAL HOL", "borrower": "ARMM ASSETS 2 LLC", "parent_brand": "Non-Institutional / Other", "matched_address": "10323 RED IRON CREEK, CONVERSE, TX, 78109"}}, {"type": "Feature", "geometry": {"type": "Point", "coordinates": [-95.282906699019, 30.136612387951]}, "properties": {"state": "TX", "county": "Montgomery", "city": "PORTER", "zip": "77365", "address": "21625 HACKAMORE CT", "parcelid": "3604-03-02200", "loan_type": "Commercial", "date": "2024-11-14", "amount": 434010000.0, "lender": "MORGAN STANLEY MORTGAGE CAPITAL HOL", "borrower": "ARMM ASSETS 2 LLC", "parent_brand": "Non-Institutional / Other", "matched_address": "21625 HACKAMORE CT, PORTER, TX, 77365"}}, {"type": "Feature", "geometry": {"type": "Point", "coordinates": [-97.400702237552, 32.88465489313]}, "properties": {"state": "TX", "county": "Tarrant", "city": "FORT WORTH", "zip": "76179", "address": "5020 CARAWAY DR", "parcelid": "40679853", "loan_type": "Commercial", "date": "2024-11-14", "amount": 434010000.0, "lender": "MORGAN STANLEY MORTGAGE CAPITAL HOL", "borrower": "ARMM ASSETS 2 LLC", "parent_brand": "Non-Institutional / Other", "matched_address": "5020 CARAWAY DR, FORT WORTH, TX, 76179"}}, {"type": "Feature", "geometry": {"type": "Point", "coordinates": [-97.064102438824, 33.015021754853]}, "properties": {"state": "TX", "county": "Denton", "city": "FLOWER MOUND", "zip": "75028", "address": "2129 CARRINGTON AVE", "parcelid": "R115367", "loan_type": "Commercial", "date": "2024-11-14", "amount": 434010000.0, "lender": "MORGAN STANLEY MORTGAGE CAPITAL HOLDINGS", "borrower": "ARMM ASSETS 2 LLC", "parent_brand": "Non-Institutional / Other", "matched_address": "2129 CARRINGTON AVE, FLOWER MOUND, TX, 75028"}}, {"type": "Feature", "geometry": {"type": "Point", "coordinates": [-97.172799161605, 32.679072123488]}, "properties": {"state": "TX", "county": "Tarrant", "city": "ARLINGTON", "zip": "76016", "address": "4217 VIDALIA DR", "parcelid": "42105-1-15", "loan_type": "Commercial", "date": "2024-11-14", "amount": 434010000.0, "lender": "MORGAN STANLEY MORTGAGE CAPITAL HOL", "borrower": "ARMM ASSETS 2 LLC", "parent_brand": "Non-Institutional / Other", "matched_address": "4217 VIDALIA DR, ARLINGTON, TX, 76016"}}, {"type": "Feature", "geometry": {"type": "Point", "coordinates": [-98.712733855772, 29.512561854572]}, "properties": {"state": "TX", "county": "Bexar", "city": "SAN ANTONIO", "zip": "78254", "address": "11214 SIERRA TRL", "parcelid": "04449-365-0360", "loan_type": "Commercial", "date": "2024-11-14", "amount": 434010000.0, "lender": "MORGAN STANLEY MORTGAGE CAPITAL HOL", "borrower": "ARMM ASSETS 2 LLC", "parent_brand": "Non-Institutional / Other", "matched_address": "11214 SIERRA TRL, SAN ANTONIO, TX, 78254"}}, {"type": "Feature", "geometry": {"type": "Point", "coordinates": [-97.342079963955, 32.633109018196]}, "properties": {"state": "TX", "county": "Tarrant", "city": "FORT WORTH", "zip": "76134", "address": "1513 WILLOW PARK DR", "parcelid": "47149-13-9", "loan_type": "Commercial", "date": "2024-11-14", "amount": 434010000.0, "lender": "MORGAN STANLEY MORTGAGE CAPITAL HOL", "borrower": "ARMM ASSETS 2 LLC", "parent_brand": "Non-Institutional / Other", "matched_address": "1513 WILLOW PARK DR, FORT WORTH, TX, 76134"}}, {"type": "Feature", "geometry": {"type": "Point", "coordinates": [-97.423729644219, 32.850194986286]}, "properties": {"state": "TX", "county": "Tarrant", "city": "FORT WORTH", "zip": "76179", "address": "6356 STONE LAKE CT", "parcelid": "40453L-15-13", "loan_type": "Commercial", "date": "2024-11-14", "amount": 434010000.0, "lender": "MORGAN STANLEY MORTGAGE CAPITAL HOL", "borrower": "ARMM ASSETS 2 LLC", "parent_brand": "Non-Institutional / Other", "matched_address": "6356 STONE LAKE CT, FORT WORTH, TX, 76179"}}, {"type": "Feature", "geometry": {"type": "Point", "coordinates": [-97.36120874537, 32.631160079251]}, "properties": {"state": "TX", "county": "Tarrant", "city": "FORT WORTH", "zip": "76123", "address": "2716 CLOVERMEADOW DR", "parcelid": "25405-30-52", "loan_type": "Commercial", "date": "2024-11-14", "amount": 434010000.0, "lender": "MORGAN STANLEY MORTGAGE CAPITAL HOL", "borrower": "ARMM ASSETS 2 LLC", "parent_brand": "Non-Institutional / Other", "matched_address": "2716 CLOVERMEADOW DR, FORT WORTH, TX, 76123"}}, {"type": "Feature", "geometry": {"type": "Point", "coordinates": [-97.339222673226, 32.587260016407]}, "properties": {"state": "TX", "county": "Tarrant", "city": "CROWLEY", "zip": "76036", "address": "748 HUTCHINS DR", "parcelid": "8674-U-8", "loan_type": "Commercial", "date": "2024-11-14", "amount": 434010000.0, "lender": "MORGAN STANLEY MORTGAGE CAPITAL HOL", "borrower": "ARMM ASSETS 2 LLC", "parent_brand": "Non-Institutional / Other", "matched_address": "748 HUTCHINS DR, CROWLEY, TX, 76036"}}, {"type": "Feature", "geometry": {"type": "Point", "coordinates": [-97.362564089309, 32.628399746858]}, "properties": {"state": "TX", "county": "Tarrant", "city": "FORT WORTH", "zip": "76123", "address": "2732 COUNTRY CREEK LN", "parcelid": "25405-36-68", "loan_type": "Commercial", "date": "2024-11-14", "amount": 434010000.0, "lender": "MORGAN STANLEY MORTGAGE CAPITAL HOL", "borrower": "ARMM ASSETS 2 LLC", "parent_brand": "Non-Institutional / Other", "matched_address": "2732 COUNTRY CREEK LN, FORT WORTH, TX, 76123"}}, {"type": "Feature", "geometry": {"type": "Point", "coordinates": [-97.300286416832, 32.605380021629]}, "properties": {"state": "TX", "county": "Tarrant", "city": "FORT WORTH", "zip": "76140", "address": "1104 MCKAVETT DR", "parcelid": "26255B-3-2", "loan_type": "Commercial", "date": "2024-11-14", "amount": 434010000.0, "lender": "MORGAN STANLEY MORTGAGE CAPITAL HOL", "borrower": "ARMM ASSETS 2 LLC", "parent_brand": "Non-Institutional / Other", "matched_address": "1104 MCKAVET DR, FORT WORTH, TX, 76140"}}, {"type": "Feature", "geometry": {"type": "Point", "coordinates": [-95.431800404066, 30.216991632366]}, "properties": {"state": "TX", "county": "Montgomery", "city": "CONROE", "zip": "77385", "address": "16700 FOURSQUARE DR", "parcelid": "7208-02-06000", "loan_type": "Commercial", "date": "2024-11-14", "amount": 434010000.0, "lender": "MORGAN STANLEY MORTGAGE CAPITAL HOL", "borrower": "ARMM ASSETS 2 LLC", "parent_brand": "Non-Institutional / Other", "matched_address": "16700 FOURSQUARE DR, CONROE, TX, 77385"}}, {"type": "Feature", "geometry": {"type": "Point", "coordinates": [-97.409408511415, 32.832216228889]}, "properties": {"state": "TX", "county": "Tarrant", "city": "FORT WORTH", "zip": "76135", "address": "5712 AINSDALE DR", "parcelid": "24812C-20-14", "loan_type": "Commercial", "date": "2024-11-14", "amount": 434010000.0, "lender": "MORGAN STANLEY MORTGAGE CAPITAL HOL", "borrower": "ARMM ASSETS 2 LLC", "parent_brand": "Non-Institutional / Other", "matched_address": "5712 AINSDALE DR, FORT WORTH, TX, 76135"}}, {"type": "Feature", "geometry": {"type": "Point", "coordinates": [-97.384202498673, 32.618550324559]}, "properties": {"state": "TX", "county": "Tarrant", "city": "FORT WORTH", "zip": "76123", "address": "4212 N CORAL SPRINGS DR", "parcelid": "15051J-5-17", "loan_type": "Commercial", "date": "2024-11-14", "amount": 434010000.0, "lender": "MORGAN STANLEY MORTGAGE CAPITAL HOL", "borrower": "ARMM ASSETS 2 LLC", "parent_brand": "Non-Institutional / Other", "matched_address": "4212 N CORAL SPRINGS DR, FORT WORTH, TX, 76123"}}, {"type": "Feature", "geometry": {"type": "Point", "coordinates": [-97.408223216869, 32.85781219281]}, "properties": {"state": "TX", "county": "Tarrant", "city": "FORT WORTH", "zip": "76179", "address": "5824 HEATHERGLEN TER", "parcelid": "24813-9-4", "loan_type": "Commercial", "date": "2024-11-14", "amount": 434010000.0, "lender": "MORGAN STANLEY MORTGAGE CAPITAL HOL", "borrower": "ARMM ASSETS 2 LLC", "parent_brand": "Non-Institutional / Other", "matched_address": "5824 HEATHERGLEN TER, FORT WORTH, TX, 76179"}}, {"type": "Feature", "geometry": {"type": "Point", "coordinates": [-97.348380148335, 32.569367041449]}, "properties": {"state": "TX", "county": "Tarrant", "city": "CROWLEY", "zip": "76036", "address": "226 ADAMS DR", "parcelid": "25813-4-32", "loan_type": "Commercial", "date": "2024-11-14", "amount": 434010000.0, "lender": "MORGAN STANLEY MORTGAGE CAPITAL HOL", "borrower": "ARMM ASSETS 2 LLC", "parent_brand": "Non-Institutional / Other", "matched_address": "226 ADAMS DR, CROWLEY, TX, 76036"}}, {"type": "Feature", "geometry": {"type": "Point", "coordinates": [-96.897399219178, 33.096549694239]}, "properties": {"state": "TX", "county": "Denton", "city": "THE COLONY", "zip": "75056", "address": "6861 YOUNGER DR", "parcelid": "R11109", "loan_type": "Commercial", "date": "2024-11-14", "amount": 434010000.0, "lender": "MORGAN STANLEY MORTGAGE CAPITAL HOLDINGS", "borrower": "ARMM ASSETS 2 LLC", "parent_brand": "Non-Institutional / Other", "matched_address": "6861 YOUNGER DR, THE COLONY, TX, 75056"}}, {"type": "Feature", "geometry": {"type": "Point", "coordinates": [-96.668263597065, 33.01783453399]}, "properties": {"state": "TX", "county": "Collin", "city": "PLANO", "zip": "75074", "address": "1400 COTILLION DR", "parcelid": "R-0464-006-0010-1", "loan_type": "Commercial", "date": "2024-11-14", "amount": 434010000.0, "lender": "MORGAN STANLEY MORTGAGE CAPITAL HOL", "borrower": "ARMM ASSETS 2 LLC", "parent_brand": "Non-Institutional / Other", "matched_address": "1400 COTILLION DR, PLANO, TX, 75074"}}, {"type": "Feature", "geometry": {"type": "Point", "coordinates": [-95.571772464393, 30.23101304747]}, "properties": {"state": "TX", "county": "Montgomery", "city": "MAGNOLIA", "zip": "77354", "address": "727 LEVI BND", "parcelid": "4066-00-06000", "loan_type": "Commercial", "date": "2024-11-14", "amount": 434010000.0, "lender": "MORGAN STANLEY MORTGAGE CAPITAL HOL", "borrower": "ARMM ASSETS 2 LLC", "parent_brand": "Non-Institutional / Other", "matched_address": "727 LEVI BEND DR, MAGNOLIA, TX, 77354"}}, {"type": "Feature", "geometry": {"type": "Point", "coordinates": [-95.606375526429, 30.179755228443]}, "properties": {"state": "TX", "county": "Montgomery", "city": "MAGNOLIA", "zip": "77354", "address": "28918 HIDDEN LAKE CT", "parcelid": "5804-02-11100", "loan_type": "Commercial", "date": "2024-11-14", "amount": 434010000.0, "lender": "MORGAN STANLEY MORTGAGE CAPITAL HOL", "borrower": "ARMM ASSETS 2 LLC", "parent_brand": "Non-Institutional / Other", "matched_address": "28918 HIDDEN LAKE W, MAGNOLIA, TX, 77354"}}, {"type": "Feature", "geometry": {"type": "Point", "coordinates": [-98.68384480038, 29.39379365113]}, "properties": {"state": "TX", "county": "Bexar", "city": "SAN ANTONIO", "zip": "78245", "address": "9903 AMBER BREEZE", "parcelid": "04332-656-0270", "loan_type": "Commercial", "date": "2024-11-14", "amount": 434010000.0, "lender": "MORGAN STANLEY MORTGAGE CAPITAL HOL", "borrower": "ARMM ASSETS 2 LLC", "parent_brand": "Non-Institutional / Other", "matched_address": "9903 AMBER BREEZE, SAN ANTONIO, TX, 78245"}}, {"type": "Feature", "geometry": {"type": "Point", "coordinates": [-97.385293855105, 32.609083675875]}, "properties": {"state": "TX", "county": "Tarrant", "city": "FORT WORTH", "zip": "76123", "address": "9220 CHESWICK DR", "parcelid": "32926C-26-13", "loan_type": "Commercial", "date": "2024-11-14", "amount": 434010000.0, "lender": "MORGAN STANLEY MORTGAGE CAPITAL HOL", "borrower": "ARMM ASSETS 2 LLC", "parent_brand": "Non-Institutional / Other", "matched_address": "9220 CHESWICK, FORT WORTH, TX, 76123"}}, {"type": "Feature", "geometry": {"type": "Point", "coordinates": [-97.37280305554, 32.923926369213]}, "properties": {"state": "TX", "county": "Tarrant", "city": "FORT WORTH", "zip": "76131", "address": "640 CARAVAN DR", "parcelid": "14563F-1-1", "loan_type": "Commercial", "date": "2024-11-14", "amount": 434010000.0, "lender": "MORGAN STANLEY MORTGAGE CAPITAL HOL", "borrower": "ARMM ASSETS 2 LLC", "parent_brand": "Non-Institutional / Other", "matched_address": "640 CARAVAN DR, FORT WORTH, TX, 76131"}}, {"type": "Feature", "geometry": {"type": "Point", "coordinates": [-98.675046523395, 29.498471571409]}, "properties": {"state": "TX", "county": "Bexar", "city": "SAN ANTONIO", "zip": "78250", "address": "9527 WILDWOOD RDG", "parcelid": "18826-006-0090", "loan_type": "Commercial", "date": "2024-11-14", "amount": 434010000.0, "lender": "MORGAN STANLEY MORTGAGE CAPITAL HOL", "borrower": "ARMM ASSETS 2 LLC", "parent_brand": "Non-Institutional / Other", "matched_address": "9527 WILDWOOD RIDGE, SAN ANTONIO, TX, 78250"}}, {"type": "Feature", "geometry": {"type": "Point", "coordinates": [-97.324610489009, 32.609034844592]}, "properties": {"state": "TX", "county": "Tarrant", "city": "FORT WORTH", "zip": "76140", "address": "10008 IRON RIDGE DR", "parcelid": "9613B-11-3", "loan_type": "Commercial", "date": "2024-11-14", "amount": 434010000.0, "lender": "MORGAN STANLEY MORTGAGE CAPITAL HOL", "borrower": "ARMM ASSETS 2 LLC", "parent_brand": "Non-Institutional / Other", "matched_address": "10008 IRON RIDGE DR, FORT WORTH, TX, 76140"}}, {"type": "Feature", "geometry": {"type": "Point", "coordinates": [-95.33584973555, 30.215554827984]}, "properties": {"state": "TX", "county": "Montgomery", "city": "CONROE", "zip": "77302", "address": "16360 HIDDEN RIVER CT", "parcelid": "9068-00-20300", "loan_type": "Commercial", "date": "2024-11-14", "amount": 434010000.0, "lender": "MORGAN STANLEY MORTGAGE CAPITAL HOL", "borrower": "ARMM ASSETS 2 LLC", "parent_brand": "Non-Institutional / Other", "matched_address": "16360 HIDDEN RIVER CT, CONROE, TX, 77302"}}, {"type": "Feature", "geometry": {"type": "Point", "coordinates": [-97.405753123852, 32.830514340577]}, "properties": {"state": "TX", "county": "Tarrant", "city": "FORT WORTH", "zip": "76135", "address": "5400 LANSDOWNE AVE", "parcelid": "24812C-3-14", "loan_type": "Commercial", "date": "2024-11-14", "amount": 434010000.0, "lender": "MORGAN STANLEY MORTGAGE CAPITAL HOL", "borrower": "ARMM ASSETS 2 LLC", "parent_brand": "Non-Institutional / Other", "matched_address": "5400 LANSDOWNE AVE, FORT WORTH, TX, 76135"}}, {"type": "Feature", "geometry": {"type": "Point", "coordinates": [-98.318680906266, 29.564130407068]}, "properties": {"state": "TX", "county": "Bexar", "city": "UNIVERSAL CITY", "zip": "78148", "address": "8550 COLLINGWOOD", "parcelid": "05047-065-0520", "loan_type": "Commercial", "date": "2024-11-14", "amount": 434010000.0, "lender": "MORGAN STANLEY MORTGAGE CAPITAL HOL", "borrower": "ARMM ASSETS 2 LLC", "parent_brand": "Non-Institutional / Other", "matched_address": "8550 COLLINGWOOD, UNIVERSAL CITY, TX, 78148"}}, {"type": "Feature", "geometry": {"type": "Point", "coordinates": [-98.329541563246, 29.488722836728]}, "properties": {"state": "TX", "county": "Bexar", "city": "CONVERSE", "zip": "78109", "address": "8042 CHESTNUT ASH DR", "parcelid": "05080-713-0690", "loan_type": "Commercial", "date": "2024-11-14", "amount": 434010000.0, "lender": "MORGAN STANLEY MORTGAGE CAPITAL HOL", "borrower": "ARMM ASSETS 2 LLC", "parent_brand": "Non-Institutional / Other", "matched_address": "8042 CHESTNUT ASH DR, CONVERSE, TX, 78109"}}, {"type": "Feature", "geometry": {"type": "Point", "coordinates": [-97.301077862551, 32.876104828031]}, "properties": {"state": "TX", "county": "Tarrant", "city": "FORT WORTH", "zip": "76137", "address": "3805 BIGLEAF LN", "parcelid": "40685-103-21", "loan_type": "Commercial", "date": "2024-11-14", "amount": 434010000.0, "lender": "MORGAN STANLEY MORTGAGE CAPITAL HOL", "borrower": "ARMM ASSETS 2 LLC", "parent_brand": "Non-Institutional / Other", "matched_address": "3805 BIGLEAF LN, FORT WORTH, TX, 76137"}}, {"type": "Feature", "geometry": {"type": "Point", "coordinates": [-98.370784475948, 29.457244093975]}, "properties": {"state": "TX", "county": "Bexar", "city": "SAN ANTONIO", "zip": "78244", "address": "3622 CAMERON SPGS", "parcelid": "05092-816-0300", "loan_type": "Commercial", "date": "2024-11-14", "amount": 434010000.0, "lender": "MORGAN STANLEY MORTGAGE CAPITAL HOL", "borrower": "ARMM ASSETS 2 LLC", "parent_brand": "Non-Institutional / Other", "matched_address": "3622 CAMERON SPRING, SAN ANTONIO, TX, 78244"}}, {"type": "Feature", "geometry": {"type": "Point", "coordinates": [-98.79300197457, 29.426188727823]}, "properties": {"state": "TX", "county": "Bexar", "city": "SAN ANTONIO", "zip": "78253", "address": "551 PERCH MDW", "parcelid": "04375-113-0120", "loan_type": "Commercial", "date": "2024-11-14", "amount": 434010000.0, "lender": "MORGAN STANLEY MORTGAGE CAPITAL HOL", "borrower": "ARMM ASSETS 2 LLC", "parent_brand": "Non-Institutional / Other", "matched_address": "551 PERCH MEADOW, SAN ANTONIO, TX, 78253"}}, {"type": "Feature", "geometry": {"type": "Point", "coordinates": [-97.192816133707, 32.76702898657]}, "properties": {"state": "TX", "county": "Tarrant", "city": "FORT WORTH", "zip": "76120", "address": "7528 ARBOR HILL DR", "parcelid": "799-1-49", "loan_type": "Commercial", "date": "2024-11-14", "amount": 434010000.0, "lender": "MORGAN STANLEY MORTGAGE CAPITAL HOL", "borrower": "ARMM ASSETS 2 LLC", "parent_brand": "Non-Institutional / Other", "matched_address": "7528 ARBOR HILL DR, FORT WORTH, TX, 76120"}}, {"type": "Feature", "geometry": {"type": "Point", "coordinates": [-98.720608051103, 29.438378809105]}, "properties": {"state": "TX", "county": "Bexar", "city": "SAN ANTONIO", "zip": "78253", "address": "11515 LANDS POND", "parcelid": "04361-108-0210", "loan_type": "Commercial", "date": "2024-11-14", "amount": 434010000.0, "lender": "MORGAN STANLEY MORTGAGE CAPITAL HOL", "borrower": "ARMM ASSETS 2 LLC", "parent_brand": "Non-Institutional / Other", "matched_address": "11515 LANDS POND, SAN ANTONIO, TX, 78253"}}, {"type": "Feature", "geometry": {"type": "Point", "coordinates": [-98.681430760678, 29.394142040019]}, "properties": {"state": "TX", "county": "Bexar", "city": "SAN ANTONIO", "zip": "78245", "address": "9714 AMBER BREEZE", "parcelid": "04332-657-0100", "loan_type": "Commercial", "date": "2024-11-14", "amount": 434010000.0, "lender": "MORGAN STANLEY MORTGAGE CAPITAL HOL", "borrower": "ARMM ASSETS 2 LLC", "parent_brand": "Non-Institutional / Other", "matched_address": "9714 AMBER BREEZE, SAN ANTONIO, TX, 78245"}}, {"type": "Feature", "geometry": {"type": "Point", "coordinates": [-98.667145520456, 29.415733279742]}, "properties": {"state": "TX", "county": "Bexar", "city": "SAN ANTONIO", "zip": "78245", "address": "9223 EVERTON", "parcelid": "18159-036-0330", "loan_type": "Commercial", "date": "2024-11-14", "amount": 434010000.0, "lender": "MORGAN STANLEY MORTGAGE CAPITAL HOL", "borrower": "ARMM ASSETS 2 LLC", "parent_brand": "Non-Institutional / Other", "matched_address": "9223 EVERTON, SAN ANTONIO, TX, 78245"}}, {"type": "Feature", "geometry": {"type": "Point", "coordinates": [-97.251496143564, 32.886249558118]}, "properties": {"state": "TX", "county": "Tarrant", "city": "WATAUGA", "zip": "76148", "address": "6329 N PARK DR", "parcelid": "33224-8-8", "loan_type": "Commercial", "date": "2024-11-14", "amount": 434010000.0, "lender": "MORGAN STANLEY MORTGAGE CAPITAL HOL", "borrower": "ARMM ASSETS 2 LLC", "parent_brand": "Non-Institutional / Other", "matched_address": "6329 N PARK DR, WATAUGA, TX, 76148"}}, {"type": "Feature", "geometry": {"type": "Point", "coordinates": [-98.364637103496, 29.579511569456]}, "properties": {"state": "TX", "county": "Bexar", "city": "SAN ANTONIO", "zip": "78233", "address": "6519 SPANISH EARTH", "parcelid": "17792-001-0600", "loan_type": "Commercial", "date": "2024-11-14", "amount": 434010000.0, "lender": "MORGAN STANLEY MORTGAGE CAPITAL HOL", "borrower": "ARMM ASSETS 2 LLC", "parent_brand": "Non-Institutional / Other", "matched_address": "6519 SPANISH EARTH, SAN ANTONIO, TX, 78233"}}, {"type": "Feature", "geometry": {"type": "Point", "coordinates": [-98.327773615567, 29.496885028801]}, "properties": {"state": "TX", "county": "Bexar", "city": "SAN ANTONIO", "zip": "78244", "address": "8111 SELDON TRL", "parcelid": "05080-624-0600", "loan_type": "Commercial", "date": "2024-11-14", "amount": 434010000.0, "lender": "MORGAN STANLEY MORTGAGE CAPITAL HOL", "borrower": "ARMM ASSETS 2 LLC", "parent_brand": "Non-Institutional / Other", "matched_address": "8111 SELDON TRL, SAN ANTONIO, TX, 78244"}}, {"type": "Feature", "geometry": {"type": "Point", "coordinates": [-98.733311609535, 29.499359919954]}, "properties": {"state": "TX", "county": "Bexar", "city": "SAN ANTONIO", "zip": "78253", "address": "12151 KARNES WAY", "parcelid": "04411-311-0480", "loan_type": "Commercial", "date": "2024-11-14", "amount": 434010000.0, "lender": "MORGAN STANLEY MORTGAGE CAPITAL HOL", "borrower": "ARMM ASSETS 2 LLC", "parent_brand": "Non-Institutional / Other", "matched_address": "12151 KARNES WAY, SAN ANTONIO, TX, 78253"}}, {"type": "Feature", "geometry": {"type": "Point", "coordinates": [-98.657804198712, 29.509365659009]}, "properties": {"state": "TX", "county": "Bexar", "city": "SAN ANTONIO", "zip": "78250", "address": "8823 BOISE HILLS DR", "parcelid": "18537-002-0330", "loan_type": "Commercial", "date": "2024-11-14", "amount": 434010000.0, "lender": "MORGAN STANLEY MORTGAGE CAPITAL HOL", "borrower": "ARMM ASSETS 2 LLC", "parent_brand": "Non-Institutional / Other", "matched_address": "8823 BOISE HILLS DR, SAN ANTONIO, TX, 78250"}}, {"type": "Feature", "geometry": {"type": "Point", "coordinates": [-98.68421616799, 29.396855192154]}, "properties": {"state": "TX", "county": "Bexar", "city": "SAN ANTONIO", "zip": "78245", "address": "3430 COPPER RIM", "parcelid": "04332-614-0350", "loan_type": "Commercial", "date": "2024-11-14", "amount": 434010000.0, "lender": "MORGAN STANLEY MORTGAGE CAPITAL HOL", "borrower": "ARMM ASSETS 2 LLC", "parent_brand": "Non-Institutional / Other", "matched_address": "3430 COPPER RIM, SAN ANTONIO, TX, 78245"}}, {"type": "Feature", "geometry": {"type": "Point", "coordinates": [-98.710084079138, 29.525969880131]}, "properties": {"state": "TX", "county": "Bexar", "city": "SAN ANTONIO", "zip": "78254", "address": "11019 DUBLIN BRIAR", "parcelid": "04450-503-0180", "loan_type": "Commercial", "date": "2024-11-14", "amount": 434010000.0, "lender": "MORGAN STANLEY MORTGAGE CAPITAL HOL", "borrower": "ARMM ASSETS 2 LLC", "parent_brand": "Non-Institutional / Other", "matched_address": "11019 DUBLIN BRIAR, SAN ANTONIO, TX, 78254"}}, {"type": "Feature", "geometry": {"type": "Point", "coordinates": [-98.687814383235, 29.407634925004]}, "properties": {"state": "TX", "county": "Bexar", "city": "SAN ANTONIO", "zip": "78245", "address": "2402 SUNVIEW LK", "parcelid": "04332-187-0010", "loan_type": "Commercial", "date": "2024-11-14", "amount": 434010000.0, "lender": "MORGAN STANLEY MORTGAGE CAPITAL HOL", "borrower": "ARMM ASSETS 2 LLC", "parent_brand": "Non-Institutional / Other", "matched_address": "2402 SUNVIEW LAKE, SAN ANTONIO, TX, 78245"}}, {"type": "Feature", "geometry": {"type": "Point", "coordinates": [-98.690259158776, 29.391996747876]}, "properties": {"state": "TX", "county": "Bexar", "city": "SAN ANTONIO", "zip": "78245", "address": "10132 BERMUDA TRCE", "parcelid": "04332-103-0151", "loan_type": "Commercial", "date": "2024-11-14", "amount": 434010000.0, "lender": "MORGAN STANLEY MORTGAGE CAPITAL HOL", "borrower": "ARMM ASSETS 2 LLC", "parent_brand": "Non-Institutional / Other", "matched_address": "10132 BERMUDA TRCE, SAN ANTONIO, TX, 78245"}}, {"type": "Feature", "geometry": {"type": "Point", "coordinates": [-98.635774055228, 29.557565402031]}, "properties": {"state": "TX", "county": "Bexar", "city": "SAN ANTONIO", "zip": "78249", "address": "12803 HUNTSMAN LAKE DR", "parcelid": "17291-022-0230", "loan_type": "Commercial", "date": "2024-11-14", "amount": 434010000.0, "lender": "MORGAN STANLEY MORTGAGE CAPITAL HOL", "borrower": "ARMM ASSETS 2 LLC", "parent_brand": "Non-Institutional / Other", "matched_address": "12803 HUNTSMAN LAKE DR, SAN ANTONIO, TX, 78249"}}, {"type": "Feature", "geometry": {"type": "Point", "coordinates": [-97.357778365986, 32.618602272074]}, "properties": {"state": "TX", "county": "Tarrant", "city": "FORT WORTH", "zip": "76123", "address": "8425 ASHEVILLE LN", "parcelid": "25413-19-16", "loan_type": "Commercial", "date": "2024-11-14", "amount": 434010000.0, "lender": "MORGAN STANLEY MORTGAGE CAPITAL HOL", "borrower": "ARMM ASSETS 2 LLC", "parent_brand": "Non-Institutional / Other", "matched_address": "8425 ASHEVILLE LN, FORT WORTH, TX, 76123"}}, {"type": "Feature", "geometry": {"type": "Point", "coordinates": [-97.124644878905, 32.660584218127]}, "properties": {"state": "TX", "county": "Tarrant", "city": "ARLINGTON", "zip": "76017", "address": "5315 ALTA VISTA LN", "parcelid": "31448-5-11", "loan_type": "Commercial", "date": "2024-11-14", "amount": 434010000.0, "lender": "MORGAN STANLEY MORTGAGE CAPITAL HOL", "borrower": "ARMM ASSETS 2 LLC", "parent_brand": "Non-Institutional / Other", "matched_address": "5315 ALTA VISTA LN, ARLINGTON, TX, 76017"}}, {"type": "Feature", "geometry": {"type": "Point", "coordinates": [-98.332401818576, 29.467079341546]}, "properties": {"state": "TX", "county": "Bexar", "city": "CONVERSE", "zip": "78109", "address": "7934 BRINSON CT", "parcelid": "05080-891-0220", "loan_type": "Commercial", "date": "2024-11-14", "amount": 434010000.0, "lender": "MORGAN STANLEY MORTGAGE CAPITAL HOL", "borrower": "ARMM ASSETS 2 LLC", "parent_brand": "Non-Institutional / Other", "matched_address": "7934 BRINSON CT, CONVERSE, TX, 78109"}}, {"type": "Feature", "geometry": {"type": "Point", "coordinates": [-97.113747282984, 32.621640153881]}, "properties": {"state": "TX", "county": "Tarrant", "city": "ARLINGTON", "zip": "76002", "address": "7701 AMSTERDAM LN", "parcelid": "25134-5-6", "loan_type": "Commercial", "date": "2024-11-14", "amount": 434010000.0, "lender": "MORGAN STANLEY MORTGAGE CAPITAL HOL", "borrower": "ARMM ASSETS 2 LLC", "parent_brand": "Non-Institutional / Other", "matched_address": "7701 AMSTERDAM LN, ARLINGTON, TX, 76002"}}, {"type": "Feature", "geometry": {"type": "Point", "coordinates": [-97.38037226939, 32.613449892017]}, "properties": {"state": "TX", "county": "Tarrant", "city": "FORT WORTH", "zip": "76123", "address": "8768 STONEBRIAR LN", "parcelid": "14678E-7-18", "loan_type": "Commercial", "date": "2024-11-14", "amount": 434010000.0, "lender": "MORGAN STANLEY MORTGAGE CAPITAL HOL", "borrower": "ARMM ASSETS 2 LLC", "parent_brand": "Non-Institutional / Other", "matched_address": "8768 STONEBRIAR LN, FORT WORTH, TX, 76123"}}, {"type": "Feature", "geometry": {"type": "Point", "coordinates": [-98.696146765009, 29.393335421717]}, "properties": {"state": "TX", "county": "Bexar", "city": "SAN ANTONIO", "zip": "78245", "address": "10257 CANTON FLD", "parcelid": "04332-308-2050", "loan_type": "Commercial", "date": "2024-11-14", "amount": 434010000.0, "lender": "MORGAN STANLEY MORTGAGE CAPITAL HOL", "borrower": "ARMM ASSETS 2 LLC", "parent_brand": "Non-Institutional / Other", "matched_address": "10257 CANTON FIELD, SAN ANTONIO, TX, 78245"}}, {"type": "Feature", "geometry": {"type": "Point", "coordinates": [-98.692389855902, 29.503617065159]}, "properties": {"state": "TX", "county": "Bexar", "city": "SAN ANTONIO", "zip": "78250", "address": "9815 VILLAGE BASIN", "parcelid": "18858-008-0140", "loan_type": "Commercial", "date": "2024-11-14", "amount": 434010000.0, "lender": "MORGAN STANLEY MORTGAGE CAPITAL HOL", "borrower": "ARMM ASSETS 2 LLC", "parent_brand": "Non-Institutional / Other", "matched_address": "9815 VILLAGE BASIN, SAN ANTONIO, TX, 78250"}}, {"type": "Feature", "geometry": {"type": "Point", "coordinates": [-97.138242112471, 32.846100113642]}, "properties": {"state": "TX", "county": "Tarrant", "city": "BEDFORD", "zip": "76021", "address": "1936 PINE RIDGE DR", "parcelid": "33715-2-10", "loan_type": "Commercial", "date": "2024-11-14", "amount": 434010000.0, "lender": "MORGAN STANLEY MORTGAGE CAPITAL HOL", "borrower": "ARMM ASSETS 2 LLC", "parent_brand": "Non-Institutional / Other", "matched_address": "1936 PINE RIDGE DR, BEDFORD, TX, 76021"}}, {"type": "Feature", "geometry": {"type": "Point", "coordinates": [-98.716370571525, 29.43828068559]}, "properties": {"state": "TX", "county": "Bexar", "city": "SAN ANTONIO", "zip": "78253", "address": "11314 BRONZE SAND", "parcelid": "04361-106-0020", "loan_type": "Commercial", "date": "2024-11-14", "amount": 434010000.0, "lender": "MORGAN STANLEY MORTGAGE CAPITAL HOL", "borrower": "ARMM ASSETS 2 LLC", "parent_brand": "Non-Institutional / Other", "matched_address": "11314 BRONZE SAND, SAN ANTONIO, TX, 78253"}}, {"type": "Feature", "geometry": {"type": "Point", "coordinates": [-95.44640967901, 30.250536576371]}, "properties": {"state": "TX", "county": "Montgomery", "city": "CONROE", "zip": "77302", "address": "536 BULL RUN CT", "parcelid": "8320-03-08100", "loan_type": "Commercial", "date": "2024-11-14", "amount": 434010000.0, "lender": "MORGAN STANLEY MORTGAGE CAPITAL HOL", "borrower": "ARMM ASSETS 2 LLC", "parent_brand": "Non-Institutional / Other", "matched_address": "536 BULL RUN CT, CONROE, TX, 77302"}}, {"type": "Feature", "geometry": {"type": "Point", "coordinates": [-97.384771163291, 32.850979371676]}, "properties": {"state": "TX", "county": "Tarrant", "city": "SAGINAW", "zip": "76179", "address": "1072 WESTCLIFF AVE", "parcelid": "31805-7-3", "loan_type": "Commercial", "date": "2024-11-14", "amount": 434010000.0, "lender": "MORGAN STANLEY MORTGAGE CAPITAL HOL", "borrower": "ARMM ASSETS 2 LLC", "parent_brand": "Non-Institutional / Other", "matched_address": "1072 WESTCLIFF AVE, SAGINAW, TX, 76179"}}, {"type": "Feature", "geometry": {"type": "Point", "coordinates": [-98.370066820381, 29.45684570856]}, "properties": {"state": "TX", "county": "Bexar", "city": "SAN ANTONIO", "zip": "78244", "address": "3631 CANDLEHILL", "parcelid": "05092-816-0540", "loan_type": "Commercial", "date": "2024-11-14", "amount": 434010000.0, "lender": "MORGAN STANLEY MORTGAGE CAPITAL HOL", "borrower": "ARMM ASSETS 2 LLC", "parent_brand": "Non-Institutional / Other", "matched_address": "3631 CANDLEHILL, SAN ANTONIO, TX, 78244"}}, {"type": "Feature", "geometry": {"type": "Point", "coordinates": [-97.37507576343, 32.988530135273]}, "properties": {"state": "TX", "county": "Tarrant", "city": "HASLET", "zip": "76052", "address": "837 SANTA ROSA DR", "parcelid": "37880B-58-45", "loan_type": "Commercial", "date": "2024-11-14", "amount": 434010000.0, "lender": "MORGAN STANLEY MORTGAGE CAPITAL HOL", "borrower": "ARMM ASSETS 2 LLC", "parent_brand": "Non-Institutional / Other", "matched_address": "837 SANTA ROSA DR, HASLET, TX, 76052"}}, {"type": "Feature", "geometry": {"type": "Point", "coordinates": [-98.674416401253, 29.4810447571]}, "properties": {"state": "TX", "county": "Bexar", "city": "SAN ANTONIO", "zip": "78251", "address": "9611 CRISWELL CRK", "parcelid": "17639-023-0330", "loan_type": "Commercial", "date": "2024-11-14", "amount": 434010000.0, "lender": "MORGAN STANLEY MORTGAGE CAPITAL HOL", "borrower": "ARMM ASSETS 2 LLC", "parent_brand": "Non-Institutional / Other", "matched_address": "9611 CRISWELL CREEK, SAN ANTONIO, TX, 78251"}}, {"type": "Feature", "geometry": {"type": "Point", "coordinates": [-97.371638137143, 32.618575204932]}, "properties": {"state": "TX", "county": "Tarrant", "city": "FORT WORTH", "zip": "76123", "address": "8513 PRAIRIE ROSE LN", "parcelid": "20726-27-4", "loan_type": "Commercial", "date": "2024-11-14", "amount": 434010000.0, "lender": "MORGAN STANLEY MORTGAGE CAPITAL HOL", "borrower": "ARMM ASSETS 2 LLC", "parent_brand": "Non-Institutional / Other", "matched_address": "8513 PRAIRIE ROSE LN, FORT WORTH, TX, 76123"}}, {"type": "Feature", "geometry": {"type": "Point", "coordinates": [-97.358868144635, 32.632115216177]}, "properties": {"state": "TX", "county": "Tarrant", "city": "FORT WORTH", "zip": "76123", "address": "2609 ECHO POINT DR", "parcelid": "25405-29-14", "loan_type": "Commercial", "date": "2024-11-14", "amount": 434010000.0, "lender": "MORGAN STANLEY MORTGAGE CAPITAL HOL", "borrower": "ARMM ASSETS 2 LLC", "parent_brand": "Non-Institutional / Other", "matched_address": "2609 ECHO POINT DR, FORT WORTH, TX, 76123"}}, {"type": "Feature", "geometry": {"type": "Point", "coordinates": [-98.332401646018, 29.516763847032]}, "properties": {"state": "TX", "county": "Bexar", "city": "SAN ANTONIO", "zip": "78239", "address": "8527 SERENE RIDGE DR", "parcelid": "05052-908-1630", "loan_type": "Commercial", "date": "2024-11-14", "amount": 434010000.0, "lender": "MORGAN STANLEY MORTGAGE CAPITAL HOL", "borrower": "ARMM ASSETS 2 LLC", "parent_brand": "Non-Institutional / Other", "matched_address": "8527 SERENE RIDGE DR, SAN ANTONIO, TX, 78239"}}, {"type": "Feature", "geometry": {"type": "Point", "coordinates": [-97.144242676713, 32.689155942702]}, "properties": {"state": "TX", "county": "Tarrant", "city": "ARLINGTON", "zip": "76015", "address": "3505 CABOTWOOD CT", "parcelid": "47325-5-28", "loan_type": "Commercial", "date": "2024-11-14", "amount": 434010000.0, "lender": "MORGAN STANLEY MORTGAGE CAPITAL HOL", "borrower": "ARMM ASSETS 2 LLC", "parent_brand": "Non-Institutional / Other", "matched_address": "3505 CABOTWOOD CT, ARLINGTON, TX, 76015"}}, {"type": "Feature", "geometry": {"type": "Point", "coordinates": [-98.429568551931, 29.592266908314]}, "properties": {"state": "TX", "county": "Bexar", "city": "SAN ANTONIO", "zip": "78247", "address": "16511 EAGLE CROSS DR", "parcelid": "17725-008-0420", "loan_type": "Commercial", "date": "2024-11-14", "amount": 434010000.0, "lender": "MORGAN STANLEY MORTGAGE CAPITAL HOL", "borrower": "ARMM ASSETS 2 LLC", "parent_brand": "Non-Institutional / Other", "matched_address": "16511 EAGLE CROSS DR, SAN ANTONIO, TX, 78247"}}, {"type": "Feature", "geometry": {"type": "Point", "coordinates": [-98.341246169706, 29.539819271284]}, "properties": {"state": "TX", "county": "Bexar", "city": "LIVE OAK", "zip": "78233", "address": "8031 FOREST ASH", "parcelid": "05049-368-0090", "loan_type": "Commercial", "date": "2024-11-14", "amount": 434010000.0, "lender": "MORGAN STANLEY MORTGAGE CAPITAL HOL", "borrower": "ARMM ASSETS 2 LLC", "parent_brand": "Non-Institutional / Other", "matched_address": "8031 FOREST ASH RD, LIVE OAK, TX, 78233"}}, {"type": "Feature", "geometry": {"type": "Point", "coordinates": [-96.874390375523, 33.004324778226]}, "properties": {"state": "TX", "county": "Denton", "city": "CARROLLTON", "zip": "75007", "address": "2100 CHATSWORTH RD", "parcelid": "R49150", "loan_type": "Commercial", "date": "2024-11-14", "amount": 434010000.0, "lender": "MORGAN STANLEY MORTGAGE CAPITAL HOLDINGS", "borrower": "ARMM ASSETS 2 LLC", "parent_brand": "Non-Institutional / Other", "matched_address": "2100 CHATSWORTH RD, CARROLLTON, TX, 75007"}}, {"type": "Feature", "geometry": {"type": "Point", "coordinates": [-97.210390863461, 32.675670382545]}, "properties": {"state": "TX", "county": "Tarrant", "city": "ARLINGTON", "zip": "76016", "address": "4401 CRANBROOK DR", "parcelid": "47515-M-14", "loan_type": "Commercial", "date": "2024-11-14", "amount": 434010000.0, "lender": "MORGAN STANLEY MORTGAGE CAPITAL HOL", "borrower": "ARMM ASSETS 2 LLC", "parent_brand": "Non-Institutional / Other", "matched_address": "4401 CRANBROOK DR, ARLINGTON, TX, 76016"}}, {"type": "Feature", "geometry": {"type": "Point", "coordinates": [-98.327396465939, 29.492811327215]}, "properties": {"state": "TX", "county": "Bexar", "city": "CONVERSE", "zip": "78109", "address": "8150 STEEP VLY", "parcelid": "05080-799-0150", "loan_type": "Commercial", "date": "2024-11-14", "amount": 434010000.0, "lender": "MORGAN STANLEY MORTGAGE CAPITAL HOL", "borrower": "ARMM ASSETS 2 LLC", "parent_brand": "Non-Institutional / Other", "matched_address": "8150 STEEP VALLEY, CONVERSE, TX, 78109"}}, {"type": "Feature", "geometry": {"type": "Point", "coordinates": [-96.884181655592, 33.036768209606]}, "properties": {"state": "TX", "county": "Denton", "city": "CARROLLTON", "zip": "75010", "address": "4601 CHEROKEE PATH", "parcelid": "R133910", "loan_type": "Commercial", "date": "2024-11-14", "amount": 434010000.0, "lender": "MORGAN STANLEY MORTGAGE CAPITAL HOLDINGS", "borrower": "ARMM ASSETS 2 LLC", "parent_brand": "Non-Institutional / Other", "matched_address": "4601 CHEROKEE PATH, CARROLLTON, TX, 75010"}}, {"type": "Feature", "geometry": {"type": "Point", "coordinates": [-97.528732945473, 32.879587047099]}, "properties": {"state": "TX", "county": "Tarrant", "city": "AZLE", "zip": "76020", "address": "320 GLENHAVEN DR", "parcelid": "47640-5-3", "loan_type": "Commercial", "date": "2024-11-14", "amount": 434010000.0, "lender": "MORGAN STANLEY MORTGAGE CAPITAL HOL", "borrower": "ARMM ASSETS 2 LLC", "parent_brand": "Non-Institutional / Other", "matched_address": "320 GLENHAVEN DR, AZLE, TX, 76020"}}, {"type": "Feature", "geometry": {"type": "Point", "coordinates": [-95.655041635097, 29.689285405347]}, "properties": {"state": "TX", "county": "Fort Bend", "city": "HOUSTON", "zip": "77083", "address": "15218 BEECHNUT ST", "parcelid": "5030-05-001-0130-907", "loan_type": "Commercial", "date": "2024-11-14", "amount": 434010000.0, "lender": "MORGAN STANLEY MORTGAGE CAPITAL HOL", "borrower": "ARMM ASSETS 2 LLC", "parent_brand": "Non-Institutional / Other", "matched_address": "15218 BEECHNUT ST, HOUSTON, TX, 77083"}}, {"type": "Feature", "geometry": {"type": "Point", "coordinates": [-98.323373270561, 29.504579335044]}, "properties": {"state": "TX", "county": "Bexar", "city": "CONVERSE", "zip": "78109", "address": "8051 MANDERLY PL", "parcelid": "18176-006-0690", "loan_type": "Commercial", "date": "2024-11-14", "amount": 434010000.0, "lender": "MORGAN STANLEY MORTGAGE CAPITAL HOL", "borrower": "ARMM ASSETS 2 LLC", "parent_brand": "Non-Institutional / Other", "matched_address": "8051 MANDERLY PL, CONVERSE, TX, 78109"}}, {"type": "Feature", "geometry": {"type": "Point", "coordinates": [-98.337552137049, 29.515663264825]}, "properties": {"state": "TX", "county": "Bexar", "city": "SAN ANTONIO", "zip": "78239", "address": "8610 SHALLOW RIDGE DR", "parcelid": "05052-909-0200", "loan_type": "Commercial", "date": "2024-11-14", "amount": 434010000.0, "lender": "MORGAN STANLEY MORTGAGE CAPITAL HOL", "borrower": "ARMM ASSETS 2 LLC", "parent_brand": "Non-Institutional / Other", "matched_address": "8610 SHALLOW RIDGE DR, SAN ANTONIO, TX, 78239"}}, {"type": "Feature", "geometry": {"type": "Point", "coordinates": [-98.296349790734, 29.503885851919]}, "properties": {"state": "TX", "county": "Bexar", "city": "CONVERSE", "zip": "78109", "address": "9620 COPPER SANDS", "parcelid": "05064-311-0010", "loan_type": "Commercial", "date": "2024-11-14", "amount": 434010000.0, "lender": "MORGAN STANLEY MORTGAGE CAPITAL HOL", "borrower": "ARMM ASSETS 2 LLC", "parent_brand": "Non-Institutional / Other", "matched_address": "9620 COPPER SANDS, CONVERSE, TX, 78109"}}, {"type": "Feature", "geometry": {"type": "Point", "coordinates": [-97.114338656222, 33.196797265164]}, "properties": {"state": "TX", "county": "Denton", "city": "DENTON", "zip": "76205", "address": "1408 FOX HOLW", "parcelid": "R116723", "loan_type": "Commercial", "date": "2024-11-14", "amount": 434010000.0, "lender": "MORGAN STANLEY MORTGAGE CAPITAL HOLDINGS", "borrower": "ARMM ASSETS 2 LLC", "parent_brand": "Non-Institutional / Other", "matched_address": "1408 FOX HOLLOW ST, DENTON, TX, 76205"}}, {"type": "Feature", "geometry": {"type": "Point", "coordinates": [-97.395724456164, 32.878699223169]}, "properties": {"state": "TX", "county": "Tarrant", "city": "FORT WORTH", "zip": "76179", "address": "8641 HAWKVIEW DR", "parcelid": "3100A-3-9", "loan_type": "Commercial", "date": "2024-11-14", "amount": 434010000.0, "lender": "MORGAN STANLEY MORTGAGE CAPITAL HOL", "borrower": "ARMM ASSETS 2 LLC", "parent_brand": "Non-Institutional / Other", "matched_address": "8641 HAWKVIEW DR, FORT WORTH, TX, 76179"}}, {"type": "Feature", "geometry": {"type": "Point", "coordinates": [-98.804661714606, 29.434106179096]}, "properties": {"state": "TX", "county": "Bexar", "city": "SAN ANTONIO", "zip": "78253", "address": "134 OSPREY HVN", "parcelid": "04375-120-0050", "loan_type": "Commercial", "date": "2024-11-14", "amount": 434010000.0, "lender": "MORGAN STANLEY MORTGAGE CAPITAL HOL", "borrower": "ARMM ASSETS 2 LLC", "parent_brand": "Non-Institutional / Other", "matched_address": "134 OSPREY HAVEN, SAN ANTONIO, TX, 78253"}}, {"type": "Feature", "geometry": {"type": "Point", "coordinates": [-98.364530046357, 29.453237011236]}, "properties": {"state": "TX", "county": "Bexar", "city": "SAN ANTONIO", "zip": "78244", "address": "6339 WILD FLOWER WAY", "parcelid": "05094-202-0430", "loan_type": "Commercial", "date": "2024-11-14", "amount": 434010000.0, "lender": "MORGAN STANLEY MORTGAGE CAPITAL HOL", "borrower": "ARMM ASSETS 2 LLC", "parent_brand": "Non-Institutional / Other", "matched_address": "6339 WILDFLOWER WAY, SAN ANTONIO, TX, 78244"}}, {"type": "Feature", "geometry": {"type": "Point", "coordinates": [-98.717378658821, 29.40735686844]}, "properties": {"state": "TX", "county": "Bexar", "city": "SAN ANTONIO", "zip": "78245", "address": "11527 FORT SMITH", "parcelid": "04335-111-0300", "loan_type": "Commercial", "date": "2024-11-14", "amount": 434010000.0, "lender": "MORGAN STANLEY MORTGAGE CAPITAL HOL", "borrower": "ARMM ASSETS 2 LLC", "parent_brand": "Non-Institutional / Other", "matched_address": "11527 FORT SMITH, SAN ANTONIO, TX, 78245"}}, {"type": "Feature", "geometry": {"type": "Point", "coordinates": [-97.316991975634, 32.602607977896]}, "properties": {"state": "TX", "county": "Tarrant", "city": "FORT WORTH", "zip": "76140", "address": "10528 PARK CITY TRL", "parcelid": "9615B-G-8", "loan_type": "Commercial", "date": "2024-11-14", "amount": 434010000.0, "lender": "MORGAN STANLEY MORTGAGE CAPITAL HOL", "borrower": "ARMM ASSETS 2 LLC", "parent_brand": "Non-Institutional / Other", "matched_address": "10528 PARK CITY TRL, FORT WORTH, TX, 76140"}}, {"type": "Feature", "geometry": {"type": "Point", "coordinates": [-98.648874172026, 29.378956760906]}, "properties": {"state": "TX", "county": "Bexar", "city": "SAN ANTONIO", "zip": "78227", "address": "5423 DUKE FLD", "parcelid": "15140-079-0150", "loan_type": "Commercial", "date": "2024-11-14", "amount": 434010000.0, "lender": "MORGAN STANLEY MORTGAGE CAPITAL HOL", "borrower": "ARMM ASSETS 2 LLC", "parent_brand": "Non-Institutional / Other", "matched_address": "5423 DUKE FIELD, SAN ANTONIO, TX, 78227"}}, {"type": "Feature", "geometry": {"type": "Point", "coordinates": [-98.392339561435, 29.455061302733]}, "properties": {"state": "TX", "county": "Bexar", "city": "SAN ANTONIO", "zip": "78219", "address": "5050 GORDON COOPER DR", "parcelid": "04018-226-0190", "loan_type": "Commercial", "date": "2024-11-14", "amount": 434010000.0, "lender": "MORGAN STANLEY MORTGAGE CAPITAL HOL", "borrower": "ARMM ASSETS 2 LLC", "parent_brand": "Non-Institutional / Other", "matched_address": "5050 GORDON COOPER DR, SAN ANTONIO, TX, 78219"}}, {"type": "Feature", "geometry": {"type": "Point", "coordinates": [-98.71337502885, 29.375972823238]}, "properties": {"state": "TX", "county": "Bexar", "city": "SAN ANTONIO", "zip": "78252", "address": "11254 COUNTRY CYN", "parcelid": "04317-211-0210", "loan_type": "Commercial", "date": "2024-11-14", "amount": 434010000.0, "lender": "MORGAN STANLEY MORTGAGE CAPITAL HOL", "borrower": "ARMM ASSETS 2 LLC", "parent_brand": "Non-Institutional / Other", "matched_address": "11254 COUNTRY CANYON, SAN ANTONIO, TX, 78252"}}, {"type": "Feature", "geometry": {"type": "Point", "coordinates": [-96.971608285149, 33.401178278122]}, "properties": {"state": "TX", "county": "Denton", "city": "PILOT POINT", "zip": "76258", "address": "301 N SIERRA TRL", "parcelid": "R155865", "loan_type": "Commercial", "date": "2024-11-14", "amount": 434010000.0, "lender": "MORGAN STANLEY MORTGAGE CAPITAL HOLDINGS", "borrower": "ARMM ASSETS 2 LLC", "parent_brand": "Non-Institutional / Other", "matched_address": "301 N SIERRA TRL, PILOT POINT, TX, 76258"}}, {"type": "Feature", "geometry": {"type": "Point", "coordinates": [-98.713750377768, 29.526939935257]}, "properties": {"state": "TX", "county": "Bexar", "city": "SAN ANTONIO", "zip": "78254", "address": "11226 DUBLIN TRCE", "parcelid": "04450-510-0180", "loan_type": "Commercial", "date": "2024-11-14", "amount": 434010000.0, "lender": "MORGAN STANLEY MORTGAGE CAPITAL HOL", "borrower": "ARMM ASSETS 2 LLC", "parent_brand": "Non-Institutional / Other", "matched_address": "11226 DUBLIN TRCE, SAN ANTONIO, TX, 78254"}}, {"type": "Feature", "geometry": {"type": "Point", "coordinates": [-98.428411077402, 29.32699328916]}, "properties": {"state": "TX", "county": "Bexar", "city": "SAN ANTONIO", "zip": "78223", "address": "237 SAN JUAN RD", "parcelid": "10895-013-0390", "loan_type": "Commercial", "date": "2024-11-14", "amount": 434010000.0, "lender": "MORGAN STANLEY MORTGAGE CAPITAL HOL", "borrower": "ARMM ASSETS 2 LLC", "parent_brand": "Non-Institutional / Other", "matched_address": "237 SAN JUAN RD, SAN ANTONIO, TX, 78223"}}, {"type": "Feature", "geometry": {"type": "Point", "coordinates": [-97.341811448701, 32.651824470409]}, "properties": {"state": "TX", "county": "Tarrant", "city": "FORT WORTH", "zip": "76134", "address": "1509 LAGOONA LN", "parcelid": "804819", "loan_type": "Commercial", "date": "2024-11-14", "amount": 434010000.0, "lender": "MORGAN STANLEY MORTGAGE CAPITAL HOL", "borrower": "ARMM ASSETS 2 LLC", "parent_brand": "Non-Institutional / Other", "matched_address": "1509 LAGOONA LN, FORT WORTH, TX, 76134"}}, {"type": "Feature", "geometry": {"type": "Point", "coordinates": [-97.11959837256, 32.688657248436]}, "properties": {"state": "TX", "county": "Tarrant", "city": "ARLINGTON", "zip": "76015", "address": "816 WAVERLY DR", "parcelid": "45395-4-28", "loan_type": "Commercial", "date": "2024-11-14", "amount": 434010000.0, "lender": "MORGAN STANLEY MORTGAGE CAPITAL HOL", "borrower": "ARMM ASSETS 2 LLC", "parent_brand": "Non-Institutional / Other", "matched_address": "816 WAVERLY DR, ARLINGTON, TX, 76015"}}, {"type": "Feature", "geometry": {"type": "Point", "coordinates": [-97.33061763433, 32.850977430197]}, "properties": {"state": "TX", "county": "Tarrant", "city": "FORT WORTH", "zip": "76131", "address": "5916 MELANIE DR", "parcelid": "307B-23-23", "loan_type": "Commercial", "date": "2024-11-14", "amount": 434010000.0, "lender": "MORGAN STANLEY MORTGAGE CAPITAL HOL", "borrower": "ARMM ASSETS 2 LLC", "parent_brand": "Non-Institutional / Other", "matched_address": "5916 MELANIE DR, FORT WORTH, TX, 76131"}}, {"type": "Feature", "geometry": {"type": "Point", "coordinates": [-95.407955809966, 30.109475579767]}, "properties": {"state": "TX", "county": "Montgomery", "city": "SPRING", "zip": "77386", "address": "29435 GRACEFUL PATH WAY", "parcelid": "5159-04-06800", "loan_type": "Commercial", "date": "2024-11-14", "amount": 434010000.0, "lender": "MORGAN STANLEY MORTGAGE CAPITAL HOL", "borrower": "ARMM ASSETS 2 LLC", "parent_brand": "Non-Institutional / Other", "matched_address": "29435 GRACEFUL PATH WAY, SPRING, TX, 77386"}}, {"type": "Feature", "geometry": {"type": "Point", "coordinates": [-96.717547801506, 33.052440498569]}, "properties": {"state": "TX", "county": "Collin", "city": "PLANO", "zip": "75023", "address": "5004 OVERDOWNS DR", "parcelid": "R-0553-015-0150-1", "loan_type": "Commercial", "date": "2024-11-14", "amount": 434010000.0, "lender": "MORGAN STANLEY MORTGAGE CAPITAL HOL", "borrower": "ARMM ASSETS 2 LLC", "parent_brand": "Non-Institutional / Other", "matched_address": "5004 OVERDOWNS DR, PLANO, TX, 75023"}}, {"type": "Feature", "geometry": {"type": "Point", "coordinates": [-95.429804011891, 30.216264823826]}, "properties": {"state": "TX", "county": "Montgomery", "city": "CONROE", "zip": "77385", "address": "9889 EXPEDITION TRL", "parcelid": "7208-02-06300", "loan_type": "Commercial", "date": "2024-11-14", "amount": 434010000.0, "lender": "MORGAN STANLEY MORTGAGE CAPITAL HOL", "borrower": "ARMM ASSETS 2 LLC", "parent_brand": "Non-Institutional / Other", "matched_address": "9889 EXPEDITION TRL, CONROE, TX, 77385"}}, {"type": "Feature", "geometry": {"type": "Point", "coordinates": [-98.322931891943, 29.49249302889]}, "properties": {"state": "TX", "county": "Bexar", "city": "CONVERSE", "zip": "78109", "address": "6638 MEADOW DAWN DR", "parcelid": "05080-709-0010", "loan_type": "Commercial", "date": "2024-11-14", "amount": 434010000.0, "lender": "MORGAN STANLEY MORTGAGE CAPITAL HOL", "borrower": "ARMM ASSETS 2 LLC", "parent_brand": "Non-Institutional / Other", "matched_address": "6638 MEADOW DAWN DR, CONVERSE, TX, 78109"}}, {"type": "Feature", "geometry": {"type": "Point", "coordinates": [-98.318968234574, 29.49315758335]}, "properties": {"state": "TX", "county": "Bexar", "city": "CONVERSE", "zip": "78109", "address": "6831 REBEL GROVE DR", "parcelid": "05080-702-0540", "loan_type": "Commercial", "date": "2024-11-14", "amount": 434010000.0, "lender": "MORGAN STANLEY MORTGAGE CAPITAL HOL", "borrower": "ARMM ASSETS 2 LLC", "parent_brand": "Non-Institutional / Other", "matched_address": "6831 REBEL GROVE, CONVERSE, TX, 78109"}}, {"type": "Feature", "geometry": {"type": "Point", "coordinates": [-96.807023093403, 32.527899946747]}, "properties": {"state": "TX", "county": "Ellis", "city": "RED OAK", "zip": "75154", "address": "524 BLUEBIRD LN", "parcelid": "72.7803.903.013.00.111", "loan_type": "Commercial", "date": "2024-11-06", "amount": 434010000.0, "lender": "MORGAN STANLEY MORTGAGE CAPITAL HOL", "borrower": "ARMM ASSETS 2 LLC", "parent_brand": "Non-Institutional / Other", "matched_address": "524 BLUEBIRD LN, RED OAK, TX, 75154"}}, {"type": "Feature", "geometry": {"type": "Point", "coordinates": [-97.368789599783, 32.50338962296]}, "properties": {"state": "TX", "county": "Johnson", "city": "BURLESON", "zip": "76028", "address": "2520 CASTLE PINES DR", "parcelid": "126-4924-10190", "loan_type": "Commercial", "date": "01/01/1899", "amount": 434010000.0, "lender": "MORGAN STANLEY MORTGAGE CAPITAL HOLDINGS", "borrower": "ARMM ASSETS 2 LLC", "parent_brand": "Non-Institutional / Other", "matched_address": "2520 CASTLE PINES DR, BURLESON, TX, 76028"}}, {"type": "Feature", "geometry": {"type": "Point", "coordinates": [-111.079194276908, 32.174035977998]}, "properties": {"state": "AZ", "county": "Pima", "city": "TUCSON", "zip": "85735", "address": "4046 S ROCKY PEAK CT", "parcelid": "212-50-0950", "loan_type": "Commercial", "date": "2024-11-14", "amount": 434010000.0, "lender": "MORGAN STANLEY MORTGAGE CAPITAL HOL", "borrower": "ARMM ASSETS 2 LLC", "parent_brand": "Non-Institutional / Other", "matched_address": "4046 S ROCKY PEAK CT, TUCSON, AZ, 85735"}}, {"type": "Feature", "geometry": {"type": "Point", "coordinates": [-111.038521554709, 32.122819395741]}, "properties": {"state": "AZ", "county": "Pima", "city": "TUCSON", "zip": "85746", "address": "7124 S CAMINO TRISTE", "parcelid": "138-32-8300", "loan_type": "Commercial", "date": "2024-11-14", "amount": 434010000.0, "lender": "MORGAN STANLEY MORTGAGE CAPITAL HOL", "borrower": "ARMM ASSETS 2 LLC", "parent_brand": "Non-Institutional / Other", "matched_address": "7124 S CAM TRISTE, TUCSON, AZ, 85746"}}, {"type": "Feature", "geometry": {"type": "Point", "coordinates": [-110.94584314282, 32.165747461507]}, "properties": {"state": "AZ", "county": "Pima", "city": "TUCSON", "zip": "85714", "address": "1735 E WARREN PL", "parcelid": "132-16-4170", "loan_type": "Commercial", "date": "2024-11-14", "amount": 434010000.0, "lender": "MORGAN STANLEY MORTGAGE CAPITAL HOL", "borrower": "ARMM ASSETS 2 LLC", "parent_brand": "Non-Institutional / Other", "matched_address": "1735 E WARREN PL, TUCSON, AZ, 85714"}}, {"type": "Feature", "geometry": {"type": "Point", "coordinates": [-110.962537915644, 32.168788592412]}, "properties": {"state": "AZ", "county": "Pima", "city": "TUCSON", "zip": "85714", "address": "419 E FAIRGROUND DR", "parcelid": "120-09-2720", "loan_type": "Commercial", "date": "2024-11-14", "amount": 434010000.0, "lender": "MORGAN STANLEY MORTGAGE CAPITAL HOL", "borrower": "ARMM ASSETS 2 LLC", "parent_brand": "Non-Institutional / Other", "matched_address": "419 E FAIRGROUND DR, TUCSON, AZ, 85714"}}, {"type": "Feature", "geometry": {"type": "Point", "coordinates": [-111.034904067527, 32.160705984231]}, "properties": {"state": "AZ", "county": "Pima", "city": "TUCSON", "zip": "85746", "address": "3224 W ALEXANDERWOOD DR", "parcelid": "137-16-8280", "loan_type": "Commercial", "date": "2024-11-14", "amount": 434010000.0, "lender": "MORGAN STANLEY MORTGAGE CAPITAL HOL", "borrower": "ARMM ASSETS 2 LLC", "parent_brand": "Non-Institutional / Other", "matched_address": "3224 W ALEXANDERWOOD DR, TUCSON, AZ, 85746"}}, {"type": "Feature", "geometry": {"type": "Point", "coordinates": [-110.718831893466, 31.989715318216]}, "properties": {"state": "AZ", "county": "Pima", "city": "VAIL", "zip": "85641", "address": "2531 E COLD SNAP PL", "parcelid": "305-41-0870", "loan_type": "Commercial", "date": "2024-11-14", "amount": 434010000.0, "lender": "MORGAN STANLEY MORTGAGE CAPITAL HOL", "borrower": "ARMM ASSETS 2 LLC", "parent_brand": "Non-Institutional / Other", "matched_address": "2531 E COLD SNAP PL, VAIL, AZ, 85641"}}, {"type": "Feature", "geometry": {"type": "Point", "coordinates": [-110.904672598641, 32.123664715938]}, "properties": {"state": "AZ", "county": "Pima", "city": "TUCSON", "zip": "85756", "address": "4106 E LUSHFIELD DR", "parcelid": "140-41-6640", "loan_type": "Commercial", "date": "2024-11-14", "amount": 434010000.0, "lender": "MORGAN STANLEY MORTGAGE CAPITAL HOL", "borrower": "ARMM ASSETS 2 LLC", "parent_brand": "Non-Institutional / Other", "matched_address": "4106 E LUSHFIELD DR, TUCSON, AZ, 85756"}}, {"type": "Feature", "geometry": {"type": "Point", "coordinates": [-110.804364610468, 32.163449612815]}, "properties": {"state": "AZ", "county": "Pima", "city": "TUCSON", "zip": "85730", "address": "4880 S WILD ROSE DR", "parcelid": "136-30-2690", "loan_type": "Commercial", "date": "2024-11-14", "amount": 434010000.0, "lender": "MORGAN STANLEY MORTGAGE CAPITAL HOL", "borrower": "ARMM ASSETS 2 LLC", "parent_brand": "Non-Institutional / Other", "matched_address": "4880 S WILD ROSE DR, TUCSON, AZ, 85730"}}, {"type": "Feature", "geometry": {"type": "Point", "coordinates": [-111.162657017565, 32.392540200832]}, "properties": {"state": "AZ", "county": "Pima", "city": "MARANA", "zip": "85653", "address": "9267 W TROTTING WOLF TRL", "parcelid": "216-41-0930", "loan_type": "Commercial", "date": "2024-11-14", "amount": 434010000.0, "lender": "MORGAN STANLEY MORTGAGE CAPITAL HOL", "borrower": "ARMM ASSETS 2 LLC", "parent_brand": "Non-Institutional / Other", "matched_address": "9267 W TROTTING WOLF TRL, MARANA, AZ, 85653"}}, {"type": "Feature", "geometry": {"type": "Point", "coordinates": [-110.998232140949, 32.140654208374]}, "properties": {"state": "AZ", "county": "Pima", "city": "TUCSON", "zip": "85746", "address": "1576 W HIGHSMITH DR", "parcelid": "137-27-4710", "loan_type": "Commercial", "date": "2024-11-14", "amount": 434010000.0, "lender": "MORGAN STANLEY MORTGAGE CAPITAL HOL", "borrower": "ARMM ASSETS 2 LLC", "parent_brand": "Non-Institutional / Other", "matched_address": "1576 W HIGHSMITH DR, TUCSON, AZ, 85746"}}, {"type": "Feature", "geometry": {"type": "Point", "coordinates": [-111.142215449194, 32.135645728052]}, "properties": {"state": "AZ", "county": "Pima", "city": "TUCSON", "zip": "85757", "address": "8285 W KITTIWAKE LN", "parcelid": "210-55-4520", "loan_type": "Commercial", "date": "2024-11-14", "amount": 434010000.0, "lender": "MORGAN STANLEY MORTGAGE CAPITAL HOL", "borrower": "ARMM ASSETS 2 LLC", "parent_brand": "Non-Institutional / Other", "matched_address": "8285 W KITTIWAKE LN, TUCSON, AZ, 85757"}}, {"type": "Feature", "geometry": {"type": "Point", "coordinates": [-111.050022944534, 32.270577197804]}, "properties": {"state": "AZ", "county": "Pima", "city": "TUCSON", "zip": "85745", "address": "3501 N CRYSTAL HILL AVE", "parcelid": "103-12-7210", "loan_type": "Commercial", "date": "2024-11-14", "amount": 434010000.0, "lender": "MORGAN STANLEY MORTGAGE CAPITAL HOL", "borrower": "ARMM ASSETS 2 LLC", "parent_brand": "Non-Institutional / Other", "matched_address": "3501 N CRYSTAL HILL AVE, TUCSON, AZ, 85745"}}, {"type": "Feature", "geometry": {"type": "Point", "coordinates": [-111.547963181764, 33.238133178403]}, "properties": {"state": "AZ", "county": "Pinal", "city": "SAN TAN VALLEY", "zip": "85140", "address": "1658 E ANASTASIA ST", "parcelid": "109-28-6360", "loan_type": "Commercial", "date": "2024-11-06", "amount": 434010000.0, "lender": "MORGAN STANLEY MORTGAGE CAPITAL HOL", "borrower": "ARMM ASSETS 2 LLC", "parent_brand": "Non-Institutional / Other", "matched_address": "1658 E ANASTASIA ST, SAN TAN VALLEY, AZ, 85140"}}, {"type": "Feature", "geometry": {"type": "Point", "coordinates": [-111.562275592857, 33.227402943071]}, "properties": {"state": "AZ", "county": "Pinal", "city": "SAN TAN VALLEY", "zip": "85140", "address": "38372 N AMY LN", "parcelid": "109-31-3060", "loan_type": "Commercial", "date": "2024-11-06", "amount": 434010000.0, "lender": "MORGAN STANLEY MORTGAGE CAPITAL HOL", "borrower": "ARMM ASSETS 2 LLC", "parent_brand": "Non-Institutional / Other", "matched_address": "38372 N AMY LN, SAN TAN VALLEY, AZ, 85140"}}, {"type": "Feature", "geometry": {"type": "Point", "coordinates": [-83.808776990766, 33.98023691572]}, "properties": {"state": "GA", "county": "Barrow", "city": "AUBURN", "zip": "30011", "address": "1170 PINEBROOK CT", "parcelid": "XX040A 017", "loan_type": "Commercial", "date": "2023-03-08", "amount": 412136000.0, "lender": "GERMAN AMERICAN CAPITAL", "borrower": "BAF ASSETS 6 LLC", "parent_brand": "Amherst Residential", "matched_address": "1170 PINEBROOKE CT, AUBURN, GA, 30011"}}, {"type": "Feature", "geometry": {"type": "Point", "coordinates": [-84.563635308584, 33.607740426333]}, "properties": {"state": "GA", "county": "Fulton", "city": "UNION CITY", "zip": "30291", "address": "8946 CRESTVIEW CIR", "parcelid": "09F270201101205", "loan_type": "Commercial", "date": "2023-03-08", "amount": 412136000.0, "lender": "GERMAN AMERICAN CAPITAL", "borrower": "BAF ASSETS 6 LLC", "parent_brand": "Amherst Residential", "matched_address": "8946 CRESTVIEW CIR, UNION CITY, GA, 30291"}}, {"type": "Feature", "geometry": {"type": "Point", "coordinates": [-84.255070402943, 33.544239847595]}, "properties": {"state": "GA", "county": "Henry", "city": "STOCKBRIDGE", "zip": "30281", "address": "126 WILLOW SPRINGS LN", "parcelid": "030B01014000", "loan_type": "Commercial", "date": "2023-03-08", "amount": 412136000.0, "lender": "GERMAN AMERICAN CAPITAL", "borrower": "BAF ASSETS 6 LLC", "parent_brand": "Amherst Residential", "matched_address": "126 WILLOW SPRINGS LN, STOCKBRIDGE, GA, 30281"}}, {"type": "Feature", "geometry": {"type": "Point", "coordinates": [-84.76885460457, 33.957806235583]}, "properties": {"state": "GA", "county": "Paulding", "city": "DALLAS", "zip": "30157", "address": "243 JUSTIN DR", "parcelid": "081.4.3.014.0000", "loan_type": "Commercial", "date": "2023-03-08", "amount": 412136000.0, "lender": "GERMAN AMERICAN CAPITAL", "borrower": "BAF ASSETS 6 LLC", "parent_brand": "Amherst Residential", "matched_address": "243 JUSTIN DR, DALLAS, GA, 30157"}}, {"type": "Feature", "geometry": {"type": "Point", "coordinates": [-84.700918167491, 33.773577283322]}, "properties": {"state": "GA", "county": "Douglas", "city": "DOUGLASVILLE", "zip": "30134", "address": "1208 JONQUIL WAY", "parcelid": "0637-18-2- -00026", "loan_type": "Commercial", "date": "2023-03-08", "amount": 412136000.0, "lender": "GERMAN AMERICAN CAPITAL", "borrower": "BAF ASSETS 6 LLC", "parent_brand": "Amherst Residential", "matched_address": "1208 JONQUIL WAY, DOUGLASVILLE, GA, 30134"}}, {"type": "Feature", "geometry": {"type": "Point", "coordinates": [-84.131759962716, 34.32474889137]}, "properties": {"state": "GA", "county": "Forsyth", "city": "CUMMING", "zip": "30028", "address": "6885 BANNISTER PARK LN", "parcelid": "164-000-102", "loan_type": "Commercial", "date": "2023-03-08", "amount": 412136000.0, "lender": "GERMAN AMERICAN CAPITAL", "borrower": "BAF ASSETS 6 LLC", "parent_brand": "Amherst Residential", "matched_address": "6885 BANNISTER PARK LN, CUMMING, GA, 30028"}}, {"type": "Feature", "geometry": {"type": "Point", "coordinates": [-84.925769967927, 34.150991352226]}, "properties": {"state": "GA", "county": "Bartow", "city": "EUHARLEE", "zip": "30145", "address": "10 COLT WAY", "parcelid": "0034E-0001-036", "loan_type": "Commercial", "date": "2023-03-08", "amount": 412136000.0, "lender": "GERMAN AMERICAN CAPITAL", "borrower": "BAF ASSETS 6 LLC", "parent_brand": "Amherst Residential", "matched_address": "10 COLT WAY, EUHARLEE, GA, 30145"}}, {"type": "Feature", "geometry": {"type": "Point", "coordinates": [-84.423871702119, 33.519098506507]}, "properties": {"state": "GA", "county": "Clayton", "city": "JONESBORO", "zip": "30238", "address": "1003 BRANDON HILL WAY", "parcelid": "13-248D- F-007", "loan_type": "Commercial", "date": "2023-03-08", "amount": 412136000.0, "lender": "GERMAN AMERICAN CAPITAL", "borrower": "BAF ASSETS 6 LLC", "parent_brand": "Amherst Residential", "matched_address": "1003 BRANDON HILL WAY, JONESBORO, GA, 30238"}}, {"type": "Feature", "geometry": {"type": "Point", "coordinates": [-84.067946228684, 33.643060773669]}, "properties": {"state": "GA", "county": "Rockdale", "city": "CONYERS", "zip": "30094", "address": "2430 AMBERBROOK DR SW", "parcelid": "027-A-01-0137", "loan_type": "Commercial", "date": "2023-03-08", "amount": 412136000.0, "lender": "GERMAN AMERICAN CAPITAL", "borrower": "BAF ASSETS 6 LLC", "parent_brand": "Amherst Residential", "matched_address": "2430 AMBERBROOK DR SW, CONYERS, GA, 30094"}}, {"type": "Feature", "geometry": {"type": "Point", "coordinates": [-84.91981385729, 33.653966765543]}, "properties": {"state": "GA", "county": "Carroll", "city": "VILLA RICA", "zip": "30180", "address": "5100 CUMBERLAND CT", "parcelid": "F05- \u00a0 -0100", "loan_type": "Commercial", "date": "2023-03-08", "amount": 412136000.0, "lender": "GERMAN AMERICAN CAPITAL", "borrower": "BAF ASSETS 6 LLC", "parent_brand": "Amherst Residential", "matched_address": "5100 CUMBERLAND CT, VILLA RICA, GA, 30180"}}, {"type": "Feature", "geometry": {"type": "Point", "coordinates": [-84.047628002742, 33.882957766068]}, "properties": {"state": "GA", "county": "Gwinnett", "city": "LILBURN", "zip": "30047", "address": "1171 HOLLY HILLS DR SW", "parcelid": "R5011 113", "loan_type": "Commercial", "date": "2023-03-08", "amount": 412136000.0, "lender": "GERMAN AMERICAN CAPITAL", "borrower": "BAF ASSETS 6 LLC", "parent_brand": "Amherst Residential", "matched_address": "1171 HOLLY HILLS DR SW, LILBURN, GA, 30047"}}, {"type": "Feature", "geometry": {"type": "Point", "coordinates": [-84.394984015317, 34.133014965688]}, "properties": {"state": "GA", "county": "Cherokee", "city": "WOODSTOCK", "zip": "30188", "address": "1322 REECE RD", "parcelid": "02N04 253", "loan_type": "Commercial", "date": "2023-03-08", "amount": 412136000.0, "lender": "GERMAN AMERICAN CAPITAL", "borrower": "BAF ASSETS 6 LLC", "parent_brand": "Amherst Residential", "matched_address": "1322 REECE RD, WOODSTOCK, GA, 30188"}}, {"type": "Feature", "geometry": {"type": "Point", "coordinates": [-84.472857244438, 33.412582385783]}, "properties": {"state": "GA", "county": "Fayette", "city": "FAYETTEVILLE", "zip": "30215", "address": "105 REDSPIRE LN", "parcelid": "50905020", "loan_type": "Commercial", "date": "2023-03-08", "amount": 412136000.0, "lender": "GERMAN AMERICAN CAPITAL", "borrower": "BAF ASSETS 6 LLC", "parent_brand": "Amherst Residential", "matched_address": "105 REDSPIRE LN, FAYETTEVILLE, GA, 30215"}}, {"type": "Feature", "geometry": {"type": "Point", "coordinates": [-83.868463323537, 33.441024942847]}, "properties": {"state": "GA", "county": "Newton", "city": "COVINGTON", "zip": "30016", "address": "50 PEBBLE XING", "parcelid": "0071A-00000-020-000", "loan_type": "Commercial", "date": "2023-03-08", "amount": 412136000.0, "lender": "GERMAN AMERICAN CAPITAL", "borrower": "BAF ASSETS 6 LLC", "parent_brand": "Amherst Residential", "matched_address": "50 PEBBLE CROSSING, COVINGTON, GA, 30016"}}, {"type": "Feature", "geometry": {"type": "Point", "coordinates": [-84.068978723002, 33.73266544491]}, "properties": {"state": "GA", "county": "DeKalb", "city": "LITHONIA", "zip": "30058", "address": "1889 DEMILIO DR", "parcelid": "16 198 01 017", "loan_type": "Commercial", "date": "2023-03-08", "amount": 412136000.0, "lender": "GERMAN AMERICAN CAPITAL", "borrower": "BAF ASSETS 6 LLC", "parent_brand": "Amherst Residential", "matched_address": "1889 DEMILIO DR, LITHONIA, GA, 30058"}}, {"type": "Feature", "geometry": {"type": "Point", "coordinates": [-86.626264974194, 36.044134969576]}, "properties": {"state": "TN", "county": "Davidson", "city": "ANTIOCH", "zip": "37013", "address": "101 CEDAR ASH CT", "parcelid": "164-13-0-002-00", "loan_type": "Commercial", "date": "2023-03-08", "amount": 412136000.0, "lender": "GERMAN AMERICAN CAPITAL CORP", "borrower": "BAF ASSETS 6 LLC", "parent_brand": "Amherst Residential", "matched_address": "101 CEDAR ASH CT, ANTIOCH, TN, 37013"}}, {"type": "Feature", "geometry": {"type": "Point", "coordinates": [-86.626264974194, 36.044134969576]}, "properties": {"state": "TN", "county": "Davidson", "city": "ANTIOCH", "zip": "37013", "address": "101 CEDAR ASH CT", "parcelid": "164-13-0-002-00", "loan_type": "Commercial", "date": "01/01/1899", "amount": 412136000.0, "lender": "GERMAN AMERICAN CAPITAL CORP", "borrower": "BAF ASSETS 6 LLC", "parent_brand": "Amherst Residential", "matched_address": "101 CEDAR ASH CT, ANTIOCH, TN, 37013"}}, {"type": "Feature", "geometry": {"type": "Point", "coordinates": [-96.847480040975, 32.573907008291]}, "properties": {"state": "TX", "county": "Dallas", "city": "DESOTO", "zip": "75115", "address": "524 E LARK CT", "parcelid": "2.007000001025e+16", "loan_type": "Commercial", "date": "2024-11-01", "amount": 412136000.0, "lender": "WILMINGTON TRUST NA", "borrower": "BAF ASSETS 6 LLC", "parent_brand": "Amherst Residential", "matched_address": "524 E LARK CT, DESOTO, TX, 75115"}}, {"type": "Feature", "geometry": {"type": "Point", "coordinates": [-97.041095986254, 33.050129927026]}, "properties": {"state": "TX", "county": "Denton", "city": "LEWISVILLE", "zip": "75077", "address": "1826 EL PASO ST", "parcelid": "R08309", "loan_type": "Commercial", "date": "2024-11-01", "amount": 412136000.0, "lender": "WILMINGTON TRUST NA", "borrower": "BAF ASSETS 6 LLC", "parent_brand": "Amherst Residential", "matched_address": "1826 EL PASO ST, LEWISVILLE, TX, 75077"}}, {"type": "Feature", "geometry": {"type": "Point", "coordinates": [-110.773285106341, 32.211283166142]}, "properties": {"state": "AZ", "county": "Pima", "city": "TUCSON", "zip": "85748", "address": "801 S GRANITE FALLS DR", "parcelid": "133-39-5300", "loan_type": "Commercial", "date": "2023-03-08", "amount": 412136000.0, "lender": "GERMAN AMERICAN CAPITAL CORPORATION", "borrower": "BAF ASSETS 6 LLC", "parent_brand": "Amherst Residential", "matched_address": "801 S GRANITE FALLS DR, TUCSON, AZ, 85748"}}, {"type": "Feature", "geometry": {"type": "Point", "coordinates": [-111.099619232701, 32.36625307374]}, "properties": {"state": "AZ", "county": "Pima", "city": "TUCSON", "zip": "85743", "address": "8789 N MUGHO PINE TRL", "parcelid": "226-23-4100", "loan_type": "Commercial", "date": "2023-03-08", "amount": 412136000.0, "lender": "GERMAN AMERICAN CAPITAL CORPORATION", "borrower": "BAF ASSETS 6 LLC", "parent_brand": "Amherst Residential", "matched_address": "8789 N MUGHO PINE TRL, TUCSON, AZ, 85743"}}, {"type": "Feature", "geometry": {"type": "Point", "coordinates": [-110.79497762753, 32.202647975774]}, "properties": {"state": "AZ", "county": "Pima", "city": "TUCSON", "zip": "85710", "address": "9247 E PALM TREE DR", "parcelid": "136-07-2260", "loan_type": "Commercial", "date": "2023-03-08", "amount": 412136000.0, "lender": "GERMAN AMERICAN CAPITAL CORPORATION", "borrower": "BAF ASSETS 6 LLC", "parent_brand": "Amherst Residential", "matched_address": "9247 E PALM TREE DR, TUCSON, AZ, 85710"}}, {"type": "Feature", "geometry": {"type": "Point", "coordinates": [-110.815777832099, 32.17948819054]}, "properties": {"state": "AZ", "county": "Pima", "city": "TUCSON", "zip": "85730", "address": "8270 E NICARAGUA DR", "parcelid": "136-20-0150", "loan_type": "Commercial", "date": "2023-03-08", "amount": 412136000.0, "lender": "GERMAN AMERICAN CAPITAL CORPORATION", "borrower": "BAF ASSETS 6 LLC", "parent_brand": "Amherst Residential", "matched_address": "8270 E NICARAGUA DR, TUCSON, AZ, 85730"}}, {"type": "Feature", "geometry": {"type": "Point", "coordinates": [-110.765868872556, 32.139999707058]}, "properties": {"state": "AZ", "county": "Pima", "city": "TUCSON", "zip": "85747", "address": "10614 E BRIDGEPORT ST", "parcelid": "141-30-1940", "loan_type": "Commercial", "date": "2023-03-08", "amount": 412136000.0, "lender": "GERMAN AMERICAN CAPITAL CORPORATION", "borrower": "BAF ASSETS 6 LLC", "parent_brand": "Amherst Residential", "matched_address": "10614 E BRIDGEPORT ST, TUCSON, AZ, 85747"}}, {"type": "Feature", "geometry": {"type": "Point", "coordinates": [-110.803608667494, 32.110851855565]}, "properties": {"state": "AZ", "county": "Pima", "city": "TUCSON", "zip": "85747", "address": "8845 E MEADOW SPRING PL", "parcelid": "141-11-1510", "loan_type": "Commercial", "date": "2023-03-08", "amount": 412136000.0, "lender": "GERMAN AMERICAN CAPITAL CORPORATION", "borrower": "BAF ASSETS 6 LLC", "parent_brand": "Amherst Residential", "matched_address": "8845 E MEADOW SPRING PL, TUCSON, AZ, 85747"}}, {"type": "Feature", "geometry": {"type": "Point", "coordinates": [-110.979171634889, 32.120906814216]}, "properties": {"state": "AZ", "county": "Pima", "city": "TUCSON", "zip": "85756", "address": "650 W ACADIA DR", "parcelid": "138-23-2570", "loan_type": "Commercial", "date": "2023-03-08", "amount": 412136000.0, "lender": "GERMAN AMERICAN CAPITAL CORPORATION", "borrower": "BAF ASSETS 6 LLC", "parent_brand": "Amherst Residential", "matched_address": "650 W ACADIA DR, TUCSON, AZ, 85756"}}, {"type": "Feature", "geometry": {"type": "Point", "coordinates": [-110.781474931995, 32.099976637336]}, "properties": {"state": "AZ", "county": "Pima", "city": "TUCSON", "zip": "85747", "address": "10041 E PASEO SAN ARDO", "parcelid": "141-19-3770", "loan_type": "Commercial", "date": "2023-03-08", "amount": 412136000.0, "lender": "GERMAN AMERICAN CAPITAL CORPORATION", "borrower": "BAF ASSETS 6 LLC", "parent_brand": "Amherst Residential", "matched_address": "10041 E PSO SAN ARDO, TUCSON, AZ, 85747"}}, {"type": "Feature", "geometry": {"type": "Point", "coordinates": [-110.923959468723, 32.516387726681]}, "properties": {"state": "AZ", "county": "Pinal", "city": "SADDLEBROOKE", "zip": "85739", "address": "60252 E GREYSTONE DR", "parcelid": "305-93-0060", "loan_type": "Commercial", "date": "2023-03-08", "amount": 412136000.0, "lender": "GERMAN AMERICAN CAPITAL CORPORATION", "borrower": "BAF ASSETS 6 LLC", "parent_brand": "Amherst Residential", "matched_address": "60252 GREYSTONE DR, SADDLEBROOKE, AZ, 85739"}}, {"type": "Feature", "geometry": {"type": "Point", "coordinates": [-110.798785603286, 32.202381192684]}, "properties": {"state": "AZ", "county": "Pima", "city": "TUCSON", "zip": "85710", "address": "9061 E 25TH ST", "parcelid": "136-05-041A", "loan_type": "Commercial", "date": "2023-03-08", "amount": 412136000.0, "lender": "GERMAN AMERICAN CAPITAL CORPORATION", "borrower": "BAF ASSETS 6 LLC", "parent_brand": "Amherst Residential", "matched_address": "9061 E 25TH ST, TUCSON, AZ, 85710"}}, {"type": "Feature", "geometry": {"type": "Point", "coordinates": [-110.766802384275, 32.146901616088]}, "properties": {"state": "AZ", "county": "Pima", "city": "TUCSON", "zip": "85747", "address": "10559 E PLEASANT PASTURE DR", "parcelid": "141-35-1930", "loan_type": "Commercial", "date": "2023-03-08", "amount": 412136000.0, "lender": "GERMAN AMERICAN CAPITAL CORPORATION", "borrower": "BAF ASSETS 6 LLC", "parent_brand": "Amherst Residential", "matched_address": "10559 E PLEASANT PASTURE DR, TUCSON, AZ, 85747"}}, {"type": "Feature", "geometry": {"type": "Point", "coordinates": [-110.781404460589, 32.099975788279]}, "properties": {"state": "AZ", "county": "Pima", "city": "TUCSON", "zip": "85747", "address": "10063 E PASEO SAN ARDO", "parcelid": "141-19-4040", "loan_type": "Commercial", "date": "2023-03-08", "amount": 412136000.0, "lender": "GERMAN AMERICAN CAPITAL CORPORATION", "borrower": "BAF ASSETS 6 LLC", "parent_brand": "Amherst Residential", "matched_address": "10063 E PSO SAN ARDO, TUCSON, AZ, 85747"}}, {"type": "Feature", "geometry": {"type": "Point", "coordinates": [-110.766863251229, 32.14537029772]}, "properties": {"state": "AZ", "county": "Pima", "city": "TUCSON", "zip": "85747", "address": "10559 E FOREST FALLS CT", "parcelid": "141-35-0830", "loan_type": "Commercial", "date": "2023-03-08", "amount": 412136000.0, "lender": "GERMAN AMERICAN CAPITAL CORPORATION", "borrower": "BAF ASSETS 6 LLC", "parent_brand": "Amherst Residential", "matched_address": "10559 E FOREST FALLS CT, TUCSON, AZ, 85747"}}, {"type": "Feature", "geometry": {"type": "Point", "coordinates": [-111.045752600406, 32.387807952027]}, "properties": {"state": "AZ", "county": "Pima", "city": "TUCSON", "zip": "85742", "address": "3770 W MESA RIDGE TRL", "parcelid": "224-45-6810", "loan_type": "Commercial", "date": "2023-03-08", "amount": 412136000.0, "lender": "GERMAN AMERICAN CAPITAL CORPORATION", "borrower": "BAF ASSETS 6 LLC", "parent_brand": "Amherst Residential", "matched_address": "3770 W MESA RIDGE TRL, TUCSON, AZ, 85742"}}, {"type": "Feature", "geometry": {"type": "Point", "coordinates": [-110.81632610399, 32.212499764393]}, "properties": {"state": "AZ", "county": "Pima", "city": "TUCSON", "zip": "85710", "address": "635 S TUDOR PL", "parcelid": "134-10-1790", "loan_type": "Commercial", "date": "2023-03-08", "amount": 412136000.0, "lender": "GERMAN AMERICAN CAPITAL CORPORATION", "borrower": "BAF ASSETS 6 LLC", "parent_brand": "Amherst Residential", "matched_address": "635 S TUDOR PL, TUCSON, AZ, 85710"}}, {"type": "Feature", "geometry": {"type": "Point", "coordinates": [-110.911852382061, 32.139284483138]}, "properties": {"state": "AZ", "county": "Pima", "city": "TUCSON", "zip": "85706", "address": "6246 S SUN VIEW WAY", "parcelid": "140-29-4010", "loan_type": "Commercial", "date": "2023-03-08", "amount": 412136000.0, "lender": "GERMAN AMERICAN CAPITAL CORPORATION", "borrower": "BAF ASSETS 6 LLC", "parent_brand": "Amherst Residential", "matched_address": "6246 S SUN VIEW WAY, TUCSON, AZ, 85706"}}, {"type": "Feature", "geometry": {"type": "Point", "coordinates": [-110.774256492614, 32.095087031019]}, "properties": {"state": "AZ", "county": "Pima", "city": "TUCSON", "zip": "85747", "address": "8625 S DESERT SKYLINE PL", "parcelid": "141-18-2370", "loan_type": "Commercial", "date": "2023-03-08", "amount": 412136000.0, "lender": "GERMAN AMERICAN CAPITAL CORPORATION", "borrower": "BAF ASSETS 6 LLC", "parent_brand": "Amherst Residential", "matched_address": "8625 S DESERT SKYLINE PL, TUCSON, AZ, 85747"}}, {"type": "Feature", "geometry": {"type": "Point", "coordinates": [-111.008971499325, 32.141689309612]}, "properties": {"state": "AZ", "county": "Pima", "city": "TUCSON", "zip": "85746", "address": "2010 W BURGUNDY WAY", "parcelid": "137-33-1390", "loan_type": "Commercial", "date": "2023-03-08", "amount": 412136000.0, "lender": "GERMAN AMERICAN CAPITAL CORPORATION", "borrower": "BAF ASSETS 6 LLC", "parent_brand": "Amherst Residential", "matched_address": "2010 W BURGUNDY WAY, TUCSON, AZ, 85746"}}, {"type": "Feature", "geometry": {"type": "Point", "coordinates": [-111.148336701136, 32.134669391124]}, "properties": {"state": "AZ", "county": "Pima", "city": "TUCSON", "zip": "85757", "address": "8579 W PELICAN PL", "parcelid": "210-55-0900", "loan_type": "Commercial", "date": "2023-03-08", "amount": 412136000.0, "lender": "GERMAN AMERICAN CAPITAL CORPORATION", "borrower": "BAF ASSETS 6 LLC", "parent_brand": "Amherst Residential", "matched_address": "8579 W PELICAN PL, TUCSON, AZ, 85757"}}, {"type": "Feature", "geometry": {"type": "Point", "coordinates": [-110.790147305479, 32.104534958086]}, "properties": {"state": "AZ", "county": "Pima", "city": "TUCSON", "zip": "85747", "address": "8136 S CARBURY WAY", "parcelid": "141-14-0710", "loan_type": "Commercial", "date": "2023-03-08", "amount": 412136000.0, "lender": "GERMAN AMERICAN CAPITAL CORPORATION", "borrower": "BAF ASSETS 6 LLC", "parent_brand": "Amherst Residential", "matched_address": "8136 S CARBURY WAY, TUCSON, AZ, 85747"}}, {"type": "Feature", "geometry": {"type": "Point", "coordinates": [-110.864590540639, 32.234574881562]}, "properties": {"state": "AZ", "county": "Pima", "city": "TUCSON", "zip": "85711", "address": "1019 N SONOITA AVE", "parcelid": "127-11-2360", "loan_type": "Commercial", "date": "2023-03-08", "amount": 412136000.0, "lender": "GERMAN AMERICAN CAPITAL CORPORATION", "borrower": "BAF ASSETS 6 LLC", "parent_brand": "Amherst Residential", "matched_address": "1019 N SONOITA AVE, TUCSON, AZ, 85711"}}, {"type": "Feature", "geometry": {"type": "Point", "coordinates": [-111.039259299339, 32.116935745167]}, "properties": {"state": "AZ", "county": "Pima", "city": "TUCSON", "zip": "85746", "address": "3424 W CALLE DE LA BAJADA", "parcelid": "138-29-4080", "loan_type": "Commercial", "date": "2023-03-08", "amount": 412136000.0, "lender": "GERMAN AMERICAN CAPITAL CORPORATION", "borrower": "BAF ASSETS 6 LLC", "parent_brand": "Amherst Residential", "matched_address": "3424 W CLL DE LA BAJADA, TUCSON, AZ, 85746"}}, {"type": "Feature", "geometry": {"type": "Point", "coordinates": [-111.109670866122, 32.11450778634]}, "properties": {"state": "AZ", "county": "Pima", "city": "TUCSON", "zip": "85757", "address": "7539 S MOUNTAIN STAR DR", "parcelid": "210-42-6680", "loan_type": "Commercial", "date": "2023-03-08", "amount": 412136000.0, "lender": "GERMAN AMERICAN CAPITAL CORPORATION", "borrower": "BAF ASSETS 6 LLC", "parent_brand": "Amherst Residential", "matched_address": "7539 S MOUNTAIN STAR DR, TUCSON, AZ, 85757"}}, {"type": "Feature", "geometry": {"type": "Point", "coordinates": [-110.773420543473, 32.210958106876]}, "properties": {"state": "AZ", "county": "Pima", "city": "TUCSON", "zip": "85748", "address": "824 S GRANITE FALLS DR", "parcelid": "133-39-4220", "loan_type": "Commercial", "date": "2023-03-08", "amount": 412136000.0, "lender": "GERMAN AMERICAN CAPITAL CORPORATION", "borrower": "BAF ASSETS 6 LLC", "parent_brand": "Amherst Residential", "matched_address": "824 S GRANITE FALLS DR, TUCSON, AZ, 85748"}}, {"type": "Feature", "geometry": {"type": "Point", "coordinates": [-111.121663838753, 32.371098218864]}, "properties": {"state": "AZ", "county": "Pima", "city": "TUCSON", "zip": "85743", "address": "9061 N PALM BROOK DR", "parcelid": "226-18-5100", "loan_type": "Commercial", "date": "2023-03-08", "amount": 412136000.0, "lender": "GERMAN AMERICAN CAPITAL CORPORATION", "borrower": "BAF ASSETS 6 LLC", "parent_brand": "Amherst Residential", "matched_address": "9061 N PALM BROOK DR, TUCSON, AZ, 85743"}}, {"type": "Feature", "geometry": {"type": "Point", "coordinates": [-110.891454894074, 32.133463305293]}, "properties": {"state": "AZ", "county": "Pima", "city": "TUCSON", "zip": "85756", "address": "4733 E AMERICAN BEAUTY DR", "parcelid": "140-39-7400", "loan_type": "Commercial", "date": "2023-03-08", "amount": 412136000.0, "lender": "GERMAN AMERICAN CAPITAL CORPORATION", "borrower": "BAF ASSETS 6 LLC", "parent_brand": "Amherst Residential", "matched_address": "4733 E AMERICAN BEAUTY DR, TUCSON, AZ, 85756"}}, {"type": "Feature", "geometry": {"type": "Point", "coordinates": [-110.901780913081, 32.13496136683]}, "properties": {"state": "AZ", "county": "Pima", "city": "TUCSON", "zip": "85706", "address": "4241 E CHOLLA DESERT TRL", "parcelid": "140-32-3490", "loan_type": "Commercial", "date": "2023-03-08", "amount": 412136000.0, "lender": "GERMAN AMERICAN CAPITAL CORPORATION", "borrower": "BAF ASSETS 6 LLC", "parent_brand": "Amherst Residential", "matched_address": "4241 E CHOLLA DESERT TRL, TUCSON, AZ, 85706"}}, {"type": "Feature", "geometry": {"type": "Point", "coordinates": [-111.048522094189, 32.347425654997]}, "properties": {"state": "AZ", "county": "Pima", "city": "TUCSON", "zip": "85741", "address": "3861 W NORTH AIRE PL", "parcelid": "225-37-2260", "loan_type": "Commercial", "date": "2023-03-08", "amount": 412136000.0, "lender": "GERMAN AMERICAN CAPITAL CORPORATION", "borrower": "BAF ASSETS 6 LLC", "parent_brand": "Amherst Residential", "matched_address": "3861 W NORTH AIRE PL, TUCSON, AZ, 85741"}}, {"type": "Feature", "geometry": {"type": "Point", "coordinates": [-110.802976600922, 32.112459277839]}, "properties": {"state": "AZ", "county": "Pima", "city": "TUCSON", "zip": "85747", "address": "8886 E MOUNTAIN SPRING DR", "parcelid": "141-11-2040", "loan_type": "Commercial", "date": "2023-03-08", "amount": 412136000.0, "lender": "GERMAN AMERICAN CAPITAL CORPORATION", "borrower": "BAF ASSETS 6 LLC", "parent_brand": "Amherst Residential", "matched_address": "8886 E MOUNTAIN SPRING DR, TUCSON, AZ, 85747"}}, {"type": "Feature", "geometry": {"type": "Point", "coordinates": [-111.072443744742, 32.376759543934]}, "properties": {"state": "AZ", "county": "Pima", "city": "TUCSON", "zip": "85742", "address": "5055 W NIGHTHAWK WAY", "parcelid": "221-09-0680", "loan_type": "Commercial", "date": "2023-03-08", "amount": 412136000.0, "lender": "GERMAN AMERICAN CAPITAL CORPORATION", "borrower": "BAF ASSETS 6 LLC", "parent_brand": "Amherst Residential", "matched_address": "5055 NIGHTHAWK WAY, TUCSON, AZ, 85742"}}, {"type": "Feature", "geometry": {"type": "Point", "coordinates": [-110.793053862258, 32.194116700457]}, "properties": {"state": "AZ", "county": "Pima", "city": "TUCSON", "zip": "85710", "address": "9318 E 33RD ST", "parcelid": "136-33-1880", "loan_type": "Commercial", "date": "2023-03-08", "amount": 412136000.0, "lender": "GERMAN AMERICAN CAPITAL CORPORATION", "borrower": "BAF ASSETS 6 LLC", "parent_brand": "Amherst Residential", "matched_address": "9318 E 33RD ST, TUCSON, AZ, 85710"}}, {"type": "Feature", "geometry": {"type": "Point", "coordinates": [-110.884357963901, 32.129564053567]}, "properties": {"state": "AZ", "county": "Pima", "city": "TUCSON", "zip": "85756", "address": "5090 E BUTTERWEED DR", "parcelid": "140-39-1280", "loan_type": "Commercial", "date": "2023-03-08", "amount": 412136000.0, "lender": "GERMAN AMERICAN CAPITAL CORPORATION", "borrower": "BAF ASSETS 6 LLC", "parent_brand": "Amherst Residential", "matched_address": "5090 E BUTTERWEED DR, TUCSON, AZ, 85756"}}, {"type": "Feature", "geometry": {"type": "Point", "coordinates": [-110.900167510634, 32.146051885953]}, "properties": {"state": "AZ", "county": "Pima", "city": "TUCSON", "zip": "85706", "address": "5872 S ALDORN DR", "parcelid": "140-34-1880", "loan_type": "Commercial", "date": "2023-03-08", "amount": 412136000.0, "lender": "GERMAN AMERICAN CAPITAL CORPORATION", "borrower": "BAF ASSETS 6 LLC", "parent_brand": "Amherst Residential", "matched_address": "5872 S ALDORN DR, TUCSON, AZ, 85706"}}, {"type": "Feature", "geometry": {"type": "Point", "coordinates": [-111.028379616181, 32.24549757436]}, "properties": {"state": "AZ", "county": "Pima", "city": "TUCSON", "zip": "85745", "address": "1942 N ATWOOD AVE", "parcelid": "116-02-0740", "loan_type": "Commercial", "date": "2023-03-08", "amount": 412136000.0, "lender": "GERMAN AMERICAN CAPITAL CORPORATION", "borrower": "BAF ASSETS 6 LLC", "parent_brand": "Amherst Residential", "matched_address": "1942 N ATWOOD AVE, TUCSON, AZ, 85745"}}, {"type": "Feature", "geometry": {"type": "Point", "coordinates": [-111.219397923312, 32.43665527716]}, "properties": {"state": "AZ", "county": "Pima", "city": "MARANA", "zip": "85653", "address": "11896 W BYRON WOLFE DR", "parcelid": "217-56-1960", "loan_type": "Commercial", "date": "2023-03-08", "amount": 412136000.0, "lender": "GERMAN AMERICAN CAPITAL CORPORATION", "borrower": "BAF ASSETS 6 LLC", "parent_brand": "Amherst Residential", "matched_address": "11896 W BYRON WOLFE DR, MARANA, AZ, 85653"}}, {"type": "Feature", "geometry": {"type": "Point", "coordinates": [-111.037378502729, 32.113969964603]}, "properties": {"state": "AZ", "county": "Pima", "city": "TUCSON", "zip": "85746", "address": "3341 W BRACKENBURY CT", "parcelid": "138-35-4140", "loan_type": "Commercial", "date": "2023-03-08", "amount": 412136000.0, "lender": "GERMAN AMERICAN CAPITAL CORPORATION", "borrower": "BAF ASSETS 6 LLC", "parent_brand": "Amherst Residential", "matched_address": "3341 W BRACKENBURY CT, TUCSON, AZ, 85746"}}, {"type": "Feature", "geometry": {"type": "Point", "coordinates": [-110.939883465501, 32.161760830706]}, "properties": {"state": "AZ", "county": "Pima", "city": "TUCSON", "zip": "85706", "address": "2115 E NEVADA ST", "parcelid": "140-12-1300", "loan_type": "Commercial", "date": "2023-03-08", "amount": 412136000.0, "lender": "GERMAN AMERICAN CAPITAL CORPORATION", "borrower": "BAF ASSETS 6 LLC", "parent_brand": "Amherst Residential", "matched_address": "2115 E NEVADA ST, TUCSON, AZ, 85706"}}, {"type": "Feature", "geometry": {"type": "Point", "coordinates": [-110.984701943882, 32.151700154335]}, "properties": {"state": "AZ", "county": "Pima", "city": "TUCSON", "zip": "85706", "address": "5533 S SANTA CRUZ AVE", "parcelid": "137-28-091A", "loan_type": "Commercial", "date": "2023-03-08", "amount": 412136000.0, "lender": "GERMAN AMERICAN CAPITAL CORPORATION", "borrower": "BAF ASSETS 6 LLC", "parent_brand": "Amherst Residential", "matched_address": "5533 S SANTA CRUZ AVE, TUCSON, AZ, 85706"}}, {"type": "Feature", "geometry": {"type": "Point", "coordinates": [-111.026748010472, 32.383899684089]}, "properties": {"state": "AZ", "county": "Pima", "city": "TUCSON", "zip": "85742", "address": "2751 W CAMINO DE LA JOYA", "parcelid": "224-43-2770", "loan_type": "Commercial", "date": "2023-03-08", "amount": 412136000.0, "lender": "GERMAN AMERICAN CAPITAL CORPORATION", "borrower": "BAF ASSETS 6 LLC", "parent_brand": "Amherst Residential", "matched_address": "2751 W CAM DE LA JOYA, TUCSON, AZ, 85742"}}, {"type": "Feature", "geometry": {"type": "Point", "coordinates": [-111.103160066564, 32.121678021869]}, "properties": {"state": "AZ", "county": "Pima", "city": "TUCSON", "zip": "85757", "address": "6454 W SWAN FALLS WAY", "parcelid": "210-54-6730", "loan_type": "Commercial", "date": "2023-03-08", "amount": 412136000.0, "lender": "GERMAN AMERICAN CAPITAL CORPORATION", "borrower": "BAF ASSETS 6 LLC", "parent_brand": "Amherst Residential", "matched_address": "6454 W SWAN FALLS WAY, TUCSON, AZ, 85757"}}, {"type": "Feature", "geometry": {"type": "Point", "coordinates": [-111.113784969184, 32.113803944768]}, "properties": {"state": "AZ", "county": "Pima", "city": "TUCSON", "zip": "85757", "address": "7577 S GRANITE HILL DR", "parcelid": "210-42-0970", "loan_type": "Commercial", "date": "2023-03-08", "amount": 412136000.0, "lender": "GERMAN AMERICAN CAPITAL CORPORATION", "borrower": "BAF ASSETS 6 LLC", "parent_brand": "Amherst Residential", "matched_address": "7577 S GRANITE HILL DR, TUCSON, AZ, 85757"}}, {"type": "Feature", "geometry": {"type": "Point", "coordinates": [-110.812993779483, 32.230791348376]}, "properties": {"state": "AZ", "county": "Pima", "city": "TUCSON", "zip": "85710", "address": "8411 E COLETTE ST", "parcelid": "133-28-0390", "loan_type": "Commercial", "date": "2023-03-08", "amount": 412136000.0, "lender": "GERMAN AMERICAN CAPITAL CORPORATION", "borrower": "BAF ASSETS 6 LLC", "parent_brand": "Amherst Residential", "matched_address": "8411 E COLETTE ST, TUCSON, AZ, 85710"}}, {"type": "Feature", "geometry": {"type": "Point", "coordinates": [-110.78966062392, 32.185616363421]}, "properties": {"state": "AZ", "county": "Pima", "city": "TUCSON", "zip": "85730", "address": "3111 S HARRISON RD", "parcelid": "136-12-4810", "loan_type": "Commercial", "date": "2023-03-08", "amount": 412136000.0, "lender": "GERMAN AMERICAN CAPITAL CORPORATION", "borrower": "BAF ASSETS 6 LLC", "parent_brand": "Amherst Residential", "matched_address": "3111 S HARRISON RD, TUCSON, AZ, 85730"}}, {"type": "Feature", "geometry": {"type": "Point", "coordinates": [-110.76675190858, 32.166049151736]}, "properties": {"state": "AZ", "county": "Pima", "city": "TUCSON", "zip": "85730", "address": "10600 E ELKRIDGE PL", "parcelid": "136-32-1860", "loan_type": "Commercial", "date": "2023-03-08", "amount": 412136000.0, "lender": "GERMAN AMERICAN CAPITAL CORPORATION", "borrower": "BAF ASSETS 6 LLC", "parent_brand": "Amherst Residential", "matched_address": "10600 E ELKRIDGE PL, TUCSON, AZ, 85730"}}, {"type": "Feature", "geometry": {"type": "Point", "coordinates": [-110.737224173888, 32.065717003122]}, "properties": {"state": "AZ", "county": "Pima", "city": "VAIL", "zip": "85641", "address": "11976 E BECKER DR", "parcelid": "305-07-1720", "loan_type": "Commercial", "date": "2023-03-08", "amount": 412136000.0, "lender": "GERMAN AMERICAN CAPITAL CORPORATION", "borrower": "BAF ASSETS 6 LLC", "parent_brand": "Amherst Residential", "matched_address": "11976 E BECKER DR, VAIL, AZ, 85641"}}, {"type": "Feature", "geometry": {"type": "Point", "coordinates": [-110.971708252023, 31.981326094591]}, "properties": {"state": "AZ", "county": "Pima", "city": "SAHUARITA", "zip": "85629", "address": "14797 S CAMINO TIERRA DEL RIO", "parcelid": "303-72-1370", "loan_type": "Commercial", "date": "2023-03-08", "amount": 412136000.0, "lender": "GERMAN AMERICAN CAPITAL CORPORATION", "borrower": "BAF ASSETS 6 LLC", "parent_brand": "Amherst Residential", "matched_address": "14797 S CAM TIERRA DEL RIO, SAHUARITA, AZ, 85629"}}, {"type": "Feature", "geometry": {"type": "Point", "coordinates": [-112.085911049327, 33.386191521049]}, "properties": {"state": "AZ", "county": "Maricopa", "city": "PHOENIX", "zip": "85041", "address": "6606 S 10TH DR", "parcelid": "105-83-368", "loan_type": "Commercial", "date": "2023-03-01", "amount": 412136000.0, "lender": "GERMAN AMERICAN CAPITAL CORPORATION", "borrower": "BAF ASSETS 6 LLC", "parent_brand": "Amherst Residential", "matched_address": "6606 S 10TH DR, PHOENIX, AZ, 85041"}}, {"type": "Feature", "geometry": {"type": "Point", "coordinates": [-112.091340009074, 33.391267187336]}, "properties": {"state": "AZ", "county": "Maricopa", "city": "PHOENIX", "zip": "85041", "address": "1518 W LYNNE LN", "parcelid": "105-84-569", "loan_type": "Commercial", "date": "2023-03-01", "amount": 412136000.0, "lender": "GERMAN AMERICAN CAPITAL CORPORATION", "borrower": "BAF ASSETS 6 LLC", "parent_brand": "Amherst Residential", "matched_address": "1518 W LYNNE LN, PHOENIX, AZ, 85041"}}, {"type": "Feature", "geometry": {"type": "Point", "coordinates": [-112.111018147177, 33.399529187231]}, "properties": {"state": "AZ", "county": "Maricopa", "city": "PHOENIX", "zip": "85041", "address": "2420 W ROESER RD", "parcelid": "105-65-619", "loan_type": "Commercial", "date": "2023-03-01", "amount": 412136000.0, "lender": "GERMAN AMERICAN CAPITAL CORPORATION", "borrower": "BAF ASSETS 6 LLC", "parent_brand": "Amherst Residential", "matched_address": "2420 W ROESER RD, PHOENIX, AZ, 85041"}}, {"type": "Feature", "geometry": {"type": "Point", "coordinates": [-112.163919426006, 33.63045787367]}, "properties": {"state": "AZ", "county": "Maricopa", "city": "GLENDALE", "zip": "85306", "address": "16001 N 49TH AVE", "parcelid": "207-28-191", "loan_type": "Commercial", "date": "2023-03-01", "amount": 412136000.0, "lender": "GERMAN AMERICAN CAPITAL CORPORATION", "borrower": "BAF ASSETS 6 LLC", "parent_brand": "Amherst Residential", "matched_address": "16001 N 49TH AVE, GLENDALE, AZ, 85306"}}, {"type": "Feature", "geometry": {"type": "Point", "coordinates": [-112.115618106837, 33.400456756578]}, "properties": {"state": "AZ", "county": "Maricopa", "city": "PHOENIX", "zip": "85041", "address": "5030 S 26TH LN", "parcelid": "105-65-415", "loan_type": "Commercial", "date": "2023-03-01", "amount": 412136000.0, "lender": "GERMAN AMERICAN CAPITAL CORPORATION", "borrower": "BAF ASSETS 6 LLC", "parent_brand": "Amherst Residential", "matched_address": "5030 S 26TH LN, PHOENIX, AZ, 85041"}}, {"type": "Feature", "geometry": {"type": "Point", "coordinates": [-112.094481604641, 33.390996343573]}, "properties": {"state": "AZ", "county": "Maricopa", "city": "PHOENIX", "zip": "85041", "address": "6034 S 16TH LN", "parcelid": "105-84-439", "loan_type": "Commercial", "date": "2023-03-01", "amount": 412136000.0, "lender": "GERMAN AMERICAN CAPITAL CORPORATION", "borrower": "BAF ASSETS 6 LLC", "parent_brand": "Amherst Residential", "matched_address": "6034 S 16TH LN, PHOENIX, AZ, 85041"}}, {"type": "Feature", "geometry": {"type": "Point", "coordinates": [-112.088780300752, 33.661996150347]}, "properties": {"state": "AZ", "county": "Maricopa", "city": "PHOENIX", "zip": "85027", "address": "1334 W UTOPIA RD", "parcelid": "209-22-042", "loan_type": "Commercial", "date": "01/01/1899", "amount": 412136000.0, "lender": "GERMAN AMERICAN CAPITAL CORPORATION", "borrower": "BAF ASSETS 6 LLC", "parent_brand": "Amherst Residential", "matched_address": "1334 W UTOPIA RD, PHOENIX, AZ, 85027"}}, {"type": "Feature", "geometry": {"type": "Point", "coordinates": [-111.624048679994, 33.423498748679]}, "properties": {"state": "AZ", "county": "Maricopa", "city": "MESA", "zip": "85207", "address": "438 N 96TH ST", "parcelid": "220-21-375", "loan_type": "Commercial", "date": "01/01/1899", "amount": 412136000.0, "lender": "GERMAN AMERICAN CAPITAL CORPORATION", "borrower": "BAF ASSETS 6 LLC", "parent_brand": "Amherst Residential", "matched_address": "438 N 96TH ST, MESA, AZ, 85207"}}, {"type": "Feature", "geometry": {"type": "Point", "coordinates": [-112.314375654718, 33.425370403755]}, "properties": {"state": "AZ", "county": "Maricopa", "city": "AVONDALE", "zip": "85323", "address": "11796 W LOCUST LN", "parcelid": "500-32-266", "loan_type": "Commercial", "date": "01/01/1899", "amount": 412136000.0, "lender": "GERMAN AMERICAN CAPITAL CORPORATION", "borrower": "BAF ASSETS 6 LLC", "parent_brand": "Amherst Residential", "matched_address": "11796 W LOCUST LN, AVONDALE, AZ, 85323"}}, {"type": "Feature", "geometry": {"type": "Point", "coordinates": [-112.051350386538, 33.659272984282]}, "properties": {"state": "AZ", "county": "Maricopa", "city": "PHOENIX", "zip": "85024", "address": "1437 E TOPEKA DR", "parcelid": "213-24-174", "loan_type": "Commercial", "date": "01/01/1899", "amount": 412136000.0, "lender": "GERMAN AMERICAN CAPITAL CORPORATION", "borrower": "BAF ASSETS 6 LLC", "parent_brand": "Amherst Residential", "matched_address": "1437 E TOPEKA DR, PHOENIX, AZ, 85024"}}, {"type": "Feature", "geometry": {"type": "Point", "coordinates": [-111.963823427993, 33.424188804599]}, "properties": {"state": "AZ", "county": "Maricopa", "city": "TEMPE", "zip": "85281", "address": "1543 W 6TH ST", "parcelid": "124-72-114", "loan_type": "Commercial", "date": "01/01/1899", "amount": 412136000.0, "lender": "GERMAN AMERICAN CAPITAL CORPORATION", "borrower": "BAF ASSETS 6 LLC", "parent_brand": "Amherst Residential", "matched_address": "1543 W 6TH ST, TEMPE, AZ, 85281"}}, {"type": "Feature", "geometry": {"type": "Point", "coordinates": [-112.141248321364, 33.650194556125]}, "properties": {"state": "AZ", "county": "Maricopa", "city": "GLENDALE", "zip": "85308", "address": "3813 W VILLA RITA DR", "parcelid": "207-20-388", "loan_type": "Commercial", "date": "01/01/1899", "amount": 412136000.0, "lender": "GERMAN AMERICAN CAPITAL CORPORATION", "borrower": "BAF ASSETS 6 LLC", "parent_brand": "Amherst Residential", "matched_address": "3813 W VILLA RITA DR, GLENDALE, AZ, 85308"}}, {"type": "Feature", "geometry": {"type": "Point", "coordinates": [-112.386939890443, 33.592798660905]}, "properties": {"state": "AZ", "county": "Maricopa", "city": "SURPRISE", "zip": "85379", "address": "15165 W RIVIERA DR", "parcelid": "501-96-182", "loan_type": "Commercial", "date": "01/01/1899", "amount": 412136000.0, "lender": "GERMAN AMERICAN CAPITAL CORPORATION", "borrower": "BAF ASSETS 6 LLC", "parent_brand": "Amherst Residential", "matched_address": "15165 W RIVIERA DR, SURPRISE, AZ, 85379"}}, {"type": "Feature", "geometry": {"type": "Point", "coordinates": [-112.02493452104, 33.411664090129]}, "properties": {"state": "AZ", "county": "Maricopa", "city": "PHOENIX", "zip": "85040", "address": "3839 S 26TH ST", "parcelid": "122-22-007", "loan_type": "Commercial", "date": "01/01/1899", "amount": 412136000.0, "lender": "GERMAN AMERICAN CAPITAL CORPORATION", "borrower": "BAF ASSETS 6 LLC", "parent_brand": "Amherst Residential", "matched_address": "3839 S 26TH ST, PHOENIX, AZ, 85040"}}, {"type": "Feature", "geometry": {"type": "Point", "coordinates": [-112.165107426912, 33.636941983583]}, "properties": {"state": "AZ", "county": "Maricopa", "city": "GLENDALE", "zip": "85306", "address": "4925 W PHELPS RD", "parcelid": "207-27-135", "loan_type": "Commercial", "date": "01/01/1899", "amount": 412136000.0, "lender": "GERMAN AMERICAN CAPITAL CORPORATION", "borrower": "BAF ASSETS 6 LLC", "parent_brand": "Amherst Residential", "matched_address": "4925 W PHELPS RD, GLENDALE, AZ, 85306"}}, {"type": "Feature", "geometry": {"type": "Point", "coordinates": [-112.141677494421, 33.564723709513]}, "properties": {"state": "AZ", "county": "Maricopa", "city": "PHOENIX", "zip": "85051", "address": "3816 W TOWNLEY AVE", "parcelid": "150-21-073", "loan_type": "Commercial", "date": "01/01/1899", "amount": 412136000.0, "lender": "GERMAN AMERICAN CAPITAL CORPORATION", "borrower": "BAF ASSETS 6 LLC", "parent_brand": "Amherst Residential", "matched_address": "3816 W TOWNLEY AVE, PHOENIX, AZ, 85051"}}, {"type": "Feature", "geometry": {"type": "Point", "coordinates": [-112.337115016187, 33.595165137673]}, "properties": {"state": "AZ", "county": "Maricopa", "city": "EL MIRAGE", "zip": "85335", "address": "12210 N 128TH DR", "parcelid": "509-09-207", "loan_type": "Commercial", "date": "01/01/1899", "amount": 412136000.0, "lender": "GERMAN AMERICAN CAPITAL CORPORATION", "borrower": "BAF ASSETS 6 LLC", "parent_brand": "Amherst Residential", "matched_address": "12210 N 128TH DR, EL MIRAGE, AZ, 85335"}}, {"type": "Feature", "geometry": {"type": "Point", "coordinates": [-111.754896448592, 33.40101181072]}, "properties": {"state": "AZ", "county": "Maricopa", "city": "MESA", "zip": "85204", "address": "3548 E PUEBLO AVE", "parcelid": "140-39-101", "loan_type": "Commercial", "date": "01/01/1899", "amount": 412136000.0, "lender": "GERMAN AMERICAN CAPITAL CORPORATION", "borrower": "BAF ASSETS 6 LLC", "parent_brand": "Amherst Residential", "matched_address": "3548 E PUEBLO AVE, MESA, AZ, 85204"}}, {"type": "Feature", "geometry": {"type": "Point", "coordinates": [-111.989518792492, 33.388655480105]}, "properties": {"state": "AZ", "county": "Maricopa", "city": "PHOENIX", "zip": "85042", "address": "4301 E SAINT CATHERINE AVE", "parcelid": "123-58-218", "loan_type": "Commercial", "date": "01/01/1899", "amount": 412136000.0, "lender": "GERMAN AMERICAN CAPITAL CORPORATION", "borrower": "BAF ASSETS 6 LLC", "parent_brand": "Amherst Residential", "matched_address": "4301 E SAINT CATHERINE AVE, PHOENIX, AZ, 85042"}}, {"type": "Feature", "geometry": {"type": "Point", "coordinates": [-111.797612026527, 33.39470758021]}, "properties": {"state": "AZ", "county": "Maricopa", "city": "MESA", "zip": "85204", "address": "1541 E FLOWER CIR", "parcelid": "139-05-129", "loan_type": "Commercial", "date": "01/01/1899", "amount": 412136000.0, "lender": "GERMAN AMERICAN CAPITAL CORPORATION", "borrower": "BAF ASSETS 6 LLC", "parent_brand": "Amherst Residential", "matched_address": "1541 E FLOWER CIR, MESA, AZ, 85204"}}, {"type": "Feature", "geometry": {"type": "Point", "coordinates": [-112.253479888526, 33.422914633871]}, "properties": {"state": "AZ", "county": "Maricopa", "city": "TOLLESON", "zip": "85353", "address": "9013 W TORONTO WAY", "parcelid": "101-57-268", "loan_type": "Commercial", "date": "01/01/1899", "amount": 412136000.0, "lender": "GERMAN AMERICAN CAPITAL CORPORATION", "borrower": "BAF ASSETS 6 LLC", "parent_brand": "Amherst Residential", "matched_address": "9013 W TORONTO WAY, TOLLESON, AZ, 85353"}}, {"type": "Feature", "geometry": {"type": "Point", "coordinates": [-112.136756179792, 33.62089984736]}, "properties": {"state": "AZ", "county": "Maricopa", "city": "PHOENIX", "zip": "85053", "address": "3622 W BANFF LN", "parcelid": "207-10-378", "loan_type": "Commercial", "date": "01/01/1899", "amount": 412136000.0, "lender": "GERMAN AMERICAN CAPITAL CORPORATION", "borrower": "BAF ASSETS 6 LLC", "parent_brand": "Amherst Residential", "matched_address": "3622 W BANFF LN, PHOENIX, AZ, 85053"}}, {"type": "Feature", "geometry": {"type": "Point", "coordinates": [-111.980123309762, 33.645433583863]}, "properties": {"state": "AZ", "county": "Maricopa", "city": "PHOENIX", "zip": "85032", "address": "17442 N 47TH ST", "parcelid": "215-18-250", "loan_type": "Commercial", "date": "01/01/1899", "amount": 412136000.0, "lender": "GERMAN AMERICAN CAPITAL CORPORATION", "borrower": "BAF ASSETS 6 LLC", "parent_brand": "Amherst Residential", "matched_address": "17442 N 47TH ST, PHOENIX, AZ, 85032"}}, {"type": "Feature", "geometry": {"type": "Point", "coordinates": [-112.174390230114, 33.563230168271]}, "properties": {"state": "AZ", "county": "Maricopa", "city": "GLENDALE", "zip": "85302", "address": "5320 W DIANA AVE", "parcelid": "148-20-233", "loan_type": "Commercial", "date": "01/01/1899", "amount": 412136000.0, "lender": "GERMAN AMERICAN CAPITAL CORPORATION", "borrower": "BAF ASSETS 6 LLC", "parent_brand": "Amherst Residential", "matched_address": "5320 W DIANA AVE, GLENDALE, AZ, 85302"}}, {"type": "Feature", "geometry": {"type": "Point", "coordinates": [-111.857752374417, 33.42600883863]}, "properties": {"state": "AZ", "county": "Maricopa", "city": "MESA", "zip": "85201", "address": "555 N ELM", "parcelid": "135-32-155", "loan_type": "Commercial", "date": "01/01/1899", "amount": 412136000.0, "lender": "GERMAN AMERICAN CAPITAL CORPORATION", "borrower": "BAF ASSETS 6 LLC", "parent_brand": "Amherst Residential", "matched_address": "555 N ELM, MESA, AZ, 85201"}}, {"type": "Feature", "geometry": {"type": "Point", "coordinates": [-112.138798116124, 33.711822344017]}, "properties": {"state": "AZ", "county": "Maricopa", "city": "GLENDALE", "zip": "85310", "address": "24838 N 36TH DR", "parcelid": "205-15-410", "loan_type": "Commercial", "date": "01/01/1899", "amount": 412136000.0, "lender": "GERMAN AMERICAN CAPITAL CORPORATION", "borrower": "BAF ASSETS 6 LLC", "parent_brand": "Amherst Residential", "matched_address": "24838 N 36TH DR, GLENDALE, AZ, 85310"}}, {"type": "Feature", "geometry": {"type": "Point", "coordinates": [-112.179316145363, 33.578679791656]}, "properties": {"state": "AZ", "county": "Maricopa", "city": "GLENDALE", "zip": "85302", "address": "10208 N 56TH AVE", "parcelid": "148-23-278", "loan_type": "Commercial", "date": "01/01/1899", "amount": 412136000.0, "lender": "GERMAN AMERICAN CAPITAL CORPORATION", "borrower": "BAF ASSETS 6 LLC", "parent_brand": "Amherst Residential", "matched_address": "10208 N 56TH AVE, GLENDALE, AZ, 85302"}}, {"type": "Feature", "geometry": {"type": "Point", "coordinates": [-112.121665237772, 33.619337353429]}, "properties": {"state": "AZ", "county": "Maricopa", "city": "PHOENIX", "zip": "85053", "address": "2923 W COUNTRY GABLES DR", "parcelid": "207-35-032", "loan_type": "Commercial", "date": "01/01/1899", "amount": 412136000.0, "lender": "GERMAN AMERICAN CAPITAL CORPORATION", "borrower": "BAF ASSETS 6 LLC", "parent_brand": "Amherst Residential", "matched_address": "2923 W COUNTRY GABLES DR, PHOENIX, AZ, 85053"}}, {"type": "Feature", "geometry": {"type": "Point", "coordinates": [-112.132086436099, 33.62066156685]}, "properties": {"state": "AZ", "county": "Maricopa", "city": "PHOENIX", "zip": "85053", "address": "3449 W BANFF LN", "parcelid": "207-09-231", "loan_type": "Commercial", "date": "01/01/1899", "amount": 412136000.0, "lender": "GERMAN AMERICAN CAPITAL CORPORATION", "borrower": "BAF ASSETS 6 LLC", "parent_brand": "Amherst Residential", "matched_address": "3449 W BANFF LN, PHOENIX, AZ, 85053"}}, {"type": "Feature", "geometry": {"type": "Point", "coordinates": [-112.043681084241, 33.638364559771]}, "properties": {"state": "AZ", "county": "Maricopa", "city": "PHOENIX", "zip": "85022", "address": "1815 E HAMEL WAY", "parcelid": "214-20-431", "loan_type": "Commercial", "date": "01/01/1899", "amount": 412136000.0, "lender": "GERMAN AMERICAN CAPITAL CORPORATION", "borrower": "BAF ASSETS 6 LLC", "parent_brand": "Amherst Residential", "matched_address": "1815 E HAMEL WAY, PHOENIX, AZ, 85022"}}, {"type": "Feature", "geometry": {"type": "Point", "coordinates": [-112.408300870792, 33.617416686305]}, "properties": {"state": "AZ", "county": "Maricopa", "city": "SURPRISE", "zip": "85379", "address": "16245 W LISBON LN", "parcelid": "509-11-362", "loan_type": "Commercial", "date": "01/01/1899", "amount": 412136000.0, "lender": "GERMAN AMERICAN CAPITAL CORPORATION", "borrower": "BAF ASSETS 6 LLC", "parent_brand": "Amherst Residential", "matched_address": "16245 W LISBON LN, SURPRISE, AZ, 85379"}}, {"type": "Feature", "geometry": {"type": "Point", "coordinates": [-112.17525190119, 33.393418457181]}, "properties": {"state": "AZ", "county": "Maricopa", "city": "LAVEEN", "zip": "85339", "address": "5422 W JESSICA LN", "parcelid": "104-74-116", "loan_type": "Commercial", "date": "01/01/1899", "amount": 412136000.0, "lender": "GERMAN AMERICAN CAPITAL CORPORATION", "borrower": "BAF ASSETS 6 LLC", "parent_brand": "Amherst Residential", "matched_address": "5422 W JESSICA LN, LAVEEN, AZ, 85339"}}, {"type": "Feature", "geometry": {"type": "Point", "coordinates": [-112.13887685592, 33.614701159415]}, "properties": {"state": "AZ", "county": "Maricopa", "city": "PHOENIX", "zip": "85053", "address": "3740 W HEARN RD", "parcelid": "207-11-419", "loan_type": "Commercial", "date": "01/01/1899", "amount": 412136000.0, "lender": "GERMAN AMERICAN CAPITAL CORPORATION", "borrower": "BAF ASSETS 6 LLC", "parent_brand": "Amherst Residential", "matched_address": "3740 W HEARN RD, PHOENIX, AZ, 85053"}}, {"type": "Feature", "geometry": {"type": "Point", "coordinates": [-112.136902759876, 33.592338570948]}, "properties": {"state": "AZ", "county": "Maricopa", "city": "PHOENIX", "zip": "85029", "address": "3623 W SUNNYSIDE AVE", "parcelid": "149-32-138", "loan_type": "Commercial", "date": "01/01/1899", "amount": 412136000.0, "lender": "GERMAN AMERICAN CAPITAL CORPORATION", "borrower": "BAF ASSETS 6 LLC", "parent_brand": "Amherst Residential", "matched_address": "3623 W SUNNYSIDE AVE, PHOENIX, AZ, 85029"}}, {"type": "Feature", "geometry": {"type": "Point", "coordinates": [-112.209754168884, 33.509638314291]}, "properties": {"state": "AZ", "county": "Maricopa", "city": "GLENDALE", "zip": "85303", "address": "7007 W PASADENA AVE", "parcelid": "144-24-583", "loan_type": "Commercial", "date": "01/01/1899", "amount": 412136000.0, "lender": "GERMAN AMERICAN CAPITAL CORPORATION", "borrower": "BAF ASSETS 6 LLC", "parent_brand": "Amherst Residential", "matched_address": "7007 W PASADENA AVE, GLENDALE, AZ, 85303"}}, {"type": "Feature", "geometry": {"type": "Point", "coordinates": [-112.177609274135, 33.557846917358]}, "properties": {"state": "AZ", "county": "Maricopa", "city": "GLENDALE", "zip": "85302", "address": "8346 N 55TH AVE", "parcelid": "148-14-032", "loan_type": "Commercial", "date": "01/01/1899", "amount": 412136000.0, "lender": "GERMAN AMERICAN CAPITAL CORPORATION", "borrower": "BAF ASSETS 6 LLC", "parent_brand": "Amherst Residential", "matched_address": "8346 N 55TH AVE, GLENDALE, AZ, 85302"}}, {"type": "Feature", "geometry": {"type": "Point", "coordinates": [-112.088059391321, 33.655049816622]}, "properties": {"state": "AZ", "county": "Maricopa", "city": "PHOENIX", "zip": "85027", "address": "1323 W RENEE DR", "parcelid": "209-13-299", "loan_type": "Commercial", "date": "01/01/1899", "amount": 412136000.0, "lender": "GERMAN AMERICAN CAPITAL CORPORATION", "borrower": "BAF ASSETS 6 LLC", "parent_brand": "Amherst Residential", "matched_address": "1323 W RENEE DR, PHOENIX, AZ, 85027"}}, {"type": "Feature", "geometry": {"type": "Point", "coordinates": [-111.904177003672, 33.293701856364]}, "properties": {"state": "AZ", "county": "Maricopa", "city": "CHANDLER", "zip": "85226", "address": "616 S KENWOOD LN", "parcelid": "301-65-694", "loan_type": "Commercial", "date": "01/01/1899", "amount": 412136000.0, "lender": "GERMAN AMERICAN CAPITAL CORPORATION", "borrower": "BAF ASSETS 6 LLC", "parent_brand": "Amherst Residential", "matched_address": "616 S KENWOOD LN, CHANDLER, AZ, 85226"}}, {"type": "Feature", "geometry": {"type": "Point", "coordinates": [-112.154268469259, 33.561072576107]}, "properties": {"state": "AZ", "county": "Maricopa", "city": "GLENDALE", "zip": "85302", "address": "4407 W SELDON LN", "parcelid": "148-10-019", "loan_type": "Commercial", "date": "01/01/1899", "amount": 412136000.0, "lender": "GERMAN AMERICAN CAPITAL CORPORATION", "borrower": "BAF ASSETS 6 LLC", "parent_brand": "Amherst Residential", "matched_address": "4407 W SELDON LN, GLENDALE, AZ, 85302"}}, {"type": "Feature", "geometry": {"type": "Point", "coordinates": [-111.927682622344, 33.387787478272]}, "properties": {"state": "AZ", "county": "Maricopa", "city": "TEMPE", "zip": "85282", "address": "746 E HERMOSA DR", "parcelid": "133-41-347", "loan_type": "Commercial", "date": "01/01/1899", "amount": 412136000.0, "lender": "GERMAN AMERICAN CAPITAL CORPORATION", "borrower": "BAF ASSETS 6 LLC", "parent_brand": "Amherst Residential", "matched_address": "746 E HERMOSA DR, TEMPE, AZ, 85282"}}, {"type": "Feature", "geometry": {"type": "Point", "coordinates": [-111.836888720736, 33.445571453017]}, "properties": {"state": "AZ", "county": "Maricopa", "city": "MESA", "zip": "85201", "address": "305 W IVYGLEN ST", "parcelid": "136-18-047", "loan_type": "Commercial", "date": "01/01/1899", "amount": 412136000.0, "lender": "GERMAN AMERICAN CAPITAL CORPORATION", "borrower": "BAF ASSETS 6 LLC", "parent_brand": "Amherst Residential", "matched_address": "305 W IVYGLEN ST, MESA, AZ, 85201"}}, {"type": "Feature", "geometry": {"type": "Point", "coordinates": [-112.145105331162, 33.380452073373]}, "properties": {"state": "AZ", "county": "Maricopa", "city": "PHOENIX", "zip": "85041", "address": "4026 W PARK ST", "parcelid": "105-89-505", "loan_type": "Commercial", "date": "01/01/1899", "amount": 412136000.0, "lender": "GERMAN AMERICAN CAPITAL CORPORATION", "borrower": "BAF ASSETS 6 LLC", "parent_brand": "Amherst Residential", "matched_address": "4026 W PARK ST, PHOENIX, AZ, 85041"}}, {"type": "Feature", "geometry": {"type": "Point", "coordinates": [-111.621651595216, 33.420955705891]}, "properties": {"state": "AZ", "county": "Maricopa", "city": "MESA", "zip": "85207", "address": "9706 E BUTTE ST", "parcelid": "220-29-062", "loan_type": "Commercial", "date": "01/01/1899", "amount": 412136000.0, "lender": "GERMAN AMERICAN CAPITAL CORPORATION", "borrower": "BAF ASSETS 6 LLC", "parent_brand": "Amherst Residential", "matched_address": "9706 E BUTTE ST, MESA, AZ, 85207"}}, {"type": "Feature", "geometry": {"type": "Point", "coordinates": [-112.245045910019, 33.420226974463]}, "properties": {"state": "AZ", "county": "Maricopa", "city": "TOLLESON", "zip": "85353", "address": "8602 W KINGMAN ST", "parcelid": "101-30-094", "loan_type": "Commercial", "date": "01/01/1899", "amount": 412136000.0, "lender": "GERMAN AMERICAN CAPITAL CORPORATION", "borrower": "BAF ASSETS 6 LLC", "parent_brand": "Amherst Residential", "matched_address": "8602 W KINGMAN ST, TOLLESON, AZ, 85353"}}, {"type": "Feature", "geometry": {"type": "Point", "coordinates": [-111.762320097733, 33.356441752721]}, "properties": {"state": "AZ", "county": "Maricopa", "city": "GILBERT", "zip": "85234", "address": "1308 E LIBERTY SHORES DR", "parcelid": "309-01-057", "loan_type": "Commercial", "date": "01/01/1899", "amount": 412136000.0, "lender": "GERMAN AMERICAN CAPITAL CORPORATION", "borrower": "BAF ASSETS 6 LLC", "parent_brand": "Amherst Residential", "matched_address": "1308 E LIBERTY SHORES DR, GILBERT, AZ, 85234"}}, {"type": "Feature", "geometry": {"type": "Point", "coordinates": [-112.039368240831, 33.68982226338]}, "properties": {"state": "AZ", "county": "Maricopa", "city": "PHOENIX", "zip": "85024", "address": "22419 N 20TH PL", "parcelid": "213-03-414", "loan_type": "Commercial", "date": "01/01/1899", "amount": 412136000.0, "lender": "GERMAN AMERICAN CAPITAL CORPORATION", "borrower": "BAF ASSETS 6 LLC", "parent_brand": "Amherst Residential", "matched_address": "22419 N 20TH PL, PHOENIX, AZ, 85024"}}, {"type": "Feature", "geometry": {"type": "Point", "coordinates": [-112.152904918029, 33.659400770763]}, "properties": {"state": "AZ", "county": "Maricopa", "city": "GLENDALE", "zip": "85308", "address": "4338 W WESTCOTT DR", "parcelid": "206-32-898", "loan_type": "Commercial", "date": "01/01/1899", "amount": 412136000.0, "lender": "GERMAN AMERICAN CAPITAL CORPORATION", "borrower": "BAF ASSETS 6 LLC", "parent_brand": "Amherst Residential", "matched_address": "4338 W WESCOTT DR, GLENDALE, AZ, 85308"}}, {"type": "Feature", "geometry": {"type": "Point", "coordinates": [-112.197951078837, 33.376295778245]}, "properties": {"state": "AZ", "county": "Maricopa", "city": "LAVEEN", "zip": "85339", "address": "6450 W VALENCIA DR", "parcelid": "300-13-404", "loan_type": "Commercial", "date": "01/01/1899", "amount": 412136000.0, "lender": "GERMAN AMERICAN CAPITAL CORPORATION", "borrower": "BAF ASSETS 6 LLC", "parent_brand": "Amherst Residential", "matched_address": "6450 W VALENCIA DR, LAVEEN, AZ, 85339"}}, {"type": "Feature", "geometry": {"type": "Point", "coordinates": [-112.430661167976, 33.431238608194]}, "properties": {"state": "AZ", "county": "Maricopa", "city": "GOODYEAR", "zip": "85338", "address": "17263 W MEGHAN DR", "parcelid": "502-43-255", "loan_type": "Commercial", "date": "01/01/1899", "amount": 412136000.0, "lender": "GERMAN AMERICAN CAPITAL CORPORATION", "borrower": "BAF ASSETS 6 LLC", "parent_brand": "Amherst Residential", "matched_address": "17263 W MEGHAN DR, GOODYEAR, AZ, 85338"}}, {"type": "Feature", "geometry": {"type": "Point", "coordinates": [-112.028066814256, 33.371174081644]}, "properties": {"state": "AZ", "county": "Maricopa", "city": "PHOENIX", "zip": "85042", "address": "8215 S 25TH PL", "parcelid": "301-26-144", "loan_type": "Commercial", "date": "01/01/1899", "amount": 412136000.0, "lender": "GERMAN AMERICAN CAPITAL CORPORATION", "borrower": "BAF ASSETS 6 LLC", "parent_brand": "Amherst Residential", "matched_address": "8215 S 25TH PL, PHOENIX, AZ, 85042"}}, {"type": "Feature", "geometry": {"type": "Point", "coordinates": [-112.354762066898, 33.631120650235]}, "properties": {"state": "AZ", "county": "Maricopa", "city": "SURPRISE", "zip": "85374", "address": "16203 N BASL LN", "parcelid": "501-91-627", "loan_type": "Commercial", "date": "01/01/1899", "amount": 412136000.0, "lender": "GERMAN AMERICAN CAPITAL CORPORATION", "borrower": "BAF ASSETS 6 LLC", "parent_brand": "Amherst Residential", "matched_address": "16203 N BASL LN, SURPRISE, AZ, 85374"}}, {"type": "Feature", "geometry": {"type": "Point", "coordinates": [-112.149710650751, 33.588369572162]}, "properties": {"state": "AZ", "county": "Maricopa", "city": "PHOENIX", "zip": "85029", "address": "4209 W GARDEN DR", "parcelid": "149-34-059", "loan_type": "Commercial", "date": "01/01/1899", "amount": 412136000.0, "lender": "GERMAN AMERICAN CAPITAL CORPORATION", "borrower": "BAF ASSETS 6 LLC", "parent_brand": "Amherst Residential", "matched_address": "4209 W GARDEN DR, PHOENIX, AZ, 85029"}}, {"type": "Feature", "geometry": {"type": "Point", "coordinates": [-112.15326095841, 33.664016447611]}, "properties": {"state": "AZ", "county": "Maricopa", "city": "GLENDALE", "zip": "85308", "address": "4332 W TONTO RD", "parcelid": "206-31-164", "loan_type": "Commercial", "date": "01/01/1899", "amount": 412136000.0, "lender": "GERMAN AMERICAN CAPITAL CORPORATION", "borrower": "BAF ASSETS 6 LLC", "parent_brand": "Amherst Residential", "matched_address": "4332 W TONTO RD, GLENDALE, AZ, 85308"}}, {"type": "Feature", "geometry": {"type": "Point", "coordinates": [-112.364276179648, 33.610106607798]}, "properties": {"state": "AZ", "county": "Maricopa", "city": "SURPRISE", "zip": "85379", "address": "14133 W BOCA RATON RD", "parcelid": "509-17-365", "loan_type": "Commercial", "date": "01/01/1899", "amount": 412136000.0, "lender": "GERMAN AMERICAN CAPITAL CORPORATION", "borrower": "BAF ASSETS 6 LLC", "parent_brand": "Amherst Residential", "matched_address": "14133 W BOCA RATON RD, SURPRISE, AZ, 85379"}}, {"type": "Feature", "geometry": {"type": "Point", "coordinates": [-112.344255700399, 33.531898339335]}, "properties": {"state": "AZ", "county": "Maricopa", "city": "GLENDALE", "zip": "85307", "address": "13242 W TUCKEY LN", "parcelid": "501-57-067", "loan_type": "Commercial", "date": "01/01/1899", "amount": 412136000.0, "lender": "GERMAN AMERICAN CAPITAL CORPORATION", "borrower": "BAF ASSETS 6 LLC", "parent_brand": "Amherst Residential", "matched_address": "13242 W TUCKEY LN, GLENDALE, AZ, 85307"}}, {"type": "Feature", "geometry": {"type": "Point", "coordinates": [-111.947031814423, 33.38789699798]}, "properties": {"state": "AZ", "county": "Maricopa", "city": "TEMPE", "zip": "85282", "address": "3906 S WILSON ST", "parcelid": "123-46-095", "loan_type": "Commercial", "date": "01/01/1899", "amount": 412136000.0, "lender": "GERMAN AMERICAN CAPITAL CORPORATION", "borrower": "BAF ASSETS 6 LLC", "parent_brand": "Amherst Residential", "matched_address": "3906 S WILSON ST, TEMPE, AZ, 85282"}}, {"type": "Feature", "geometry": {"type": "Point", "coordinates": [-112.160907841665, 33.380552492232]}, "properties": {"state": "AZ", "county": "Maricopa", "city": "LAVEEN", "zip": "85339", "address": "4753 W FREMONT RD", "parcelid": "104-89-271", "loan_type": "Commercial", "date": "01/01/1899", "amount": 412136000.0, "lender": "GERMAN AMERICAN CAPITAL CORPORATION", "borrower": "BAF ASSETS 6 LLC", "parent_brand": "Amherst Residential", "matched_address": "4753 W FREMONT RD, LAVEEN, AZ, 85339"}}, {"type": "Feature", "geometry": {"type": "Point", "coordinates": [-112.033907911292, 33.395560653304]}, "properties": {"state": "AZ", "county": "Maricopa", "city": "PHOENIX", "zip": "85040", "address": "2207 E FRAKTUR RD", "parcelid": "122-52-498", "loan_type": "Commercial", "date": "01/01/1899", "amount": 412136000.0, "lender": "GERMAN AMERICAN CAPITAL CORPORATION", "borrower": "BAF ASSETS 6 LLC", "parent_brand": "Amherst Residential", "matched_address": "2207 E FRAKTUR RD, PHOENIX, AZ, 85040"}}, {"type": "Feature", "geometry": {"type": "Point", "coordinates": [-112.403775668215, 33.615648581901]}, "properties": {"state": "AZ", "county": "Maricopa", "city": "SURPRISE", "zip": "85379", "address": "15937 W GELDING DR", "parcelid": "509-11-526", "loan_type": "Commercial", "date": "01/01/1899", "amount": 412136000.0, "lender": "GERMAN AMERICAN CAPITAL CORPORATION", "borrower": "BAF ASSETS 6 LLC", "parent_brand": "Amherst Residential", "matched_address": "15937 W GELDING DR, SURPRISE, AZ, 85379"}}, {"type": "Feature", "geometry": {"type": "Point", "coordinates": [-112.053427782662, 33.584497159009]}, "properties": {"state": "AZ", "county": "Maricopa", "city": "PHOENIX", "zip": "85020", "address": "1328 E CHRISTY DR", "parcelid": "159-23-070", "loan_type": "Commercial", "date": "01/01/1899", "amount": 412136000.0, "lender": "GERMAN AMERICAN CAPITAL CORPORATION", "borrower": "BAF ASSETS 6 LLC", "parent_brand": "Amherst Residential", "matched_address": "1328 E CHRISTY DR, PHOENIX, AZ, 85020"}}, {"type": "Feature", "geometry": {"type": "Point", "coordinates": [-112.216182603921, 33.410717023243]}, "properties": {"state": "AZ", "county": "Maricopa", "city": "PHOENIX", "zip": "85043", "address": "7237 W WOOD ST", "parcelid": "104-55-435", "loan_type": "Commercial", "date": "01/01/1899", "amount": 412136000.0, "lender": "GERMAN AMERICAN CAPITAL CORPORATION", "borrower": "BAF ASSETS 6 LLC", "parent_brand": "Amherst Residential", "matched_address": "7237 W WOOD ST, PHOENIX, AZ, 85043"}}, {"type": "Feature", "geometry": {"type": "Point", "coordinates": [-112.230436418341, 33.429668332019]}, "properties": {"state": "AZ", "county": "Maricopa", "city": "PHOENIX", "zip": "85043", "address": "7917 W HESS AVE", "parcelid": "104-33-554", "loan_type": "Commercial", "date": "01/01/1899", "amount": 412136000.0, "lender": "GERMAN AMERICAN CAPITAL CORPORATION", "borrower": "BAF ASSETS 6 LLC", "parent_brand": "Amherst Residential", "matched_address": "7917 W HESS AVE, PHOENIX, AZ, 85043"}}, {"type": "Feature", "geometry": {"type": "Point", "coordinates": [-112.137259962664, 33.684347819459]}, "properties": {"state": "AZ", "county": "Maricopa", "city": "GLENDALE", "zip": "85310", "address": "3610 W VIA DEL SOL DR", "parcelid": "206-21-076", "loan_type": "Commercial", "date": "01/01/1899", "amount": 412136000.0, "lender": "GERMAN AMERICAN CAPITAL CORPORATION", "borrower": "BAF ASSETS 6 LLC", "parent_brand": "Amherst Residential", "matched_address": "3610 W VIA DEL SOL DR, GLENDALE, AZ, 85310"}}, {"type": "Feature", "geometry": {"type": "Point", "coordinates": [-112.2836885846, 33.503328590742]}, "properties": {"state": "AZ", "county": "Maricopa", "city": "PHOENIX", "zip": "85037", "address": "10347 W HAZELWOOD AVE", "parcelid": "102-17-569", "loan_type": "Commercial", "date": "01/01/1899", "amount": 412136000.0, "lender": "GERMAN AMERICAN CAPITAL CORPORATION", "borrower": "BAF ASSETS 6 LLC", "parent_brand": "Amherst Residential", "matched_address": "10347 W HAZELWOOD AVE, PHOENIX, AZ, 85037"}}, {"type": "Feature", "geometry": {"type": "Point", "coordinates": [-112.217570003229, 33.51143222498]}, "properties": {"state": "AZ", "county": "Maricopa", "city": "GLENDALE", "zip": "85303", "address": "5212 N 73RD LN", "parcelid": "144-23-120", "loan_type": "Commercial", "date": "01/01/1899", "amount": 412136000.0, "lender": "GERMAN AMERICAN CAPITAL CORPORATION", "borrower": "BAF ASSETS 6 LLC", "parent_brand": "Amherst Residential", "matched_address": "5212 N 73RD LN, GLENDALE, AZ, 85303"}}, {"type": "Feature", "geometry": {"type": "Point", "coordinates": [-112.305710130671, 33.426320673762]}, "properties": {"state": "AZ", "county": "Maricopa", "city": "AVONDALE", "zip": "85323", "address": "2214 S 114TH LN", "parcelid": "101-54-108", "loan_type": "Commercial", "date": "01/01/1899", "amount": 412136000.0, "lender": "GERMAN AMERICAN CAPITAL CORPORATION", "borrower": "BAF ASSETS 6 LLC", "parent_brand": "Amherst Residential", "matched_address": "2214 S 114TH LN, AVONDALE, AZ, 85323"}}, {"type": "Feature", "geometry": {"type": "Point", "coordinates": [-112.156234132297, 33.579718866835]}, "properties": {"state": "AZ", "county": "Maricopa", "city": "GLENDALE", "zip": "85302", "address": "10237 N 45TH AVE", "parcelid": "148-06-213", "loan_type": "Commercial", "date": "01/01/1899", "amount": 412136000.0, "lender": "GERMAN AMERICAN CAPITAL CORPORATION", "borrower": "BAF ASSETS 6 LLC", "parent_brand": "Amherst Residential", "matched_address": "10237 N 45TH AVE, GLENDALE, AZ, 85302"}}, {"type": "Feature", "geometry": {"type": "Point", "coordinates": [-112.182609699391, 33.367063675441]}, "properties": {"state": "AZ", "county": "Maricopa", "city": "LAVEEN", "zip": "85339", "address": "8738 S 57TH DR", "parcelid": "300-15-533", "loan_type": "Commercial", "date": "01/01/1899", "amount": 412136000.0, "lender": "GERMAN AMERICAN CAPITAL CORPORATION", "borrower": "BAF ASSETS 6 LLC", "parent_brand": "Amherst Residential", "matched_address": "8738 S 57TH DR, LAVEEN, AZ, 85339"}}, {"type": "Feature", "geometry": {"type": "Point", "coordinates": [-111.82583836117, 33.448797574239]}, "properties": {"state": "AZ", "county": "Maricopa", "city": "MESA", "zip": "85201", "address": "231 E JACARANDA ST", "parcelid": "136-23-271", "loan_type": "Commercial", "date": "01/01/1899", "amount": 412136000.0, "lender": "GERMAN AMERICAN CAPITAL CORPORATION", "borrower": "BAF ASSETS 6 LLC", "parent_brand": "Amherst Residential", "matched_address": "231 E JACARANDA ST, MESA, AZ, 85201"}}, {"type": "Feature", "geometry": {"type": "Point", "coordinates": [-112.425737250587, 33.350126592338]}, "properties": {"state": "AZ", "county": "Maricopa", "city": "GOODYEAR", "zip": "85338", "address": "17526 W HOPE DR", "parcelid": "400-03-483", "loan_type": "Commercial", "date": "01/01/1899", "amount": 412136000.0, "lender": "GERMAN AMERICAN CAPITAL CORPORATION", "borrower": "BAF ASSETS 6 LLC", "parent_brand": "Amherst Residential", "matched_address": "17526 W HOPE DR, GOODYEAR, AZ, 85338"}}, {"type": "Feature", "geometry": {"type": "Point", "coordinates": [-112.295944971332, 33.560969985427]}, "properties": {"state": "AZ", "county": "Maricopa", "city": "PEORIA", "zip": "85345", "address": "8676 N 110TH AVE", "parcelid": "142-72-012", "loan_type": "Commercial", "date": "01/01/1899", "amount": 412136000.0, "lender": "GERMAN AMERICAN CAPITAL CORPORATION", "borrower": "BAF ASSETS 6 LLC", "parent_brand": "Amherst Residential", "matched_address": "8676 N 110TH AVE, PEORIA, AZ, 85345"}}, {"type": "Feature", "geometry": {"type": "Point", "coordinates": [-112.275624833971, 33.419352355717]}, "properties": {"state": "AZ", "county": "Maricopa", "city": "TOLLESON", "zip": "85353", "address": "10033 W WILLIAMS ST", "parcelid": "101-25-651", "loan_type": "Commercial", "date": "01/01/1899", "amount": 412136000.0, "lender": "GERMAN AMERICAN CAPITAL CORPORATION", "borrower": "BAF ASSETS 6 LLC", "parent_brand": "Amherst Residential", "matched_address": "10033 W WILLIAMS ST, TOLLESON, AZ, 85353"}}, {"type": "Feature", "geometry": {"type": "Point", "coordinates": [-112.197149565163, 33.669558810956]}, "properties": {"state": "AZ", "county": "Maricopa", "city": "GLENDALE", "zip": "85308", "address": "6332 W PONTIAC DR", "parcelid": "231-16-387", "loan_type": "Commercial", "date": "01/01/1899", "amount": 412136000.0, "lender": "GERMAN AMERICAN CAPITAL CORPORATION", "borrower": "BAF ASSETS 6 LLC", "parent_brand": "Amherst Residential", "matched_address": "6332 W PONTIAC DR, GLENDALE, AZ, 85308"}}, {"type": "Feature", "geometry": {"type": "Point", "coordinates": [-112.129613928165, 33.685720516542]}, "properties": {"state": "AZ", "county": "Maricopa", "city": "PHOENIX", "zip": "85027", "address": "3305 W LOUISE DR", "parcelid": "206-03-585", "loan_type": "Commercial", "date": "01/01/1899", "amount": 412136000.0, "lender": "GERMAN AMERICAN CAPITAL CORPORATION", "borrower": "BAF ASSETS 6 LLC", "parent_brand": "Amherst Residential", "matched_address": "3305 W LOUISE DR, PHOENIX, AZ, 85027"}}, {"type": "Feature", "geometry": {"type": "Point", "coordinates": [-111.951667961248, 33.366539720667]}, "properties": {"state": "AZ", "county": "Maricopa", "city": "TEMPE", "zip": "85283", "address": "845 W WESTCHESTER AVE", "parcelid": "301-05-186", "loan_type": "Commercial", "date": "01/01/1899", "amount": 412136000.0, "lender": "GERMAN AMERICAN CAPITAL CORPORATION", "borrower": "BAF ASSETS 6 LLC", "parent_brand": "Amherst Residential", "matched_address": "845 W WESTCHESTER AVE, TEMPE, AZ, 85283"}}, {"type": "Feature", "geometry": {"type": "Point", "coordinates": [-112.250320945632, 33.64788416082]}, "properties": {"state": "AZ", "county": "Maricopa", "city": "PEORIA", "zip": "85382", "address": "8876 W MICHELLE DR", "parcelid": "200-42-353", "loan_type": "Commercial", "date": "01/01/1899", "amount": 412136000.0, "lender": "GERMAN AMERICAN CAPITAL CORPORATION", "borrower": "BAF ASSETS 6 LLC", "parent_brand": "Amherst Residential", "matched_address": "8876 W MICHELLE DR, PEORIA, AZ, 85382"}}, {"type": "Feature", "geometry": {"type": "Point", "coordinates": [-112.283577060813, 33.495469951681]}, "properties": {"state": "AZ", "county": "Maricopa", "city": "PHOENIX", "zip": "85037", "address": "10411 W DEVONSHIRE AVE", "parcelid": "102-17-030", "loan_type": "Commercial", "date": "01/01/1899", "amount": 412136000.0, "lender": "GERMAN AMERICAN CAPITAL CORPORATION", "borrower": "BAF ASSETS 6 LLC", "parent_brand": "Amherst Residential", "matched_address": "10411 W DEVONSHIRE AVE, PHOENIX, AZ, 85037"}}, {"type": "Feature", "geometry": {"type": "Point", "coordinates": [-111.774932291091, 33.419340575641]}, "properties": {"state": "AZ", "county": "Maricopa", "city": "MESA", "zip": "85213", "address": "2617 E BOSTON ST", "parcelid": "140-23-146", "loan_type": "Commercial", "date": "01/01/1899", "amount": 412136000.0, "lender": "GERMAN AMERICAN CAPITAL CORPORATION", "borrower": "BAF ASSETS 6 LLC", "parent_brand": "Amherst Residential", "matched_address": "2617 E BOSTON ST, MESA, AZ, 85213"}}, {"type": "Feature", "geometry": {"type": "Point", "coordinates": [-112.317649133537, 33.598501171054]}, "properties": {"state": "AZ", "county": "Maricopa", "city": "EL MIRAGE", "zip": "85335", "address": "11944 W SCOTTS DR", "parcelid": "509-05-216", "loan_type": "Commercial", "date": "01/01/1899", "amount": 412136000.0, "lender": "GERMAN AMERICAN CAPITAL CORPORATION", "borrower": "BAF ASSETS 6 LLC", "parent_brand": "Amherst Residential", "matched_address": "11944 W SCOTTS DR, EL MIRAGE, AZ, 85335"}}, {"type": "Feature", "geometry": {"type": "Point", "coordinates": [-84.316632446414, 33.660459259061]}, "properties": {"state": "GA", "county": "DeKalb", "city": "CONLEY", "zip": "30288", "address": "4135 SAUTEE TRL", "parcelid": "15 020 02 073", "loan_type": "", "date": "2022-08-24", "amount": 0.0, "lender": "", "borrower": "BAF ASSETS 5 LLC", "parent_brand": "Amherst Residential", "matched_address": "4135 SAUTEE TRL, CONLEY, GA, 30288"}}, {"type": "Feature", "geometry": {"type": "Point", "coordinates": [-84.773091928, 33.672025852762]}, "properties": {"state": "GA", "county": "Douglas", "city": "DOUGLASVILLE", "zip": "30135", "address": "6040 ORCHARD RD", "parcelid": "0034-02-5- -00009", "loan_type": "", "date": "2022-08-24", "amount": 0.0, "lender": "", "borrower": "BAF ASSETS 5 LLC", "parent_brand": "Amherst Residential", "matched_address": "6040 ORCHARD RD, DOUGLASVILLE, GA, 30135"}}, {"type": "Feature", "geometry": {"type": "Point", "coordinates": [-84.584966534827, 34.127268523579]}, "properties": {"state": "GA", "county": "Cherokee", "city": "WOODSTOCK", "zip": "30189", "address": "207 CARMICHAEL RD", "parcelid": "15N04A 065", "loan_type": "", "date": "2022-08-24", "amount": 0.0, "lender": "", "borrower": "BAF ASSETS 5 LLC", "parent_brand": "Amherst Residential", "matched_address": "207 CARMICHAEL RD, WOODSTOCK, GA, 30189"}}, {"type": "Feature", "geometry": {"type": "Point", "coordinates": [-84.346395969846, 33.44858813221]}, "properties": {"state": "GA", "county": "Clayton", "city": "HAMPTON", "zip": "30228", "address": "1357 SHELLY CT", "parcelid": "06-129B- C-021", "loan_type": "", "date": "2022-08-24", "amount": 0.0, "lender": "", "borrower": "BAF ASSETS 5 LLC", "parent_brand": "Amherst Residential", "matched_address": "1357 SHELLY CT, HAMPTON, GA, 30228"}}, {"type": "Feature", "geometry": {"type": "Point", "coordinates": [-84.809410960961, 33.379025615857]}, "properties": {"state": "GA", "county": "Coweta", "city": "NEWNAN", "zip": "30263", "address": "15 RAY ST", "parcelid": "N22\u00a0 0008 004", "loan_type": "", "date": "2022-08-24", "amount": 0.0, "lender": "", "borrower": "BAF ASSETS 5 LLC", "parent_brand": "Amherst Residential", "matched_address": "15 RAY ST, NEWNAN, GA, 30263"}}, {"type": "Feature", "geometry": {"type": "Point", "coordinates": [-84.29485946188, 33.384046646948]}, "properties": {"state": "GA", "county": "Henry", "city": "HAMPTON", "zip": "30228", "address": "4 CINDY CT", "parcelid": "022B01034000", "loan_type": "", "date": "2022-08-24", "amount": 0.0, "lender": "", "borrower": "BAF ASSETS 5 LLC", "parent_brand": "Amherst Residential", "matched_address": "4 CINDY CT, HAMPTON, GA, 30228"}}, {"type": "Feature", "geometry": {"type": "Point", "coordinates": [-84.00049535388, 33.721686673286]}, "properties": {"state": "GA", "county": "Rockdale", "city": "CONYERS", "zip": "30012", "address": "1357 COUNTRY LANE WAY NE", "parcelid": "054-A-01-0036", "loan_type": "", "date": "2022-08-24", "amount": 0.0, "lender": "", "borrower": "BAF ASSETS 5 LLC", "parent_brand": "Amherst Residential", "matched_address": "1357 COUNTRY LANE WAY NE, CONYERS, GA, 30012"}}, {"type": "Feature", "geometry": {"type": "Point", "coordinates": [-84.940328301523, 33.790314524619]}, "properties": {"state": "GA", "county": "Carroll", "city": "VILLA RICA", "zip": "30180", "address": "100 CREEKSIDE CIR", "parcelid": "166- \u00a0 -0180", "loan_type": "", "date": "2022-08-24", "amount": 0.0, "lender": "", "borrower": "BAF ASSETS 5 LLC", "parent_brand": "Amherst Residential", "matched_address": "100 CREEKSIDE CIR, VILLA RICA, GA, 30180"}}, {"type": "Feature", "geometry": {"type": "Point", "coordinates": [-83.909507775671, 33.896020322552]}, "properties": {"state": "GA", "county": "Gwinnett", "city": "LOGANVILLE", "zip": "30052", "address": "735 TRIBBLE GATES CT", "parcelid": "R5198 046", "loan_type": "", "date": "2022-08-24", "amount": 0.0, "lender": "", "borrower": "BAF ASSETS 5 LLC", "parent_brand": "Amherst Residential", "matched_address": "735 TRIBBLE GATES CT, LOGANVILLE, GA, 30052"}}, {"type": "Feature", "geometry": {"type": "Point", "coordinates": [-84.548368634353, 33.716537344429]}, "properties": {"state": "GA", "county": "Fulton", "city": "ATLANTA", "zip": "30331", "address": "1960 LOCH LOMOND TRL SW", "parcelid": "14F007900020116", "loan_type": "", "date": "2022-08-24", "amount": 0.0, "lender": "", "borrower": "BAF ASSETS 5 LLC", "parent_brand": "Amherst Residential", "matched_address": "1960 LOCH LOMOND TRL SW, ATLANTA, GA, 30331"}}, {"type": "Feature", "geometry": {"type": "Point", "coordinates": [-84.01751855201, 33.522589948005]}, "properties": {"state": "GA", "county": "Newton", "city": "COVINGTON", "zip": "30016", "address": "45 ASHLEY WAY", "parcelid": "00080-00000-705-000", "loan_type": "", "date": "2022-08-24", "amount": 0.0, "lender": "", "borrower": "BAF ASSETS 5 LLC", "parent_brand": "Amherst Residential", "matched_address": "45 ASHLEY WAY, COVINGTON, GA, 30016"}}, {"type": "Feature", "geometry": {"type": "Point", "coordinates": [-84.110537678721, 34.215098751566]}, "properties": {"state": "GA", "county": "Forsyth", "city": "CUMMING", "zip": "30041", "address": "1545 DOGWOOD DR", "parcelid": "195-000-121", "loan_type": "", "date": "2022-08-24", "amount": 0.0, "lender": "", "borrower": "BAF ASSETS 5 LLC", "parent_brand": "Amherst Residential", "matched_address": "1545 DOGWOOD DR, CUMMING, GA, 30041"}}, {"type": "Feature", "geometry": {"type": "Point", "coordinates": [-85.023067086595, 33.980111244591]}, "properties": {"state": "GA", "county": "Polk", "city": "ROCKMART", "zip": "30153", "address": "223 ARBOR DR", "parcelid": "061B073-", "loan_type": "", "date": "2022-08-24", "amount": 0.0, "lender": "", "borrower": "BAF ASSETS 5 LLC", "parent_brand": "Amherst Residential", "matched_address": "223 ARBOR DR, ROCKMART, GA, 30153"}}, {"type": "Feature", "geometry": {"type": "Point", "coordinates": [-83.808776990766, 33.98023691572]}, "properties": {"state": "GA", "county": "Barrow", "city": "AUBURN", "zip": "30011", "address": "1170 PINEBROOK CT", "parcelid": "XX040A 017", "loan_type": "", "date": "2023-03-08", "amount": 0.0, "lender": "", "borrower": "BAF ASSETS 6 LLC", "parent_brand": "Amherst Residential", "matched_address": "1170 PINEBROOKE CT, AUBURN, GA, 30011"}}, {"type": "Feature", "geometry": {"type": "Point", "coordinates": [-84.91981385729, 33.653966765543]}, "properties": {"state": "GA", "county": "Carroll", "city": "VILLA RICA", "zip": "30180", "address": "5100 CUMBERLAND CT", "parcelid": "F05- \u00a0 -0100", "loan_type": "", "date": "2023-03-08", "amount": 0.0, "lender": "", "borrower": "BAF ASSETS 6 LLC", "parent_brand": "Amherst Residential", "matched_address": "5100 CUMBERLAND CT, VILLA RICA, GA, 30180"}}, {"type": "Feature", "geometry": {"type": "Point", "coordinates": [-84.700918167491, 33.773577283322]}, "properties": {"state": "GA", "county": "Douglas", "city": "DOUGLASVILLE", "zip": "30134", "address": "1208 JONQUIL WAY", "parcelid": "0637-18-2- -00026", "loan_type": "", "date": "2023-03-08", "amount": 0.0, "lender": "", "borrower": "BAF ASSETS 6 LLC", "parent_brand": "Amherst Residential", "matched_address": "1208 JONQUIL WAY, DOUGLASVILLE, GA, 30134"}}, {"type": "Feature", "geometry": {"type": "Point", "coordinates": [-84.255070402943, 33.544239847595]}, "properties": {"state": "GA", "county": "Henry", "city": "STOCKBRIDGE", "zip": "30281", "address": "126 WILLOW SPRINGS LN", "parcelid": "030B01014000", "loan_type": "", "date": "2023-03-08", "amount": 0.0, "lender": "", "borrower": "BAF ASSETS 6 LLC", "parent_brand": "Amherst Residential", "matched_address": "126 WILLOW SPRINGS LN, STOCKBRIDGE, GA, 30281"}}, {"type": "Feature", "geometry": {"type": "Point", "coordinates": [-84.068978723002, 33.73266544491]}, "properties": {"state": "GA", "county": "DeKalb", "city": "LITHONIA", "zip": "30058", "address": "1889 DEMILIO DR", "parcelid": "16 198 01 017", "loan_type": "", "date": "2023-03-08", "amount": 0.0, "lender": "", "borrower": "BAF ASSETS 6 LLC", "parent_brand": "Amherst Residential", "matched_address": "1889 DEMILIO DR, LITHONIA, GA, 30058"}}, {"type": "Feature", "geometry": {"type": "Point", "coordinates": [-84.563635308584, 33.607740426333]}, "properties": {"state": "GA", "county": "Fulton", "city": "UNION CITY", "zip": "30291", "address": "8946 CRESTVIEW CIR", "parcelid": "09F270201101205", "loan_type": "", "date": "2023-03-08", "amount": 0.0, "lender": "", "borrower": "BAF ASSETS 6 LLC", "parent_brand": "Amherst Residential", "matched_address": "8946 CRESTVIEW CIR, UNION CITY, GA, 30291"}}, {"type": "Feature", "geometry": {"type": "Point", "coordinates": [-84.423871702119, 33.519098506507]}, "properties": {"state": "GA", "county": "Clayton", "city": "JONESBORO", "zip": "30238", "address": "1003 BRANDON HILL WAY", "parcelid": "13-248D- F-007", "loan_type": "", "date": "2023-03-08", "amount": 0.0, "lender": "", "borrower": "BAF ASSETS 6 LLC", "parent_brand": "Amherst Residential", "matched_address": "1003 BRANDON HILL WAY, JONESBORO, GA, 30238"}}, {"type": "Feature", "geometry": {"type": "Point", "coordinates": [-84.067946228684, 33.643060773669]}, "properties": {"state": "GA", "county": "Rockdale", "city": "CONYERS", "zip": "30094", "address": "2430 AMBERBROOK DR SW", "parcelid": "027-A-01-0137", "loan_type": "", "date": "2023-03-08", "amount": 0.0, "lender": "", "borrower": "BAF ASSETS 6 LLC", "parent_brand": "Amherst Residential", "matched_address": "2430 AMBERBROOK DR SW, CONYERS, GA, 30094"}}, {"type": "Feature", "geometry": {"type": "Point", "coordinates": [-84.131759962716, 34.32474889137]}, "properties": {"state": "GA", "county": "Forsyth", "city": "CUMMING", "zip": "30028", "address": "6885 BANNISTER PARK LN", "parcelid": "164-000-102", "loan_type": "", "date": "2023-03-08", "amount": 0.0, "lender": "", "borrower": "BAF ASSETS 6 LLC", "parent_brand": "Amherst Residential", "matched_address": "6885 BANNISTER PARK LN, CUMMING, GA, 30028"}}, {"type": "Feature", "geometry": {"type": "Point", "coordinates": [-84.925769967927, 34.150991352226]}, "properties": {"state": "GA", "county": "Bartow", "city": "EUHARLEE", "zip": "30145", "address": "10 COLT WAY", "parcelid": "0034E-0001-036", "loan_type": "", "date": "2023-03-08", "amount": 0.0, "lender": "", "borrower": "BAF ASSETS 6 LLC", "parent_brand": "Amherst Residential", "matched_address": "10 COLT WAY, EUHARLEE, GA, 30145"}}, {"type": "Feature", "geometry": {"type": "Point", "coordinates": [-84.047628002742, 33.882957766068]}, "properties": {"state": "GA", "county": "Gwinnett", "city": "LILBURN", "zip": "30047", "address": "1171 HOLLY HILLS DR SW", "parcelid": "R5011 113", "loan_type": "", "date": "2023-03-08", "amount": 0.0, "lender": "", "borrower": "BAF ASSETS 6 LLC", "parent_brand": "Amherst Residential", "matched_address": "1171 HOLLY HILLS DR SW, LILBURN, GA, 30047"}}, {"type": "Feature", "geometry": {"type": "Point", "coordinates": [-84.76885460457, 33.957806235583]}, "properties": {"state": "GA", "county": "Paulding", "city": "DALLAS", "zip": "30157", "address": "243 JUSTIN DR", "parcelid": "081.4.3.014.0000", "loan_type": "", "date": "2023-03-08", "amount": 0.0, "lender": "", "borrower": "BAF ASSETS 6 LLC", "parent_brand": "Amherst Residential", "matched_address": "243 JUSTIN DR, DALLAS, GA, 30157"}}, {"type": "Feature", "geometry": {"type": "Point", "coordinates": [-84.394984015317, 34.133014965688]}, "properties": {"state": "GA", "county": "Cherokee", "city": "WOODSTOCK", "zip": "30188", "address": "1322 REECE RD", "parcelid": "02N04 253", "loan_type": "", "date": "2023-03-08", "amount": 0.0, "lender": "", "borrower": "BAF ASSETS 6 LLC", "parent_brand": "Amherst Residential", "matched_address": "1322 REECE RD, WOODSTOCK, GA, 30188"}}, {"type": "Feature", "geometry": {"type": "Point", "coordinates": [-84.472857244438, 33.412582385783]}, "properties": {"state": "GA", "county": "Fayette", "city": "FAYETTEVILLE", "zip": "30215", "address": "105 REDSPIRE LN", "parcelid": "50905020", "loan_type": "", "date": "2023-03-08", "amount": 0.0, "lender": "", "borrower": "BAF ASSETS 6 LLC", "parent_brand": "Amherst Residential", "matched_address": "105 REDSPIRE LN, FAYETTEVILLE, GA, 30215"}}, {"type": "Feature", "geometry": {"type": "Point", "coordinates": [-83.868463323537, 33.441024942847]}, "properties": {"state": "GA", "county": "Newton", "city": "COVINGTON", "zip": "30016", "address": "50 PEBBLE XING", "parcelid": "0071A-00000-020-000", "loan_type": "", "date": "2023-03-08", "amount": 0.0, "lender": "", "borrower": "BAF ASSETS 6 LLC", "parent_brand": "Amherst Residential", "matched_address": "50 PEBBLE CROSSING, COVINGTON, GA, 30016"}}, {"type": "Feature", "geometry": {"type": "Point", "coordinates": [-86.626264974194, 36.044134969576]}, "properties": {"state": "TN", "county": "Davidson", "city": "ANTIOCH", "zip": "37013", "address": "101 CEDAR ASH CT", "parcelid": "164-13-0-002-00", "loan_type": "", "date": "2023-03-08", "amount": 0.0, "lender": "", "borrower": "BAF ASSETS 6 LLC", "parent_brand": "Amherst Residential", "matched_address": "101 CEDAR ASH CT, ANTIOCH, TN, 37013"}}, {"type": "Feature", "geometry": {"type": "Point", "coordinates": [-95.448166942693, 30.250069272836]}, "properties": {"state": "TX", "county": "Montgomery", "city": "CONROE", "zip": "77302", "address": "647 MOSSWOOD DR", "parcelid": "7305-02-20300", "loan_type": "", "date": "2024-11-14", "amount": 0.0, "lender": "", "borrower": "ARMM ASSETS 2 LLC", "parent_brand": "Non-Institutional / Other", "matched_address": "647 MOSSWOOD DR, CONROE, TX, 77302"}}, {"type": "Feature", "geometry": {"type": "Point", "coordinates": [-97.261105596021, 32.845810523695]}, "properties": {"state": "TX", "county": "Tarrant", "city": "HALTOM CITY", "zip": "76148", "address": "5625 MACASKILL DR", "parcelid": "4100-6-8R", "loan_type": "", "date": "2024-11-14", "amount": 0.0, "lender": "", "borrower": "ARMM ASSETS 2 LLC", "parent_brand": "Non-Institutional / Other", "matched_address": "5625 MACASKILL DR, HALTOM CITY, TX, 76148"}}, {"type": "Feature", "geometry": {"type": "Point", "coordinates": [-97.028937231456, 33.068442021776]}, "properties": {"state": "TX", "county": "Denton", "city": "LEWISVILLE", "zip": "75077", "address": "1359 JASMINE DR", "parcelid": "R119710", "loan_type": "", "date": "2024-11-14", "amount": 0.0, "lender": "", "borrower": "ARMM ASSETS 2 LLC", "parent_brand": "Non-Institutional / Other", "matched_address": "1359 JASMINE DR, LEWISVILLE, TX, 75077"}}, {"type": "Feature", "geometry": {"type": "Point", "coordinates": [-96.535557692163, 33.012724029062]}, "properties": {"state": "TX", "county": "Collin", "city": "WYLIE", "zip": "75098", "address": "204 S 3RD ST", "parcelid": "R-1169-030-0170-1", "loan_type": "", "date": "2024-11-14", "amount": 0.0, "lender": "", "borrower": "ARMM ASSETS 2 LLC", "parent_brand": "Non-Institutional / Other", "matched_address": "204 S 3RD ST, WYLIE, TX, 75098"}}, {"type": "Feature", "geometry": {"type": "Point", "coordinates": [-95.408269764412, 30.129370024641]}, "properties": {"state": "TX", "county": "Montgomery", "city": "SPRING", "zip": "77386", "address": "2127 WHITELAW DR", "parcelid": "6115-00-18300", "loan_type": "", "date": "2024-11-14", "amount": 0.0, "lender": "", "borrower": "ARMM ASSETS 2 LLC", "parent_brand": "Non-Institutional / Other", "matched_address": "2127 WHITELAW DR, SPRING, TX, 77386"}}, {"type": "Feature", "geometry": {"type": "Point", "coordinates": [-97.191373107607, 32.798385290781]}, "properties": {"state": "TX", "county": "Tarrant", "city": "FORT WORTH", "zip": "76118", "address": "8725 SABINAS TRL", "parcelid": "34557-5-59", "loan_type": "", "date": "2024-11-14", "amount": 0.0, "lender": "", "borrower": "ARMM ASSETS 2 LLC", "parent_brand": "Non-Institutional / Other", "matched_address": "8725 SABINAS TRL, FORT WORTH, TX, 76118"}}, {"type": "Feature", "geometry": {"type": "Point", "coordinates": [-97.29570804492, 32.575393307541]}, "properties": {"state": "TX", "county": "Tarrant", "city": "BURLESON", "zip": "76028", "address": "1305 DAWNRIDGE CT", "parcelid": "37933C-6-15", "loan_type": "", "date": "2024-11-14", "amount": 0.0, "lender": "", "borrower": "ARMM ASSETS 2 LLC", "parent_brand": "Non-Institutional / Other", "matched_address": "1305 DAWNRIDGE CT, BURLESON, TX, 76028"}}, {"type": "Feature", "geometry": {"type": "Point", "coordinates": [-98.339923962851, 29.492135129624]}, "properties": {"state": "TX", "county": "Bexar", "city": "SAN ANTONIO", "zip": "78244", "address": "7506 LEDGEBROOK DR", "parcelid": "05080-301-1170", "loan_type": "", "date": "2024-11-14", "amount": 0.0, "lender": "", "borrower": "ARMM ASSETS 2 LLC", "parent_brand": "Non-Institutional / Other", "matched_address": "7506 LEDGEBROOK DR, SAN ANTONIO, TX, 78244"}}, {"type": "Feature", "geometry": {"type": "Point", "coordinates": [-98.317826489329, 29.503434114564]}, "properties": {"state": "TX", "county": "Bexar", "city": "CONVERSE", "zip": "78109", "address": "7330 BELMEDE CT", "parcelid": "18172-002-0010", "loan_type": "", "date": "2024-11-14", "amount": 0.0, "lender": "", "borrower": "ARMM ASSETS 2 LLC", "parent_brand": "Non-Institutional / Other", "matched_address": "7330 BELMEDE CT, CONVERSE, TX, 78109"}}, {"type": "Feature", "geometry": {"type": "Point", "coordinates": [-96.709389704075, 33.041631556098]}, "properties": {"state": "TX", "county": "Collin", "city": "PLANO", "zip": "75023", "address": "790 NOEL TRL", "parcelid": "R-2348-00A-0120-1", "loan_type": "", "date": "2024-11-14", "amount": 0.0, "lender": "", "borrower": "ARMM ASSETS 2 LLC", "parent_brand": "Non-Institutional / Other", "matched_address": "790 NOEL TRL, PLANO, TX, 75023"}}, {"type": "Feature", "geometry": {"type": "Point", "coordinates": [-98.708857738514, 29.526052196241]}, "properties": {"state": "TX", "county": "Bexar", "city": "SAN ANTONIO", "zip": "78254", "address": "9039 CANTER HORSE", "parcelid": "04449-678-0240", "loan_type": "", "date": "2024-11-14", "amount": 0.0, "lender": "", "borrower": "ARMM ASSETS 2 LLC", "parent_brand": "Non-Institutional / Other", "matched_address": "9039 CANTER HORSE, SAN ANTONIO, TX, 78254"}}, {"type": "Feature", "geometry": {"type": "Point", "coordinates": [-97.359654646492, 32.626266611634]}, "properties": {"state": "TX", "county": "Tarrant", "city": "FORT WORTH", "zip": "76123", "address": "2608 DAHLIA DR", "parcelid": "25405-38-41", "loan_type": "", "date": "2024-11-14", "amount": 0.0, "lender": "", "borrower": "ARMM ASSETS 2 LLC", "parent_brand": "Non-Institutional / Other", "matched_address": "2608 DAHLIA DR, FORT WORTH, TX, 76123"}}, {"type": "Feature", "geometry": {"type": "Point", "coordinates": [-97.187653334064, 32.743330243673]}, "properties": {"state": "TX", "county": "Tarrant", "city": "FORT WORTH", "zip": "76112", "address": "7800 ACAPULCO RD", "parcelid": "10610-3-11", "loan_type": "", "date": "2024-11-14", "amount": 0.0, "lender": "", "borrower": "ARMM ASSETS 2 LLC", "parent_brand": "Non-Institutional / Other", "matched_address": "7800 ACAPULCO RD, FORT WORTH, TX, 76112"}}, {"type": "Feature", "geometry": {"type": "Point", "coordinates": [-98.705466919665, 29.527395648543]}, "properties": {"state": "TX", "county": "Bexar", "city": "SAN ANTONIO", "zip": "78254", "address": "10803 CANTER SPUR", "parcelid": "04449-678-0590", "loan_type": "", "date": "2024-11-14", "amount": 0.0, "lender": "", "borrower": "ARMM ASSETS 2 LLC", "parent_brand": "Non-Institutional / Other", "matched_address": "10803 CANTER SPR, SAN ANTONIO, TX, 78254"}}, {"type": "Feature", "geometry": {"type": "Point", "coordinates": [-97.372796018916, 32.625017286433]}, "properties": {"state": "TX", "county": "Tarrant", "city": "FORT WORTH", "zip": "76123", "address": "3753 BRETT DR", "parcelid": "20726-4-1", "loan_type": "", "date": "2024-11-14", "amount": 0.0, "lender": "", "borrower": "ARMM ASSETS 2 LLC", "parent_brand": "Non-Institutional / Other", "matched_address": "3753 BRETT DR, FORT WORTH, TX, 76123"}}, {"type": "Feature", "geometry": {"type": "Point", "coordinates": [-95.242729100817, 30.12514001972]}, "properties": {"state": "TX", "county": "Montgomery", "city": "PORTER", "zip": "77365", "address": "21389 TIMBER LODGE LN", "parcelid": "9412-00-00900", "loan_type": "", "date": "2024-11-14", "amount": 0.0, "lender": "", "borrower": "ARMM ASSETS 2 LLC", "parent_brand": "Non-Institutional / Other", "matched_address": "21389 TIMBER LODGE LN, PORTER, TX, 77365"}}, {"type": "Feature", "geometry": {"type": "Point", "coordinates": [-97.240249922179, 32.85496557551]}, "properties": {"state": "TX", "county": "Tarrant", "city": "WATAUGA", "zip": "76148", "address": "6572 OLD MILL CIR", "parcelid": "40796-24-23", "loan_type": "", "date": "2024-11-14", "amount": 0.0, "lender": "", "borrower": "ARMM ASSETS 2 LLC", "parent_brand": "Non-Institutional / Other", "matched_address": "6572 OLD MILL CIR, WATAUGA, TX, 76148"}}, {"type": "Feature", "geometry": {"type": "Point", "coordinates": [-97.125250591853, 32.640376853184]}, "properties": {"state": "TX", "county": "Tarrant", "city": "ARLINGTON", "zip": "76001", "address": "6508 IMPALA DR", "parcelid": "37925-4-16", "loan_type": "", "date": "2024-11-14", "amount": 0.0, "lender": "", "borrower": "ARMM ASSETS 2 LLC", "parent_brand": "Non-Institutional / Other", "matched_address": "6508 IMPALA DR, ARLINGTON, TX, 76001"}}, {"type": "Feature", "geometry": {"type": "Point", "coordinates": [-98.61178323865, 29.334107995231]}, "properties": {"state": "TX", "county": "Bexar", "city": "SAN ANTONIO", "zip": "78242", "address": "5942 CAPE ANN ST", "parcelid": "17519-039-0340", "loan_type": "", "date": "2024-11-14", "amount": 0.0, "lender": "", "borrower": "ARMM ASSETS 2 LLC", "parent_brand": "Non-Institutional / Other", "matched_address": "5942 CAPE ANN ST, SAN ANTONIO, TX, 78242"}}, {"type": "Feature", "geometry": {"type": "Point", "coordinates": [-98.687014340892, 29.505729027101]}, "properties": {"state": "TX", "county": "Bexar", "city": "SAN ANTONIO", "zip": "78250", "address": "7262 BRANDYRIDGE", "parcelid": "18526-049-0500", "loan_type": "", "date": "2024-11-14", "amount": 0.0, "lender": "", "borrower": "ARMM ASSETS 2 LLC", "parent_brand": "Non-Institutional / Other", "matched_address": "7262 BRANDYRIDGE, SAN ANTONIO, TX, 78250"}}, {"type": "Feature", "geometry": {"type": "Point", "coordinates": [-98.437218906686, 29.570527469473]}, "properties": {"state": "TX", "county": "Bexar", "city": "SAN ANTONIO", "zip": "78247", "address": "63 VIKING OAK", "parcelid": "13732-004-0150", "loan_type": "", "date": "2024-11-14", "amount": 0.0, "lender": "", "borrower": "ARMM ASSETS 2 LLC", "parent_brand": "Non-Institutional / Other", "matched_address": "63 VIKING OAK, SAN ANTONIO, TX, 78247"}}, {"type": "Feature", "geometry": {"type": "Point", "coordinates": [-98.646732127789, 29.48140792439]}, "properties": {"state": "TX", "county": "Bexar", "city": "SAN ANTONIO", "zip": "78250", "address": "8031 MISTY PARK ST", "parcelid": "18683-013-0170", "loan_type": "", "date": "2024-11-14", "amount": 0.0, "lender": "", "borrower": "ARMM ASSETS 2 LLC", "parent_brand": "Non-Institutional / Other", "matched_address": "8031 MISTY PARK ST, SAN ANTONIO, TX, 78250"}}, {"type": "Feature", "geometry": {"type": "Point", "coordinates": [-98.687472032547, 29.500511110845]}, "properties": {"state": "TX", "county": "Bexar", "city": "SAN ANTONIO", "zip": "78250", "address": "9422 VALLEY ROCK", "parcelid": "18799-099-1970", "loan_type": "", "date": "2024-11-14", "amount": 0.0, "lender": "", "borrower": "ARMM ASSETS 2 LLC", "parent_brand": "Non-Institutional / Other", "matched_address": "9422 VALLEY ROCK DR, SAN ANTONIO, TX, 78250"}}, {"type": "Feature", "geometry": {"type": "Point", "coordinates": [-97.368640730601, 32.920134073888]}, "properties": {"state": "TX", "county": "Tarrant", "city": "FORT WORTH", "zip": "76131", "address": "10436 ARANSAS DR", "parcelid": "14563F-3-28", "loan_type": "", "date": "2024-11-14", "amount": 0.0, "lender": "", "borrower": "ARMM ASSETS 2 LLC", "parent_brand": "Non-Institutional / Other", "matched_address": "10436 ARANSAS DR, FORT WORTH, TX, 76131"}}, {"type": "Feature", "geometry": {"type": "Point", "coordinates": [-98.435848751037, 29.326729302696]}, "properties": {"state": "TX", "county": "Bexar", "city": "SAN ANTONIO", "zip": "78223", "address": "3314 SCARLET OHARA", "parcelid": "14955-002-0140", "loan_type": "", "date": "2024-11-14", "amount": 0.0, "lender": "", "borrower": "ARMM ASSETS 2 LLC", "parent_brand": "Non-Institutional / Other", "matched_address": "3314 SCARLET OHARA, SAN ANTONIO, TX, 78223"}}, {"type": "Feature", "geometry": {"type": "Point", "coordinates": [-98.649599327629, 29.505056033807]}, "properties": {"state": "TX", "county": "Bexar", "city": "SAN ANTONIO", "zip": "78250", "address": "8643 SILENT OAKS", "parcelid": "18871-001-0390", "loan_type": "", "date": "2024-11-14", "amount": 0.0, "lender": "", "borrower": "ARMM ASSETS 2 LLC", "parent_brand": "Non-Institutional / Other", "matched_address": "8643 SILENT OAKS, SAN ANTONIO, TX, 78250"}}, {"type": "Feature", "geometry": {"type": "Point", "coordinates": [-98.329199395515, 29.4821039401]}, "properties": {"state": "TX", "county": "Bexar", "city": "SAN ANTONIO", "zip": "78244", "address": "5718 BYPASS TRL", "parcelid": "05080-959-0100", "loan_type": "", "date": "2024-11-14", "amount": 0.0, "lender": "", "borrower": "ARMM ASSETS 2 LLC", "parent_brand": "Non-Institutional / Other", "matched_address": "5718 BYPASS TRL, SAN ANTONIO, TX, 78244"}}, {"type": "Feature", "geometry": {"type": "Point", "coordinates": [-98.315500101722, 29.485370147162]}, "properties": {"state": "TX", "county": "Bexar", "city": "CONVERSE", "zip": "78109", "address": "6014 IRONMILL CRK", "parcelid": "05080-824-0230", "loan_type": "", "date": "2024-11-14", "amount": 0.0, "lender": "", "borrower": "ARMM ASSETS 2 LLC", "parent_brand": "Non-Institutional / Other", "matched_address": "6014 IRONMILL CREEK, CONVERSE, TX, 78109"}}, {"type": "Feature", "geometry": {"type": "Point", "coordinates": [-97.124427059754, 32.643241057586]}, "properties": {"state": "TX", "county": "Tarrant", "city": "ARLINGTON", "zip": "76001", "address": "6310 FAIRLANE DR", "parcelid": "37925-12-32", "loan_type": "", "date": "2024-11-14", "amount": 0.0, "lender": "", "borrower": "ARMM ASSETS 2 LLC", "parent_brand": "Non-Institutional / Other", "matched_address": "6310 FAIRLANE DR, ARLINGTON, TX, 76001"}}, {"type": "Feature", "geometry": {"type": "Point", "coordinates": [-97.333752323094, 32.888279383609]}, "properties": {"state": "TX", "county": "Tarrant", "city": "FORT WORTH", "zip": "76131", "address": "1716 WIND DANCER TRL", "parcelid": "23623G-9-8", "loan_type": "", "date": "2024-11-14", "amount": 0.0, "lender": "", "borrower": "ARMM ASSETS 2 LLC", "parent_brand": "Non-Institutional / Other", "matched_address": "1716 WIND DANCER TRL, FORT WORTH, TX, 76131"}}, {"type": "Feature", "geometry": {"type": "Point", "coordinates": [-96.739458345315, 33.020950610281]}, "properties": {"state": "TX", "county": "Collin", "city": "PLANO", "zip": "75075", "address": "1608 CLOISTER WAY", "parcelid": "R-0491-006-0060-1", "loan_type": "", "date": "2024-11-14", "amount": 0.0, "lender": "", "borrower": "ARMM ASSETS 2 LLC", "parent_brand": "Non-Institutional / Other", "matched_address": "1608 CLOISTER WAY, PLANO, TX, 75075"}}, {"type": "Feature", "geometry": {"type": "Point", "coordinates": [-98.344397037249, 29.59283520529]}, "properties": {"state": "TX", "county": "Bexar", "city": "SAN ANTONIO", "zip": "78266", "address": "7342 TAMBURO TRL", "parcelid": "16588-009-0260", "loan_type": "", "date": "2024-11-14", "amount": 0.0, "lender": "", "borrower": "ARMM ASSETS 2 LLC", "parent_brand": "Non-Institutional / Other", "matched_address": "7342 TAMBURO TRL, SAN ANTONIO, TX, 78266"}}, {"type": "Feature", "geometry": {"type": "Point", "coordinates": [-98.351612805373, 29.522878126705]}, "properties": {"state": "TX", "county": "Bexar", "city": "SAN ANTONIO", "zip": "78239", "address": "9501 CHELMSFORD", "parcelid": "05960-114-0410", "loan_type": "", "date": "2024-11-14", "amount": 0.0, "lender": "", "borrower": "ARMM ASSETS 2 LLC", "parent_brand": "Non-Institutional / Other", "matched_address": "9501 CHELMSFORD, SAN ANTONIO, TX, 78239"}}, {"type": "Feature", "geometry": {"type": "Point", "coordinates": [-97.11277284153, 32.666664347535]}, "properties": {"state": "TX", "county": "Tarrant", "city": "ARLINGTON", "zip": "76018", "address": "4915 OSAGE DR", "parcelid": "38445-3-33", "loan_type": "", "date": "2024-11-14", "amount": 0.0, "lender": "", "borrower": "ARMM ASSETS 2 LLC", "parent_brand": "Non-Institutional / Other", "matched_address": "4915 OSAGE DR, ARLINGTON, TX, 76018"}}, {"type": "Feature", "geometry": {"type": "Point", "coordinates": [-97.374308757091, 32.926873861145]}, "properties": {"state": "TX", "county": "Tarrant", "city": "HASLET", "zip": "76052", "address": "10781 BRAEMOOR DR", "parcelid": "12751F-6-10", "loan_type": "", "date": "2024-11-14", "amount": 0.0, "lender": "", "borrower": "ARMM ASSETS 2 LLC", "parent_brand": "Non-Institutional / Other", "matched_address": "10781 BRAEMOOR DR, HASLET, TX, 76052"}}, {"type": "Feature", "geometry": {"type": "Point", "coordinates": [-98.686846809107, 29.398770240494]}, "properties": {"state": "TX", "county": "Bexar", "city": "SAN ANTONIO", "zip": "78245", "address": "9954 HAWKSBILL PEAK", "parcelid": "04332-436-0090", "loan_type": "", "date": "2024-11-14", "amount": 0.0, "lender": "", "borrower": "ARMM ASSETS 2 LLC", "parent_brand": "Non-Institutional / Other", "matched_address": "9954 HAWKSBILL PEAK, SAN ANTONIO, TX, 78245"}}, {"type": "Feature", "geometry": {"type": "Point", "coordinates": [-97.107020190143, 32.65965265466]}, "properties": {"state": "TX", "county": "Tarrant", "city": "ARLINGTON", "zip": "76018", "address": "5305 VIRBURNUM CT", "parcelid": "13510-21-3", "loan_type": "", "date": "2024-11-14", "amount": 0.0, "lender": "", "borrower": "ARMM ASSETS 2 LLC", "parent_brand": "Non-Institutional / Other", "matched_address": "5305 VIRBURNUM CT, ARLINGTON, TX, 76018"}}, {"type": "Feature", "geometry": {"type": "Point", "coordinates": [-97.360126760792, 32.569785331843]}, "properties": {"state": "TX", "county": "Tarrant", "city": "CROWLEY", "zip": "76036", "address": "205 DANIELS CT", "parcelid": "8990-22-21", "loan_type": "", "date": "2024-11-14", "amount": 0.0, "lender": "", "borrower": "ARMM ASSETS 2 LLC", "parent_brand": "Non-Institutional / Other", "matched_address": "205 DANIELS CT, CROWLEY, TX, 76036"}}, {"type": "Feature", "geometry": {"type": "Point", "coordinates": [-97.478983472337, 32.667919613539]}, "properties": {"state": "TX", "county": "Tarrant", "city": "BENBROOK", "zip": "76126", "address": "9920 EDMUND DR", "parcelid": "46258-16-7", "loan_type": "", "date": "2024-11-14", "amount": 0.0, "lender": "", "borrower": "ARMM ASSETS 2 LLC", "parent_brand": "Non-Institutional / Other", "matched_address": "9920 EDMUND DR, BENBROOK, TX, 76126"}}, {"type": "Feature", "geometry": {"type": "Point", "coordinates": [-95.452322557082, 30.225776262872]}, "properties": {"state": "TX", "county": "Montgomery", "city": "CONROE", "zip": "77385", "address": "178 RAMWIND CT", "parcelid": "9701-05-13900", "loan_type": "", "date": "2024-11-14", "amount": 0.0, "lender": "", "borrower": "ARMM ASSETS 2 LLC", "parent_brand": "Non-Institutional / Other", "matched_address": "178 RAMWIND CT, CONROE, TX, 77385"}}, {"type": "Feature", "geometry": {"type": "Point", "coordinates": [-97.515364588971, 32.753980575856]}, "properties": {"state": "TX", "county": "Tarrant", "city": "FORT WORTH", "zip": "76108", "address": "10909 HORNBY ST", "parcelid": "7087-10-05 00:00:00", "loan_type": "", "date": "2024-11-14", "amount": 0.0, "lender": "", "borrower": "ARMM ASSETS 2 LLC", "parent_brand": "Non-Institutional / Other", "matched_address": "10909 HORNBY ST, FORT WORTH, TX, 76108"}}, {"type": "Feature", "geometry": {"type": "Point", "coordinates": [-98.36936477584, 29.45605854215]}, "properties": {"state": "TX", "county": "Bexar", "city": "SAN ANTONIO", "zip": "78244", "address": "6130 CANDLETREE", "parcelid": "05092-816-0690", "loan_type": "", "date": "2024-11-14", "amount": 0.0, "lender": "", "borrower": "ARMM ASSETS 2 LLC", "parent_brand": "Non-Institutional / Other", "matched_address": "6130 CANDLETREE, SAN ANTONIO, TX, 78244"}}, {"type": "Feature", "geometry": {"type": "Point", "coordinates": [-97.409168909243, 32.86206131675]}, "properties": {"state": "TX", "county": "Tarrant", "city": "FORT WORTH", "zip": "76179", "address": "5841 PARKVIEW HILLS LN", "parcelid": "31682-24-2", "loan_type": "", "date": "2024-11-14", "amount": 0.0, "lender": "", "borrower": "ARMM ASSETS 2 LLC", "parent_brand": "Non-Institutional / Other", "matched_address": "5841 PARKVIEW HILLS LN, FORT WORTH, TX, 76179"}}, {"type": "Feature", "geometry": {"type": "Point", "coordinates": [-97.220209500028, 32.675763720268]}, "properties": {"state": "TX", "county": "Tarrant", "city": "ARLINGTON", "zip": "76016", "address": "7118 GREENSPRING DR", "parcelid": "47515-S-3R", "loan_type": "", "date": "2024-11-14", "amount": 0.0, "lender": "", "borrower": "ARMM ASSETS 2 LLC", "parent_brand": "Non-Institutional / Other", "matched_address": "7118 GREENSPRING DR, ARLINGTON, TX, 76016"}}, {"type": "Feature", "geometry": {"type": "Point", "coordinates": [-98.361091638773, 29.45541042086]}, "properties": {"state": "TX", "county": "Bexar", "city": "SAN ANTONIO", "zip": "78244", "address": "6458 CANDLEVIEW CT", "parcelid": "05092-805-0260", "loan_type": "", "date": "2024-11-14", "amount": 0.0, "lender": "", "borrower": "ARMM ASSETS 2 LLC", "parent_brand": "Non-Institutional / Other", "matched_address": "6458 CANDLEVIEW CT, SAN ANTONIO, TX, 78244"}}, {"type": "Feature", "geometry": {"type": "Point", "coordinates": [-97.316516673173, 32.601292685811]}, "properties": {"state": "TX", "county": "Tarrant", "city": "FORT WORTH", "zip": "76140", "address": "225 WEBER RIVER TRL", "parcelid": "9615B-L-14", "loan_type": "", "date": "2024-11-14", "amount": 0.0, "lender": "", "borrower": "ARMM ASSETS 2 LLC", "parent_brand": "Non-Institutional / Other", "matched_address": "225 WEBER RIVER TRL, FORT WORTH, TX, 76140"}}, {"type": "Feature", "geometry": {"type": "Point", "coordinates": [-97.514706593235, 32.752591254549]}, "properties": {"state": "TX", "county": "Tarrant", "city": "FORT WORTH", "zip": "76108", "address": "10836 DEAUVILLE CIR N", "parcelid": "7087-09-28 00:00:00", "loan_type": "", "date": "2024-11-14", "amount": 0.0, "lender": "", "borrower": "ARMM ASSETS 2 LLC", "parent_brand": "Non-Institutional / Other", "matched_address": "10836 DEAUVILLE CIR N, FORT WORTH, TX, 76108"}}, {"type": "Feature", "geometry": {"type": "Point", "coordinates": [-98.319472430524, 29.486921407247]}, "properties": {"state": "TX", "county": "Bexar", "city": "CONVERSE", "zip": "78109", "address": "8127 CHESTNUT BARR DR", "parcelid": "05080-716-0640", "loan_type": "", "date": "2024-11-14", "amount": 0.0, "lender": "", "borrower": "ARMM ASSETS 2 LLC", "parent_brand": "Non-Institutional / Other", "matched_address": "8127 CHESTNUT BARR DR, CONVERSE, TX, 78109"}}, {"type": "Feature", "geometry": {"type": "Point", "coordinates": [-98.316351789266, 29.492801757366]}, "properties": {"state": "TX", "county": "Bexar", "city": "CONVERSE", "zip": "78109", "address": "8814 TWINCREEK FARM", "parcelid": "05071-812-0120", "loan_type": "", "date": "2024-11-14", "amount": 0.0, "lender": "", "borrower": "ARMM ASSETS 2 LLC", "parent_brand": "Non-Institutional / Other", "matched_address": "8814 TWINCREEK FARM, CONVERSE, TX, 78109"}}, {"type": "Feature", "geometry": {"type": "Point", "coordinates": [-98.740688249624, 29.465972488912]}, "properties": {"state": "TX", "county": "Bexar", "city": "SAN ANTONIO", "zip": "78253", "address": "12534 CROCKETT WAY", "parcelid": "04400-973-0180", "loan_type": "", "date": "2024-11-14", "amount": 0.0, "lender": "", "borrower": "ARMM ASSETS 2 LLC", "parent_brand": "Non-Institutional / Other", "matched_address": "12534 CROCKET WAY, SAN ANTONIO, TX, 78253"}}, {"type": "Feature", "geometry": {"type": "Point", "coordinates": [-98.727412236712, 29.523972624886]}, "properties": {"state": "TX", "county": "Bexar", "city": "SAN ANTONIO", "zip": "78254", "address": "8818 PRESERVE TRL", "parcelid": "04450-120-0110", "loan_type": "", "date": "2024-11-14", "amount": 0.0, "lender": "", "borrower": "ARMM ASSETS 2 LLC", "parent_brand": "Non-Institutional / Other", "matched_address": "8818 PRESERVE TRL, SAN ANTONIO, TX, 78254"}}, {"type": "Feature", "geometry": {"type": "Point", "coordinates": [-98.715582677294, 29.404820403002]}, "properties": {"state": "TX", "county": "Bexar", "city": "SAN ANTONIO", "zip": "78245", "address": "11323 PINK STAR", "parcelid": "04334-237-0140", "loan_type": "", "date": "2024-11-14", "amount": 0.0, "lender": "", "borrower": "ARMM ASSETS 2 LLC", "parent_brand": "Non-Institutional / Other", "matched_address": "11323 PINK STAR, SAN ANTONIO, TX, 78245"}}, {"type": "Feature", "geometry": {"type": "Point", "coordinates": [-97.556631850836, 32.884159223208]}, "properties": {"state": "TX", "county": "Parker", "city": "AZLE", "zip": "76020", "address": "649 CREEKVIEW DR", "parcelid": "R000101276", "loan_type": "", "date": "2024-11-14", "amount": 0.0, "lender": "", "borrower": "ARMM ASSETS 2 LLC", "parent_brand": "Non-Institutional / Other", "matched_address": "649 CREEKVIEW DR, AZLE, TX, 76020"}}, {"type": "Feature", "geometry": {"type": "Point", "coordinates": [-98.769773253383, 29.525343545581]}, "properties": {"state": "TX", "county": "Bexar", "city": "SAN ANTONIO", "zip": "78254", "address": "8939 HICKMAN PARK", "parcelid": "04451-490-0030", "loan_type": "", "date": "2024-11-14", "amount": 0.0, "lender": "", "borrower": "ARMM ASSETS 2 LLC", "parent_brand": "Non-Institutional / Other", "matched_address": "8939 HICKMAN PARK, SAN ANTONIO, TX, 78254"}}, {"type": "Feature", "geometry": {"type": "Point", "coordinates": [-98.362253258556, 29.452773611573]}, "properties": {"state": "TX", "county": "Bexar", "city": "SAN ANTONIO", "zip": "78244", "address": "2631 BLUFF XING", "parcelid": "05094-215-0370", "loan_type": "", "date": "2024-11-14", "amount": 0.0, "lender": "", "borrower": "ARMM ASSETS 2 LLC", "parent_brand": "Non-Institutional / Other", "matched_address": "2631 BLUFF CROSSING, SAN ANTONIO, TX, 78244"}}, {"type": "Feature", "geometry": {"type": "Point", "coordinates": [-95.423301560337, 30.220117006737]}, "properties": {"state": "TX", "county": "Montgomery", "city": "CONROE", "zip": "77385", "address": "9983 CHIMNEY SWIFT LN", "parcelid": "7208-16-01900", "loan_type": "", "date": "2024-11-14", "amount": 0.0, "lender": "", "borrower": "ARMM ASSETS 2 LLC", "parent_brand": "Non-Institutional / Other", "matched_address": "9983 CHIMNEY SWIFT LN, CONROE, TX, 77385"}}, {"type": "Feature", "geometry": {"type": "Point", "coordinates": [-95.653540643327, 30.141429455588]}, "properties": {"state": "TX", "county": "Montgomery", "city": "PINEHURST", "zip": "77362", "address": "12062 QUARTERSAWN LN", "parcelid": "3760-04-03300", "loan_type": "", "date": "2024-11-14", "amount": 0.0, "lender": "", "borrower": "ARMM ASSETS 2 LLC", "parent_brand": "Non-Institutional / Other", "matched_address": "12062 QUARTERSAWN LN, PINEHURST, TX, 77362"}}, {"type": "Feature", "geometry": {"type": "Point", "coordinates": [-98.714091335261, 29.41783154394]}, "properties": {"state": "TX", "county": "Bexar", "city": "SAN ANTONIO", "zip": "78245", "address": "11131 CREEK EAGLE", "parcelid": "04336-206-0100", "loan_type": "", "date": "2024-11-14", "amount": 0.0, "lender": "", "borrower": "ARMM ASSETS 2 LLC", "parent_brand": "Non-Institutional / Other", "matched_address": "11131 CREEK EAGLE, SAN ANTONIO, TX, 78245"}}, {"type": "Feature", "geometry": {"type": "Point", "coordinates": [-98.733741194055, 29.356520448569]}, "properties": {"state": "TX", "county": "Bexar", "city": "SAN ANTONIO", "zip": "78252", "address": "7326 TURNBOW", "parcelid": "04319-150-0530", "loan_type": "", "date": "2024-11-14", "amount": 0.0, "lender": "", "borrower": "ARMM ASSETS 2 LLC", "parent_brand": "Non-Institutional / Other", "matched_address": "7326 TURNBOW, SAN ANTONIO, TX, 78252"}}, {"type": "Feature", "geometry": {"type": "Point", "coordinates": [-98.364653893086, 29.390054685172]}, "properties": {"state": "TX", "county": "Bexar", "city": "SAN ANTONIO", "zip": "78222", "address": "6431 WOODCLIFF BND", "parcelid": "18274-008-0160", "loan_type": "", "date": "2024-11-14", "amount": 0.0, "lender": "", "borrower": "ARMM ASSETS 2 LLC", "parent_brand": "Non-Institutional / Other", "matched_address": "6431 WOODCLIFF BEND, SAN ANTONIO, TX, 78222"}}, {"type": "Feature", "geometry": {"type": "Point", "coordinates": [-98.734457664026, 29.364411231424]}, "properties": {"state": "TX", "county": "Bexar", "city": "SAN ANTONIO", "zip": "78252", "address": "6726 SABINAL", "parcelid": "04319-152-0240", "loan_type": "", "date": "2024-11-14", "amount": 0.0, "lender": "", "borrower": "ARMM ASSETS 2 LLC", "parent_brand": "Non-Institutional / Other", "matched_address": "6726 SABINAL, SAN ANTONIO, TX, 78252"}}, {"type": "Feature", "geometry": {"type": "Point", "coordinates": [-95.801051995597, 30.186678794354]}, "properties": {"state": "TX", "county": "Montgomery", "city": "MAGNOLIA", "zip": "77355", "address": "27018 POETS DR", "parcelid": "9552-00-01200", "loan_type": "", "date": "2024-11-14", "amount": 0.0, "lender": "", "borrower": "ARMM ASSETS 2 LLC", "parent_brand": "Non-Institutional / Other", "matched_address": "27018 POETS DR, MAGNOLIA, TX, 77355"}}, {"type": "Feature", "geometry": {"type": "Point", "coordinates": [-98.791637629699, 29.518984453619]}, "properties": {"state": "TX", "county": "Bexar", "city": "SAN ANTONIO", "zip": "78254", "address": "8523 LATTES WHEEL", "parcelid": "04451-174-0510", "loan_type": "", "date": "2024-11-14", "amount": 0.0, "lender": "", "borrower": "ARMM ASSETS 2 LLC", "parent_brand": "Non-Institutional / Other", "matched_address": "8523 LATTES WHEEL, SAN ANTONIO, TX, 78254"}}, {"type": "Feature", "geometry": {"type": "Point", "coordinates": [-97.419248022139, 32.857131828502]}, "properties": {"state": "TX", "county": "Tarrant", "city": "FORT WORTH", "zip": "76179", "address": "6240 RED FALCON DR", "parcelid": "33744P-D-10", "loan_type": "", "date": "2024-11-14", "amount": 0.0, "lender": "", "borrower": "ARMM ASSETS 2 LLC", "parent_brand": "Non-Institutional / Other", "matched_address": "6240 RED FALCON DR, FORT WORTH, TX, 76179"}}, {"type": "Feature", "geometry": {"type": "Point", "coordinates": [-95.801929039796, 30.186720435446]}, "properties": {"state": "TX", "county": "Montgomery", "city": "MAGNOLIA", "zip": "77355", "address": "26051 ALLAN POE DR", "parcelid": "9552-00-00200", "loan_type": "", "date": "2024-11-14", "amount": 0.0, "lender": "", "borrower": "ARMM ASSETS 2 LLC", "parent_brand": "Non-Institutional / Other", "matched_address": "26051 ALLAN POE DR, MAGNOLIA, TX, 77355"}}, {"type": "Feature", "geometry": {"type": "Point", "coordinates": [-95.798697446795, 30.186088617395]}, "properties": {"state": "TX", "county": "Montgomery", "city": "MAGNOLIA", "zip": "77355", "address": "24147 WILDE DR", "parcelid": "9552-02-23600", "loan_type": "", "date": "2024-11-14", "amount": 0.0, "lender": "", "borrower": "ARMM ASSETS 2 LLC", "parent_brand": "Non-Institutional / Other", "matched_address": "24147 WILDE DR, MAGNOLIA, TX, 77355"}}, {"type": "Feature", "geometry": {"type": "Point", "coordinates": [-98.766923247984, 29.517189688654]}, "properties": {"state": "TX", "county": "Bexar", "city": "SAN ANTONIO", "zip": "78253", "address": "13778 BRADFORD PARK", "parcelid": "04451-303-0020", "loan_type": "", "date": "2024-11-14", "amount": 0.0, "lender": "", "borrower": "ARMM ASSETS 2 LLC", "parent_brand": "Non-Institutional / Other", "matched_address": "13778 BRADFORD PARK, SAN ANTONIO, TX, 78253"}}, {"type": "Feature", "geometry": {"type": "Point", "coordinates": [-98.364938249601, 29.387900772894]}, "properties": {"state": "TX", "county": "Bexar", "city": "SAN ANTONIO", "zip": "78222", "address": "3226 BEGONIA BND", "parcelid": "18274-011-0510", "loan_type": "", "date": "2024-11-14", "amount": 0.0, "lender": "", "borrower": "ARMM ASSETS 2 LLC", "parent_brand": "Non-Institutional / Other", "matched_address": "3226 BEGONIA BEND, SAN ANTONIO, TX, 78222"}}, {"type": "Feature", "geometry": {"type": "Point", "coordinates": [-98.802300702552, 29.513842067558]}, "properties": {"state": "TX", "county": "Bexar", "city": "SAN ANTONIO", "zip": "78253", "address": "7918 HANGING BR", "parcelid": "04404-617-0230", "loan_type": "", "date": "2024-11-14", "amount": 0.0, "lender": "", "borrower": "ARMM ASSETS 2 LLC", "parent_brand": "Non-Institutional / Other", "matched_address": "7918 HANGING BRANCH, SAN ANTONIO, TX, 78253"}}, {"type": "Feature", "geometry": {"type": "Point", "coordinates": [-98.162042586068, 29.655360996863]}, "properties": {"state": "TX", "county": "Comal", "city": "NEW BRAUNFELS", "zip": "78132", "address": "3931 TURTLE CRK", "parcelid": "35-0541-0201-00", "loan_type": "", "date": "2024-11-14", "amount": 0.0, "lender": "", "borrower": "ARMM ASSETS 2 LLC", "parent_brand": "Non-Institutional / Other", "matched_address": "3931 TURTLE CREEK, NEW BRAUNFELS, TX, 78132"}}, {"type": "Feature", "geometry": {"type": "Point", "coordinates": [-98.213385085547, 29.474007036521]}, "properties": {"state": "TX", "county": "Bexar", "city": "SAINT HEDWIG", "zip": "78152", "address": "5010 DAWN BREAK", "parcelid": "05193-912-0030", "loan_type": "", "date": "2024-11-14", "amount": 0.0, "lender": "", "borrower": "ARMM ASSETS 2 LLC", "parent_brand": "Non-Institutional / Other", "matched_address": "5010 DAWN BREAK, SAINT HEDWIG, TX, 78152"}}, {"type": "Feature", "geometry": {"type": "Point", "coordinates": [-97.099747383816, 32.652758697015]}, "properties": {"state": "TX", "county": "Tarrant", "city": "ARLINGTON", "zip": "76018", "address": "725 CLARIDGE DR", "parcelid": "945-6-12R", "loan_type": "", "date": "2024-11-14", "amount": 0.0, "lender": "", "borrower": "ARMM ASSETS 2 LLC", "parent_brand": "Non-Institutional / Other", "matched_address": "725 CLARIDGE DR, ARLINGTON, TX, 76018"}}, {"type": "Feature", "geometry": {"type": "Point", "coordinates": [-97.364490236625, 32.631924904906]}, "properties": {"state": "TX", "county": "Tarrant", "city": "FORT WORTH", "zip": "76123", "address": "3009 CLOVERMEADOW DR", "parcelid": "25405-11-15R1", "loan_type": "", "date": "2024-11-14", "amount": 0.0, "lender": "", "borrower": "ARMM ASSETS 2 LLC", "parent_brand": "Non-Institutional / Other", "matched_address": "3009 CLOVERMEADOW DR, FORT WORTH, TX, 76123"}}, {"type": "Feature", "geometry": {"type": "Point", "coordinates": [-97.367288461628, 32.580603883909]}, "properties": {"state": "TX", "county": "Tarrant", "city": "CROWLEY", "zip": "76036", "address": "212 ARNOLD ST", "parcelid": "38705-1-8R", "loan_type": "", "date": "2024-11-14", "amount": 0.0, "lender": "", "borrower": "ARMM ASSETS 2 LLC", "parent_brand": "Non-Institutional / Other", "matched_address": "212 ARNOLD ST, CROWLEY, TX, 76036"}}, {"type": "Feature", "geometry": {"type": "Point", "coordinates": [-97.395312816888, 32.859700797955]}, "properties": {"state": "TX", "county": "Tarrant", "city": "FORT WORTH", "zip": "76179", "address": "6816 MEADOW WAY LN", "parcelid": "31682-21-5", "loan_type": "", "date": "2024-11-14", "amount": 0.0, "lender": "", "borrower": "ARMM ASSETS 2 LLC", "parent_brand": "Non-Institutional / Other", "matched_address": "6816 MEADOW WAY LN, FORT WORTH, TX, 76179"}}, {"type": "Feature", "geometry": {"type": "Point", "coordinates": [-98.716867024334, 29.408364642027]}, "properties": {"state": "TX", "county": "Bexar", "city": "SAN ANTONIO", "zip": "78245", "address": "11318 DODSON TRL", "parcelid": "04335-111-0090", "loan_type": "", "date": "2024-11-14", "amount": 0.0, "lender": "", "borrower": "ARMM ASSETS 2 LLC", "parent_brand": "Non-Institutional / Other", "matched_address": "11318 DODSON TRL, SAN ANTONIO, TX, 78245"}}, {"type": "Feature", "geometry": {"type": "Point", "coordinates": [-98.334892022444, 29.467356162596]}, "properties": {"state": "TX", "county": "Bexar", "city": "CONVERSE", "zip": "78109", "address": "7811 REDSTONE MNR", "parcelid": "05080-891-0800", "loan_type": "", "date": "2024-11-14", "amount": 0.0, "lender": "", "borrower": "ARMM ASSETS 2 LLC", "parent_brand": "Non-Institutional / Other", "matched_address": "7811 REDSTONE MANOR, CONVERSE, TX, 78109"}}, {"type": "Feature", "geometry": {"type": "Point", "coordinates": [-97.28077247939, 32.864847072974]}, "properties": {"state": "TX", "county": "Tarrant", "city": "FORT WORTH", "zip": "76137", "address": "6904 BLACK WING DR", "parcelid": "20809-4-8", "loan_type": "", "date": "2024-11-14", "amount": 0.0, "lender": "", "borrower": "ARMM ASSETS 2 LLC", "parent_brand": "Non-Institutional / Other", "matched_address": "6904 BLACK WING DR, FORT WORTH, TX, 76137"}}, {"type": "Feature", "geometry": {"type": "Point", "coordinates": [-97.365014080406, 32.621533144956]}, "properties": {"state": "TX", "county": "Tarrant", "city": "FORT WORTH", "zip": "76123", "address": "8332 CLOVERGLEN LN", "parcelid": "39607-6-21", "loan_type": "", "date": "2024-11-14", "amount": 0.0, "lender": "", "borrower": "ARMM ASSETS 2 LLC", "parent_brand": "Non-Institutional / Other", "matched_address": "8332 CLOVERGLEN LN, FORT WORTH, TX, 76123"}}, {"type": "Feature", "geometry": {"type": "Point", "coordinates": [-98.368397538915, 29.498909277823]}, "properties": {"state": "TX", "county": "Bexar", "city": "SAN ANTONIO", "zip": "78218", "address": "7442 PRIMROSE POST", "parcelid": "17738-037-0190", "loan_type": "", "date": "2024-11-14", "amount": 0.0, "lender": "", "borrower": "ARMM ASSETS 2 LLC", "parent_brand": "Non-Institutional / Other", "matched_address": "7442 PRIMROSE POST, SAN ANTONIO, TX, 78218"}}, {"type": "Feature", "geometry": {"type": "Point", "coordinates": [-95.430272265732, 30.219965494224]}, "properties": {"state": "TX", "county": "Montgomery", "city": "CONROE", "zip": "77385", "address": "16738 N BLUE JAY DR", "parcelid": "5330-06-07700", "loan_type": "", "date": "2024-11-14", "amount": 0.0, "lender": "", "borrower": "ARMM ASSETS 2 LLC", "parent_brand": "Non-Institutional / Other", "matched_address": "16738 BLUE JAY, CONROE, TX, 77385"}}, {"type": "Feature", "geometry": {"type": "Point", "coordinates": [-97.515502769674, 32.753221512996]}, "properties": {"state": "TX", "county": "Tarrant", "city": "FORT WORTH", "zip": "76108", "address": "10917 IVES ST", "parcelid": "7087-09-11 00:00:00", "loan_type": "", "date": "2024-11-14", "amount": 0.0, "lender": "", "borrower": "ARMM ASSETS 2 LLC", "parent_brand": "Non-Institutional / Other", "matched_address": "10917 IVES ST, FORT WORTH, TX, 76108"}}, {"type": "Feature", "geometry": {"type": "Point", "coordinates": [-97.381233387361, 32.61540326275]}, "properties": {"state": "TX", "county": "Tarrant", "city": "FORT WORTH", "zip": "76123", "address": "8705 HUNTERS TRL", "parcelid": "14678E-7-38", "loan_type": "", "date": "2024-11-14", "amount": 0.0, "lender": "", "borrower": "ARMM ASSETS 2 LLC", "parent_brand": "Non-Institutional / Other", "matched_address": "8705 HUNTERS TRL, FORT WORTH, TX, 76123"}}, {"type": "Feature", "geometry": {"type": "Point", "coordinates": [-97.153703742633, 32.67182510473]}, "properties": {"state": "TX", "county": "Tarrant", "city": "ARLINGTON", "zip": "76017", "address": "2710 PARTRIDGE AVE", "parcelid": "33250-2-25", "loan_type": "", "date": "2024-11-14", "amount": 0.0, "lender": "", "borrower": "ARMM ASSETS 2 LLC", "parent_brand": "Non-Institutional / Other", "matched_address": "2710 PARTRIDGE AVE, ARLINGTON, TX, 76017"}}, {"type": "Feature", "geometry": {"type": "Point", "coordinates": [-98.348822963255, 29.575029189464]}, "properties": {"state": "TX", "county": "Bexar", "city": "SAN ANTONIO", "zip": "78233", "address": "7135 ELUSIVE PASS", "parcelid": "16587-015-0380", "loan_type": "", "date": "2024-11-14", "amount": 0.0, "lender": "", "borrower": "ARMM ASSETS 2 LLC", "parent_brand": "Non-Institutional / Other", "matched_address": "7135 ELUSIVE PASS, SAN ANTONIO, TX, 78233"}}, {"type": "Feature", "geometry": {"type": "Point", "coordinates": [-97.280944645172, 32.98102322221]}, "properties": {"state": "TX", "county": "Tarrant", "city": "ROANOKE", "zip": "76262", "address": "13769 CANYON RANCH RD", "parcelid": "24317J-6-28", "loan_type": "", "date": "2024-11-14", "amount": 0.0, "lender": "", "borrower": "ARMM ASSETS 2 LLC", "parent_brand": "Non-Institutional / Other", "matched_address": "13769 CANYON RANCH RD, ROANOKE, TX, 76262"}}, {"type": "Feature", "geometry": {"type": "Point", "coordinates": [-95.294363080567, 30.132214388826]}, "properties": {"state": "TX", "county": "Montgomery", "city": "PORTER", "zip": "77365", "address": "18442 HOLLOW OAKS CIR", "parcelid": "3615-00-29900", "loan_type": "", "date": "2024-11-14", "amount": 0.0, "lender": "", "borrower": "ARMM ASSETS 2 LLC", "parent_brand": "Non-Institutional / Other", "matched_address": "18442 HOLLOW OAKS CIR, PORTER, TX, 77365"}}, {"type": "Feature", "geometry": {"type": "Point", "coordinates": [-97.372382196177, 32.984966363725]}, "properties": {"state": "TX", "county": "Tarrant", "city": "HASLET", "zip": "76052", "address": "641 ROSARIO LN", "parcelid": "37880B-64-15", "loan_type": "", "date": "2024-11-14", "amount": 0.0, "lender": "", "borrower": "ARMM ASSETS 2 LLC", "parent_brand": "Non-Institutional / Other", "matched_address": "641 ROSARIO LN, HASLET, TX, 76052"}}, {"type": "Feature", "geometry": {"type": "Point", "coordinates": [-97.125316423915, 32.669714361821]}, "properties": {"state": "TX", "county": "Tarrant", "city": "ARLINGTON", "zip": "76017", "address": "4710 GREEN HOLLOW DR", "parcelid": "25420-3-6", "loan_type": "", "date": "2024-11-14", "amount": 0.0, "lender": "", "borrower": "ARMM ASSETS 2 LLC", "parent_brand": "Non-Institutional / Other", "matched_address": "4710 GREEN HOLLOW DR, ARLINGTON, TX, 76017"}}, {"type": "Feature", "geometry": {"type": "Point", "coordinates": [-98.319069814954, 29.491029456503]}, "properties": {"state": "TX", "county": "Bexar", "city": "CONVERSE", "zip": "78109", "address": "6839 FLAMING RIDGE DR", "parcelid": "05080-703-0110", "loan_type": "", "date": "2024-11-14", "amount": 0.0, "lender": "", "borrower": "ARMM ASSETS 2 LLC", "parent_brand": "Non-Institutional / Other", "matched_address": "6839 FLAMING RIDGE, CONVERSE, TX, 78109"}}, {"type": "Feature", "geometry": {"type": "Point", "coordinates": [-98.352581731588, 29.473404038434]}, "properties": {"state": "TX", "county": "Bexar", "city": "SAN ANTONIO", "zip": "78244", "address": "6818 STILL LK", "parcelid": "05080-507-0120", "loan_type": "", "date": "2024-11-14", "amount": 0.0, "lender": "", "borrower": "ARMM ASSETS 2 LLC", "parent_brand": "Non-Institutional / Other", "matched_address": "6818 STILL LAKE DR, SAN ANTONIO, TX, 78244"}}, {"type": "Feature", "geometry": {"type": "Point", "coordinates": [-96.669358843296, 33.083546772376]}, "properties": {"state": "TX", "county": "Collin", "city": "ALLEN", "zip": "75002", "address": "532 HIGHTRAIL DR", "parcelid": "R-1150-004-0030-1", "loan_type": "", "date": "2024-11-14", "amount": 0.0, "lender": "", "borrower": "ARMM ASSETS 2 LLC", "parent_brand": "Non-Institutional / Other", "matched_address": "532 HIGHTRAIL DR, ALLEN, TX, 75002"}}, {"type": "Feature", "geometry": {"type": "Point", "coordinates": [-97.343552251099, 32.561388799599]}, "properties": {"state": "TX", "county": "Tarrant", "city": "BURLESON", "zip": "76028", "address": "1212 BEECHWOOD LN", "parcelid": "25587-25-18", "loan_type": "", "date": "2024-11-14", "amount": 0.0, "lender": "", "borrower": "ARMM ASSETS 2 LLC", "parent_brand": "Non-Institutional / Other", "matched_address": "1212 BEECHWOOD LN, BURLESON, TX, 76028"}}, {"type": "Feature", "geometry": {"type": "Point", "coordinates": [-98.7087302959, 29.396331693566]}, "properties": {"state": "TX", "county": "Bexar", "city": "SAN ANTONIO", "zip": "78245", "address": "10938 WESTERN CACTUS", "parcelid": "05197-711-0100", "loan_type": "", "date": "2024-11-14", "amount": 0.0, "lender": "", "borrower": "ARMM ASSETS 2 LLC", "parent_brand": "Non-Institutional / Other", "matched_address": "10938 WESTERN CACTUS, SAN ANTONIO, TX, 78245"}}, {"type": "Feature", "geometry": {"type": "Point", "coordinates": [-98.72817673498, 29.525553469326]}, "properties": {"state": "TX", "county": "Bexar", "city": "SAN ANTONIO", "zip": "78254", "address": "11910 FIELDCREST RUN", "parcelid": "04450-121-0150", "loan_type": "", "date": "2024-11-14", "amount": 0.0, "lender": "", "borrower": "ARMM ASSETS 2 LLC", "parent_brand": "Non-Institutional / Other", "matched_address": "11910 FIELD CREST RUN, SAN ANTONIO, TX, 78254"}}, {"type": "Feature", "geometry": {"type": "Point", "coordinates": [-95.427707752621, 30.218699696323]}, "properties": {"state": "TX", "county": "Montgomery", "city": "CONROE", "zip": "77385", "address": "16782 N THRASHER DR", "parcelid": "5330-04-30500", "loan_type": "", "date": "2024-11-14", "amount": 0.0, "lender": "", "borrower": "ARMM ASSETS 2 LLC", "parent_brand": "Non-Institutional / Other", "matched_address": "16782 N THRASHER DR, CONROE, TX, 77385"}}, {"type": "Feature", "geometry": {"type": "Point", "coordinates": [-98.696030368725, 29.420755594482]}, "properties": {"state": "TX", "county": "Bexar", "city": "SAN ANTONIO", "zip": "78245", "address": "1210 PRAIRIE GRASS", "parcelid": "05197-174-0010", "loan_type": "", "date": "2024-11-14", "amount": 0.0, "lender": "", "borrower": "ARMM ASSETS 2 LLC", "parent_brand": "Non-Institutional / Other", "matched_address": "1210 PRAIRIE GRASS, SAN ANTONIO, TX, 78245"}}, {"type": "Feature", "geometry": {"type": "Point", "coordinates": [-95.282906699019, 30.136612387951]}, "properties": {"state": "TX", "county": "Montgomery", "city": "PORTER", "zip": "77365", "address": "21625 HACKAMORE CT", "parcelid": "3604-03-02200", "loan_type": "", "date": "2024-11-14", "amount": 0.0, "lender": "", "borrower": "ARMM ASSETS 2 LLC", "parent_brand": "Non-Institutional / Other", "matched_address": "21625 HACKAMORE CT, PORTER, TX, 77365"}}, {"type": "Feature", "geometry": {"type": "Point", "coordinates": [-97.400702237552, 32.88465489313]}, "properties": {"state": "TX", "county": "Tarrant", "city": "FORT WORTH", "zip": "76179", "address": "5020 CARAWAY DR", "parcelid": "40679853", "loan_type": "", "date": "2024-11-14", "amount": 0.0, "lender": "", "borrower": "ARMM ASSETS 2 LLC", "parent_brand": "Non-Institutional / Other", "matched_address": "5020 CARAWAY DR, FORT WORTH, TX, 76179"}}, {"type": "Feature", "geometry": {"type": "Point", "coordinates": [-97.172799161605, 32.679072123488]}, "properties": {"state": "TX", "county": "Tarrant", "city": "ARLINGTON", "zip": "76016", "address": "4217 VIDALIA DR", "parcelid": "42105-1-15", "loan_type": "", "date": "2024-11-14", "amount": 0.0, "lender": "", "borrower": "ARMM ASSETS 2 LLC", "parent_brand": "Non-Institutional / Other", "matched_address": "4217 VIDALIA DR, ARLINGTON, TX, 76016"}}, {"type": "Feature", "geometry": {"type": "Point", "coordinates": [-98.712733855772, 29.512561854572]}, "properties": {"state": "TX", "county": "Bexar", "city": "SAN ANTONIO", "zip": "78254", "address": "11214 SIERRA TRL", "parcelid": "04449-365-0360", "loan_type": "", "date": "2024-11-14", "amount": 0.0, "lender": "", "borrower": "ARMM ASSETS 2 LLC", "parent_brand": "Non-Institutional / Other", "matched_address": "11214 SIERRA TRL, SAN ANTONIO, TX, 78254"}}, {"type": "Feature", "geometry": {"type": "Point", "coordinates": [-97.342079963955, 32.633109018196]}, "properties": {"state": "TX", "county": "Tarrant", "city": "FORT WORTH", "zip": "76134", "address": "1513 WILLOW PARK DR", "parcelid": "47149-13-9", "loan_type": "", "date": "2024-11-14", "amount": 0.0, "lender": "", "borrower": "ARMM ASSETS 2 LLC", "parent_brand": "Non-Institutional / Other", "matched_address": "1513 WILLOW PARK DR, FORT WORTH, TX, 76134"}}, {"type": "Feature", "geometry": {"type": "Point", "coordinates": [-97.423729644219, 32.850194986286]}, "properties": {"state": "TX", "county": "Tarrant", "city": "FORT WORTH", "zip": "76179", "address": "6356 STONE LAKE CT", "parcelid": "40453L-15-13", "loan_type": "", "date": "2024-11-14", "amount": 0.0, "lender": "", "borrower": "ARMM ASSETS 2 LLC", "parent_brand": "Non-Institutional / Other", "matched_address": "6356 STONE LAKE CT, FORT WORTH, TX, 76179"}}, {"type": "Feature", "geometry": {"type": "Point", "coordinates": [-97.36120874537, 32.631160079251]}, "properties": {"state": "TX", "county": "Tarrant", "city": "FORT WORTH", "zip": "76123", "address": "2716 CLOVERMEADOW DR", "parcelid": "25405-30-52", "loan_type": "", "date": "2024-11-14", "amount": 0.0, "lender": "", "borrower": "ARMM ASSETS 2 LLC", "parent_brand": "Non-Institutional / Other", "matched_address": "2716 CLOVERMEADOW DR, FORT WORTH, TX, 76123"}}, {"type": "Feature", "geometry": {"type": "Point", "coordinates": [-95.431800404066, 30.216991632366]}, "properties": {"state": "TX", "county": "Montgomery", "city": "CONROE", "zip": "77385", "address": "16700 FOURSQUARE DR", "parcelid": "7208-02-06000", "loan_type": "", "date": "2024-11-14", "amount": 0.0, "lender": "", "borrower": "ARMM ASSETS 2 LLC", "parent_brand": "Non-Institutional / Other", "matched_address": "16700 FOURSQUARE DR, CONROE, TX, 77385"}}, {"type": "Feature", "geometry": {"type": "Point", "coordinates": [-97.362564089309, 32.628399746858]}, "properties": {"state": "TX", "county": "Tarrant", "city": "FORT WORTH", "zip": "76123", "address": "2732 COUNTRY CREEK LN", "parcelid": "25405-36-68", "loan_type": "", "date": "2024-11-14", "amount": 0.0, "lender": "", "borrower": "ARMM ASSETS 2 LLC", "parent_brand": "Non-Institutional / Other", "matched_address": "2732 COUNTRY CREEK LN, FORT WORTH, TX, 76123"}}, {"type": "Feature", "geometry": {"type": "Point", "coordinates": [-97.300286416832, 32.605380021629]}, "properties": {"state": "TX", "county": "Tarrant", "city": "FORT WORTH", "zip": "76140", "address": "1104 MCKAVETT DR", "parcelid": "26255B-3-2", "loan_type": "", "date": "2024-11-14", "amount": 0.0, "lender": "", "borrower": "ARMM ASSETS 2 LLC", "parent_brand": "Non-Institutional / Other", "matched_address": "1104 MCKAVET DR, FORT WORTH, TX, 76140"}}, {"type": "Feature", "geometry": {"type": "Point", "coordinates": [-97.339222673226, 32.587260016407]}, "properties": {"state": "TX", "county": "Tarrant", "city": "CROWLEY", "zip": "76036", "address": "748 HUTCHINS DR", "parcelid": "8674-U-8", "loan_type": "", "date": "2024-11-14", "amount": 0.0, "lender": "", "borrower": "ARMM ASSETS 2 LLC", "parent_brand": "Non-Institutional / Other", "matched_address": "748 HUTCHINS DR, CROWLEY, TX, 76036"}}, {"type": "Feature", "geometry": {"type": "Point", "coordinates": [-97.409408511415, 32.832216228889]}, "properties": {"state": "TX", "county": "Tarrant", "city": "FORT WORTH", "zip": "76135", "address": "5712 AINSDALE DR", "parcelid": "24812C-20-14", "loan_type": "", "date": "2024-11-14", "amount": 0.0, "lender": "", "borrower": "ARMM ASSETS 2 LLC", "parent_brand": "Non-Institutional / Other", "matched_address": "5712 AINSDALE DR, FORT WORTH, TX, 76135"}}, {"type": "Feature", "geometry": {"type": "Point", "coordinates": [-97.408223216869, 32.85781219281]}, "properties": {"state": "TX", "county": "Tarrant", "city": "FORT WORTH", "zip": "76179", "address": "5824 HEATHERGLEN TER", "parcelid": "24813-9-4", "loan_type": "", "date": "2024-11-14", "amount": 0.0, "lender": "", "borrower": "ARMM ASSETS 2 LLC", "parent_brand": "Non-Institutional / Other", "matched_address": "5824 HEATHERGLEN TER, FORT WORTH, TX, 76179"}}, {"type": "Feature", "geometry": {"type": "Point", "coordinates": [-97.384202498673, 32.618550324559]}, "properties": {"state": "TX", "county": "Tarrant", "city": "FORT WORTH", "zip": "76123", "address": "4212 N CORAL SPRINGS DR", "parcelid": "15051J-5-17", "loan_type": "", "date": "2024-11-14", "amount": 0.0, "lender": "", "borrower": "ARMM ASSETS 2 LLC", "parent_brand": "Non-Institutional / Other", "matched_address": "4212 N CORAL SPRINGS DR, FORT WORTH, TX, 76123"}}, {"type": "Feature", "geometry": {"type": "Point", "coordinates": [-97.348380148335, 32.569367041449]}, "properties": {"state": "TX", "county": "Tarrant", "city": "CROWLEY", "zip": "76036", "address": "226 ADAMS DR", "parcelid": "25813-4-32", "loan_type": "", "date": "2024-11-14", "amount": 0.0, "lender": "", "borrower": "ARMM ASSETS 2 LLC", "parent_brand": "Non-Institutional / Other", "matched_address": "226 ADAMS DR, CROWLEY, TX, 76036"}}, {"type": "Feature", "geometry": {"type": "Point", "coordinates": [-96.668263597065, 33.01783453399]}, "properties": {"state": "TX", "county": "Collin", "city": "PLANO", "zip": "75074", "address": "1400 COTILLION DR", "parcelid": "R-0464-006-0010-1", "loan_type": "", "date": "2024-11-14", "amount": 0.0, "lender": "", "borrower": "ARMM ASSETS 2 LLC", "parent_brand": "Non-Institutional / Other", "matched_address": "1400 COTILLION DR, PLANO, TX, 75074"}}, {"type": "Feature", "geometry": {"type": "Point", "coordinates": [-95.571772464393, 30.23101304747]}, "properties": {"state": "TX", "county": "Montgomery", "city": "MAGNOLIA", "zip": "77354", "address": "727 LEVI BND", "parcelid": "4066-00-06000", "loan_type": "", "date": "2024-11-14", "amount": 0.0, "lender": "", "borrower": "ARMM ASSETS 2 LLC", "parent_brand": "Non-Institutional / Other", "matched_address": "727 LEVI BEND DR, MAGNOLIA, TX, 77354"}}, {"type": "Feature", "geometry": {"type": "Point", "coordinates": [-95.606375526429, 30.179755228443]}, "properties": {"state": "TX", "county": "Montgomery", "city": "MAGNOLIA", "zip": "77354", "address": "28918 HIDDEN LAKE CT", "parcelid": "5804-02-11100", "loan_type": "", "date": "2024-11-14", "amount": 0.0, "lender": "", "borrower": "ARMM ASSETS 2 LLC", "parent_brand": "Non-Institutional / Other", "matched_address": "28918 HIDDEN LAKE W, MAGNOLIA, TX, 77354"}}, {"type": "Feature", "geometry": {"type": "Point", "coordinates": [-98.68384480038, 29.39379365113]}, "properties": {"state": "TX", "county": "Bexar", "city": "SAN ANTONIO", "zip": "78245", "address": "9903 AMBER BREEZE", "parcelid": "04332-656-0270", "loan_type": "", "date": "2024-11-14", "amount": 0.0, "lender": "", "borrower": "ARMM ASSETS 2 LLC", "parent_brand": "Non-Institutional / Other", "matched_address": "9903 AMBER BREEZE, SAN ANTONIO, TX, 78245"}}, {"type": "Feature", "geometry": {"type": "Point", "coordinates": [-97.385293855105, 32.609083675875]}, "properties": {"state": "TX", "county": "Tarrant", "city": "FORT WORTH", "zip": "76123", "address": "9220 CHESWICK DR", "parcelid": "32926C-26-13", "loan_type": "", "date": "2024-11-14", "amount": 0.0, "lender": "", "borrower": "ARMM ASSETS 2 LLC", "parent_brand": "Non-Institutional / Other", "matched_address": "9220 CHESWICK, FORT WORTH, TX, 76123"}}, {"type": "Feature", "geometry": {"type": "Point", "coordinates": [-97.37280305554, 32.923926369213]}, "properties": {"state": "TX", "county": "Tarrant", "city": "FORT WORTH", "zip": "76131", "address": "640 CARAVAN DR", "parcelid": "14563F-1-1", "loan_type": "", "date": "2024-11-14", "amount": 0.0, "lender": "", "borrower": "ARMM ASSETS 2 LLC", "parent_brand": "Non-Institutional / Other", "matched_address": "640 CARAVAN DR, FORT WORTH, TX, 76131"}}, {"type": "Feature", "geometry": {"type": "Point", "coordinates": [-98.675046523395, 29.498471571409]}, "properties": {"state": "TX", "county": "Bexar", "city": "SAN ANTONIO", "zip": "78250", "address": "9527 WILDWOOD RDG", "parcelid": "18826-006-0090", "loan_type": "", "date": "2024-11-14", "amount": 0.0, "lender": "", "borrower": "ARMM ASSETS 2 LLC", "parent_brand": "Non-Institutional / Other", "matched_address": "9527 WILDWOOD RIDGE, SAN ANTONIO, TX, 78250"}}, {"type": "Feature", "geometry": {"type": "Point", "coordinates": [-97.324610489009, 32.609034844592]}, "properties": {"state": "TX", "county": "Tarrant", "city": "FORT WORTH", "zip": "76140", "address": "10008 IRON RIDGE DR", "parcelid": "9613B-11-3", "loan_type": "", "date": "2024-11-14", "amount": 0.0, "lender": "", "borrower": "ARMM ASSETS 2 LLC", "parent_brand": "Non-Institutional / Other", "matched_address": "10008 IRON RIDGE DR, FORT WORTH, TX, 76140"}}, {"type": "Feature", "geometry": {"type": "Point", "coordinates": [-95.33584973555, 30.215554827984]}, "properties": {"state": "TX", "county": "Montgomery", "city": "CONROE", "zip": "77302", "address": "16360 HIDDEN RIVER CT", "parcelid": "9068-00-20300", "loan_type": "", "date": "2024-11-14", "amount": 0.0, "lender": "", "borrower": "ARMM ASSETS 2 LLC", "parent_brand": "Non-Institutional / Other", "matched_address": "16360 HIDDEN RIVER CT, CONROE, TX, 77302"}}, {"type": "Feature", "geometry": {"type": "Point", "coordinates": [-97.405753123852, 32.830514340577]}, "properties": {"state": "TX", "county": "Tarrant", "city": "FORT WORTH", "zip": "76135", "address": "5400 LANSDOWNE AVE", "parcelid": "24812C-3-14", "loan_type": "", "date": "2024-11-14", "amount": 0.0, "lender": "", "borrower": "ARMM ASSETS 2 LLC", "parent_brand": "Non-Institutional / Other", "matched_address": "5400 LANSDOWNE AVE, FORT WORTH, TX, 76135"}}, {"type": "Feature", "geometry": {"type": "Point", "coordinates": [-97.301077862551, 32.876104828031]}, "properties": {"state": "TX", "county": "Tarrant", "city": "FORT WORTH", "zip": "76137", "address": "3805 BIGLEAF LN", "parcelid": "40685-103-21", "loan_type": "", "date": "2024-11-14", "amount": 0.0, "lender": "", "borrower": "ARMM ASSETS 2 LLC", "parent_brand": "Non-Institutional / Other", "matched_address": "3805 BIGLEAF LN, FORT WORTH, TX, 76137"}}, {"type": "Feature", "geometry": {"type": "Point", "coordinates": [-98.318680906266, 29.564130407068]}, "properties": {"state": "TX", "county": "Bexar", "city": "UNIVERSAL CITY", "zip": "78148", "address": "8550 COLLINGWOOD", "parcelid": "05047-065-0520", "loan_type": "", "date": "2024-11-14", "amount": 0.0, "lender": "", "borrower": "ARMM ASSETS 2 LLC", "parent_brand": "Non-Institutional / Other", "matched_address": "8550 COLLINGWOOD, UNIVERSAL CITY, TX, 78148"}}, {"type": "Feature", "geometry": {"type": "Point", "coordinates": [-98.329541563246, 29.488722836728]}, "properties": {"state": "TX", "county": "Bexar", "city": "CONVERSE", "zip": "78109", "address": "8042 CHESTNUT ASH DR", "parcelid": "05080-713-0690", "loan_type": "", "date": "2024-11-14", "amount": 0.0, "lender": "", "borrower": "ARMM ASSETS 2 LLC", "parent_brand": "Non-Institutional / Other", "matched_address": "8042 CHESTNUT ASH DR, CONVERSE, TX, 78109"}}, {"type": "Feature", "geometry": {"type": "Point", "coordinates": [-98.79300197457, 29.426188727823]}, "properties": {"state": "TX", "county": "Bexar", "city": "SAN ANTONIO", "zip": "78253", "address": "551 PERCH MDW", "parcelid": "04375-113-0120", "loan_type": "", "date": "2024-11-14", "amount": 0.0, "lender": "", "borrower": "ARMM ASSETS 2 LLC", "parent_brand": "Non-Institutional / Other", "matched_address": "551 PERCH MEADOW, SAN ANTONIO, TX, 78253"}}, {"type": "Feature", "geometry": {"type": "Point", "coordinates": [-98.370784475948, 29.457244093975]}, "properties": {"state": "TX", "county": "Bexar", "city": "SAN ANTONIO", "zip": "78244", "address": "3622 CAMERON SPGS", "parcelid": "05092-816-0300", "loan_type": "", "date": "2024-11-14", "amount": 0.0, "lender": "", "borrower": "ARMM ASSETS 2 LLC", "parent_brand": "Non-Institutional / Other", "matched_address": "3622 CAMERON SPRING, SAN ANTONIO, TX, 78244"}}, {"type": "Feature", "geometry": {"type": "Point", "coordinates": [-97.192816133707, 32.76702898657]}, "properties": {"state": "TX", "county": "Tarrant", "city": "FORT WORTH", "zip": "76120", "address": "7528 ARBOR HILL DR", "parcelid": "799-1-49", "loan_type": "", "date": "2024-11-14", "amount": 0.0, "lender": "", "borrower": "ARMM ASSETS 2 LLC", "parent_brand": "Non-Institutional / Other", "matched_address": "7528 ARBOR HILL DR, FORT WORTH, TX, 76120"}}, {"type": "Feature", "geometry": {"type": "Point", "coordinates": [-98.720608051103, 29.438378809105]}, "properties": {"state": "TX", "county": "Bexar", "city": "SAN ANTONIO", "zip": "78253", "address": "11515 LANDS POND", "parcelid": "04361-108-0210", "loan_type": "", "date": "2024-11-14", "amount": 0.0, "lender": "", "borrower": "ARMM ASSETS 2 LLC", "parent_brand": "Non-Institutional / Other", "matched_address": "11515 LANDS POND, SAN ANTONIO, TX, 78253"}}, {"type": "Feature", "geometry": {"type": "Point", "coordinates": [-98.681430760678, 29.394142040019]}, "properties": {"state": "TX", "county": "Bexar", "city": "SAN ANTONIO", "zip": "78245", "address": "9714 AMBER BREEZE", "parcelid": "04332-657-0100", "loan_type": "", "date": "2024-11-14", "amount": 0.0, "lender": "", "borrower": "ARMM ASSETS 2 LLC", "parent_brand": "Non-Institutional / Other", "matched_address": "9714 AMBER BREEZE, SAN ANTONIO, TX, 78245"}}, {"type": "Feature", "geometry": {"type": "Point", "coordinates": [-98.667145520456, 29.415733279742]}, "properties": {"state": "TX", "county": "Bexar", "city": "SAN ANTONIO", "zip": "78245", "address": "9223 EVERTON", "parcelid": "18159-036-0330", "loan_type": "", "date": "2024-11-14", "amount": 0.0, "lender": "", "borrower": "ARMM ASSETS 2 LLC", "parent_brand": "Non-Institutional / Other", "matched_address": "9223 EVERTON, SAN ANTONIO, TX, 78245"}}, {"type": "Feature", "geometry": {"type": "Point", "coordinates": [-97.251496143564, 32.886249558118]}, "properties": {"state": "TX", "county": "Tarrant", "city": "WATAUGA", "zip": "76148", "address": "6329 N PARK DR", "parcelid": "33224-8-8", "loan_type": "", "date": "2024-11-14", "amount": 0.0, "lender": "", "borrower": "ARMM ASSETS 2 LLC", "parent_brand": "Non-Institutional / Other", "matched_address": "6329 N PARK DR, WATAUGA, TX, 76148"}}, {"type": "Feature", "geometry": {"type": "Point", "coordinates": [-98.364637103496, 29.579511569456]}, "properties": {"state": "TX", "county": "Bexar", "city": "SAN ANTONIO", "zip": "78233", "address": "6519 SPANISH EARTH", "parcelid": "17792-001-0600", "loan_type": "", "date": "2024-11-14", "amount": 0.0, "lender": "", "borrower": "ARMM ASSETS 2 LLC", "parent_brand": "Non-Institutional / Other", "matched_address": "6519 SPANISH EARTH, SAN ANTONIO, TX, 78233"}}, {"type": "Feature", "geometry": {"type": "Point", "coordinates": [-98.327773615567, 29.496885028801]}, "properties": {"state": "TX", "county": "Bexar", "city": "SAN ANTONIO", "zip": "78244", "address": "8111 SELDON TRL", "parcelid": "05080-624-0600", "loan_type": "", "date": "2024-11-14", "amount": 0.0, "lender": "", "borrower": "ARMM ASSETS 2 LLC", "parent_brand": "Non-Institutional / Other", "matched_address": "8111 SELDON TRL, SAN ANTONIO, TX, 78244"}}, {"type": "Feature", "geometry": {"type": "Point", "coordinates": [-98.733311609535, 29.499359919954]}, "properties": {"state": "TX", "county": "Bexar", "city": "SAN ANTONIO", "zip": "78253", "address": "12151 KARNES WAY", "parcelid": "04411-311-0480", "loan_type": "", "date": "2024-11-14", "amount": 0.0, "lender": "", "borrower": "ARMM ASSETS 2 LLC", "parent_brand": "Non-Institutional / Other", "matched_address": "12151 KARNES WAY, SAN ANTONIO, TX, 78253"}}, {"type": "Feature", "geometry": {"type": "Point", "coordinates": [-98.657804198712, 29.509365659009]}, "properties": {"state": "TX", "county": "Bexar", "city": "SAN ANTONIO", "zip": "78250", "address": "8823 BOISE HILLS DR", "parcelid": "18537-002-0330", "loan_type": "", "date": "2024-11-14", "amount": 0.0, "lender": "", "borrower": "ARMM ASSETS 2 LLC", "parent_brand": "Non-Institutional / Other", "matched_address": "8823 BOISE HILLS DR, SAN ANTONIO, TX, 78250"}}, {"type": "Feature", "geometry": {"type": "Point", "coordinates": [-98.710084079138, 29.525969880131]}, "properties": {"state": "TX", "county": "Bexar", "city": "SAN ANTONIO", "zip": "78254", "address": "11019 DUBLIN BRIAR", "parcelid": "04450-503-0180", "loan_type": "", "date": "2024-11-14", "amount": 0.0, "lender": "", "borrower": "ARMM ASSETS 2 LLC", "parent_brand": "Non-Institutional / Other", "matched_address": "11019 DUBLIN BRIAR, SAN ANTONIO, TX, 78254"}}, {"type": "Feature", "geometry": {"type": "Point", "coordinates": [-98.68421616799, 29.396855192154]}, "properties": {"state": "TX", "county": "Bexar", "city": "SAN ANTONIO", "zip": "78245", "address": "3430 COPPER RIM", "parcelid": "04332-614-0350", "loan_type": "", "date": "2024-11-14", "amount": 0.0, "lender": "", "borrower": "ARMM ASSETS 2 LLC", "parent_brand": "Non-Institutional / Other", "matched_address": "3430 COPPER RIM, SAN ANTONIO, TX, 78245"}}, {"type": "Feature", "geometry": {"type": "Point", "coordinates": [-98.690259158776, 29.391996747876]}, "properties": {"state": "TX", "county": "Bexar", "city": "SAN ANTONIO", "zip": "78245", "address": "10132 BERMUDA TRCE", "parcelid": "04332-103-0151", "loan_type": "", "date": "2024-11-14", "amount": 0.0, "lender": "", "borrower": "ARMM ASSETS 2 LLC", "parent_brand": "Non-Institutional / Other", "matched_address": "10132 BERMUDA TRCE, SAN ANTONIO, TX, 78245"}}, {"type": "Feature", "geometry": {"type": "Point", "coordinates": [-98.687814383235, 29.407634925004]}, "properties": {"state": "TX", "county": "Bexar", "city": "SAN ANTONIO", "zip": "78245", "address": "2402 SUNVIEW LK", "parcelid": "04332-187-0010", "loan_type": "", "date": "2024-11-14", "amount": 0.0, "lender": "", "borrower": "ARMM ASSETS 2 LLC", "parent_brand": "Non-Institutional / Other", "matched_address": "2402 SUNVIEW LAKE, SAN ANTONIO, TX, 78245"}}, {"type": "Feature", "geometry": {"type": "Point", "coordinates": [-98.635774055228, 29.557565402031]}, "properties": {"state": "TX", "county": "Bexar", "city": "SAN ANTONIO", "zip": "78249", "address": "12803 HUNTSMAN LAKE DR", "parcelid": "17291-022-0230", "loan_type": "", "date": "2024-11-14", "amount": 0.0, "lender": "", "borrower": "ARMM ASSETS 2 LLC", "parent_brand": "Non-Institutional / Other", "matched_address": "12803 HUNTSMAN LAKE DR, SAN ANTONIO, TX, 78249"}}, {"type": "Feature", "geometry": {"type": "Point", "coordinates": [-98.28350367503, 29.500850431245]}, "properties": {"state": "TX", "county": "Bexar", "city": "CONVERSE", "zip": "78109", "address": "10323 RED IRON CRK", "parcelid": "05064-505-0070", "loan_type": "", "date": "2024-11-14", "amount": 0.0, "lender": "", "borrower": "ARMM ASSETS 2 LLC", "parent_brand": "Non-Institutional / Other", "matched_address": "10323 RED IRON CREEK, CONVERSE, TX, 78109"}}, {"type": "Feature", "geometry": {"type": "Point", "coordinates": [-97.357778365986, 32.618602272074]}, "properties": {"state": "TX", "county": "Tarrant", "city": "FORT WORTH", "zip": "76123", "address": "8425 ASHEVILLE LN", "parcelid": "25413-19-16", "loan_type": "", "date": "2024-11-14", "amount": 0.0, "lender": "", "borrower": "ARMM ASSETS 2 LLC", "parent_brand": "Non-Institutional / Other", "matched_address": "8425 ASHEVILLE LN, FORT WORTH, TX, 76123"}}, {"type": "Feature", "geometry": {"type": "Point", "coordinates": [-98.692389855902, 29.503617065159]}, "properties": {"state": "TX", "county": "Bexar", "city": "SAN ANTONIO", "zip": "78250", "address": "9815 VILLAGE BASIN", "parcelid": "18858-008-0140", "loan_type": "", "date": "2024-11-14", "amount": 0.0, "lender": "", "borrower": "ARMM ASSETS 2 LLC", "parent_brand": "Non-Institutional / Other", "matched_address": "9815 VILLAGE BASIN, SAN ANTONIO, TX, 78250"}}, {"type": "Feature", "geometry": {"type": "Point", "coordinates": [-98.332401818576, 29.467079341546]}, "properties": {"state": "TX", "county": "Bexar", "city": "CONVERSE", "zip": "78109", "address": "7934 BRINSON CT", "parcelid": "05080-891-0220", "loan_type": "", "date": "2024-11-14", "amount": 0.0, "lender": "", "borrower": "ARMM ASSETS 2 LLC", "parent_brand": "Non-Institutional / Other", "matched_address": "7934 BRINSON CT, CONVERSE, TX, 78109"}}, {"type": "Feature", "geometry": {"type": "Point", "coordinates": [-97.113747282984, 32.621640153881]}, "properties": {"state": "TX", "county": "Tarrant", "city": "ARLINGTON", "zip": "76002", "address": "7701 AMSTERDAM LN", "parcelid": "25134-5-6", "loan_type": "", "date": "2024-11-14", "amount": 0.0, "lender": "", "borrower": "ARMM ASSETS 2 LLC", "parent_brand": "Non-Institutional / Other", "matched_address": "7701 AMSTERDAM LN, ARLINGTON, TX, 76002"}}, {"type": "Feature", "geometry": {"type": "Point", "coordinates": [-98.696146765009, 29.393335421717]}, "properties": {"state": "TX", "county": "Bexar", "city": "SAN ANTONIO", "zip": "78245", "address": "10257 CANTON FLD", "parcelid": "04332-308-2050", "loan_type": "", "date": "2024-11-14", "amount": 0.0, "lender": "", "borrower": "ARMM ASSETS 2 LLC", "parent_brand": "Non-Institutional / Other", "matched_address": "10257 CANTON FIELD, SAN ANTONIO, TX, 78245"}}, {"type": "Feature", "geometry": {"type": "Point", "coordinates": [-95.44640967901, 30.250536576371]}, "properties": {"state": "TX", "county": "Montgomery", "city": "CONROE", "zip": "77302", "address": "536 BULL RUN CT", "parcelid": "8320-03-08100", "loan_type": "", "date": "2024-11-14", "amount": 0.0, "lender": "", "borrower": "ARMM ASSETS 2 LLC", "parent_brand": "Non-Institutional / Other", "matched_address": "536 BULL RUN CT, CONROE, TX, 77302"}}, {"type": "Feature", "geometry": {"type": "Point", "coordinates": [-98.716370571525, 29.43828068559]}, "properties": {"state": "TX", "county": "Bexar", "city": "SAN ANTONIO", "zip": "78253", "address": "11314 BRONZE SAND", "parcelid": "04361-106-0020", "loan_type": "", "date": "2024-11-14", "amount": 0.0, "lender": "", "borrower": "ARMM ASSETS 2 LLC", "parent_brand": "Non-Institutional / Other", "matched_address": "11314 BRONZE SAND, SAN ANTONIO, TX, 78253"}}, {"type": "Feature", "geometry": {"type": "Point", "coordinates": [-97.384771163291, 32.850979371676]}, "properties": {"state": "TX", "county": "Tarrant", "city": "SAGINAW", "zip": "76179", "address": "1072 WESTCLIFF AVE", "parcelid": "31805-7-3", "loan_type": "", "date": "2024-11-14", "amount": 0.0, "lender": "", "borrower": "ARMM ASSETS 2 LLC", "parent_brand": "Non-Institutional / Other", "matched_address": "1072 WESTCLIFF AVE, SAGINAW, TX, 76179"}}, {"type": "Feature", "geometry": {"type": "Point", "coordinates": [-98.370066820381, 29.45684570856]}, "properties": {"state": "TX", "county": "Bexar", "city": "SAN ANTONIO", "zip": "78244", "address": "3631 CANDLEHILL", "parcelid": "05092-816-0540", "loan_type": "", "date": "2024-11-14", "amount": 0.0, "lender": "", "borrower": "ARMM ASSETS 2 LLC", "parent_brand": "Non-Institutional / Other", "matched_address": "3631 CANDLEHILL, SAN ANTONIO, TX, 78244"}}, {"type": "Feature", "geometry": {"type": "Point", "coordinates": [-97.37507576343, 32.988530135273]}, "properties": {"state": "TX", "county": "Tarrant", "city": "HASLET", "zip": "76052", "address": "837 SANTA ROSA DR", "parcelid": "37880B-58-45", "loan_type": "", "date": "2024-11-14", "amount": 0.0, "lender": "", "borrower": "ARMM ASSETS 2 LLC", "parent_brand": "Non-Institutional / Other", "matched_address": "837 SANTA ROSA DR, HASLET, TX, 76052"}}, {"type": "Feature", "geometry": {"type": "Point", "coordinates": [-98.674416401253, 29.4810447571]}, "properties": {"state": "TX", "county": "Bexar", "city": "SAN ANTONIO", "zip": "78251", "address": "9611 CRISWELL CRK", "parcelid": "17639-023-0330", "loan_type": "", "date": "2024-11-14", "amount": 0.0, "lender": "", "borrower": "ARMM ASSETS 2 LLC", "parent_brand": "Non-Institutional / Other", "matched_address": "9611 CRISWELL CREEK, SAN ANTONIO, TX, 78251"}}, {"type": "Feature", "geometry": {"type": "Point", "coordinates": [-97.371638137143, 32.618575204932]}, "properties": {"state": "TX", "county": "Tarrant", "city": "FORT WORTH", "zip": "76123", "address": "8513 PRAIRIE ROSE LN", "parcelid": "20726-27-4", "loan_type": "", "date": "2024-11-14", "amount": 0.0, "lender": "", "borrower": "ARMM ASSETS 2 LLC", "parent_brand": "Non-Institutional / Other", "matched_address": "8513 PRAIRIE ROSE LN, FORT WORTH, TX, 76123"}}, {"type": "Feature", "geometry": {"type": "Point", "coordinates": [-97.358868144635, 32.632115216177]}, "properties": {"state": "TX", "county": "Tarrant", "city": "FORT WORTH", "zip": "76123", "address": "2609 ECHO POINT DR", "parcelid": "25405-29-14", "loan_type": "", "date": "2024-11-14", "amount": 0.0, "lender": "", "borrower": "ARMM ASSETS 2 LLC", "parent_brand": "Non-Institutional / Other", "matched_address": "2609 ECHO POINT DR, FORT WORTH, TX, 76123"}}, {"type": "Feature", "geometry": {"type": "Point", "coordinates": [-98.332401646018, 29.516763847032]}, "properties": {"state": "TX", "county": "Bexar", "city": "SAN ANTONIO", "zip": "78239", "address": "8527 SERENE RIDGE DR", "parcelid": "05052-908-1630", "loan_type": "", "date": "2024-11-14", "amount": 0.0, "lender": "", "borrower": "ARMM ASSETS 2 LLC", "parent_brand": "Non-Institutional / Other", "matched_address": "8527 SERENE RIDGE DR, SAN ANTONIO, TX, 78239"}}, {"type": "Feature", "geometry": {"type": "Point", "coordinates": [-97.144242676713, 32.689155942702]}, "properties": {"state": "TX", "county": "Tarrant", "city": "ARLINGTON", "zip": "76015", "address": "3505 CABOTWOOD CT", "parcelid": "47325-5-28", "loan_type": "", "date": "2024-11-14", "amount": 0.0, "lender": "", "borrower": "ARMM ASSETS 2 LLC", "parent_brand": "Non-Institutional / Other", "matched_address": "3505 CABOTWOOD CT, ARLINGTON, TX, 76015"}}, {"type": "Feature", "geometry": {"type": "Point", "coordinates": [-98.429568551931, 29.592266908314]}, "properties": {"state": "TX", "county": "Bexar", "city": "SAN ANTONIO", "zip": "78247", "address": "16511 EAGLE CROSS DR", "parcelid": "17725-008-0420", "loan_type": "", "date": "2024-11-14", "amount": 0.0, "lender": "", "borrower": "ARMM ASSETS 2 LLC", "parent_brand": "Non-Institutional / Other", "matched_address": "16511 EAGLE CROSS DR, SAN ANTONIO, TX, 78247"}}, {"type": "Feature", "geometry": {"type": "Point", "coordinates": [-97.210390863461, 32.675670382545]}, "properties": {"state": "TX", "county": "Tarrant", "city": "ARLINGTON", "zip": "76016", "address": "4401 CRANBROOK DR", "parcelid": "47515-M-14", "loan_type": "", "date": "2024-11-14", "amount": 0.0, "lender": "", "borrower": "ARMM ASSETS 2 LLC", "parent_brand": "Non-Institutional / Other", "matched_address": "4401 CRANBROOK DR, ARLINGTON, TX, 76016"}}, {"type": "Feature", "geometry": {"type": "Point", "coordinates": [-98.327396465939, 29.492811327215]}, "properties": {"state": "TX", "county": "Bexar", "city": "CONVERSE", "zip": "78109", "address": "8150 STEEP VLY", "parcelid": "05080-799-0150", "loan_type": "", "date": "2024-11-14", "amount": 0.0, "lender": "", "borrower": "ARMM ASSETS 2 LLC", "parent_brand": "Non-Institutional / Other", "matched_address": "8150 STEEP VALLEY, CONVERSE, TX, 78109"}}, {"type": "Feature", "geometry": {"type": "Point", "coordinates": [-97.528732945473, 32.879587047099]}, "properties": {"state": "TX", "county": "Tarrant", "city": "AZLE", "zip": "76020", "address": "320 GLENHAVEN DR", "parcelid": "47640-5-3", "loan_type": "", "date": "2024-11-14", "amount": 0.0, "lender": "", "borrower": "ARMM ASSETS 2 LLC", "parent_brand": "Non-Institutional / Other", "matched_address": "320 GLENHAVEN DR, AZLE, TX, 76020"}}, {"type": "Feature", "geometry": {"type": "Point", "coordinates": [-95.655041635097, 29.689285405347]}, "properties": {"state": "TX", "county": "Fort Bend", "city": "HOUSTON", "zip": "77083", "address": "15218 BEECHNUT ST", "parcelid": "5030-05-001-0130-907", "loan_type": "", "date": "2024-11-14", "amount": 0.0, "lender": "", "borrower": "ARMM ASSETS 2 LLC", "parent_brand": "Non-Institutional / Other", "matched_address": "15218 BEECHNUT ST, HOUSTON, TX, 77083"}}, {"type": "Feature", "geometry": {"type": "Point", "coordinates": [-98.341246169706, 29.539819271284]}, "properties": {"state": "TX", "county": "Bexar", "city": "LIVE OAK", "zip": "78233", "address": "8031 FOREST ASH", "parcelid": "05049-368-0090", "loan_type": "", "date": "2024-11-14", "amount": 0.0, "lender": "", "borrower": "ARMM ASSETS 2 LLC", "parent_brand": "Non-Institutional / Other", "matched_address": "8031 FOREST ASH RD, LIVE OAK, TX, 78233"}}, {"type": "Feature", "geometry": {"type": "Point", "coordinates": [-98.323373270561, 29.504579335044]}, "properties": {"state": "TX", "county": "Bexar", "city": "CONVERSE", "zip": "78109", "address": "8051 MANDERLY PL", "parcelid": "18176-006-0690", "loan_type": "", "date": "2024-11-14", "amount": 0.0, "lender": "", "borrower": "ARMM ASSETS 2 LLC", "parent_brand": "Non-Institutional / Other", "matched_address": "8051 MANDERLY PL, CONVERSE, TX, 78109"}}, {"type": "Feature", "geometry": {"type": "Point", "coordinates": [-97.08971194042, 32.612993689833]}, "properties": {"state": "TX", "county": "Tarrant", "city": "ARLINGTON", "zip": "76002", "address": "1117 MULE DEER DR", "parcelid": "44717D-1-9", "loan_type": "", "date": "2024-11-14", "amount": 0.0, "lender": "", "borrower": "ARMM ASSETS 2 LLC", "parent_brand": "Non-Institutional / Other", "matched_address": "1117 MULE DEER DR, ARLINGTON, TX, 76002"}}, {"type": "Feature", "geometry": {"type": "Point", "coordinates": [-98.337552137049, 29.515663264825]}, "properties": {"state": "TX", "county": "Bexar", "city": "SAN ANTONIO", "zip": "78239", "address": "8610 SHALLOW RIDGE DR", "parcelid": "05052-909-0200", "loan_type": "", "date": "2024-11-14", "amount": 0.0, "lender": "", "borrower": "ARMM ASSETS 2 LLC", "parent_brand": "Non-Institutional / Other", "matched_address": "8610 SHALLOW RIDGE DR, SAN ANTONIO, TX, 78239"}}, {"type": "Feature", "geometry": {"type": "Point", "coordinates": [-98.296349790734, 29.503885851919]}, "properties": {"state": "TX", "county": "Bexar", "city": "CONVERSE", "zip": "78109", "address": "9620 COPPER SANDS", "parcelid": "05064-311-0010", "loan_type": "", "date": "2024-11-14", "amount": 0.0, "lender": "", "borrower": "ARMM ASSETS 2 LLC", "parent_brand": "Non-Institutional / Other", "matched_address": "9620 COPPER SANDS, CONVERSE, TX, 78109"}}, {"type": "Feature", "geometry": {"type": "Point", "coordinates": [-97.395724456164, 32.878699223169]}, "properties": {"state": "TX", "county": "Tarrant", "city": "FORT WORTH", "zip": "76179", "address": "8641 HAWKVIEW DR", "parcelid": "3100A-3-9", "loan_type": "", "date": "2024-11-14", "amount": 0.0, "lender": "", "borrower": "ARMM ASSETS 2 LLC", "parent_brand": "Non-Institutional / Other", "matched_address": "8641 HAWKVIEW DR, FORT WORTH, TX, 76179"}}, {"type": "Feature", "geometry": {"type": "Point", "coordinates": [-98.364530046357, 29.453237011236]}, "properties": {"state": "TX", "county": "Bexar", "city": "SAN ANTONIO", "zip": "78244", "address": "6339 WILD FLOWER WAY", "parcelid": "05094-202-0430", "loan_type": "", "date": "2024-11-14", "amount": 0.0, "lender": "", "borrower": "ARMM ASSETS 2 LLC", "parent_brand": "Non-Institutional / Other", "matched_address": "6339 WILDFLOWER WAY, SAN ANTONIO, TX, 78244"}}, {"type": "Feature", "geometry": {"type": "Point", "coordinates": [-98.804661714606, 29.434106179096]}, "properties": {"state": "TX", "county": "Bexar", "city": "SAN ANTONIO", "zip": "78253", "address": "134 OSPREY HVN", "parcelid": "04375-120-0050", "loan_type": "", "date": "2024-11-14", "amount": 0.0, "lender": "", "borrower": "ARMM ASSETS 2 LLC", "parent_brand": "Non-Institutional / Other", "matched_address": "134 OSPREY HAVEN, SAN ANTONIO, TX, 78253"}}, {"type": "Feature", "geometry": {"type": "Point", "coordinates": [-97.316991975634, 32.602607977896]}, "properties": {"state": "TX", "county": "Tarrant", "city": "FORT WORTH", "zip": "76140", "address": "10528 PARK CITY TRL", "parcelid": "9615B-G-8", "loan_type": "", "date": "2024-11-14", "amount": 0.0, "lender": "", "borrower": "ARMM ASSETS 2 LLC", "parent_brand": "Non-Institutional / Other", "matched_address": "10528 PARK CITY TRL, FORT WORTH, TX, 76140"}}, {"type": "Feature", "geometry": {"type": "Point", "coordinates": [-98.717378658821, 29.40735686844]}, "properties": {"state": "TX", "county": "Bexar", "city": "SAN ANTONIO", "zip": "78245", "address": "11527 FORT SMITH", "parcelid": "04335-111-0300", "loan_type": "", "date": "2024-11-14", "amount": 0.0, "lender": "", "borrower": "ARMM ASSETS 2 LLC", "parent_brand": "Non-Institutional / Other", "matched_address": "11527 FORT SMITH, SAN ANTONIO, TX, 78245"}}, {"type": "Feature", "geometry": {"type": "Point", "coordinates": [-98.392339561435, 29.455061302733]}, "properties": {"state": "TX", "county": "Bexar", "city": "SAN ANTONIO", "zip": "78219", "address": "5050 GORDON COOPER DR", "parcelid": "04018-226-0190", "loan_type": "", "date": "2024-11-14", "amount": 0.0, "lender": "", "borrower": "ARMM ASSETS 2 LLC", "parent_brand": "Non-Institutional / Other", "matched_address": "5050 GORDON COOPER DR, SAN ANTONIO, TX, 78219"}}, {"type": "Feature", "geometry": {"type": "Point", "coordinates": [-98.648874172026, 29.378956760906]}, "properties": {"state": "TX", "county": "Bexar", "city": "SAN ANTONIO", "zip": "78227", "address": "5423 DUKE FLD", "parcelid": "15140-079-0150", "loan_type": "", "date": "2024-11-14", "amount": 0.0, "lender": "", "borrower": "ARMM ASSETS 2 LLC", "parent_brand": "Non-Institutional / Other", "matched_address": "5423 DUKE FIELD, SAN ANTONIO, TX, 78227"}}, {"type": "Feature", "geometry": {"type": "Point", "coordinates": [-98.71337502885, 29.375972823238]}, "properties": {"state": "TX", "county": "Bexar", "city": "SAN ANTONIO", "zip": "78252", "address": "11254 COUNTRY CYN", "parcelid": "04317-211-0210", "loan_type": "", "date": "2024-11-14", "amount": 0.0, "lender": "", "borrower": "ARMM ASSETS 2 LLC", "parent_brand": "Non-Institutional / Other", "matched_address": "11254 COUNTRY CANYON, SAN ANTONIO, TX, 78252"}}, {"type": "Feature", "geometry": {"type": "Point", "coordinates": [-98.713750377768, 29.526939935257]}, "properties": {"state": "TX", "county": "Bexar", "city": "SAN ANTONIO", "zip": "78254", "address": "11226 DUBLIN TRCE", "parcelid": "04450-510-0180", "loan_type": "", "date": "2024-11-14", "amount": 0.0, "lender": "", "borrower": "ARMM ASSETS 2 LLC", "parent_brand": "Non-Institutional / Other", "matched_address": "11226 DUBLIN TRCE, SAN ANTONIO, TX, 78254"}}, {"type": "Feature", "geometry": {"type": "Point", "coordinates": [-97.341811448701, 32.651824470409]}, "properties": {"state": "TX", "county": "Tarrant", "city": "FORT WORTH", "zip": "76134", "address": "1509 LAGOONA LN", "parcelid": "804819", "loan_type": "", "date": "2024-11-14", "amount": 0.0, "lender": "", "borrower": "ARMM ASSETS 2 LLC", "parent_brand": "Non-Institutional / Other", "matched_address": "1509 LAGOONA LN, FORT WORTH, TX, 76134"}}, {"type": "Feature", "geometry": {"type": "Point", "coordinates": [-97.11959837256, 32.688657248436]}, "properties": {"state": "TX", "county": "Tarrant", "city": "ARLINGTON", "zip": "76015", "address": "816 WAVERLY DR", "parcelid": "45395-4-28", "loan_type": "", "date": "2024-11-14", "amount": 0.0, "lender": "", "borrower": "ARMM ASSETS 2 LLC", "parent_brand": "Non-Institutional / Other", "matched_address": "816 WAVERLY DR, ARLINGTON, TX, 76015"}}, {"type": "Feature", "geometry": {"type": "Point", "coordinates": [-97.33061763433, 32.850977430197]}, "properties": {"state": "TX", "county": "Tarrant", "city": "FORT WORTH", "zip": "76131", "address": "5916 MELANIE DR", "parcelid": "307B-23-23", "loan_type": "", "date": "2024-11-14", "amount": 0.0, "lender": "", "borrower": "ARMM ASSETS 2 LLC", "parent_brand": "Non-Institutional / Other", "matched_address": "5916 MELANIE DR, FORT WORTH, TX, 76131"}}, {"type": "Feature", "geometry": {"type": "Point", "coordinates": [-98.428411077402, 29.32699328916]}, "properties": {"state": "TX", "county": "Bexar", "city": "SAN ANTONIO", "zip": "78223", "address": "237 SAN JUAN RD", "parcelid": "10895-013-0390", "loan_type": "", "date": "2024-11-14", "amount": 0.0, "lender": "", "borrower": "ARMM ASSETS 2 LLC", "parent_brand": "Non-Institutional / Other", "matched_address": "237 SAN JUAN RD, SAN ANTONIO, TX, 78223"}}, {"type": "Feature", "geometry": {"type": "Point", "coordinates": [-95.407955809966, 30.109475579767]}, "properties": {"state": "TX", "county": "Montgomery", "city": "SPRING", "zip": "77386", "address": "29435 GRACEFUL PATH WAY", "parcelid": "5159-04-06800", "loan_type": "", "date": "2024-11-14", "amount": 0.0, "lender": "", "borrower": "ARMM ASSETS 2 LLC", "parent_brand": "Non-Institutional / Other", "matched_address": "29435 GRACEFUL PATH WAY, SPRING, TX, 77386"}}, {"type": "Feature", "geometry": {"type": "Point", "coordinates": [-97.138242112471, 32.846100113642]}, "properties": {"state": "TX", "county": "Tarrant", "city": "BEDFORD", "zip": "76021", "address": "1936 PINE RIDGE DR", "parcelid": "33715-2-10", "loan_type": "", "date": "2024-11-14", "amount": 0.0, "lender": "", "borrower": "ARMM ASSETS 2 LLC", "parent_brand": "Non-Institutional / Other", "matched_address": "1936 PINE RIDGE DR, BEDFORD, TX, 76021"}}, {"type": "Feature", "geometry": {"type": "Point", "coordinates": [-96.717547801506, 33.052440498569]}, "properties": {"state": "TX", "county": "Collin", "city": "PLANO", "zip": "75023", "address": "5004 OVERDOWNS DR", "parcelid": "R-0553-015-0150-1", "loan_type": "", "date": "2024-11-14", "amount": 0.0, "lender": "", "borrower": "ARMM ASSETS 2 LLC", "parent_brand": "Non-Institutional / Other", "matched_address": "5004 OVERDOWNS DR, PLANO, TX, 75023"}}, {"type": "Feature", "geometry": {"type": "Point", "coordinates": [-95.429804011891, 30.216264823826]}, "properties": {"state": "TX", "county": "Montgomery", "city": "CONROE", "zip": "77385", "address": "9889 EXPEDITION TRL", "parcelid": "7208-02-06300", "loan_type": "", "date": "2024-11-14", "amount": 0.0, "lender": "", "borrower": "ARMM ASSETS 2 LLC", "parent_brand": "Non-Institutional / Other", "matched_address": "9889 EXPEDITION TRL, CONROE, TX, 77385"}}, {"type": "Feature", "geometry": {"type": "Point", "coordinates": [-98.322931891943, 29.49249302889]}, "properties": {"state": "TX", "county": "Bexar", "city": "CONVERSE", "zip": "78109", "address": "6638 MEADOW DAWN DR", "parcelid": "05080-709-0010", "loan_type": "", "date": "2024-11-14", "amount": 0.0, "lender": "", "borrower": "ARMM ASSETS 2 LLC", "parent_brand": "Non-Institutional / Other", "matched_address": "6638 MEADOW DAWN DR, CONVERSE, TX, 78109"}}, {"type": "Feature", "geometry": {"type": "Point", "coordinates": [-97.38037226939, 32.613449892017]}, "properties": {"state": "TX", "county": "Tarrant", "city": "FORT WORTH", "zip": "76123", "address": "8768 STONEBRIAR LN", "parcelid": "14678E-7-18", "loan_type": "", "date": "2024-11-14", "amount": 0.0, "lender": "", "borrower": "ARMM ASSETS 2 LLC", "parent_brand": "Non-Institutional / Other", "matched_address": "8768 STONEBRIAR LN, FORT WORTH, TX, 76123"}}, {"type": "Feature", "geometry": {"type": "Point", "coordinates": [-97.124644878905, 32.660584218127]}, "properties": {"state": "TX", "county": "Tarrant", "city": "ARLINGTON", "zip": "76017", "address": "5315 ALTA VISTA LN", "parcelid": "31448-5-11", "loan_type": "", "date": "2024-11-14", "amount": 0.0, "lender": "", "borrower": "ARMM ASSETS 2 LLC", "parent_brand": "Non-Institutional / Other", "matched_address": "5315 ALTA VISTA LN, ARLINGTON, TX, 76017"}}, {"type": "Feature", "geometry": {"type": "Point", "coordinates": [-98.318968234574, 29.49315758335]}, "properties": {"state": "TX", "county": "Bexar", "city": "CONVERSE", "zip": "78109", "address": "6831 REBEL GROVE DR", "parcelid": "05080-702-0540", "loan_type": "", "date": "2024-11-14", "amount": 0.0, "lender": "", "borrower": "ARMM ASSETS 2 LLC", "parent_brand": "Non-Institutional / Other", "matched_address": "6831 REBEL GROVE, CONVERSE, TX, 78109"}}, {"type": "Feature", "geometry": {"type": "Point", "coordinates": [-97.041095986254, 33.050129927026]}, "properties": {"state": "TX", "county": "Denton", "city": "LEWISVILLE", "zip": "75077", "address": "1826 EL PASO ST", "parcelid": "R08309", "loan_type": "", "date": "2024-11-01", "amount": 0.0, "lender": "", "borrower": "BAF ASSETS 6 LLC", "parent_brand": "Amherst Residential", "matched_address": "1826 EL PASO ST, LEWISVILLE, TX, 75077"}}, {"type": "Feature", "geometry": {"type": "Point", "coordinates": [-96.847480040975, 32.573907008291]}, "properties": {"state": "TX", "county": "Dallas", "city": "DESOTO", "zip": "75115", "address": "524 E LARK CT", "parcelid": "2.007000001025e+16", "loan_type": "", "date": "2024-11-01", "amount": 0.0, "lender": "", "borrower": "BAF ASSETS 6 LLC", "parent_brand": "Amherst Residential", "matched_address": "524 E LARK CT, DESOTO, TX, 75115"}}, {"type": "Feature", "geometry": {"type": "Point", "coordinates": [-111.038521554709, 32.122819395741]}, "properties": {"state": "AZ", "county": "Pima", "city": "TUCSON", "zip": "85746", "address": "7124 S CAMINO TRISTE", "parcelid": "138-32-8300", "loan_type": "", "date": "2024-11-14", "amount": 0.0, "lender": "", "borrower": "ARMM ASSETS 2 LLC", "parent_brand": "Non-Institutional / Other", "matched_address": "7124 S CAM TRISTE, TUCSON, AZ, 85746"}}, {"type": "Feature", "geometry": {"type": "Point", "coordinates": [-110.94584314282, 32.165747461507]}, "properties": {"state": "AZ", "county": "Pima", "city": "TUCSON", "zip": "85714", "address": "1735 E WARREN PL", "parcelid": "132-16-4170", "loan_type": "", "date": "2024-11-14", "amount": 0.0, "lender": "", "borrower": "ARMM ASSETS 2 LLC", "parent_brand": "Non-Institutional / Other", "matched_address": "1735 E WARREN PL, TUCSON, AZ, 85714"}}, {"type": "Feature", "geometry": {"type": "Point", "coordinates": [-111.079194276908, 32.174035977998]}, "properties": {"state": "AZ", "county": "Pima", "city": "TUCSON", "zip": "85735", "address": "4046 S ROCKY PEAK CT", "parcelid": "212-50-0950", "loan_type": "", "date": "2024-11-14", "amount": 0.0, "lender": "", "borrower": "ARMM ASSETS 2 LLC", "parent_brand": "Non-Institutional / Other", "matched_address": "4046 S ROCKY PEAK CT, TUCSON, AZ, 85735"}}, {"type": "Feature", "geometry": {"type": "Point", "coordinates": [-111.142215449194, 32.135645728052]}, "properties": {"state": "AZ", "county": "Pima", "city": "TUCSON", "zip": "85757", "address": "8285 W KITTIWAKE LN", "parcelid": "210-55-4520", "loan_type": "", "date": "2024-11-14", "amount": 0.0, "lender": "", "borrower": "ARMM ASSETS 2 LLC", "parent_brand": "Non-Institutional / Other", "matched_address": "8285 W KITTIWAKE LN, TUCSON, AZ, 85757"}}, {"type": "Feature", "geometry": {"type": "Point", "coordinates": [-110.718831893466, 31.989715318216]}, "properties": {"state": "AZ", "county": "Pima", "city": "VAIL", "zip": "85641", "address": "2531 E COLD SNAP PL", "parcelid": "305-41-0870", "loan_type": "", "date": "2024-11-14", "amount": 0.0, "lender": "", "borrower": "ARMM ASSETS 2 LLC", "parent_brand": "Non-Institutional / Other", "matched_address": "2531 E COLD SNAP PL, VAIL, AZ, 85641"}}, {"type": "Feature", "geometry": {"type": "Point", "coordinates": [-110.904672598641, 32.123664715938]}, "properties": {"state": "AZ", "county": "Pima", "city": "TUCSON", "zip": "85756", "address": "4106 E LUSHFIELD DR", "parcelid": "140-41-6640", "loan_type": "", "date": "2024-11-14", "amount": 0.0, "lender": "", "borrower": "ARMM ASSETS 2 LLC", "parent_brand": "Non-Institutional / Other", "matched_address": "4106 E LUSHFIELD DR, TUCSON, AZ, 85756"}}, {"type": "Feature", "geometry": {"type": "Point", "coordinates": [-110.962537915644, 32.168788592412]}, "properties": {"state": "AZ", "county": "Pima", "city": "TUCSON", "zip": "85714", "address": "419 E FAIRGROUND DR", "parcelid": "120-09-2720", "loan_type": "", "date": "2024-11-14", "amount": 0.0, "lender": "", "borrower": "ARMM ASSETS 2 LLC", "parent_brand": "Non-Institutional / Other", "matched_address": "419 E FAIRGROUND DR, TUCSON, AZ, 85714"}}, {"type": "Feature", "geometry": {"type": "Point", "coordinates": [-110.998232140949, 32.140654208374]}, "properties": {"state": "AZ", "county": "Pima", "city": "TUCSON", "zip": "85746", "address": "1576 W HIGHSMITH DR", "parcelid": "137-27-4710", "loan_type": "", "date": "2024-11-14", "amount": 0.0, "lender": "", "borrower": "ARMM ASSETS 2 LLC", "parent_brand": "Non-Institutional / Other", "matched_address": "1576 W HIGHSMITH DR, TUCSON, AZ, 85746"}}, {"type": "Feature", "geometry": {"type": "Point", "coordinates": [-111.034904067527, 32.160705984231]}, "properties": {"state": "AZ", "county": "Pima", "city": "TUCSON", "zip": "85746", "address": "3224 W ALEXANDERWOOD DR", "parcelid": "137-16-8280", "loan_type": "", "date": "2024-11-14", "amount": 0.0, "lender": "", "borrower": "ARMM ASSETS 2 LLC", "parent_brand": "Non-Institutional / Other", "matched_address": "3224 W ALEXANDERWOOD DR, TUCSON, AZ, 85746"}}, {"type": "Feature", "geometry": {"type": "Point", "coordinates": [-110.804364610468, 32.163449612815]}, "properties": {"state": "AZ", "county": "Pima", "city": "TUCSON", "zip": "85730", "address": "4880 S WILD ROSE DR", "parcelid": "136-30-2690", "loan_type": "", "date": "2024-11-14", "amount": 0.0, "lender": "", "borrower": "ARMM ASSETS 2 LLC", "parent_brand": "Non-Institutional / Other", "matched_address": "4880 S WILD ROSE DR, TUCSON, AZ, 85730"}}, {"type": "Feature", "geometry": {"type": "Point", "coordinates": [-111.162657017565, 32.392540200832]}, "properties": {"state": "AZ", "county": "Pima", "city": "MARANA", "zip": "85653", "address": "9267 W TROTTING WOLF TRL", "parcelid": "216-41-0930", "loan_type": "", "date": "2024-11-14", "amount": 0.0, "lender": "", "borrower": "ARMM ASSETS 2 LLC", "parent_brand": "Non-Institutional / Other", "matched_address": "9267 W TROTTING WOLF TRL, MARANA, AZ, 85653"}}, {"type": "Feature", "geometry": {"type": "Point", "coordinates": [-111.050022944534, 32.270577197804]}, "properties": {"state": "AZ", "county": "Pima", "city": "TUCSON", "zip": "85745", "address": "3501 N CRYSTAL HILL AVE", "parcelid": "103-12-7210", "loan_type": "", "date": "2024-11-14", "amount": 0.0, "lender": "", "borrower": "ARMM ASSETS 2 LLC", "parent_brand": "Non-Institutional / Other", "matched_address": "3501 N CRYSTAL HILL AVE, TUCSON, AZ, 85745"}}, {"type": "Feature", "geometry": {"type": "Point", "coordinates": [-111.547963181764, 33.238133178403]}, "properties": {"state": "AZ", "county": "Pinal", "city": "SAN TAN VALLEY", "zip": "85140", "address": "1658 E ANASTASIA ST", "parcelid": "109-28-6360", "loan_type": "", "date": "2024-11-06", "amount": 0.0, "lender": "", "borrower": "ARMM ASSETS 2 LLC", "parent_brand": "Non-Institutional / Other", "matched_address": "1658 E ANASTASIA ST, SAN TAN VALLEY, AZ, 85140"}}, {"type": "Feature", "geometry": {"type": "Point", "coordinates": [-111.562275592857, 33.227402943071]}, "properties": {"state": "AZ", "county": "Pinal", "city": "SAN TAN VALLEY", "zip": "85140", "address": "38372 N AMY LN", "parcelid": "109-31-3060", "loan_type": "", "date": "2024-11-06", "amount": 0.0, "lender": "", "borrower": "ARMM ASSETS 2 LLC", "parent_brand": "Non-Institutional / Other", "matched_address": "38372 N AMY LN, SAN TAN VALLEY, AZ, 85140"}}, {"type": "Feature", "geometry": {"type": "Point", "coordinates": [-112.12180871703, 33.6862225187]}, "properties": {"state": "AZ", "county": "Maricopa", "city": "PHOENIX", "zip": "85027", "address": "22014 N 29TH DR", "parcelid": "206-04-193", "loan_type": "", "date": "2022-08-24", "amount": 0.0, "lender": "", "borrower": "BAF ASSETS 5 LLC", "parent_brand": "Amherst Residential", "matched_address": "22014 N 29TH AVE, PHOENIX, AZ, 85027"}}, {"type": "Feature", "geometry": {"type": "Point", "coordinates": [-110.785066624778, 32.181921701855]}, "properties": {"state": "AZ", "county": "Pima", "city": "TUCSON", "zip": "85730", "address": "9722 E SELLAROLE RD", "parcelid": "136-12-2350", "loan_type": "", "date": "2022-08-24", "amount": 0.0, "lender": "", "borrower": "BAF ASSETS 5 LLC", "parent_brand": "Amherst Residential", "matched_address": "9722 E SELLAROLE RD, TUCSON, AZ, 85730"}}, {"type": "Feature", "geometry": {"type": "Point", "coordinates": [-110.835301839487, 32.18956872493]}, "properties": {"state": "AZ", "county": "Pima", "city": "TUCSON", "zip": "85730", "address": "7341 E 39TH ST", "parcelid": "136-21-1970", "loan_type": "", "date": "2022-08-24", "amount": 0.0, "lender": "", "borrower": "BAF ASSETS 5 LLC", "parent_brand": "Amherst Residential", "matched_address": "7341 E 39TH ST, TUCSON, AZ, 85730"}}, {"type": "Feature", "geometry": {"type": "Point", "coordinates": [-112.147572814807, 33.540597387012]}, "properties": {"state": "AZ", "county": "Maricopa", "city": "PHOENIX", "zip": "85051", "address": "4122 W GLENN DR", "parcelid": "151-18-236", "loan_type": "", "date": "2022-08-24", "amount": 0.0, "lender": "", "borrower": "BAF ASSETS 5 LLC", "parent_brand": "Amherst Residential", "matched_address": "4122 W GLENN DR, PHOENIX, AZ, 85051"}}, {"type": "Feature", "geometry": {"type": "Point", "coordinates": [-111.073043111182, 32.375033919821]}, "properties": {"state": "AZ", "county": "Pima", "city": "TUCSON", "zip": "85742", "address": "5047 W PHEASANT ST", "parcelid": "221-09-0140", "loan_type": "", "date": "2022-08-24", "amount": 0.0, "lender": "", "borrower": "BAF ASSETS 5 LLC", "parent_brand": "Amherst Residential", "matched_address": "5047 PHEASANT ST, TUCSON, AZ, 85742"}}, {"type": "Feature", "geometry": {"type": "Point", "coordinates": [-110.999439259733, 32.183638779784]}, "properties": {"state": "AZ", "county": "Pima", "city": "TUCSON", "zip": "85713", "address": "1615 W CALLE GUADALAJARA", "parcelid": "119-21-2000", "loan_type": "", "date": "2022-08-24", "amount": 0.0, "lender": "", "borrower": "BAF ASSETS 5 LLC", "parent_brand": "Amherst Residential", "matched_address": "1615 W CLL GUADALAJARA, TUCSON, AZ, 85713"}}, {"type": "Feature", "geometry": {"type": "Point", "coordinates": [-112.304714332729, 33.433060299085]}, "properties": {"state": "AZ", "county": "Maricopa", "city": "AVONDALE", "zip": "85323", "address": "11430 W YUMA ST", "parcelid": "101-20-094", "loan_type": "", "date": "2022-08-24", "amount": 0.0, "lender": "", "borrower": "BAF ASSETS 5 LLC", "parent_brand": "Amherst Residential", "matched_address": "11430 W YUMA ST, AVONDALE, AZ, 85323"}}, {"type": "Feature", "geometry": {"type": "Point", "coordinates": [-110.90307139828, 32.139452251847]}, "properties": {"state": "AZ", "county": "Pima", "city": "TUCSON", "zip": "85706", "address": "6190 S WATER FOUNTAIN DR", "parcelid": "140-32-2490", "loan_type": "", "date": "2022-08-24", "amount": 0.0, "lender": "", "borrower": "BAF ASSETS 5 LLC", "parent_brand": "Amherst Residential", "matched_address": "6190 S WATER FOUNTAIN DR, TUCSON, AZ, 85706"}}, {"type": "Feature", "geometry": {"type": "Point", "coordinates": [-110.802611902478, 32.165320592418]}, "properties": {"state": "AZ", "county": "Pima", "city": "TUCSON", "zip": "85730", "address": "8886 E CITRUS TREE DR", "parcelid": "136-30-3280", "loan_type": "", "date": "2022-08-24", "amount": 0.0, "lender": "", "borrower": "BAF ASSETS 5 LLC", "parent_brand": "Amherst Residential", "matched_address": "8886 E CITRUS TREE DR, TUCSON, AZ, 85730"}}, {"type": "Feature", "geometry": {"type": "Point", "coordinates": [-112.184368797243, 33.468320552986]}, "properties": {"state": "AZ", "county": "Maricopa", "city": "PHOENIX", "zip": "85035", "address": "5802 W BERKELEY RD", "parcelid": "103-16-386", "loan_type": "", "date": "2022-08-24", "amount": 0.0, "lender": "", "borrower": "BAF ASSETS 5 LLC", "parent_brand": "Amherst Residential", "matched_address": "5802 W BERKELEY RD, PHOENIX, AZ, 85035"}}, {"type": "Feature", "geometry": {"type": "Point", "coordinates": [-112.049205221554, 33.591104995306]}, "properties": {"state": "AZ", "county": "Maricopa", "city": "PHOENIX", "zip": "85020", "address": "1538 E CORTEZ ST", "parcelid": "159-20-100", "loan_type": "", "date": "2022-08-24", "amount": 0.0, "lender": "", "borrower": "BAF ASSETS 5 LLC", "parent_brand": "Amherst Residential", "matched_address": "1538 E CORTEZ ST, PHOENIX, AZ, 85020"}}, {"type": "Feature", "geometry": {"type": "Point", "coordinates": [-112.438726989015, 33.60745915426]}, "properties": {"state": "AZ", "county": "Maricopa", "city": "SURPRISE", "zip": "85388", "address": "17650 W EUGENE TER", "parcelid": "502-05-177", "loan_type": "", "date": "2022-08-24", "amount": 0.0, "lender": "", "borrower": "BAF ASSETS 5 LLC", "parent_brand": "Amherst Residential", "matched_address": "17650 W EUGENE TER, SURPRISE, AZ, 85388"}}, {"type": "Feature", "geometry": {"type": "Point", "coordinates": [-112.336381293069, 33.612501903911]}, "properties": {"state": "AZ", "county": "Maricopa", "city": "EL MIRAGE", "zip": "85335", "address": "12905 W VIA CAMILLE", "parcelid": "501-33-484", "loan_type": "", "date": "2022-08-24", "amount": 0.0, "lender": "", "borrower": "BAF ASSETS 5 LLC", "parent_brand": "Amherst Residential", "matched_address": "12905 W VIA CAMILLE, EL MIRAGE, AZ, 85335"}}, {"type": "Feature", "geometry": {"type": "Point", "coordinates": [-112.613636497329, 33.678232834299]}, "properties": {"state": "AZ", "county": "Maricopa", "city": "BUCKEYE", "zip": "85396", "address": "21354 N 260TH LN", "parcelid": "510-11-608", "loan_type": "", "date": "2022-08-24", "amount": 0.0, "lender": "", "borrower": "BAF ASSETS 5 LLC", "parent_brand": "Amherst Residential", "matched_address": "21354 N 260TH LN, BUCKEYE, AZ, 85396"}}, {"type": "Feature", "geometry": {"type": "Point", "coordinates": [-111.850050322137, 33.334128408459]}, "properties": {"state": "AZ", "county": "Maricopa", "city": "CHANDLER", "zip": "85225", "address": "1970 N IOWA ST", "parcelid": "302-41-028", "loan_type": "", "date": "2022-08-24", "amount": 0.0, "lender": "", "borrower": "BAF ASSETS 5 LLC", "parent_brand": "Amherst Residential", "matched_address": "1970 N IOWA ST, CHANDLER, AZ, 85225"}}, {"type": "Feature", "geometry": {"type": "Point", "coordinates": [-111.865421509762, 33.338853874806]}, "properties": {"state": "AZ", "county": "Maricopa", "city": "CHANDLER", "zip": "85224", "address": "1418 W EL ALBA WAY", "parcelid": "302-25-266", "loan_type": "", "date": "2022-08-24", "amount": 0.0, "lender": "", "borrower": "BAF ASSETS 5 LLC", "parent_brand": "Amherst Residential", "matched_address": "1418 W EL ALBA WAY, CHANDLER, AZ, 85224"}}, {"type": "Feature", "geometry": {"type": "Point", "coordinates": [-112.340134695923, 33.617362236299]}, "properties": {"state": "AZ", "county": "Maricopa", "city": "EL MIRAGE", "zip": "85335", "address": "13032 W SAINT MORITZ LN", "parcelid": "509-13-716", "loan_type": "", "date": "2022-08-24", "amount": 0.0, "lender": "", "borrower": "BAF ASSETS 5 LLC", "parent_brand": "Amherst Residential", "matched_address": "13032 W SAINT MORITZ LN, EL MIRAGE, AZ, 85335"}}, {"type": "Feature", "geometry": {"type": "Point", "coordinates": [-111.885658583618, 33.32136483178]}, "properties": {"state": "AZ", "county": "Maricopa", "city": "CHANDLER", "zip": "85224", "address": "2531 W GARY DR", "parcelid": "310-01-523", "loan_type": "", "date": "2022-08-24", "amount": 0.0, "lender": "", "borrower": "BAF ASSETS 5 LLC", "parent_brand": "Amherst Residential", "matched_address": "2531 W GARY DR, CHANDLER, AZ, 85224"}}, {"type": "Feature", "geometry": {"type": "Point", "coordinates": [-111.635441227749, 33.374732287422]}, "properties": {"state": "AZ", "county": "Maricopa", "city": "MESA", "zip": "85209", "address": "2246 S BERNARD", "parcelid": "312-04-139", "loan_type": "", "date": "2022-08-24", "amount": 0.0, "lender": "", "borrower": "BAF ASSETS 5 LLC", "parent_brand": "Amherst Residential", "matched_address": "2246 S BERNARD, MESA, AZ, 85209"}}, {"type": "Feature", "geometry": {"type": "Point", "coordinates": [-112.247381999844, 33.645744569556]}, "properties": {"state": "AZ", "county": "Maricopa", "city": "PEORIA", "zip": "85382", "address": "8729 W ATHENS ST", "parcelid": "200-42-204", "loan_type": "", "date": "2022-08-24", "amount": 0.0, "lender": "", "borrower": "BAF ASSETS 5 LLC", "parent_brand": "Amherst Residential", "matched_address": "8729 W ATHENS ST, PEORIA, AZ, 85382"}}, {"type": "Feature", "geometry": {"type": "Point", "coordinates": [-112.153543089193, 33.575524165504]}, "properties": {"state": "AZ", "county": "Maricopa", "city": "GLENDALE", "zip": "85302", "address": "4416 W TURQUOISE AVE", "parcelid": "148-06-469", "loan_type": "", "date": "2022-08-24", "amount": 0.0, "lender": "", "borrower": "BAF ASSETS 5 LLC", "parent_brand": "Amherst Residential", "matched_address": "4416 W TURQUOISE AVE, GLENDALE, AZ, 85302"}}, {"type": "Feature", "geometry": {"type": "Point", "coordinates": [-110.824509022634, 32.19487295142]}, "properties": {"state": "AZ", "county": "Pima", "city": "TUCSON", "zip": "85710", "address": "2314 S MCCONNELL DR", "parcelid": "135-07-6430", "loan_type": "", "date": "2022-08-24", "amount": 0.0, "lender": "", "borrower": "BAF ASSETS 5 LLC", "parent_brand": "Amherst Residential", "matched_address": "2314 S MCCONNELL DR, TUCSON, AZ, 85710"}}, {"type": "Feature", "geometry": {"type": "Point", "coordinates": [-111.882948575625, 33.33452931655]}, "properties": {"state": "AZ", "county": "Maricopa", "city": "CHANDLER", "zip": "85224", "address": "2422 W BROOKS ST", "parcelid": "302-80-115", "loan_type": "", "date": "2022-08-24", "amount": 0.0, "lender": "", "borrower": "BAF ASSETS 5 LLC", "parent_brand": "Amherst Residential", "matched_address": "2422 W BROOKS ST, CHANDLER, AZ, 85224"}}, {"type": "Feature", "geometry": {"type": "Point", "coordinates": [-110.834599332337, 32.209393912565]}, "properties": {"state": "AZ", "county": "Pima", "city": "TUCSON", "zip": "85710", "address": "7401 E 19TH ST", "parcelid": "134-16-1650", "loan_type": "", "date": "2022-08-24", "amount": 0.0, "lender": "", "borrower": "BAF ASSETS 5 LLC", "parent_brand": "Amherst Residential", "matched_address": "7401 E 19TH ST, TUCSON, AZ, 85710"}}, {"type": "Feature", "geometry": {"type": "Point", "coordinates": [-112.138948019158, 33.554214576232]}, "properties": {"state": "AZ", "county": "Maricopa", "city": "PHOENIX", "zip": "85051", "address": "3701 W LOMA LN", "parcelid": "150-17-013", "loan_type": "", "date": "2022-08-24", "amount": 0.0, "lender": "", "borrower": "BAF ASSETS 5 LLC", "parent_brand": "Amherst Residential", "matched_address": "3701 W LOMA LN, PHOENIX, AZ, 85051"}}, {"type": "Feature", "geometry": {"type": "Point", "coordinates": [-111.044615873845, 32.119736346392]}, "properties": {"state": "AZ", "county": "Pima", "city": "TUCSON", "zip": "85746", "address": "7263 S AVENIDA DE LA PALMAR", "parcelid": "138-34-7110", "loan_type": "", "date": "2022-08-24", "amount": 0.0, "lender": "", "borrower": "BAF ASSETS 5 LLC", "parent_brand": "Amherst Residential", "matched_address": "7263 S AVE DE LA PALMAR, TUCSON, AZ, 85746"}}, {"type": "Feature", "geometry": {"type": "Point", "coordinates": [-110.78807691523, 32.105445460014]}, "properties": {"state": "AZ", "county": "Pima", "city": "TUCSON", "zip": "85747", "address": "9567 E DUNNIGAN DR", "parcelid": "141-14-2430", "loan_type": "", "date": "2022-08-24", "amount": 0.0, "lender": "", "borrower": "BAF ASSETS 5 LLC", "parent_brand": "Amherst Residential", "matched_address": "9567 E DUNNIGAN DR, TUCSON, AZ, 85747"}}, {"type": "Feature", "geometry": {"type": "Point", "coordinates": [-110.793939632334, 32.184487121445]}, "properties": {"state": "AZ", "county": "Pima", "city": "TUCSON", "zip": "85730", "address": "3201 S EASTVIEW AVE", "parcelid": "136-33-6170", "loan_type": "", "date": "2022-08-24", "amount": 0.0, "lender": "", "borrower": "BAF ASSETS 5 LLC", "parent_brand": "Amherst Residential", "matched_address": "3201 S EASTVIEW AVE, TUCSON, AZ, 85730"}}, {"type": "Feature", "geometry": {"type": "Point", "coordinates": [-111.731189908478, 33.437725165326]}, "properties": {"state": "AZ", "county": "Maricopa", "city": "MESA", "zip": "85205", "address": "4631 E GREENWAY ST", "parcelid": "141-33-122", "loan_type": "", "date": "2022-08-24", "amount": 0.0, "lender": "", "borrower": "BAF ASSETS 5 LLC", "parent_brand": "Amherst Residential", "matched_address": "4631 E GREENWAY ST, MESA, AZ, 85205"}}, {"type": "Feature", "geometry": {"type": "Point", "coordinates": [-112.200227817376, 33.5774771677]}, "properties": {"state": "AZ", "county": "Maricopa", "city": "GLENDALE", "zip": "85302", "address": "6530 W CINNABAR AVE", "parcelid": "143-49-642", "loan_type": "", "date": "2022-08-24", "amount": 0.0, "lender": "", "borrower": "BAF ASSETS 5 LLC", "parent_brand": "Amherst Residential", "matched_address": "6530 W CINNABAR AVE, GLENDALE, AZ, 85302"}}, {"type": "Feature", "geometry": {"type": "Point", "coordinates": [-110.862914182493, 32.193398472107]}, "properties": {"state": "AZ", "county": "Pima", "city": "TUCSON", "zip": "85711", "address": "6061 E 35TH ST", "parcelid": "131-13-1830", "loan_type": "", "date": "2022-08-24", "amount": 0.0, "lender": "", "borrower": "BAF ASSETS 5 LLC", "parent_brand": "Amherst Residential", "matched_address": "6061 E 35TH ST, TUCSON, AZ, 85711"}}, {"type": "Feature", "geometry": {"type": "Point", "coordinates": [-112.050000459934, 33.400902707628]}, "properties": {"state": "AZ", "county": "Maricopa", "city": "PHOENIX", "zip": "85040", "address": "1441 E SONRISAS ST", "parcelid": "113-54-059", "loan_type": "", "date": "2022-08-24", "amount": 0.0, "lender": "", "borrower": "BAF ASSETS 5 LLC", "parent_brand": "Amherst Residential", "matched_address": "1441 E SONRISAS ST, PHOENIX, AZ, 85040"}}, {"type": "Feature", "geometry": {"type": "Point", "coordinates": [-112.190077456777, 33.622036221067]}, "properties": {"state": "AZ", "county": "Maricopa", "city": "GLENDALE", "zip": "85306", "address": "6060 W CARIBE LN", "parcelid": "231-07-557", "loan_type": "", "date": "2022-08-24", "amount": 0.0, "lender": "", "borrower": "BAF ASSETS 5 LLC", "parent_brand": "Amherst Residential", "matched_address": "6060 W CARIBE LN, GLENDALE, AZ, 85306"}}, {"type": "Feature", "geometry": {"type": "Point", "coordinates": [-111.056417241049, 32.353549115836]}, "properties": {"state": "AZ", "county": "Pima", "city": "TUCSON", "zip": "85741", "address": "4259 W STAGESTOP CT", "parcelid": "225-34-5140", "loan_type": "", "date": "2022-08-24", "amount": 0.0, "lender": "", "borrower": "BAF ASSETS 5 LLC", "parent_brand": "Amherst Residential", "matched_address": "4259 W STAGESTOP CT, TUCSON, AZ, 85741"}}, {"type": "Feature", "geometry": {"type": "Point", "coordinates": [-112.166496286343, 33.646122565219]}, "properties": {"state": "AZ", "county": "Maricopa", "city": "GLENDALE", "zip": "85308", "address": "5009 W TORREY PINES CIR", "parcelid": "207-24-355", "loan_type": "", "date": "2022-08-24", "amount": 0.0, "lender": "", "borrower": "BAF ASSETS 5 LLC", "parent_brand": "Amherst Residential", "matched_address": "5009 W TORREY PINES CIR, GLENDALE, AZ, 85308"}}, {"type": "Feature", "geometry": {"type": "Point", "coordinates": [-112.221989801984, 33.575322945618]}, "properties": {"state": "AZ", "county": "Maricopa", "city": "PEORIA", "zip": "85345", "address": "7551 W IRONWOOD DR", "parcelid": "142-12-182", "loan_type": "", "date": "2022-08-24", "amount": 0.0, "lender": "", "borrower": "BAF ASSETS 5 LLC", "parent_brand": "Amherst Residential", "matched_address": "7551 W IRONWOOD DR, PEORIA, AZ, 85345"}}, {"type": "Feature", "geometry": {"type": "Point", "coordinates": [-110.822940868701, 32.182162663185]}, "properties": {"state": "AZ", "county": "Pima", "city": "TUCSON", "zip": "85730", "address": "3410 S LAKESIDE PL", "parcelid": "136-19-0120", "loan_type": "", "date": "2022-08-24", "amount": 0.0, "lender": "", "borrower": "BAF ASSETS 5 LLC", "parent_brand": "Amherst Residential", "matched_address": "3410 S LAKESIDE PL, TUCSON, AZ, 85730"}}, {"type": "Feature", "geometry": {"type": "Point", "coordinates": [-110.996911658157, 32.154807557748]}, "properties": {"state": "AZ", "county": "Pima", "city": "TUCSON", "zip": "85746", "address": "1494 W KENNINGTON AVE", "parcelid": "137-32-0220", "loan_type": "", "date": "2022-08-24", "amount": 0.0, "lender": "", "borrower": "BAF ASSETS 5 LLC", "parent_brand": "Amherst Residential", "matched_address": "1494 W KENNINGTON AVE, TUCSON, AZ, 85746"}}, {"type": "Feature", "geometry": {"type": "Point", "coordinates": [-112.217480452741, 33.58099320917]}, "properties": {"state": "AZ", "county": "Maricopa", "city": "PEORIA", "zip": "85345", "address": "10546 N 73RD DR", "parcelid": "143-48-076", "loan_type": "", "date": "2022-08-24", "amount": 0.0, "lender": "", "borrower": "BAF ASSETS 5 LLC", "parent_brand": "Amherst Residential", "matched_address": "10546 N 73RD DR, PEORIA, AZ, 85345"}}, {"type": "Feature", "geometry": {"type": "Point", "coordinates": [-111.699443058957, 33.313843902777]}, "properties": {"state": "AZ", "county": "Maricopa", "city": "GILBERT", "zip": "85295", "address": "4207 E MILKY WAY", "parcelid": "304-43-542", "loan_type": "", "date": "2022-08-24", "amount": 0.0, "lender": "", "borrower": "BAF ASSETS 5 LLC", "parent_brand": "Amherst Residential", "matched_address": "4207 E MILKY WAY, GILBERT, AZ, 85295"}}, {"type": "Feature", "geometry": {"type": "Point", "coordinates": [-110.971649869884, 31.998779097424]}, "properties": {"state": "AZ", "county": "Pima", "city": "SAHUARITA", "zip": "85629", "address": "13831 S CAMINO NUDO", "parcelid": "303-77-1100", "loan_type": "", "date": "2022-08-24", "amount": 0.0, "lender": "", "borrower": "BAF ASSETS 5 LLC", "parent_brand": "Amherst Residential", "matched_address": "13831 CAM NUDO, SAHUARITA, AZ, 85629"}}, {"type": "Feature", "geometry": {"type": "Point", "coordinates": [-112.178399048909, 33.572364632397]}, "properties": {"state": "AZ", "county": "Maricopa", "city": "GLENDALE", "zip": "85302", "address": "9601 N 55TH DR", "parcelid": "148-22-240", "loan_type": "", "date": "2022-08-24", "amount": 0.0, "lender": "", "borrower": "BAF ASSETS 5 LLC", "parent_brand": "Amherst Residential", "matched_address": "9601 N 55TH DR, GLENDALE, AZ, 85302"}}, {"type": "Feature", "geometry": {"type": "Point", "coordinates": [-112.126503511072, 33.395102849089]}, "properties": {"state": "AZ", "county": "Maricopa", "city": "PHOENIX", "zip": "85041", "address": "3144 W PECAN RD", "parcelid": "105-68-175", "loan_type": "", "date": "2022-08-24", "amount": 0.0, "lender": "", "borrower": "BAF ASSETS 5 LLC", "parent_brand": "Amherst Residential", "matched_address": "3144 W PECAN RD, PHOENIX, AZ, 85041"}}, {"type": "Feature", "geometry": {"type": "Point", "coordinates": [-111.02445294996, 32.14762030948]}, "properties": {"state": "AZ", "county": "Pima", "city": "TUCSON", "zip": "85746", "address": "5740 S HILDRETH AVE", "parcelid": "137-24-0160", "loan_type": "", "date": "2022-08-24", "amount": 0.0, "lender": "", "borrower": "BAF ASSETS 5 LLC", "parent_brand": "Amherst Residential", "matched_address": "5740 S HILDRETH AVE, TUCSON, AZ, 85746"}}, {"type": "Feature", "geometry": {"type": "Point", "coordinates": [-111.731306090623, 33.425548788294]}, "properties": {"state": "AZ", "county": "Maricopa", "city": "MESA", "zip": "85205", "address": "4633 E COVINA ST", "parcelid": "140-15-092", "loan_type": "", "date": "2022-08-24", "amount": 0.0, "lender": "", "borrower": "BAF ASSETS 5 LLC", "parent_brand": "Amherst Residential", "matched_address": "4633 E COVINA ST, MESA, AZ, 85205"}}, {"type": "Feature", "geometry": {"type": "Point", "coordinates": [-112.158469334919, 33.568423132933]}, "properties": {"state": "AZ", "county": "Maricopa", "city": "GLENDALE", "zip": "85302", "address": "4623 W EVA ST", "parcelid": "148-07-377", "loan_type": "", "date": "2022-08-24", "amount": 0.0, "lender": "", "borrower": "BAF ASSETS 5 LLC", "parent_brand": "Amherst Residential", "matched_address": "4623 W EVA ST, GLENDALE, AZ, 85302"}}, {"type": "Feature", "geometry": {"type": "Point", "coordinates": [-112.508903510867, 33.472154322154]}, "properties": {"state": "AZ", "county": "Maricopa", "city": "BUCKEYE", "zip": "85396", "address": "2336 N ALSAP RD", "parcelid": "502-80-618", "loan_type": "", "date": "2022-08-24", "amount": 0.0, "lender": "", "borrower": "BAF ASSETS 5 LLC", "parent_brand": "Amherst Residential", "matched_address": "2336 N ALSAP RD, BUCKEYE, AZ, 85396"}}, {"type": "Feature", "geometry": {"type": "Point", "coordinates": [-112.264988402072, 33.42046992866]}, "properties": {"state": "AZ", "county": "Maricopa", "city": "TOLLESON", "zip": "85353", "address": "2822 S 95TH DR", "parcelid": "101-26-800", "loan_type": "", "date": "2022-08-24", "amount": 0.0, "lender": "", "borrower": "BAF ASSETS 5 LLC", "parent_brand": "Amherst Residential", "matched_address": "2822 S 95TH DR, TOLLESON, AZ, 85353"}}, {"type": "Feature", "geometry": {"type": "Point", "coordinates": [-110.83375983137, 32.194603125632]}, "properties": {"state": "AZ", "county": "Pima", "city": "TUCSON", "zip": "85710", "address": "7427 E 34TH ST", "parcelid": "135-10-3430", "loan_type": "", "date": "2022-08-24", "amount": 0.0, "lender": "", "borrower": "BAF ASSETS 5 LLC", "parent_brand": "Amherst Residential", "matched_address": "7427 E 34TH ST, TUCSON, AZ, 85710"}}, {"type": "Feature", "geometry": {"type": "Point", "coordinates": [-112.246402153056, 33.481954700664]}, "properties": {"state": "AZ", "county": "Maricopa", "city": "PHOENIX", "zip": "85037", "address": "3041 N 87TH AVE", "parcelid": "102-73-494", "loan_type": "", "date": "2022-08-24", "amount": 0.0, "lender": "", "borrower": "BAF ASSETS 5 LLC", "parent_brand": "Amherst Residential", "matched_address": "3041 N 87TH AVE, PHOENIX, AZ, 85037"}}, {"type": "Feature", "geometry": {"type": "Point", "coordinates": [-110.831845993343, 32.184585703668]}, "properties": {"state": "AZ", "county": "Pima", "city": "TUCSON", "zip": "85730", "address": "7520 E STELLA RD", "parcelid": "136-34-2480", "loan_type": "", "date": "2022-08-24", "amount": 0.0, "lender": "", "borrower": "BAF ASSETS 5 LLC", "parent_brand": "Amherst Residential", "matched_address": "7520 E STELLA RD, TUCSON, AZ, 85730"}}, {"type": "Feature", "geometry": {"type": "Point", "coordinates": [-110.842996495766, 32.181362433437]}, "properties": {"state": "AZ", "county": "Pima", "city": "TUCSON", "zip": "85730", "address": "6974 E 45TH ST", "parcelid": "136-23-0740", "loan_type": "", "date": "2022-08-24", "amount": 0.0, "lender": "", "borrower": "BAF ASSETS 5 LLC", "parent_brand": "Amherst Residential", "matched_address": "6974 E 45TH ST, TUCSON, AZ, 85730"}}, {"type": "Feature", "geometry": {"type": "Point", "coordinates": [-111.10383580352, 32.114360060186]}, "properties": {"state": "AZ", "county": "Pima", "city": "TUCSON", "zip": "85757", "address": "6494 W MISTY MOUNTAIN WAY", "parcelid": "210-42-4440", "loan_type": "", "date": "2022-08-24", "amount": 0.0, "lender": "", "borrower": "BAF ASSETS 5 LLC", "parent_brand": "Amherst Residential", "matched_address": "6494 W MISTY MOUNTAIN WAY, TUCSON, AZ, 85757"}}, {"type": "Feature", "geometry": {"type": "Point", "coordinates": [-112.325511390919, 33.587804470765]}, "properties": {"state": "AZ", "county": "Maricopa", "city": "EL MIRAGE", "zip": "85335", "address": "12302 W BERRY LN", "parcelid": "501-44-151", "loan_type": "", "date": "2022-08-24", "amount": 0.0, "lender": "", "borrower": "BAF ASSETS 5 LLC", "parent_brand": "Amherst Residential", "matched_address": "12302 W BERRY LN, EL MIRAGE, AZ, 85335"}}, {"type": "Feature", "geometry": {"type": "Point", "coordinates": [-112.14056141329, 33.565006757748]}, "properties": {"state": "AZ", "county": "Maricopa", "city": "PHOENIX", "zip": "85051", "address": "3739 W TOWNLEY AVE", "parcelid": "150-21-059", "loan_type": "", "date": "2022-08-24", "amount": 0.0, "lender": "", "borrower": "BAF ASSETS 5 LLC", "parent_brand": "Amherst Residential", "matched_address": "3739 W TOWNLEY AVE, PHOENIX, AZ, 85051"}}, {"type": "Feature", "geometry": {"type": "Point", "coordinates": [-111.773590580498, 33.334145273379]}, "properties": {"state": "AZ", "county": "Maricopa", "city": "GILBERT", "zip": "85296", "address": "877 S HONEYSUCKLE LN", "parcelid": "309-14-469", "loan_type": "", "date": "2022-08-24", "amount": 0.0, "lender": "", "borrower": "BAF ASSETS 5 LLC", "parent_brand": "Amherst Residential", "matched_address": "877 S HONEYSUCKLE LN, GILBERT, AZ, 85296"}}, {"type": "Feature", "geometry": {"type": "Point", "coordinates": [-111.147891109001, 32.137699323104]}, "properties": {"state": "AZ", "county": "Pima", "city": "TUCSON", "zip": "85757", "address": "8568 W OSPREY LN", "parcelid": "210-55-1490", "loan_type": "", "date": "2022-08-24", "amount": 0.0, "lender": "", "borrower": "BAF ASSETS 5 LLC", "parent_brand": "Amherst Residential", "matched_address": "8568 W OSPREY LN, TUCSON, AZ, 85757"}}, {"type": "Feature", "geometry": {"type": "Point", "coordinates": [-112.303273493993, 33.643467617802]}, "properties": {"state": "AZ", "county": "Maricopa", "city": "SURPRISE", "zip": "85378", "address": "17607 N 113TH AVE", "parcelid": "200-36-339", "loan_type": "", "date": "2022-08-24", "amount": 0.0, "lender": "", "borrower": "BAF ASSETS 5 LLC", "parent_brand": "Amherst Residential", "matched_address": "17607 N 113TH AVE, SURPRISE, AZ, 85378"}}, {"type": "Feature", "geometry": {"type": "Point", "coordinates": [-112.132434889605, 33.589458784181]}, "properties": {"state": "AZ", "county": "Maricopa", "city": "PHOENIX", "zip": "85029", "address": "3414 W CHOLLA ST", "parcelid": "149-51-133", "loan_type": "", "date": "2022-08-24", "amount": 0.0, "lender": "", "borrower": "BAF ASSETS 5 LLC", "parent_brand": "Amherst Residential", "matched_address": "3414 W CHOLLA ST, PHOENIX, AZ, 85029"}}, {"type": "Feature", "geometry": {"type": "Point", "coordinates": [-111.862913261757, 33.323567470153]}, "properties": {"state": "AZ", "county": "Maricopa", "city": "CHANDLER", "zip": "85224", "address": "1232 N COMANCHE CT", "parcelid": "302-97-541", "loan_type": "", "date": "2022-08-24", "amount": 0.0, "lender": "", "borrower": "BAF ASSETS 5 LLC", "parent_brand": "Amherst Residential", "matched_address": "1232 N COMANCHE CT, CHANDLER, AZ, 85224"}}, {"type": "Feature", "geometry": {"type": "Point", "coordinates": [-112.195811986883, 33.571131464497]}, "properties": {"state": "AZ", "county": "Maricopa", "city": "GLENDALE", "zip": "85302", "address": "6314 W SUNNYSLOPE LN", "parcelid": "143-12-427", "loan_type": "", "date": "2022-08-24", "amount": 0.0, "lender": "", "borrower": "BAF ASSETS 5 LLC", "parent_brand": "Amherst Residential", "matched_address": "6314 W SUNNYSLOPE LN, GLENDALE, AZ, 85302"}}, {"type": "Feature", "geometry": {"type": "Point", "coordinates": [-111.062528785517, 32.349355928913]}, "properties": {"state": "AZ", "county": "Pima", "city": "TUCSON", "zip": "85741", "address": "4591 W JOSHUA LN", "parcelid": "225-38-5740", "loan_type": "", "date": "2022-08-24", "amount": 0.0, "lender": "", "borrower": "BAF ASSETS 5 LLC", "parent_brand": "Amherst Residential", "matched_address": "4591 W JOSHUA LN, TUCSON, AZ, 85741"}}, {"type": "Feature", "geometry": {"type": "Point", "coordinates": [-110.853778513064, 32.110958583151]}, "properties": {"state": "AZ", "county": "Pima", "city": "TUCSON", "zip": "85756", "address": "6509 E GARDEN STONE DR", "parcelid": "141-09-6950", "loan_type": "", "date": "2022-08-24", "amount": 0.0, "lender": "", "borrower": "BAF ASSETS 5 LLC", "parent_brand": "Amherst Residential", "matched_address": "6509 E GARDEN STONE DR, TUCSON, AZ, 85756"}}, {"type": "Feature", "geometry": {"type": "Point", "coordinates": [-112.313335604582, 33.602883721454]}, "properties": {"state": "AZ", "county": "Maricopa", "city": "EL MIRAGE", "zip": "85335", "address": "11769 W DAHLIA DR", "parcelid": "501-36-535", "loan_type": "", "date": "2022-08-24", "amount": 0.0, "lender": "", "borrower": "BAF ASSETS 5 LLC", "parent_brand": "Amherst Residential", "matched_address": "11769 W DAHLIA DR, EL MIRAGE, AZ, 85335"}}, {"type": "Feature", "geometry": {"type": "Point", "coordinates": [-111.782942269969, 33.393015579682]}, "properties": {"state": "AZ", "county": "Maricopa", "city": "MESA", "zip": "85204", "address": "2255 E GABLE AVE", "parcelid": "140-61-030", "loan_type": "", "date": "2022-08-24", "amount": 0.0, "lender": "", "borrower": "BAF ASSETS 5 LLC", "parent_brand": "Amherst Residential", "matched_address": "2255 E GABLE AVE, MESA, AZ, 85204"}}, {"type": "Feature", "geometry": {"type": "Point", "coordinates": [-112.251021157511, 33.556798266578]}, "properties": {"state": "AZ", "county": "Maricopa", "city": "PEORIA", "zip": "85345", "address": "8914 W LAS PALMARITAS DR", "parcelid": "142-32-318", "loan_type": "", "date": "2022-08-24", "amount": 0.0, "lender": "", "borrower": "BAF ASSETS 5 LLC", "parent_brand": "Amherst Residential", "matched_address": "8914 W LAS PALMARITAS DR, PEORIA, AZ, 85345"}}, {"type": "Feature", "geometry": {"type": "Point", "coordinates": [-111.129419601465, 32.129472884059]}, "properties": {"state": "AZ", "county": "Pima", "city": "TUCSON", "zip": "85757", "address": "6735 S MAY FLY DR", "parcelid": "210-36-1030", "loan_type": "", "date": "2022-08-24", "amount": 0.0, "lender": "", "borrower": "BAF ASSETS 5 LLC", "parent_brand": "Amherst Residential", "matched_address": "6735 S MAY FLY DR, TUCSON, AZ, 85757"}}, {"type": "Feature", "geometry": {"type": "Point", "coordinates": [-111.116971112369, 32.113989727288]}, "properties": {"state": "AZ", "county": "Pima", "city": "TUCSON", "zip": "85757", "address": "7143 W FALL HAVEN WAY", "parcelid": "210-42-1690", "loan_type": "", "date": "2022-08-24", "amount": 0.0, "lender": "", "borrower": "BAF ASSETS 5 LLC", "parent_brand": "Amherst Residential", "matched_address": "7143 W FALL HAVEN WAY, TUCSON, AZ, 85757"}}, {"type": "Feature", "geometry": {"type": "Point", "coordinates": [-111.810518263513, 33.325636155341]}, "properties": {"state": "AZ", "county": "Maricopa", "city": "CHANDLER", "zip": "85225", "address": "1668 E GOLDEN LN", "parcelid": "302-37-805", "loan_type": "", "date": "2022-08-24", "amount": 0.0, "lender": "", "borrower": "BAF ASSETS 5 LLC", "parent_brand": "Amherst Residential", "matched_address": "1668 E GOLDEN LN, CHANDLER, AZ, 85225"}}, {"type": "Feature", "geometry": {"type": "Point", "coordinates": [-112.110271872861, 33.645285344596]}, "properties": {"state": "AZ", "county": "Maricopa", "city": "PHOENIX", "zip": "85023", "address": "2407 W SHADY GLEN AVE", "parcelid": "208-22-042", "loan_type": "", "date": "2022-08-24", "amount": 0.0, "lender": "", "borrower": "BAF ASSETS 5 LLC", "parent_brand": "Amherst Residential", "matched_address": "2407 W SHADY GLEN AVE, PHOENIX, AZ, 85023"}}, {"type": "Feature", "geometry": {"type": "Point", "coordinates": [-110.891315966433, 32.13275037306]}, "properties": {"state": "AZ", "county": "Pima", "city": "TUCSON", "zip": "85756", "address": "6550 S CHINESE LANTERNS DR", "parcelid": "140-39-8120", "loan_type": "", "date": "2022-08-24", "amount": 0.0, "lender": "", "borrower": "BAF ASSETS 5 LLC", "parent_brand": "Amherst Residential", "matched_address": "6550 S CHINESE LANTERNS DR, TUCSON, AZ, 85756"}}, {"type": "Feature", "geometry": {"type": "Point", "coordinates": [-110.726644074477, 32.061256898676]}, "properties": {"state": "AZ", "county": "Pima", "city": "VAIL", "zip": "85641", "address": "12534 E RED CANYON PL", "parcelid": "305-08-0850", "loan_type": "", "date": "2022-08-24", "amount": 0.0, "lender": "", "borrower": "BAF ASSETS 5 LLC", "parent_brand": "Amherst Residential", "matched_address": "12534 E RED CANYON PL, VAIL, AZ, 85641"}}, {"type": "Feature", "geometry": {"type": "Point", "coordinates": [-110.884614035768, 32.124200052914]}, "properties": {"state": "AZ", "county": "Pima", "city": "TUCSON", "zip": "85756", "address": "7061 S PARSNIP LN", "parcelid": "140-56-3260", "loan_type": "", "date": "2022-08-24", "amount": 0.0, "lender": "", "borrower": "BAF ASSETS 5 LLC", "parent_brand": "Amherst Residential", "matched_address": "7061 S PARSNIP LN, TUCSON, AZ, 85756"}}, {"type": "Feature", "geometry": {"type": "Point", "coordinates": [-110.903981179692, 32.127847306695]}, "properties": {"state": "AZ", "county": "Pima", "city": "TUCSON", "zip": "85756", "address": "4151 E AGATE KNOLL DR", "parcelid": "140-41-3130", "loan_type": "", "date": "2022-08-24", "amount": 0.0, "lender": "", "borrower": "BAF ASSETS 5 LLC", "parent_brand": "Amherst Residential", "matched_address": "4151 E AGATE KNOLL DR, TUCSON, AZ, 85756"}}, {"type": "Feature", "geometry": {"type": "Point", "coordinates": [-112.153968817534, 33.635249795099]}, "properties": {"state": "AZ", "county": "Maricopa", "city": "GLENDALE", "zip": "85306", "address": "16432 N 45TH DR", "parcelid": "207-26-346", "loan_type": "", "date": "2022-08-24", "amount": 0.0, "lender": "", "borrower": "BAF ASSETS 5 LLC", "parent_brand": "Amherst Residential", "matched_address": "16432 N 45TH DR, GLENDALE, AZ, 85306"}}, {"type": "Feature", "geometry": {"type": "Point", "coordinates": [-111.001268473053, 32.150403716591]}, "properties": {"state": "AZ", "county": "Pima", "city": "TUCSON", "zip": "85746", "address": "1715 W HOLLY OAK DR", "parcelid": "137-31-1480", "loan_type": "", "date": "2022-08-24", "amount": 0.0, "lender": "", "borrower": "BAF ASSETS 5 LLC", "parent_brand": "Amherst Residential", "matched_address": "1715 W HOLLY OAK DR, TUCSON, AZ, 85746"}}, {"type": "Feature", "geometry": {"type": "Point", "coordinates": [-112.205656049289, 33.516628026768]}, "properties": {"state": "AZ", "county": "Maricopa", "city": "GLENDALE", "zip": "85303", "address": "5501 N 68TH AVE", "parcelid": "144-25-269", "loan_type": "", "date": "2022-08-24", "amount": 0.0, "lender": "", "borrower": "BAF ASSETS 5 LLC", "parent_brand": "Amherst Residential", "matched_address": "5501 N 68TH AVE, GLENDALE, AZ, 85303"}}, {"type": "Feature", "geometry": {"type": "Point", "coordinates": [-110.797246817078, 32.110692148307]}, "properties": {"state": "AZ", "county": "Pima", "city": "TUCSON", "zip": "85747", "address": "9165 E IRONBARK ST", "parcelid": "141-28-2180", "loan_type": "", "date": "2022-08-24", "amount": 0.0, "lender": "", "borrower": "BAF ASSETS 5 LLC", "parent_brand": "Amherst Residential", "matched_address": "9165 E IRONBARK ST, TUCSON, AZ, 85747"}}, {"type": "Feature", "geometry": {"type": "Point", "coordinates": [-111.588320806084, 33.41096797268]}, "properties": {"state": "AZ", "county": "Maricopa", "city": "APACHE JUNCTION", "zip": "85120", "address": "222 S ELMONT DR", "parcelid": "220-68-020", "loan_type": "", "date": "2022-08-24", "amount": 0.0, "lender": "", "borrower": "BAF ASSETS 5 LLC", "parent_brand": "Amherst Residential", "matched_address": "222 S ELMONT DR, APACHE JUNCTION, AZ, 85120"}}, {"type": "Feature", "geometry": {"type": "Point", "coordinates": [-111.994255657213, 33.389408584201]}, "properties": {"state": "AZ", "county": "Maricopa", "city": "PHOENIX", "zip": "85042", "address": "4034 E ALTA VISTA RD", "parcelid": "123-17-546", "loan_type": "", "date": "2022-08-24", "amount": 0.0, "lender": "", "borrower": "BAF ASSETS 5 LLC", "parent_brand": "Amherst Residential", "matched_address": "4034 E ALTA VISTA RD, PHOENIX, AZ, 85042"}}, {"type": "Feature", "geometry": {"type": "Point", "coordinates": [-112.141097628329, 33.539241290793]}, "properties": {"state": "AZ", "county": "Maricopa", "city": "PHOENIX", "zip": "85051", "address": "3813 W CACTUS WREN DR", "parcelid": "151-19-059", "loan_type": "", "date": "2022-08-24", "amount": 0.0, "lender": "", "borrower": "BAF ASSETS 5 LLC", "parent_brand": "Amherst Residential", "matched_address": "3813 W CACTUS WREN DR, PHOENIX, AZ, 85051"}}, {"type": "Feature", "geometry": {"type": "Point", "coordinates": [-110.905476254938, 32.127856306764]}, "properties": {"state": "AZ", "county": "Pima", "city": "TUCSON", "zip": "85756", "address": "4071 E AGATE KNOLL DR", "parcelid": "140-41-2720", "loan_type": "", "date": "2022-08-24", "amount": 0.0, "lender": "", "borrower": "BAF ASSETS 5 LLC", "parent_brand": "Amherst Residential", "matched_address": "4071 E AGATE KNOLL DR, TUCSON, AZ, 85756"}}, {"type": "Feature", "geometry": {"type": "Point", "coordinates": [-112.288318745835, 33.501921259748]}, "properties": {"state": "AZ", "county": "Maricopa", "city": "PHOENIX", "zip": "85037", "address": "4520 N 106TH AVE", "parcelid": "102-17-790", "loan_type": "", "date": "2022-08-24", "amount": 0.0, "lender": "", "borrower": "BAF ASSETS 5 LLC", "parent_brand": "Amherst Residential", "matched_address": "4520 N 106TH AVE, PHOENIX, AZ, 85037"}}, {"type": "Feature", "geometry": {"type": "Point", "coordinates": [-111.038387299864, 32.124430024602]}, "properties": {"state": "AZ", "county": "Pima", "city": "TUCSON", "zip": "85746", "address": "3424 W AVENIDA SOMBRA", "parcelid": "138-32-8040", "loan_type": "", "date": "2022-08-24", "amount": 0.0, "lender": "", "borrower": "BAF ASSETS 5 LLC", "parent_brand": "Amherst Residential", "matched_address": "3424 W AVE SOMBRA, TUCSON, AZ, 85746"}}, {"type": "Feature", "geometry": {"type": "Point", "coordinates": [-112.448479502805, 33.627964820998]}, "properties": {"state": "AZ", "county": "Maricopa", "city": "SURPRISE", "zip": "85388", "address": "18105 W WESTPARK BLVD", "parcelid": "502-09-458", "loan_type": "", "date": "2022-08-24", "amount": 0.0, "lender": "", "borrower": "BAF ASSETS 5 LLC", "parent_brand": "Amherst Residential", "matched_address": "18105 W WESTPARK BLVD, SURPRISE, AZ, 85388"}}, {"type": "Feature", "geometry": {"type": "Point", "coordinates": [-110.856571232628, 32.108953239132]}, "properties": {"state": "AZ", "county": "Pima", "city": "TUCSON", "zip": "85756", "address": "6365 E STAR MICA ST", "parcelid": "141-09-5680", "loan_type": "", "date": "2022-08-24", "amount": 0.0, "lender": "", "borrower": "BAF ASSETS 5 LLC", "parent_brand": "Amherst Residential", "matched_address": "6365 E STAR MICA ST, TUCSON, AZ, 85756"}}, {"type": "Feature", "geometry": {"type": "Point", "coordinates": [-110.882412678611, 32.123379579496]}, "properties": {"state": "AZ", "county": "Pima", "city": "TUCSON", "zip": "85756", "address": "5152 E DESERT STRAW LN", "parcelid": "140-56-5630", "loan_type": "", "date": "2022-08-24", "amount": 0.0, "lender": "", "borrower": "BAF ASSETS 5 LLC", "parent_brand": "Amherst Residential", "matched_address": "5152 E DESERT STRAW LN, TUCSON, AZ, 85756"}}, {"type": "Feature", "geometry": {"type": "Point", "coordinates": [-111.035481689168, 32.137727988302]}, "properties": {"state": "AZ", "county": "Pima", "city": "TUCSON", "zip": "85746", "address": "3215 W CAPISTRANO RD", "parcelid": "137-19-1190", "loan_type": "", "date": "2022-08-24", "amount": 0.0, "lender": "", "borrower": "BAF ASSETS 5 LLC", "parent_brand": "Amherst Residential", "matched_address": "3215 W CAPISTRANO RD, TUCSON, AZ, 85746"}}, {"type": "Feature", "geometry": {"type": "Point", "coordinates": [-110.791546075935, 32.204079698937]}, "properties": {"state": "AZ", "county": "Pima", "city": "TUCSON", "zip": "85710", "address": "9430 E FIELD CANYON PL", "parcelid": "136-07-5130", "loan_type": "", "date": "2022-08-24", "amount": 0.0, "lender": "", "borrower": "BAF ASSETS 5 LLC", "parent_brand": "Amherst Residential", "matched_address": "9430 E FIELD CANYON PL, TUCSON, AZ, 85710"}}, {"type": "Feature", "geometry": {"type": "Point", "coordinates": [-111.041260883568, 32.358465498283]}, "properties": {"state": "AZ", "county": "Pima", "city": "TUCSON", "zip": "85741", "address": "8366 N WASHAKIE WAY", "parcelid": "225-30-6260", "loan_type": "", "date": "2022-08-24", "amount": 0.0, "lender": "", "borrower": "BAF ASSETS 5 LLC", "parent_brand": "Amherst Residential", "matched_address": "8366 N WASHAKIE WAY, TUCSON, AZ, 85741"}}, {"type": "Feature", "geometry": {"type": "Point", "coordinates": [-112.092774734437, 33.667029025298]}, "properties": {"state": "AZ", "county": "Maricopa", "city": "PHOENIX", "zip": "85027", "address": "1522 W WAHALLA LN", "parcelid": "209-13-589", "loan_type": "", "date": "2022-08-24", "amount": 0.0, "lender": "", "borrower": "BAF ASSETS 5 LLC", "parent_brand": "Amherst Residential", "matched_address": "1522 W WAHALLA LN, PHOENIX, AZ, 85027"}}, {"type": "Feature", "geometry": {"type": "Point", "coordinates": [-111.123277418091, 32.1297733167]}, "properties": {"state": "AZ", "county": "Pima", "city": "TUCSON", "zip": "85757", "address": "7400 W CALLE MEDINA", "parcelid": "210-34-0790", "loan_type": "", "date": "2022-08-24", "amount": 0.0, "lender": "", "borrower": "BAF ASSETS 5 LLC", "parent_brand": "Amherst Residential", "matched_address": "7400 W CLL MEDINA, TUCSON, AZ, 85757"}}, {"type": "Feature", "geometry": {"type": "Point", "coordinates": [-112.175695148777, 33.580677205523]}, "properties": {"state": "AZ", "county": "Maricopa", "city": "GLENDALE", "zip": "85302", "address": "5412 W COCHISE DR", "parcelid": "148-24-216-A", "loan_type": "", "date": "2022-08-24", "amount": 0.0, "lender": "", "borrower": "BAF ASSETS 5 LLC", "parent_brand": "Amherst Residential", "matched_address": "5412 W COCHISE DR, GLENDALE, AZ, 85302"}}, {"type": "Feature", "geometry": {"type": "Point", "coordinates": [-112.202992297706, 33.635214568629]}, "properties": {"state": "AZ", "county": "Maricopa", "city": "PEORIA", "zip": "85382", "address": "6713 W AIRE LIBRE AVE", "parcelid": "200-52-689", "loan_type": "", "date": "2022-08-24", "amount": 0.0, "lender": "", "borrower": "BAF ASSETS 5 LLC", "parent_brand": "Amherst Residential", "matched_address": "6713 W AIRE LIBRE AVE, PEORIA, AZ, 85382"}}, {"type": "Feature", "geometry": {"type": "Point", "coordinates": [-110.866994547514, 32.129959627366]}, "properties": {"state": "AZ", "county": "Pima", "city": "TUCSON", "zip": "85756", "address": "5869 E FANTAIL LN", "parcelid": "140-37-8090", "loan_type": "", "date": "2022-08-24", "amount": 0.0, "lender": "", "borrower": "BAF ASSETS 5 LLC", "parent_brand": "Amherst Residential", "matched_address": "5869 E FANTAIL DR, TUCSON, AZ, 85756"}}, {"type": "Feature", "geometry": {"type": "Point", "coordinates": [-112.14948117636, 33.700658140963]}, "properties": {"state": "AZ", "county": "Maricopa", "city": "GLENDALE", "zip": "85310", "address": "23619 N 41ST DR", "parcelid": "205-11-549", "loan_type": "", "date": "2022-08-24", "amount": 0.0, "lender": "", "borrower": "BAF ASSETS 5 LLC", "parent_brand": "Amherst Residential", "matched_address": "23619 N 41ST DR, GLENDALE, AZ, 85310"}}, {"type": "Feature", "geometry": {"type": "Point", "coordinates": [-110.817356214021, 32.180776597852]}, "properties": {"state": "AZ", "county": "Pima", "city": "TUCSON", "zip": "85730", "address": "3471 S SUMMIT AVE", "parcelid": "136-20-0640", "loan_type": "", "date": "2022-08-24", "amount": 0.0, "lender": "", "borrower": "BAF ASSETS 5 LLC", "parent_brand": "Amherst Residential", "matched_address": "3471 S SUMMIT AVE, TUCSON, AZ, 85730"}}, {"type": "Feature", "geometry": {"type": "Point", "coordinates": [-111.044353936073, 32.117841723327]}, "properties": {"state": "AZ", "county": "Pima", "city": "TUCSON", "zip": "85746", "address": "3715 W EXTON LN", "parcelid": "138-35-4540", "loan_type": "", "date": "2022-08-24", "amount": 0.0, "lender": "", "borrower": "BAF ASSETS 5 LLC", "parent_brand": "Amherst Residential", "matched_address": "3715 W EXTON LN, TUCSON, AZ, 85746"}}, {"type": "Feature", "geometry": {"type": "Point", "coordinates": [-110.940296277777, 32.151052159262]}, "properties": {"state": "AZ", "county": "Pima", "city": "TUCSON", "zip": "85706", "address": "2106 E HOLLADAY ST", "parcelid": "140-15-1200", "loan_type": "", "date": "2022-08-24", "amount": 0.0, "lender": "", "borrower": "BAF ASSETS 5 LLC", "parent_brand": "Amherst Residential", "matched_address": "2106 E HOLLADAY ST, TUCSON, AZ, 85706"}}, {"type": "Feature", "geometry": {"type": "Point", "coordinates": [-112.277091165331, 33.419185193206]}, "properties": {"state": "AZ", "county": "Maricopa", "city": "TOLLESON", "zip": "85353", "address": "10108 W WILLIAMS ST", "parcelid": "101-25-598", "loan_type": "", "date": "2022-08-24", "amount": 0.0, "lender": "", "borrower": "BAF ASSETS 5 LLC", "parent_brand": "Amherst Residential", "matched_address": "10108 W WILLIAMS ST, TOLLESON, AZ, 85353"}}, {"type": "Feature", "geometry": {"type": "Point", "coordinates": [-112.096209678665, 33.663307625613]}, "properties": {"state": "AZ", "county": "Maricopa", "city": "PHOENIX", "zip": "85027", "address": "1709 W WICKIEUP LN", "parcelid": "209-19-183", "loan_type": "", "date": "2022-08-24", "amount": 0.0, "lender": "", "borrower": "BAF ASSETS 5 LLC", "parent_brand": "Amherst Residential", "matched_address": "1709 W WICKIEUP LN, PHOENIX, AZ, 85027"}}, {"type": "Feature", "geometry": {"type": "Point", "coordinates": [-112.083649737379, 33.672924557195]}, "properties": {"state": "AZ", "county": "Maricopa", "city": "PHOENIX", "zip": "85027", "address": "813 W MONTOYA LN", "parcelid": "209-09-837", "loan_type": "", "date": "2022-08-24", "amount": 0.0, "lender": "", "borrower": "BAF ASSETS 5 LLC", "parent_brand": "Amherst Residential", "matched_address": "813 W MONTOYA LN, PHOENIX, AZ, 85027"}}, {"type": "Feature", "geometry": {"type": "Point", "coordinates": [-112.199022226474, 33.592923574146]}, "properties": {"state": "AZ", "county": "Maricopa", "city": "GLENDALE", "zip": "85304", "address": "6515 W SUNNYSIDE DR", "parcelid": "143-04-162", "loan_type": "", "date": "2022-08-24", "amount": 0.0, "lender": "", "borrower": "BAF ASSETS 5 LLC", "parent_brand": "Amherst Residential", "matched_address": "6515 W SUNNYSIDE DR, GLENDALE, AZ, 85304"}}, {"type": "Feature", "geometry": {"type": "Point", "coordinates": [-111.006229826276, 32.149537308347]}, "properties": {"state": "AZ", "county": "Pima", "city": "TUCSON", "zip": "85746", "address": "1880 W MOUNTAIN OAK LN", "parcelid": "137-29-2390", "loan_type": "", "date": "2022-08-24", "amount": 0.0, "lender": "", "borrower": "BAF ASSETS 5 LLC", "parent_brand": "Amherst Residential", "matched_address": "1880 W MOUNTAIN OAK LN, TUCSON, AZ, 85746"}}, {"type": "Feature", "geometry": {"type": "Point", "coordinates": [-112.192946846578, 33.618768927723]}, "properties": {"state": "AZ", "county": "Maricopa", "city": "GLENDALE", "zip": "85306", "address": "6316 W BANFF LN", "parcelid": "231-07-222", "loan_type": "", "date": "2022-08-24", "amount": 0.0, "lender": "", "borrower": "BAF ASSETS 5 LLC", "parent_brand": "Amherst Residential", "matched_address": "6316 W BANFF LN, GLENDALE, AZ, 85306"}}, {"type": "Feature", "geometry": {"type": "Point", "coordinates": [-111.219397923312, 32.43665527716]}, "properties": {"state": "AZ", "county": "Pima", "city": "MARANA", "zip": "85653", "address": "11896 W BYRON WOLFE DR", "parcelid": "217-56-1960", "loan_type": "", "date": "2023-03-08", "amount": 0.0, "lender": "", "borrower": "BAF ASSETS 6 LLC", "parent_brand": "Amherst Residential", "matched_address": "11896 W BYRON WOLFE DR, MARANA, AZ, 85653"}}, {"type": "Feature", "geometry": {"type": "Point", "coordinates": [-110.971708252023, 31.981326094591]}, "properties": {"state": "AZ", "county": "Pima", "city": "SAHUARITA", "zip": "85629", "address": "14797 S CAMINO TIERRA DEL RIO", "parcelid": "303-72-1370", "loan_type": "", "date": "2023-03-08", "amount": 0.0, "lender": "", "borrower": "BAF ASSETS 6 LLC", "parent_brand": "Amherst Residential", "matched_address": "14797 S CAM TIERRA DEL RIO, SAHUARITA, AZ, 85629"}}, {"type": "Feature", "geometry": {"type": "Point", "coordinates": [-110.803608667494, 32.110851855565]}, "properties": {"state": "AZ", "county": "Pima", "city": "TUCSON", "zip": "85747", "address": "8845 E MEADOW SPRING PL", "parcelid": "141-11-1510", "loan_type": "", "date": "2023-03-08", "amount": 0.0, "lender": "", "borrower": "BAF ASSETS 6 LLC", "parent_brand": "Amherst Residential", "matched_address": "8845 E MEADOW SPRING PL, TUCSON, AZ, 85747"}}, {"type": "Feature", "geometry": {"type": "Point", "coordinates": [-110.790147305479, 32.104534958086]}, "properties": {"state": "AZ", "county": "Pima", "city": "TUCSON", "zip": "85747", "address": "8136 S CARBURY WAY", "parcelid": "141-14-0710", "loan_type": "", "date": "2023-03-08", "amount": 0.0, "lender": "", "borrower": "BAF ASSETS 6 LLC", "parent_brand": "Amherst Residential", "matched_address": "8136 S CARBURY WAY, TUCSON, AZ, 85747"}}, {"type": "Feature", "geometry": {"type": "Point", "coordinates": [-110.900167510634, 32.146051885953]}, "properties": {"state": "AZ", "county": "Pima", "city": "TUCSON", "zip": "85706", "address": "5872 S ALDORN DR", "parcelid": "140-34-1880", "loan_type": "", "date": "2023-03-08", "amount": 0.0, "lender": "", "borrower": "BAF ASSETS 6 LLC", "parent_brand": "Amherst Residential", "matched_address": "5872 S ALDORN DR, TUCSON, AZ, 85706"}}, {"type": "Feature", "geometry": {"type": "Point", "coordinates": [-111.037378502729, 32.113969964603]}, "properties": {"state": "AZ", "county": "Pima", "city": "TUCSON", "zip": "85746", "address": "3341 W BRACKENBURY CT", "parcelid": "138-35-4140", "loan_type": "", "date": "2023-03-08", "amount": 0.0, "lender": "", "borrower": "BAF ASSETS 6 LLC", "parent_brand": "Amherst Residential", "matched_address": "3341 W BRACKENBURY CT, TUCSON, AZ, 85746"}}, {"type": "Feature", "geometry": {"type": "Point", "coordinates": [-110.864590540639, 32.234574881562]}, "properties": {"state": "AZ", "county": "Pima", "city": "TUCSON", "zip": "85711", "address": "1019 N SONOITA AVE", "parcelid": "127-11-2360", "loan_type": "", "date": "2023-03-08", "amount": 0.0, "lender": "", "borrower": "BAF ASSETS 6 LLC", "parent_brand": "Amherst Residential", "matched_address": "1019 N SONOITA AVE, TUCSON, AZ, 85711"}}, {"type": "Feature", "geometry": {"type": "Point", "coordinates": [-111.072443744742, 32.376759543934]}, "properties": {"state": "AZ", "county": "Pima", "city": "TUCSON", "zip": "85742", "address": "5055 W NIGHTHAWK WAY", "parcelid": "221-09-0680", "loan_type": "", "date": "2023-03-08", "amount": 0.0, "lender": "", "borrower": "BAF ASSETS 6 LLC", "parent_brand": "Amherst Residential", "matched_address": "5055 NIGHTHAWK WAY, TUCSON, AZ, 85742"}}, {"type": "Feature", "geometry": {"type": "Point", "coordinates": [-110.901780913081, 32.13496136683]}, "properties": {"state": "AZ", "county": "Pima", "city": "TUCSON", "zip": "85706", "address": "4241 E CHOLLA DESERT TRL", "parcelid": "140-32-3490", "loan_type": "", "date": "2023-03-08", "amount": 0.0, "lender": "", "borrower": "BAF ASSETS 6 LLC", "parent_brand": "Amherst Residential", "matched_address": "4241 E CHOLLA DESERT TRL, TUCSON, AZ, 85706"}}, {"type": "Feature", "geometry": {"type": "Point", "coordinates": [-111.039259299339, 32.116935745167]}, "properties": {"state": "AZ", "county": "Pima", "city": "TUCSON", "zip": "85746", "address": "3424 W CALLE DE LA BAJADA", "parcelid": "138-29-4080", "loan_type": "", "date": "2023-03-08", "amount": 0.0, "lender": "", "borrower": "BAF ASSETS 6 LLC", "parent_brand": "Amherst Residential", "matched_address": "3424 W CLL DE LA BAJADA, TUCSON, AZ, 85746"}}, {"type": "Feature", "geometry": {"type": "Point", "coordinates": [-111.008971499325, 32.141689309612]}, "properties": {"state": "AZ", "county": "Pima", "city": "TUCSON", "zip": "85746", "address": "2010 W BURGUNDY WAY", "parcelid": "137-33-1390", "loan_type": "", "date": "2023-03-08", "amount": 0.0, "lender": "", "borrower": "BAF ASSETS 6 LLC", "parent_brand": "Amherst Residential", "matched_address": "2010 W BURGUNDY WAY, TUCSON, AZ, 85746"}}, {"type": "Feature", "geometry": {"type": "Point", "coordinates": [-110.781404460589, 32.099975788279]}, "properties": {"state": "AZ", "county": "Pima", "city": "TUCSON", "zip": "85747", "address": "10063 E PASEO SAN ARDO", "parcelid": "141-19-4040", "loan_type": "", "date": "2023-03-08", "amount": 0.0, "lender": "", "borrower": "BAF ASSETS 6 LLC", "parent_brand": "Amherst Residential", "matched_address": "10063 E PSO SAN ARDO, TUCSON, AZ, 85747"}}, {"type": "Feature", "geometry": {"type": "Point", "coordinates": [-110.979171634889, 32.120906814216]}, "properties": {"state": "AZ", "county": "Pima", "city": "TUCSON", "zip": "85756", "address": "650 W ACADIA DR", "parcelid": "138-23-2570", "loan_type": "", "date": "2023-03-08", "amount": 0.0, "lender": "", "borrower": "BAF ASSETS 6 LLC", "parent_brand": "Amherst Residential", "matched_address": "650 W ACADIA DR, TUCSON, AZ, 85756"}}, {"type": "Feature", "geometry": {"type": "Point", "coordinates": [-110.737224173888, 32.065717003122]}, "properties": {"state": "AZ", "county": "Pima", "city": "VAIL", "zip": "85641", "address": "11976 E BECKER DR", "parcelid": "305-07-1720", "loan_type": "", "date": "2023-03-08", "amount": 0.0, "lender": "", "borrower": "BAF ASSETS 6 LLC", "parent_brand": "Amherst Residential", "matched_address": "11976 E BECKER DR, VAIL, AZ, 85641"}}, {"type": "Feature", "geometry": {"type": "Point", "coordinates": [-110.812993779483, 32.230791348376]}, "properties": {"state": "AZ", "county": "Pima", "city": "TUCSON", "zip": "85710", "address": "8411 E COLETTE ST", "parcelid": "133-28-0390", "loan_type": "", "date": "2023-03-08", "amount": 0.0, "lender": "", "borrower": "BAF ASSETS 6 LLC", "parent_brand": "Amherst Residential", "matched_address": "8411 E COLETTE ST, TUCSON, AZ, 85710"}}, {"type": "Feature", "geometry": {"type": "Point", "coordinates": [-110.793053862258, 32.194116700457]}, "properties": {"state": "AZ", "county": "Pima", "city": "TUCSON", "zip": "85710", "address": "9318 E 33RD ST", "parcelid": "136-33-1880", "loan_type": "", "date": "2023-03-08", "amount": 0.0, "lender": "", "borrower": "BAF ASSETS 6 LLC", "parent_brand": "Amherst Residential", "matched_address": "9318 E 33RD ST, TUCSON, AZ, 85710"}}, {"type": "Feature", "geometry": {"type": "Point", "coordinates": [-111.113784969184, 32.113803944768]}, "properties": {"state": "AZ", "county": "Pima", "city": "TUCSON", "zip": "85757", "address": "7577 S GRANITE HILL DR", "parcelid": "210-42-0970", "loan_type": "", "date": "2023-03-08", "amount": 0.0, "lender": "", "borrower": "BAF ASSETS 6 LLC", "parent_brand": "Amherst Residential", "matched_address": "7577 S GRANITE HILL DR, TUCSON, AZ, 85757"}}, {"type": "Feature", "geometry": {"type": "Point", "coordinates": [-111.148336701136, 32.134669391124]}, "properties": {"state": "AZ", "county": "Pima", "city": "TUCSON", "zip": "85757", "address": "8579 W PELICAN PL", "parcelid": "210-55-0900", "loan_type": "", "date": "2023-03-08", "amount": 0.0, "lender": "", "borrower": "BAF ASSETS 6 LLC", "parent_brand": "Amherst Residential", "matched_address": "8579 W PELICAN PL, TUCSON, AZ, 85757"}}, {"type": "Feature", "geometry": {"type": "Point", "coordinates": [-110.939883465501, 32.161760830706]}, "properties": {"state": "AZ", "county": "Pima", "city": "TUCSON", "zip": "85706", "address": "2115 E NEVADA ST", "parcelid": "140-12-1300", "loan_type": "", "date": "2023-03-08", "amount": 0.0, "lender": "", "borrower": "BAF ASSETS 6 LLC", "parent_brand": "Amherst Residential", "matched_address": "2115 E NEVADA ST, TUCSON, AZ, 85706"}}, {"type": "Feature", "geometry": {"type": "Point", "coordinates": [-110.781474931995, 32.099976637336]}, "properties": {"state": "AZ", "county": "Pima", "city": "TUCSON", "zip": "85747", "address": "10041 E PASEO SAN ARDO", "parcelid": "141-19-3770", "loan_type": "", "date": "2023-03-08", "amount": 0.0, "lender": "", "borrower": "BAF ASSETS 6 LLC", "parent_brand": "Amherst Residential", "matched_address": "10041 E PSO SAN ARDO, TUCSON, AZ, 85747"}}, {"type": "Feature", "geometry": {"type": "Point", "coordinates": [-110.815777832099, 32.17948819054]}, "properties": {"state": "AZ", "county": "Pima", "city": "TUCSON", "zip": "85730", "address": "8270 E NICARAGUA DR", "parcelid": "136-20-0150", "loan_type": "", "date": "2023-03-08", "amount": 0.0, "lender": "", "borrower": "BAF ASSETS 6 LLC", "parent_brand": "Amherst Residential", "matched_address": "8270 E NICARAGUA DR, TUCSON, AZ, 85730"}}, {"type": "Feature", "geometry": {"type": "Point", "coordinates": [-111.045752600406, 32.387807952027]}, "properties": {"state": "AZ", "county": "Pima", "city": "TUCSON", "zip": "85742", "address": "3770 W MESA RIDGE TRL", "parcelid": "224-45-6810", "loan_type": "", "date": "2023-03-08", "amount": 0.0, "lender": "", "borrower": "BAF ASSETS 6 LLC", "parent_brand": "Amherst Residential", "matched_address": "3770 W MESA RIDGE TRL, TUCSON, AZ, 85742"}}, {"type": "Feature", "geometry": {"type": "Point", "coordinates": [-111.028379616181, 32.24549757436]}, "properties": {"state": "AZ", "county": "Pima", "city": "TUCSON", "zip": "85745", "address": "1942 N ATWOOD AVE", "parcelid": "116-02-0740", "loan_type": "", "date": "2023-03-08", "amount": 0.0, "lender": "", "borrower": "BAF ASSETS 6 LLC", "parent_brand": "Amherst Residential", "matched_address": "1942 N ATWOOD AVE, TUCSON, AZ, 85745"}}, {"type": "Feature", "geometry": {"type": "Point", "coordinates": [-111.109670866122, 32.11450778634]}, "properties": {"state": "AZ", "county": "Pima", "city": "TUCSON", "zip": "85757", "address": "7539 S MOUNTAIN STAR DR", "parcelid": "210-42-6680", "loan_type": "", "date": "2023-03-08", "amount": 0.0, "lender": "", "borrower": "BAF ASSETS 6 LLC", "parent_brand": "Amherst Residential", "matched_address": "7539 S MOUNTAIN STAR DR, TUCSON, AZ, 85757"}}, {"type": "Feature", "geometry": {"type": "Point", "coordinates": [-111.048522094189, 32.347425654997]}, "properties": {"state": "AZ", "county": "Pima", "city": "TUCSON", "zip": "85741", "address": "3861 W NORTH AIRE PL", "parcelid": "225-37-2260", "loan_type": "", "date": "2023-03-08", "amount": 0.0, "lender": "", "borrower": "BAF ASSETS 6 LLC", "parent_brand": "Amherst Residential", "matched_address": "3861 W NORTH AIRE PL, TUCSON, AZ, 85741"}}, {"type": "Feature", "geometry": {"type": "Point", "coordinates": [-110.884357963901, 32.129564053567]}, "properties": {"state": "AZ", "county": "Pima", "city": "TUCSON", "zip": "85756", "address": "5090 E BUTTERWEED DR", "parcelid": "140-39-1280", "loan_type": "", "date": "2023-03-08", "amount": 0.0, "lender": "", "borrower": "BAF ASSETS 6 LLC", "parent_brand": "Amherst Residential", "matched_address": "5090 E BUTTERWEED DR, TUCSON, AZ, 85756"}}, {"type": "Feature", "geometry": {"type": "Point", "coordinates": [-110.802976600922, 32.112459277839]}, "properties": {"state": "AZ", "county": "Pima", "city": "TUCSON", "zip": "85747", "address": "8886 E MOUNTAIN SPRING DR", "parcelid": "141-11-2040", "loan_type": "", "date": "2023-03-08", "amount": 0.0, "lender": "", "borrower": "BAF ASSETS 6 LLC", "parent_brand": "Amherst Residential", "matched_address": "8886 E MOUNTAIN SPRING DR, TUCSON, AZ, 85747"}}, {"type": "Feature", "geometry": {"type": "Point", "coordinates": [-111.121663838753, 32.371098218864]}, "properties": {"state": "AZ", "county": "Pima", "city": "TUCSON", "zip": "85743", "address": "9061 N PALM BROOK DR", "parcelid": "226-18-5100", "loan_type": "", "date": "2023-03-08", "amount": 0.0, "lender": "", "borrower": "BAF ASSETS 6 LLC", "parent_brand": "Amherst Residential", "matched_address": "9061 N PALM BROOK DR, TUCSON, AZ, 85743"}}, {"type": "Feature", "geometry": {"type": "Point", "coordinates": [-110.798785603286, 32.202381192684]}, "properties": {"state": "AZ", "county": "Pima", "city": "TUCSON", "zip": "85710", "address": "9061 E 25TH ST", "parcelid": "136-05-041A", "loan_type": "", "date": "2023-03-08", "amount": 0.0, "lender": "", "borrower": "BAF ASSETS 6 LLC", "parent_brand": "Amherst Residential", "matched_address": "9061 E 25TH ST, TUCSON, AZ, 85710"}}, {"type": "Feature", "geometry": {"type": "Point", "coordinates": [-110.911852382061, 32.139284483138]}, "properties": {"state": "AZ", "county": "Pima", "city": "TUCSON", "zip": "85706", "address": "6246 S SUN VIEW WAY", "parcelid": "140-29-4010", "loan_type": "", "date": "2023-03-08", "amount": 0.0, "lender": "", "borrower": "BAF ASSETS 6 LLC", "parent_brand": "Amherst Residential", "matched_address": "6246 S SUN VIEW WAY, TUCSON, AZ, 85706"}}, {"type": "Feature", "geometry": {"type": "Point", "coordinates": [-110.891454894074, 32.133463305293]}, "properties": {"state": "AZ", "county": "Pima", "city": "TUCSON", "zip": "85756", "address": "4733 E AMERICAN BEAUTY DR", "parcelid": "140-39-7400", "loan_type": "", "date": "2023-03-08", "amount": 0.0, "lender": "", "borrower": "BAF ASSETS 6 LLC", "parent_brand": "Amherst Residential", "matched_address": "4733 E AMERICAN BEAUTY DR, TUCSON, AZ, 85756"}}, {"type": "Feature", "geometry": {"type": "Point", "coordinates": [-110.766863251229, 32.14537029772]}, "properties": {"state": "AZ", "county": "Pima", "city": "TUCSON", "zip": "85747", "address": "10559 E FOREST FALLS CT", "parcelid": "141-35-0830", "loan_type": "", "date": "2023-03-08", "amount": 0.0, "lender": "", "borrower": "BAF ASSETS 6 LLC", "parent_brand": "Amherst Residential", "matched_address": "10559 E FOREST FALLS CT, TUCSON, AZ, 85747"}}, {"type": "Feature", "geometry": {"type": "Point", "coordinates": [-110.766802384275, 32.146901616088]}, "properties": {"state": "AZ", "county": "Pima", "city": "TUCSON", "zip": "85747", "address": "10559 E PLEASANT PASTURE DR", "parcelid": "141-35-1930", "loan_type": "", "date": "2023-03-08", "amount": 0.0, "lender": "", "borrower": "BAF ASSETS 6 LLC", "parent_brand": "Amherst Residential", "matched_address": "10559 E PLEASANT PASTURE DR, TUCSON, AZ, 85747"}}, {"type": "Feature", "geometry": {"type": "Point", "coordinates": [-110.923959468723, 32.516387726681]}, "properties": {"state": "AZ", "county": "Pinal", "city": "SADDLEBROOKE", "zip": "85739", "address": "60252 E GREYSTONE DR", "parcelid": "305-93-0060", "loan_type": "", "date": "2023-03-08", "amount": 0.0, "lender": "", "borrower": "BAF ASSETS 6 LLC", "parent_brand": "Amherst Residential", "matched_address": "60252 GREYSTONE DR, SADDLEBROOKE, AZ, 85739"}}, {"type": "Feature", "geometry": {"type": "Point", "coordinates": [-110.79497762753, 32.202647975774]}, "properties": {"state": "AZ", "county": "Pima", "city": "TUCSON", "zip": "85710", "address": "9247 E PALM TREE DR", "parcelid": "136-07-2260", "loan_type": "", "date": "2023-03-08", "amount": 0.0, "lender": "", "borrower": "BAF ASSETS 6 LLC", "parent_brand": "Amherst Residential", "matched_address": "9247 E PALM TREE DR, TUCSON, AZ, 85710"}}, {"type": "Feature", "geometry": {"type": "Point", "coordinates": [-111.026748010472, 32.383899684089]}, "properties": {"state": "AZ", "county": "Pima", "city": "TUCSON", "zip": "85742", "address": "2751 W CAMINO DE LA JOYA", "parcelid": "224-43-2770", "loan_type": "", "date": "2023-03-08", "amount": 0.0, "lender": "", "borrower": "BAF ASSETS 6 LLC", "parent_brand": "Amherst Residential", "matched_address": "2751 W CAM DE LA JOYA, TUCSON, AZ, 85742"}}, {"type": "Feature", "geometry": {"type": "Point", "coordinates": [-110.76675190858, 32.166049151736]}, "properties": {"state": "AZ", "county": "Pima", "city": "TUCSON", "zip": "85730", "address": "10600 E ELKRIDGE PL", "parcelid": "136-32-1860", "loan_type": "", "date": "2023-03-08", "amount": 0.0, "lender": "", "borrower": "BAF ASSETS 6 LLC", "parent_brand": "Amherst Residential", "matched_address": "10600 E ELKRIDGE PL, TUCSON, AZ, 85730"}}, {"type": "Feature", "geometry": {"type": "Point", "coordinates": [-110.78966062392, 32.185616363421]}, "properties": {"state": "AZ", "county": "Pima", "city": "TUCSON", "zip": "85730", "address": "3111 S HARRISON RD", "parcelid": "136-12-4810", "loan_type": "", "date": "2023-03-08", "amount": 0.0, "lender": "", "borrower": "BAF ASSETS 6 LLC", "parent_brand": "Amherst Residential", "matched_address": "3111 S HARRISON RD, TUCSON, AZ, 85730"}}, {"type": "Feature", "geometry": {"type": "Point", "coordinates": [-110.773420543473, 32.210958106876]}, "properties": {"state": "AZ", "county": "Pima", "city": "TUCSON", "zip": "85748", "address": "824 S GRANITE FALLS DR", "parcelid": "133-39-4220", "loan_type": "", "date": "2023-03-08", "amount": 0.0, "lender": "", "borrower": "BAF ASSETS 6 LLC", "parent_brand": "Amherst Residential", "matched_address": "824 S GRANITE FALLS DR, TUCSON, AZ, 85748"}}, {"type": "Feature", "geometry": {"type": "Point", "coordinates": [-110.774256492614, 32.095087031019]}, "properties": {"state": "AZ", "county": "Pima", "city": "TUCSON", "zip": "85747", "address": "8625 S DESERT SKYLINE PL", "parcelid": "141-18-2370", "loan_type": "", "date": "2023-03-08", "amount": 0.0, "lender": "", "borrower": "BAF ASSETS 6 LLC", "parent_brand": "Amherst Residential", "matched_address": "8625 S DESERT SKYLINE PL, TUCSON, AZ, 85747"}}, {"type": "Feature", "geometry": {"type": "Point", "coordinates": [-110.984701943882, 32.151700154335]}, "properties": {"state": "AZ", "county": "Pima", "city": "TUCSON", "zip": "85706", "address": "5533 S SANTA CRUZ AVE", "parcelid": "137-28-091A", "loan_type": "", "date": "2023-03-08", "amount": 0.0, "lender": "", "borrower": "BAF ASSETS 6 LLC", "parent_brand": "Amherst Residential", "matched_address": "5533 S SANTA CRUZ AVE, TUCSON, AZ, 85706"}}, {"type": "Feature", "geometry": {"type": "Point", "coordinates": [-110.765868872556, 32.139999707058]}, "properties": {"state": "AZ", "county": "Pima", "city": "TUCSON", "zip": "85747", "address": "10614 E BRIDGEPORT ST", "parcelid": "141-30-1940", "loan_type": "", "date": "2023-03-08", "amount": 0.0, "lender": "", "borrower": "BAF ASSETS 6 LLC", "parent_brand": "Amherst Residential", "matched_address": "10614 E BRIDGEPORT ST, TUCSON, AZ, 85747"}}, {"type": "Feature", "geometry": {"type": "Point", "coordinates": [-110.81632610399, 32.212499764393]}, "properties": {"state": "AZ", "county": "Pima", "city": "TUCSON", "zip": "85710", "address": "635 S TUDOR PL", "parcelid": "134-10-1790", "loan_type": "", "date": "2023-03-08", "amount": 0.0, "lender": "", "borrower": "BAF ASSETS 6 LLC", "parent_brand": "Amherst Residential", "matched_address": "635 S TUDOR PL, TUCSON, AZ, 85710"}}, {"type": "Feature", "geometry": {"type": "Point", "coordinates": [-111.099619232701, 32.36625307374]}, "properties": {"state": "AZ", "county": "Pima", "city": "TUCSON", "zip": "85743", "address": "8789 N MUGHO PINE TRL", "parcelid": "226-23-4100", "loan_type": "", "date": "2023-03-08", "amount": 0.0, "lender": "", "borrower": "BAF ASSETS 6 LLC", "parent_brand": "Amherst Residential", "matched_address": "8789 N MUGHO PINE TRL, TUCSON, AZ, 85743"}}, {"type": "Feature", "geometry": {"type": "Point", "coordinates": [-110.773285106341, 32.211283166142]}, "properties": {"state": "AZ", "county": "Pima", "city": "TUCSON", "zip": "85748", "address": "801 S GRANITE FALLS DR", "parcelid": "133-39-5300", "loan_type": "", "date": "2023-03-08", "amount": 0.0, "lender": "", "borrower": "BAF ASSETS 6 LLC", "parent_brand": "Amherst Residential", "matched_address": "801 S GRANITE FALLS DR, TUCSON, AZ, 85748"}}, {"type": "Feature", "geometry": {"type": "Point", "coordinates": [-111.103160066564, 32.121678021869]}, "properties": {"state": "AZ", "county": "Pima", "city": "TUCSON", "zip": "85757", "address": "6454 W SWAN FALLS WAY", "parcelid": "210-54-6730", "loan_type": "", "date": "2023-03-08", "amount": 0.0, "lender": "", "borrower": "BAF ASSETS 6 LLC", "parent_brand": "Amherst Residential", "matched_address": "6454 W SWAN FALLS WAY, TUCSON, AZ, 85757"}}]}