{"type":"FeatureCollection","features":[{"type":"Feature","id":1,"geometry":{"type":"Polygon","coordinates":[[[-86.753749019943072,36.404313656773034],[-86.753923670776857,36.404366133218005],[-86.754056953243975,36.40444564904162],[-86.754157491319546,36.404565713318213],[-86.754374108314011,36.404698273575164],[-86.754507838768092,36.404824654539787],[-86.754601138224714,36.405031804919176],[-86.754770428034718,36.405412564213954],[-86.754844991026346,36.405481114387193],[-86.755016970763521,36.405589836568616],[-86.755127422744863,36.4054772929885],[-86.755125440009195,36.405269573509806],[-86.755057455602667,36.405089219301566],[-86.755072358898246,36.404915043612839],[-86.755185434160481,36.404612869576617],[-86.755374711398801,36.403883768619266],[-86.755350940446164,36.403707430605124],[-86.755332010870788,36.403459815451505],[-86.75529670718943,36.403232217233395],[-86.755236474365859,36.403018337174956],[-86.755239724650707,36.402468942925267],[-86.755243893993054,36.402060319955773],[-86.755300227075139,36.401865799096917],[-86.755398267342386,36.40172441026575],[-86.75557855343051,36.401522420255262],[-86.756275819922607,36.400794609146487],[-86.756423998262903,36.400699946372036],[-86.756530017156166,36.400504942685444],[-86.756628823534498,36.400444065676353],[-86.756794140927994,36.400409554824215],[-86.757149576952401,36.400313595319616],[-86.757231818894567,36.400252821407953],[-86.757437922348288,36.400130841337273],[-86.757643706235257,36.399975557071961],[-86.757792586807795,36.399954538715427],[-86.757950691310285,36.400053981478969],[-86.758196103390958,36.400222407482886],[-86.758331271065884,36.400365943361365],[-86.758552224439526,36.40055254819643],[-86.758668363515596,36.400571906934537],[-86.758780064606825,36.400615671872423],[-86.758884721897161,36.400677850572883],[-86.759133796439883,36.400696375472336],[-86.759332819201177,36.400721909312452],[-86.759606655923548,36.400753668926193],[-86.759806000474782,36.400812677481532],[-86.760071665029912,36.400877964846295],[-86.76042063839293,36.400949423874863],[-86.760711067771709,36.401028116966351],[-86.760960594620698,36.401093503787642],[-86.761175925207809,36.401092150088104],[-86.761240890713253,36.400957659872425],[-86.761236135226341,36.400816569179405],[-86.761361039850669,36.400555002444975],[-86.761456410181211,36.40049053781226],[-86.761715310709718,36.400338517764027],[-86.762103674391639,36.400222249972487],[-86.762343155669072,36.400126833396079],[-86.762557773760776,36.40005183115067],[-86.762682020025593,36.400030961943415],[-86.762913523991571,36.399989330206921],[-86.763236254018679,36.399938195573689],[-86.763542463069044,36.399891627948797],[-86.763681502366353,36.399863282183752],[-86.76391419195734,36.399768592031535],[-86.763992345502032,36.399680885571151],[-86.764135648412491,36.399566329177006],[-86.764300672902579,36.399282187618631],[-86.764298929923385,36.399101763260639],[-86.764319805832173,36.398888576940259],[-86.764267332887741,36.398600829649105],[-86.764148738090086,36.398327062407468],[-86.764030982956726,36.3981401596875],[-86.763871480331446,36.397940300937613],[-86.763712299988541,36.397773745811911],[-86.763437410749319,36.397588005386972],[-86.763346020288367,36.397448147641711],[-86.763318431126947,36.397273894940632],[-86.76335045917719,36.397159869275946],[-86.763513956055235,36.396937714591736],[-86.763603354120747,36.396783153909283],[-86.763635444524155,36.396675651586776],[-86.763633699805581,36.396494883720827],[-86.763591600220266,36.396401412088302],[-86.763565443435226,36.39628758165555],[-86.763601392337591,36.39618383194199],[-86.763644592844074,36.396039348338945],[-86.763601956647904,36.395758233970454],[-86.763667173791688,36.395650694311918],[-86.763740688924685,36.395522844031774],[-86.763797670522223,36.395442138316959],[-86.763854882777252,36.395341344566795],[-86.764044171500814,36.395239717233885],[-86.764266167314844,36.395050669698705],[-86.764315079074805,36.39497001467079],[-86.764371514167379,36.394788879343139],[-86.764461359284169,36.394681012015951],[-86.764551953970852,36.394606789156256],[-86.764817740462959,36.394510686192326],[-86.765022126846958,36.394389562052837],[-86.76515832430718,36.394375825233325],[-86.765831519337141,36.394116451640585],[-86.766228044964635,36.394013509546284],[-86.766702653945273,36.393860456076794],[-86.76706229057875,36.393720146934314],[-86.767326963366372,36.393684991873187],[-86.767687690688419,36.393613517646898],[-86.767847523043116,36.393540913309032],[-86.768384591860752,36.39343518403372],[-86.768955344471379,36.393299537736496],[-86.769795104767113,36.393181921527606],[-86.770014383063497,36.393152027959971],[-86.770452223545078,36.393105978597838],[-86.770775823579555,36.393103918519849],[-86.771608022057308,36.393256562403977],[-86.771855142088697,36.393294473362218],[-86.772128435447755,36.393272643858872],[-86.772293535047794,36.393218026430461],[-86.772392057091523,36.393130184299793],[-86.772423743588433,36.392982680527268],[-86.772487441377308,36.392720976816662],[-86.772618892344752,36.392613009433759],[-86.772751323762691,36.3926054685599],[-86.773025006957752,36.392623807688899],[-86.773166261945676,36.392693466102706],[-86.773290851222455,36.392709151555664],[-86.773506648900693,36.392714468317031],[-86.773787615673186,36.392652412845393],[-86.773911978327476,36.392644922279942],[-86.774117940772285,36.392556563432954],[-86.774266426370744,36.392453635706055],[-86.774481289603429,36.3924069375933],[-86.774629494318319,36.392318775708766],[-86.77483542083624,36.392183547142658],[-86.775182173510913,36.392074198574527],[-86.776207928828555,36.391913456450688],[-86.776390408777416,36.391856146717281],[-86.776663266169692,36.391877058115071],[-86.777036056422716,36.391867970111782],[-86.777272701122712,36.391877266650312],[-86.777522674849948,36.391643892829819],[-86.777803500658408,36.391395384034858],[-86.778089528678819,36.39115782865904],[-86.778329599791064,36.391040744349347],[-86.779400134131762,36.390599161282267],[-86.780102793525046,36.390320976279583],[-86.780374969677055,36.390316303299464],[-86.781022203342644,36.39027487419856],[-86.781204038748086,36.390153009437867],[-86.781439841841191,36.389776537218836],[-86.781586526636758,36.389320808519003],[-86.781554909798302,36.388871553058408],[-86.781401624913613,36.388443856377528],[-86.781220640423527,36.388135312873068],[-86.781149237604239,36.388043409548054],[-86.780829326835175,36.38755652738255],[-86.780686260313516,36.387303019557812],[-86.780665468581688,36.386874295453943],[-86.78075383088202,36.386619294793135],[-86.780841492420365,36.386250302595407],[-86.780967331328696,36.386006219186804],[-86.780964213859846,36.385690346809355],[-86.781108796245945,36.385452322766284],[-86.781409626939421,36.385254836632001],[-86.781625651836649,36.385113178616585],[-86.781839483278574,36.384964495461219],[-86.782015276109405,36.384791163976644],[-86.782167779505087,36.384667598474842],[-86.782199907651929,36.384566957586962],[-86.782173383547729,36.384418281746392],[-86.782039816932112,36.384266520592085],[-86.781816852654089,36.384092331547656],[-86.781614602861566,36.383994577966853],[-86.781472636354465,36.3838950613913],[-86.781384481023338,36.383740431077364],[-86.781279599644108,36.383655096038311],[-86.781336781109502,36.38355429362737],[-86.78152690665992,36.383499501697464],[-86.781742255156047,36.383504806535377],[-86.782007747371154,36.383556655891404],[-86.782307485543996,36.383722107723017],[-86.782796224532191,36.383718947763953],[-86.78309496764993,36.38374070721575],[-86.783583706721544,36.383737544076894],[-86.783831809164923,36.383705550079561],[-86.784078088127927,36.383618114462912],[-86.784227595693793,36.383535597420043],[-86.784366178824868,36.383293487755076],[-86.784372481226697,36.383072493588998],[-86.784308771016924,36.382942600641968],[-86.78381221169245,36.382155741736952],[-86.783707438181253,36.382038475396087],[-86.783729902605415,36.381777031498956],[-86.78382826677958,36.3816759611354],[-86.783975315111277,36.381474141965228],[-86.784096284704219,36.381254636726773],[-86.784178075831008,36.3810238825697],[-86.784201777830745,36.380630407743034],[-86.784244708481012,36.380206249031119],[-86.784332720019279,36.379917769525669],[-86.784495989629903,36.379682194953652],[-86.784713777062748,36.379463434780767],[-86.785021397930052,36.379183144732608],[-86.786941697555122,36.377362012145298],[-86.787435797841056,36.377090803836403],[-86.7877081646254,36.376981902256517],[-86.788088775092518,36.376912468663399],[-86.788419750868869,36.37689022622876],[-86.789421836606635,36.376890389468478],[-86.790721609086177,36.3768939219282],[-86.790884254858213,36.37685337244173],[-86.79097034154249,36.376799931978589],[-86.791037838130777,36.376713306777965],[-86.791090771217824,36.376444107746515],[-86.79116653339743,36.375740233768184],[-86.791264819607107,36.374996038839249],[-86.791365809890678,36.37409782763023],[-86.791503646489872,36.372978249192798],[-86.791625424133159,36.371951483299455],[-86.791702417506059,36.371329148623886],[-86.791713305960457,36.371186753268766],[-86.791739645977842,36.370933693796594],[-86.791859280361862,36.370457180970554],[-86.791988591039882,36.370141642105686],[-86.792167168821393,36.369785435344752],[-86.792182250132853,36.36963786196695],[-86.792114412914046,36.369477611874032],[-86.791997507335509,36.369377943201478],[-86.791781391137377,36.369292143091009],[-86.791150120041465,36.369128882110076],[-86.790386483050895,36.368932832833828],[-86.789974488037501,36.368788906828819],[-86.789671296673902,36.368656287186624],[-86.789421202764814,36.368483661913068],[-86.789244938521406,36.36826385715927],[-86.788995088868347,36.367859973969388],[-86.788823713104279,36.367576614413366],[-86.788621760561369,36.367249674993992],[-86.788443856605056,36.366822144617025],[-86.788356912528798,36.366447586122511],[-86.78828128648415,36.366314166903962],[-86.788147565467682,36.366187649948195],[-86.788008080306554,36.366121774100293],[-86.787823101012066,36.366049155334267],[-86.787257488861485,36.365825014557409],[-86.787083458659623,36.365785973087362],[-86.786999677763077,36.365686084078014],[-86.786997678951167,36.365485057521326],[-86.787069706925109,36.365256938768532],[-86.787109510731923,36.365075727065495],[-86.787174204563499,36.364921307494122],[-86.787393171272115,36.364484497297973],[-86.787416417792599,36.364303393180542],[-86.787512957007408,36.36402154975778],[-86.787503890334193,36.363921003088151],[-86.78753553697679,36.363773493924924],[-86.787592271599109,36.363672690656422],[-86.787728515278076,36.36328534743943],[-86.78771112043502,36.363115838775258],[-86.787697550499161,36.362904071402632],[-86.787682208306066,36.362727510384943],[-86.787664319997361,36.36259371477842],[-86.787678675457983,36.362372494747731],[-86.787710121273221,36.362204899954008],[-86.787757856112691,36.362010416679063],[-86.787746728140093,36.361745411864554],[-86.787704121427325,36.361601991259597],[-86.787670077512843,36.361508474408822],[-86.787569211932407,36.361355132049901],[-86.787459746686949,36.361148109039988],[-86.78740834856643,36.360974357771362],[-86.787298659544803,36.360787422872015],[-86.78722254960924,36.360647310331977],[-86.78715453039878,36.360466971462486],[-86.787176511251161,36.360158658835154],[-86.787199865163032,36.360031118663997],[-86.787227461142393,36.359945956402861],[-86.787346664905684,36.35980920842519],[-86.78742926606985,36.359748410417708],[-86.787524355003782,36.359705386031486],[-86.78765970479941,36.359612826670102],[-86.787833655077989,36.359645172215139],[-86.787909033775307,36.359711809160764],[-86.787976054335132,36.359791720026372],[-86.788175716860451,36.359890853721538],[-86.788299960005773,36.359876653117894],[-86.788399956967808,36.359900208794357],[-86.78852393463491,36.359901976143142],[-86.788822154908175,36.359880117160635],[-86.78907914768692,36.359938530262568],[-86.789361723519363,36.360050684163248],[-86.789741824920426,36.359981076081162],[-86.789948242826839,36.359906076917071],[-86.79020512803497,36.359911095137456],[-86.790312681924817,36.359883610237546],[-86.790577298111188,36.359855099119152],[-86.790783648012095,36.359773403353174],[-86.790965688367194,36.359765517866279],[-86.791430372027193,36.359876304683851],[-86.791588892050939,36.359851232187474],[-86.791736052353727,36.359793957535423],[-86.791901604434713,36.359792874140588],[-86.792059225140335,36.359805233661874],[-86.792241868520406,36.359857602809711],[-86.792358291215194,36.359910405352281],[-86.792624067183141,36.360040173277383],[-86.792741231076008,36.360082154609167],[-86.792971831076869,36.36009060113561],[-86.793421473386957,36.360224999380499],[-86.793554184235319,36.360250911522101],[-86.793753205206798,36.360242910480601],[-86.793949808410062,36.36016316175531],[-86.794330692271458,36.36004494799576],[-86.794586366753592,36.359929272163143],[-86.79489097911754,36.359867697606873],[-86.795247251679314,36.359750844391051],[-86.795495512307681,36.359742516836711],[-86.795818079618741,36.35969352638444],[-86.796093433007897,36.359635403188364],[-86.796702644574452,36.35955362122516],[-86.796835422768325,36.359586224944358],[-86.796911078601241,36.359679636964728],[-86.797027234494948,36.359705654336842],[-86.797119402038888,36.359668135456346],[-86.797108795112734,36.359584424310967],[-86.797239415723979,36.35940278212631],[-86.797370710156443,36.359288091500297],[-86.797455971654756,36.35911292853713],[-86.797433488986727,36.358946029677831],[-86.797474279381291,36.358865413441563],[-86.797595325393672,36.358787015093114],[-86.797729877987791,36.358743035749903],[-86.797845155512732,36.358682015108755],[-86.797986722547137,36.358533777948246],[-86.798033250734321,36.358432865129927],[-86.798296208094584,36.358408983435822],[-86.798396580987642,36.358343425165444],[-86.798370118358847,36.358202991797228],[-86.798444219711484,36.358142242256854],[-86.798733059251347,36.358033034266732],[-86.799542303505532,36.357793342703005],[-86.799756636276811,36.357704883110713],[-86.799971983479679,36.357716850732253],[-86.80012987200773,36.357755980440231],[-86.800236791992248,36.357708403988262],[-86.800260887044828,36.357614334252972],[-86.800351338045118,36.357533388517659],[-86.800566722214555,36.357591022403042],[-86.800707390968427,36.35756451086305],[-86.800848521613943,36.357583663671306],[-86.801031165682147,36.357636019589975],[-86.801186898991403,36.357546056878718],[-86.801298176276063,36.357467719440223],[-86.801418109776193,36.357405806090902],[-86.801781381275447,36.357269486909367],[-86.802246343571099,36.35715635628658],[-86.802516305997685,36.357070269810187],[-86.80264738525679,36.356935487851445],[-86.80266217303263,36.356761131850796],[-86.802602526423826,36.356614223803675],[-86.802494523367216,36.356554679579595],[-86.802468459551264,36.356454246400702],[-86.802500278944009,36.35632681848827],[-86.802653007105263,36.356233955149825],[-86.802878738219917,36.356056310990169],[-86.803106967899126,36.355706623716905],[-86.803254188842843,36.355531388428751],[-86.803352835199561,36.355463777203347],[-86.803484861756289,36.355422726733252],[-86.803700287912335,36.355401209029154],[-86.803882520893666,36.355413389625809],[-86.804031373366797,36.355399009270748],[-86.804214218552445,36.355471445948794],[-86.804421223302398,36.355456678565162],[-86.804479699502025,36.355529941667079],[-86.804613034721982,36.355575924422183],[-86.804778577804171,36.35557482340748],[-86.804910399576968,36.355513685858106],[-86.805175404489361,36.355525313824558],[-86.805331838001507,36.355505044204428],[-86.805448013276973,36.355449847423891],[-86.805721970212147,36.355423472702306],[-86.805837114790506,36.355433865232378],[-86.806060946108232,36.355445765483054],[-86.80623434923767,36.355424523222467],[-86.806356975189473,36.355419242270628],[-86.806623382246585,36.355401843327755],[-86.807178640352817,36.355445009623935],[-86.807460063063616,36.355443131796598],[-86.807675214953193,36.355394826320115],[-86.80784786596405,36.355299934834484],[-86.808111994711354,36.355184173559756],[-86.808243399308935,36.355124065233198],[-86.808557454214906,36.355033893549646],[-86.808673265146595,36.355026423911276],[-86.808797633787563,36.355025592586152],[-86.808896753672016,36.355004843047595],[-86.809020369615681,36.354930364579978],[-86.809193770821921,36.354909118074481],[-86.809458443981939,36.354846915238518],[-86.809688969424244,36.354724851342503],[-86.809986464101485,36.354675990634064],[-86.810207286773377,36.354642922431552],[-86.810415787569838,36.354525811739791],[-86.810637202544456,36.354343374646966],[-86.810803382314987,36.354238907986677],[-86.81113157102935,36.354078759878796],[-86.811337747419813,36.35398363855807],[-86.811567618853886,36.353922522846467],[-86.811841894333668,36.353886517823248],[-86.812055362611389,36.353840275979891],[-86.812461642622907,36.3537618361933],[-86.812601657616881,36.35371402642059],[-86.812817145387868,36.353699187646697],[-86.812965784982424,36.353664539097203],[-86.813353913155211,36.353554800278218],[-86.813544070469234,36.353553521764802],[-86.81370092512536,36.35349220620018],[-86.813840743881173,36.353384135563012],[-86.814055117583436,36.353302345690729],[-86.814352948585977,36.353286950097008],[-86.814667618175605,36.353257877427282],[-86.814832604959562,36.353203201259959],[-86.815030699088183,36.353148301840029],[-86.815154030598634,36.353047036362263],[-86.815267905621837,36.352851923840802],[-86.815423712428284,36.352730352312506],[-86.815572902638664,36.352749433621511],[-86.815706377592605,36.35280879454281],[-86.815790182848062,36.352908835765078],[-86.815799213421329,36.353002513828073],[-86.815957514420361,36.353081793987322],[-86.81613926077803,36.35304708991395],[-86.816289211162584,36.353139817250721],[-86.816513520954942,36.353198564389096],[-86.81669623433524,36.353257591908843],[-86.816755146498053,36.353331017935865],[-86.81694585700356,36.353342263200972],[-86.817079927126514,36.353253456104362],[-86.817201130304781,36.35323409572738],[-86.81733238558428,36.353119383212366],[-86.817604230895881,36.353012991431044],[-86.81786858959579,36.352921586070046],[-86.817985126879009,36.353025868274173],[-86.818103372050402,36.353048932712234],[-86.818267964568989,36.35307958100416],[-86.818441497676289,36.35307171157794],[-86.818581724601387,36.353003806484487],[-86.818671597694191,36.352869285549609],[-86.818744906023042,36.352774878807459],[-86.81887671234638,36.352713725986575],[-86.81921551308308,36.352637780312506],[-86.819405399552906,36.352569537980038],[-86.819578870679877,36.352514797833543],[-86.819734183131999,36.352346182855115],[-86.819841855160618,36.352332061987802],[-86.819983397196282,36.352391363549593],[-86.820182526202601,36.35243688327931],[-86.820320702597627,36.352458093602017],[-86.820516375042317,36.352456766716614],[-86.820679065679599,36.352426820472729],[-86.820826798764287,36.35230529667416],[-86.820949288385279,36.352123683181937],[-86.821105229930069,36.351975149062859],[-86.821277996299159,36.351893628655581],[-86.821528225748921,36.351832184003491],[-86.821633275233481,36.351810868645551],[-86.821815016185056,36.351776156031896],[-86.822055514627692,36.351717866679728],[-86.822329708115106,36.351716003292196],[-86.822469654781358,36.351785098750355],[-86.822635607119921,36.35182414434086],[-86.822785006115666,36.351863302280961],[-86.822926062338198,36.351875734200121],[-86.823082036816075,36.351689942004448],[-86.823277672009809,36.351399496288579],[-86.823424606907622,36.351242607914081],[-86.823710804601276,36.350925964213587],[-86.82387203390013,36.350801966310563],[-86.82412627077764,36.350590755902203],[-86.824172503617262,36.350465112128184],[-86.824187929078477,36.350356674859889],[-86.824144288728107,36.35005938311042],[-86.824039815431476,36.349502872353142],[-86.824051106468019,36.349364246952938],[-86.823958373441968,36.349222724715382],[-86.823854863470729,36.349146858851576],[-86.823732676133091,36.349030087738242],[-86.823538836446446,36.348884432679561],[-86.82335118180913,36.348753870824403],[-86.822936751061448,36.348575564615615],[-86.822824133381886,36.348440013988927],[-86.822773441997512,36.34834095404721],[-86.82261835357518,36.348243805780669],[-86.822478396664309,36.34784628010182],[-86.822374618882975,36.347662597569396],[-86.822259447995592,36.3475262053311],[-86.821991181003455,36.347116331424061],[-86.821766083025665,36.346694145810496],[-86.821626556754126,36.346378337425783],[-86.821333476333692,36.345785272455082],[-86.821257066542174,36.34570252467865],[-86.821121094064296,36.345524381727934],[-86.820875892402384,36.345306883724071],[-86.820678499520341,36.345165647792548],[-86.820397281306569,36.344910938648447],[-86.820198618799495,36.344727545048919],[-86.819900090965945,36.344470800324849],[-86.819465286501071,36.343961442574575],[-86.819301944610672,36.343675530545639],[-86.818950610949344,36.343033715836626],[-86.818854188642234,36.342780105044405],[-86.818817104617551,36.342559570844884],[-86.818850913184008,36.342217176381766],[-86.819141856307652,36.341499113753983],[-86.819262465517184,36.341250770198982],[-86.819545698644433,36.340658904940184],[-86.819711296856369,36.340420172502022],[-86.81989031847894,36.340207273090158],[-86.819986935010292,36.340117347178939],[-86.820074928873737,36.34003086067063],[-86.820562147301587,36.339508943157277],[-86.820727607498512,36.339298366298273],[-86.820920327350962,36.338974464497682],[-86.821000717871101,36.338623168631372],[-86.820998922121845,36.338531844961892],[-86.820940666848031,36.338029893074911],[-86.820932865333404,36.337768643005177],[-86.820907961194678,36.337473895543496],[-86.820885728111435,36.337192791392923],[-86.820850027693893,36.336819449220421],[-86.820835578137931,36.33663029194377],[-86.820818979478062,36.336362636972723],[-86.820848688112534,36.336117098834706],[-86.820922331759988,36.335811173067349],[-86.820976176124574,36.335601353022604],[-86.820988302193271,36.335420143981764],[-86.82097247919468,36.335244790205451],[-86.82086248636368,36.334869033396942],[-86.820628483947374,36.33444364270914],[-86.820590987917996,36.334183452206105],[-86.820596357871281,36.334046411797658],[-86.820614240413349,36.333929201859476],[-86.820958648340593,36.333869865613039],[-86.821393380955016,36.33376304524343],[-86.82152066026579,36.333718744733872],[-86.822023080262326,36.333510832486375],[-86.822219354309595,36.333429997182137],[-86.823011943099957,36.333106853554163],[-86.823196717912907,36.333034509702507],[-86.823556339730871,36.332895066735801],[-86.823882790803438,36.332782793912443],[-86.824228078456429,36.332767908528858],[-86.824582198397522,36.332867647067467],[-86.824702586022354,36.33261015823259],[-86.824762605771994,36.332423986537108],[-86.824828730031413,36.332294257319859],[-86.824822893834721,36.332100637172317],[-86.824777509834021,36.331899217530491],[-86.824683044916497,36.331744402599035],[-86.824409723971584,36.331301688008061],[-86.824313060359316,36.331229037593985],[-86.823933021814085,36.33100311511263],[-86.823601723350308,36.330771022285816],[-86.823354800285387,36.330572519402637],[-86.823218575837004,36.330420345356423],[-86.823159013759678,36.330344028400006],[-86.822898010891294,36.329984175218705],[-86.822793321263575,36.329792257494113],[-86.822664544959693,36.329528396030128],[-86.82261387636035,36.329348643646917],[-86.822590517807811,36.328979165822133],[-86.82254820723567,36.328729197093708],[-86.822497921360821,36.328480537010002],[-86.822490932386245,36.328379634039273],[-86.822451964123573,36.328264011977339],[-86.82232666482804,36.327599071288482],[-86.82232772111044,36.327362977219366],[-86.822335157055832,36.326986614646643],[-86.822294191526666,36.326853739175831],[-86.822250046156967,36.326695231045548],[-86.821909280609205,36.325980519026388],[-86.8218617843917,36.325873000941463],[-86.821772680287708,36.325682864756395],[-86.821708799259,36.325558163564025],[-86.821602692173002,36.325387199759099],[-86.821413940156248,36.325067431513318],[-86.821182317720641,36.324828130799972],[-86.820905220004505,36.324663649474424],[-86.820705235224978,36.324591365438323],[-86.820611534177146,36.324553699541951],[-86.820136535951505,36.324355883358763],[-86.819771185424401,36.324184143870227],[-86.819359160301701,36.323986708124707],[-86.818877489995174,36.3236939859774],[-86.81830556652443,36.323249073199648],[-86.817918094890217,36.322914333783345],[-86.817255554168469,36.322429772180755],[-86.816978327246545,36.322225651004459],[-86.816692147889881,36.322013776843065],[-86.816594208622178,36.321931116128248],[-86.816203954645616,36.321596804292781],[-86.815868547982646,36.321291866148719],[-86.8156641451003,36.321119740259178],[-86.81530666372764,36.320824650759569],[-86.81484800995041,36.320471038124644],[-86.814582316979681,36.320133750471527],[-86.814301834992619,36.319678442602445],[-86.814089364383591,36.319482435465304],[-86.813909202298632,36.319251015106715],[-86.813628467053917,36.318811673997885],[-86.813156552043353,36.318017543292243],[-86.812926011056732,36.317672461332251],[-86.812858155233627,36.317510160106224],[-86.812716991522279,36.317315731380852],[-86.812288241079798,36.316590186962564],[-86.812066727663378,36.316222135261974],[-86.811468195878732,36.315276773681504],[-86.810997329209556,36.314395488712741],[-86.810871108747207,36.314145940420396],[-86.810794789288622,36.313985068139623],[-86.81074142629852,36.313662829542601],[-86.810782016076189,36.313326649661846],[-86.8108220690915,36.312956305687173],[-86.810855744731441,36.312520871626816],[-86.810866555722811,36.312377544986887],[-86.810930841461825,36.311540281091752],[-86.810966482935711,36.311029557626874],[-86.81099497873933,36.310539204956221],[-86.81097343721801,36.310134172046418],[-86.810889234285142,36.309824501317536],[-86.810851024156889,36.309614614666664],[-86.810796490999849,36.309426469801963],[-86.810645490942392,36.309056641782078],[-86.810607987148927,36.308874219940542],[-86.810452502696904,36.308480557417695],[-86.810205033669263,36.30809420677425],[-86.810085641189275,36.307952164425103],[-86.809873427804305,36.30773571714851],[-86.809827443245936,36.30763644757269],[-86.809729986536013,36.307482068276073],[-86.809183241514589,36.306869034200446],[-86.809048103851481,36.306692537020545],[-86.808832184794483,36.306415585514117],[-86.808528549086475,36.306028549412773],[-86.808023678223833,36.305318227589311],[-86.807833369345374,36.305037046721587],[-86.807623372232186,36.304710388200725],[-86.807434875004475,36.304382470907569],[-86.807057313670356,36.303738821966832],[-86.806666430021863,36.303346553496283],[-86.806699394886678,36.303251048025295],[-86.806977022837685,36.302728301056682],[-86.80705111034365,36.302630289079239],[-86.807144327978634,36.302536269802538],[-86.807312604113434,36.302397969442282],[-86.807627826351023,36.302234651360969],[-86.808000779480636,36.302116786736484],[-86.808501449218937,36.30191874816024],[-86.808737693852791,36.301852151906125],[-86.808933663336276,36.301793561963372],[-86.809353555001408,36.301656548570605],[-86.809615371263575,36.301539766191709],[-86.809894911109936,36.301288640558887],[-86.810209202759765,36.300994634616117],[-86.810285706783063,36.300884586364866],[-86.810344166116451,36.300710791872568],[-86.810296480735985,36.300486374700156],[-86.810259526902996,36.3003987192035],[-86.81010291821606,36.300017767606235],[-86.809997577738827,36.299755278939195],[-86.809816674663878,36.299362815031763],[-86.809699512798915,36.299022631525077],[-86.809595499660858,36.298637950399325],[-86.80940698713998,36.297876698049024],[-86.809339685790192,36.297600219116966],[-86.809280836982822,36.297403689222897],[-86.80926783795087,36.29725234918277],[-86.809283862464596,36.296869382102287],[-86.809292236933246,36.296692876298138],[-86.809304141952978,36.296509033024144],[-86.809360486906101,36.295816433642905],[-86.809426962677009,36.295597088828011],[-86.80961544194227,36.295237689549317],[-86.809692005686742,36.295092445390857],[-86.809776351404679,36.294883025423452],[-86.809840237658676,36.294725909843294],[-86.809892035360477,36.294595683424788],[-86.81005840530355,36.294171298269589],[-86.810111585698962,36.294064915399346],[-86.810321461064333,36.293621961687641],[-86.810536207610397,36.293149836287675],[-86.810119546745383,36.291490145104902],[-86.810095682300783,36.291319923515573],[-86.809826375230742,36.289766009025662],[-86.809708022386417,36.289336402280775],[-86.809631814162969,36.289111623478533],[-86.809267903764308,36.287878977529019],[-86.809023327750353,36.287455058703799],[-86.808811004818864,36.286825293432479],[-86.808136068948713,36.285813079633371],[-86.807757968566008,36.285312283491045],[-86.807636729395469,36.285151703591907],[-86.807175592206022,36.284661099972254],[-86.80634083053161,36.2836121992976],[-86.806012633605633,36.283410252702026],[-86.805809563413817,36.283209531377878],[-86.805535380884876,36.282870993422918],[-86.805477579081781,36.282796589588507],[-86.80477191697463,36.281888275846519],[-86.804612892890262,36.281745772337835],[-86.804175718650427,36.281354005834032],[-86.803876500443565,36.280997170812803],[-86.803503165756752,36.280633802319315],[-86.802352761757561,36.279661613844944],[-86.802039665052973,36.279239977846004],[-86.801563958070673,36.278739910152609],[-86.801312215655997,36.278489499535866],[-86.800961818085611,36.278149231146969],[-86.800832371452771,36.278031510470178],[-86.799789638581444,36.276947335303561],[-86.7996251847906,36.276795798292504],[-86.799039629749686,36.276236503246054],[-86.798735032746961,36.275953541363286],[-86.79785103369565,36.275105024391863],[-86.797698289525584,36.274914235318313],[-86.797554821470229,36.2747324018368],[-86.797265370006841,36.274375075888656],[-86.795615043927427,36.272590072269765],[-86.794586680311767,36.271233298439967],[-86.793721038460632,36.27015339253532],[-86.79358656445271,36.269940016854086],[-86.793537737157678,36.269836626942336],[-86.793162247132983,36.269147048087696],[-86.792278539024906,36.267580811833923],[-86.791847788120833,36.266804527042801],[-86.791774579374305,36.266652594122228],[-86.791344492843095,36.265875032547669],[-86.79076325022325,36.264729344259834],[-86.790237587036685,36.263747901130962],[-86.790137577496367,36.263458625272186],[-86.789734824845681,36.262726783387542],[-86.789111755536695,36.261402289579955],[-86.7884924552244,36.260083488213219],[-86.788382699971223,36.259838031709258],[-86.787036098568777,36.256747253580727],[-86.786776483810428,36.256219697146157],[-86.78511820676826,36.25258136477126],[-86.784954911840458,36.252248064515179],[-86.78449942231515,36.251322975791354],[-86.784452977561557,36.251192093945093],[-86.784045716320733,36.250271103699781],[-86.783930146093212,36.249713800916105],[-86.783914766879292,36.248663636343956],[-86.78384251690369,36.247856598376686],[-86.784084188335271,36.246697409806799],[-86.784144904504743,36.246446595839579],[-86.784528392632524,36.245069267530589],[-86.784642063827718,36.244683759723408],[-86.785520663854442,36.241719116755014],[-86.78566775161427,36.241161232428951],[-86.785990066050559,36.239387849744745],[-86.786103086300315,36.238020840997862],[-86.785968359842059,36.237150470509107],[-86.785891113486713,36.23651062657477],[-86.784999072643345,36.233988969839963],[-86.783413396751996,36.231935564996597],[-86.783218066321282,36.23172344282257],[-86.779725960002054,36.228389880216056],[-86.779228294779216,36.227970953951555],[-86.77889893088755,36.227678333806409],[-86.778282754144328,36.227192004888373],[-86.777091530432159,36.226258923165787],[-86.776187114867298,36.225766036232315],[-86.775727583517835,36.225577179466221],[-86.774618655098791,36.225149531126654],[-86.774353875218949,36.225509271815397],[-86.774011056659589,36.22595902153715],[-86.773684143331266,36.226421455732215],[-86.773279689720653,36.227025046822916],[-86.773016574041478,36.227525455669578],[-86.772484039107454,36.228491621341725],[-86.772166433681647,36.229094808448245],[-86.771156150790446,36.230480476168879],[-86.770667679542669,36.231043949417483],[-86.769795586190682,36.231855868445223],[-86.769611623097475,36.232021594041612],[-86.768251408030366,36.233185706229762],[-86.766829922920977,36.234201863870766],[-86.765383729816122,36.235033252208389],[-86.763774076393403,36.235751140181563],[-86.763590207763258,36.235847933050607],[-86.762648999080369,36.236262669010578],[-86.761699026554581,36.236472113394399],[-86.760787264038498,36.236776940092497],[-86.759416222569683,36.237190579611763],[-86.758334577232759,36.237506241672527],[-86.75698607302823,36.237980402567047],[-86.756175012481705,36.238270766179859],[-86.755740843128336,36.238428666340333],[-86.754683507807925,36.238941413114077],[-86.753270637072958,36.239733300886272],[-86.752126009953827,36.240431133866359],[-86.751619367899721,36.240777663221969],[-86.750947173175504,36.241294927495936],[-86.750402367750709,36.241733393112419],[-86.749933810636307,36.24211325391623],[-86.7493938746845,36.242514377928707],[-86.748409212435618,36.243324340701868],[-86.748330534836356,36.243389023321242],[-86.746705615372846,36.244725537704412],[-86.743947823345181,36.246996639103813],[-86.743111667996203,36.247799397595458],[-86.742973052639812,36.24793996259514],[-86.742612421053622,36.248346593306216],[-86.741733087655248,36.249531392168677],[-86.741639490735537,36.249658646932907],[-86.741534705844572,36.249785430038628],[-86.740703466499824,36.251009942449379],[-86.740389677325126,36.251481648250042],[-86.740255554343634,36.251684401899631],[-86.740184697892488,36.251792239043084],[-86.740134806810303,36.251869231699295],[-86.739684120758412,36.252590322342797],[-86.739558482424115,36.252793478732741],[-86.739508202121215,36.252877961339244],[-86.739335212144312,36.253202162972052],[-86.739108195948816,36.25365463159492],[-86.738898707653377,36.254105438189384],[-86.738839395016825,36.254291738180093],[-86.73868672237198,36.254801412956247],[-86.738600017423664,36.255152628998566],[-86.738528911414448,36.255452362478096],[-86.738508581530425,36.255546445407226],[-86.738455296090621,36.255793773975576],[-86.738378243433587,36.256351541359827],[-86.738348320948148,36.259329121340436],[-86.738342377238993,36.259813136386668],[-86.738345624860642,36.260305278947833],[-86.73832129915391,36.260797724968157],[-86.738214937165694,36.261714496029441],[-86.738139061552687,36.262164227394841],[-86.738092503644467,36.262444343001469],[-86.737755341444853,36.264130017369837],[-86.737394017918348,36.265812268497292],[-86.737136345061856,36.267067271780704],[-86.737012099098862,36.267696892252935],[-86.736869259726745,36.268401694045387],[-86.736705512847792,36.269239977555209],[-86.736420698184688,36.270591612772954],[-86.735943042076315,36.272946565429756],[-86.735845955073941,36.273407351257042],[-86.735624209037255,36.274463023818662],[-86.735596320081996,36.274593388908485],[-86.735398131760306,36.275400817081014],[-86.735218519964405,36.276125124920689],[-86.735195724781718,36.276215932145774],[-86.73509031436096,36.276548366918206],[-86.734881779882272,36.27720032511543],[-86.734690660716993,36.277629115632735],[-86.734529419655374,36.277983123220217],[-86.734093836014068,36.278847117936664],[-86.73322987518786,36.28025702724684],[-86.732954086192223,36.280655706225417],[-86.73215117816784,36.281700816418933],[-86.729056787696379,36.28468369069688],[-86.72879432700303,36.284934737065917],[-86.727277130394782,36.286353588949225],[-86.727178971644065,36.286444852280106],[-86.726596135506881,36.287006254481398],[-86.726371813847265,36.287224276450146],[-86.725587165532019,36.287993929440034],[-86.725344063928091,36.288219433146956],[-86.724299180029362,36.28916094124326],[-86.72380414553011,36.28959627609332],[-86.722879260834546,36.290396369351484],[-86.722507863547818,36.290709145208879],[-86.721739821624183,36.291277718731394],[-86.720638078907726,36.292152248728073],[-86.719683559528946,36.292914289841896],[-86.719900197304568,36.293089148799687],[-86.720063002949303,36.293221235078747],[-86.720472484666516,36.293472717536105],[-86.720659425262298,36.293553325360321],[-86.720845853062301,36.293624149909235],[-86.720903814980375,36.293701062531397],[-86.720978872506024,36.294071797841568],[-86.721071238217149,36.294200354054013],[-86.721163435452894,36.294310369222778],[-86.721417147779221,36.294689652716158],[-86.721535751040477,36.294811356275865],[-86.721769241711897,36.295019246444582],[-86.721911513844248,36.29513153733437],[-86.722114433085409,36.295428885527841],[-86.722389321705649,36.295617641864069],[-86.722553445336914,36.295800192225634],[-86.722612594120349,36.295960364072855],[-86.72262222542652,36.296179204725291],[-86.722828986443403,36.296292654202851],[-86.72295762475575,36.29635145967552],[-86.723340240709007,36.296584551015265],[-86.723859418759019,36.296814763357631],[-86.724428181739682,36.296900632776293],[-86.724700522165989,36.296995144119549],[-86.725433687940054,36.296551577184282],[-86.727872782712794,36.295316653703523],[-86.728328825948154,36.29508730586339],[-86.729848324541663,36.294327649638298],[-86.729957465654962,36.294274862532738],[-86.731736710002266,36.293398195370358],[-86.733695455744183,36.292569788948697],[-86.733925124401154,36.29263706895],[-86.735087017221716,36.292721295787828],[-86.735265056038358,36.292732819361341],[-86.736527740738183,36.292830140394102],[-86.737268414069121,36.292893661050741],[-86.738217547466462,36.292987938592788],[-86.738710946851938,36.293041498417274],[-86.739422451698275,36.29311820473491],[-86.739964404590779,36.293174735937242],[-86.74140778712173,36.293325537031421],[-86.740498475290551,36.294772476293552],[-86.740259702536449,36.295155125426056],[-86.739428526939946,36.296494090813638],[-86.739089509338243,36.296892756307194],[-86.738939036554569,36.297041153552264],[-86.738682270611932,36.297208570386083],[-86.738508858289151,36.297308005313361],[-86.738123030638562,36.297463847912709],[-86.737184179088104,36.297677658408091],[-86.736344461567185,36.297858711538808],[-86.736179116729645,36.29789647277773],[-86.735775396533015,36.29799674734403],[-86.73546738007947,36.2980759506654],[-86.733379233601028,36.298749127731348],[-86.733119134288259,36.298832310446542],[-86.733015736376956,36.298863201991104],[-86.732613724673342,36.298977625280706],[-86.731802857161611,36.299264655461442],[-86.731693021495602,36.299302562102],[-86.731433197236868,36.299411631849139],[-86.730956570686004,36.299639199439248],[-86.73086281496937,36.299730244118876],[-86.730703654645566,36.299950790981484],[-86.731939946895338,36.300704906543473],[-86.732431967569724,36.300928550792371],[-86.732972991022265,36.301129748645202],[-86.733638694699493,36.301326753907873],[-86.734635831486628,36.301628701742715],[-86.734746574406941,36.30167713064391],[-86.735200737882394,36.301796781059878],[-86.735593284558135,36.30185911859288],[-86.735791116932859,36.301875426664537],[-86.736869168846283,36.30206217369016],[-86.737024622540844,36.302088711757001],[-86.737760957909259,36.302220355517306],[-86.737551658935686,36.303772858713067],[-86.737476790924916,36.304257777424027],[-86.737267895459979,36.305715943967321],[-86.737171852147057,36.306345545081982],[-86.737108345191047,36.306714575520068],[-86.73579064813029,36.306554934132322],[-86.735307939212348,36.306499227731813],[-86.733839723434983,36.306313315306213],[-86.733887003530086,36.30592175939227],[-86.732759275482266,36.305908168490127],[-86.731775776175155,36.30589352258729],[-86.732065465982046,36.307860989382355],[-86.73237728360975,36.3095129363182],[-86.732495197674893,36.309979777887783],[-86.732527255089906,36.310103439004983],[-86.732615693776751,36.310520137143861],[-86.733136597841707,36.312011236945743],[-86.733329684729455,36.312533270155548],[-86.733467240157168,36.312772450303136],[-86.733677421609713,36.313019773867502],[-86.73398946207783,36.313270063595652],[-86.73420016581241,36.313436712135434],[-86.734569146329832,36.313650964938233],[-86.735011849271288,36.313854124119359],[-86.736133113088911,36.314209900423599],[-86.737224213402541,36.314458497334201],[-86.737611575150083,36.314560054403273],[-86.737866977147078,36.314649832197595],[-86.738076017815516,36.314781220221505],[-86.738225915959134,36.31487752648583],[-86.738534874718241,36.315205101716288],[-86.738699947775174,36.31553809907043],[-86.738804474032165,36.315733109364224],[-86.738949032907001,36.315984764160959],[-86.739292499917667,36.316463036760986],[-86.739704115111437,36.316878055169695],[-86.739937299066042,36.317086426437143],[-86.740412582451043,36.317457960135748],[-86.740763884097049,36.317819607057814],[-86.741089435312674,36.318194973774354],[-86.741244099441545,36.318399874906206],[-86.741365143792081,36.31882061693382],[-86.741387688151406,36.319007957547356],[-86.74133421144461,36.319323668679523],[-86.741178018491595,36.319681041764412],[-86.741045721245015,36.319871563166679],[-86.740899203660604,36.320038822528232],[-86.740659060404141,36.320221763316674],[-86.740263210541968,36.320406343549479],[-86.739394319715601,36.32073874640686],[-86.738991772143706,36.320883674655498],[-86.738199219048823,36.321208533529116],[-86.737289376764508,36.321697201758887],[-86.736490879550047,36.322205787019691],[-86.736168883862334,36.322486218359401],[-86.735615102882036,36.323120868678082],[-86.735347033931703,36.323451788025928],[-86.735113057825288,36.32384447727253],[-86.734338391158175,36.324867610041927],[-86.734029859982442,36.325183492061356],[-86.733728627947627,36.325417264278542],[-86.733082063474058,36.325848960659073],[-86.73257850897167,36.326204283269483],[-86.732430851035488,36.326317197540043],[-86.732011472994571,36.326716153422069],[-86.731538976569041,36.327337072237846],[-86.731233155423013,36.327902729539808],[-86.730902625227586,36.328872162544187],[-86.730780472075423,36.329108621717111],[-86.730656559793857,36.32937710456401],[-86.73034422222517,36.329993868546651],[-86.730180528567843,36.330315229069711],[-86.730128456800145,36.330420785174617],[-86.730269627992797,36.330497533677608],[-86.730518390073016,36.330736902886208],[-86.730727612625515,36.331014109057101],[-86.730805215956408,36.33123803000322],[-86.730812144621453,36.33148297990185],[-86.730946578169835,36.3317949741189],[-86.731049942353295,36.331959165160256],[-86.731255402132163,36.332150036511358],[-86.731534320300611,36.332299431004358],[-86.731872752767387,36.332367945411193],[-86.73214866215416,36.332347156991993],[-86.732572270496988,36.332246966248427],[-86.732704113914195,36.332186421945011],[-86.732874560040585,36.332078430758173],[-86.733195432119885,36.331946178667465],[-86.733398990620529,36.331931209918913],[-86.733649195517842,36.331958363623542],[-86.733893886159137,36.3320315613378],[-86.734337070966205,36.33231727845719],[-86.734425293967774,36.332374526750947],[-86.73461467281922,36.332511332070503],[-86.735280926233543,36.332784380234628],[-86.735731204133643,36.332877613004662],[-86.735670974883078,36.334065014150056],[-86.735639643251972,36.334598747355983],[-86.73563014973216,36.334744765373422],[-86.735607933094954,36.335156953303887],[-86.735595882862768,36.335319225756493],[-86.735585091890215,36.335467824580725],[-86.735394980257794,36.335441934770074],[-86.734762122222804,36.335367584861046],[-86.733862238335533,36.335256303463403],[-86.73351430340729,36.335217210003641],[-86.73333866865876,36.337331690820754],[-86.733234763452771,36.338554285307914],[-86.733213058587054,36.338676412322492],[-86.733103357839468,36.339419234025186],[-86.731167894060789,36.339218233513819],[-86.730395539949143,36.339133624536593],[-86.730243876707135,36.339025350029601],[-86.730071173616707,36.33893660245792],[-86.72939892395479,36.338707341168295],[-86.729561421978346,36.340682599744788],[-86.729345126443988,36.342035732172768],[-86.728882432627614,36.342995993948641],[-86.728454380230019,36.343893724298411],[-86.726162181573713,36.343957808358645],[-86.726032774512774,36.34340731307671],[-86.724601868406992,36.34325159245796],[-86.724325752945973,36.343457719704894],[-86.724019777398908,36.343183486168932],[-86.723256392579941,36.343108392061012],[-86.722051281200933,36.342113652923665],[-86.721759861542751,36.34175863602303],[-86.721404428809407,36.341038831651815],[-86.721257685419189,36.340742863172025],[-86.721197512993072,36.340623096866452],[-86.721085665158071,36.340383531817096],[-86.720887995327558,36.340068985910634],[-86.720665126953563,36.339830130079434],[-86.720383158186877,36.339625962300033],[-86.719523753377345,36.339301790216595],[-86.71941883366172,36.339245072298212],[-86.718245771256775,36.338636904784209],[-86.718469262281545,36.339036918627812],[-86.718720234981703,36.339429491691924],[-86.718820588596202,36.339544266023431],[-86.719102508498935,36.339883723499966],[-86.719272291069672,36.34007259488223],[-86.71946003447016,36.340322993195365],[-86.719662879316118,36.340600427187049],[-86.719742051960438,36.340672577812086],[-86.719829736016436,36.340747252973031],[-86.719892655755785,36.340852291553958],[-86.720043077571447,36.341011919342854],[-86.720130611140348,36.341116639599022],[-86.720293113392643,36.341251129522206],[-86.720436988063895,36.341390708953668],[-86.720555929498275,36.341495413521315],[-86.72063120363191,36.341605356901198],[-86.720700489522983,36.341710185436511],[-86.720788939005274,36.341915333936036],[-86.720846192873452,36.3420504501686],[-86.720884075377441,36.342155637395926],[-86.720891218236346,36.342240920962475],[-86.720911125181559,36.342376259706882],[-86.720912358496363,36.342511709728086],[-86.721126014225845,36.342856547862425],[-86.72115237849205,36.343001805624809],[-86.721147761243571,36.34314724806994],[-86.72114922483442,36.343307933983169],[-86.72122514173148,36.343441565269437],[-86.721376426752215,36.343695096376223],[-86.721527348213073,36.343908627477859],[-86.721711678125331,36.344155265433145],[-86.721820273615478,36.344241832102249],[-86.721829497218764,36.344368993617344],[-86.72188055458578,36.344475818677552],[-86.721948965343856,36.344763493229124],[-86.721968263511712,36.345017982797984],[-86.722177091420619,36.345251082562122],[-86.722194500266497,36.345344888801641],[-86.722253744852722,36.34546505601238],[-86.722171838334077,36.34555928346699],[-86.72203123667623,36.345593600747648],[-86.721882021515697,36.345567708816105],[-86.721749724985926,36.345581889394609],[-86.721602596837116,36.345645259401216],[-86.721560504996901,36.345730493143492],[-86.721570091755893,36.345850956845233],[-86.721702015007239,36.345982021804957],[-86.721844703113192,36.346036795508446],[-86.722025007945206,36.346213753916388],[-86.722120718827213,36.346329926505291],[-86.722221194175575,36.346456543182867],[-86.722271708398566,36.346550151735201],[-86.722348545039253,36.346784039077114],[-86.722450305908268,36.347051427209351],[-86.722634096007468,36.347237806375624],[-86.722997599654008,36.34734980311476],[-86.72319133182836,36.347509167922652],[-86.723299748463631,36.347575475789284],[-86.723492031953896,36.347761974541655],[-86.72360069788914,36.347901932258168],[-86.723677112933132,36.348089123684545],[-86.723711503905108,36.348229525569394],[-86.723617514474242,36.348487954232411],[-86.723548974980829,36.348558753807538],[-86.723326827240726,36.348727472196749],[-86.723048302027607,36.349044001969034],[-86.722949624908608,36.349114809619834],[-86.722760674569315,36.349293629457833],[-86.722622144352044,36.349555585275368],[-86.722549213266575,36.349703495682476],[-86.72256717193747,36.349857387142848],[-86.72257247713371,36.349973584139107],[-86.722606155972116,36.350129098509598],[-86.722640356991008,36.35038830563024],[-86.722641305052619,36.350492167531485],[-86.722549465803496,36.350661307702566],[-86.722501823606081,36.350882718520189],[-86.722544336021542,36.350982898540877],[-86.722569687291582,36.351063094258677],[-86.722646225180625,36.351263676600638],[-86.722738218635612,36.351390343351255],[-86.72271463648282,36.35150396594014],[-86.722665836135889,36.35159851078793],[-86.722767113685791,36.35181216474794],[-86.722916891157737,36.351898312576125],[-86.723016826084944,36.351964842998356],[-86.723440319141588,36.352089527671929],[-86.723582706398417,36.35224937037394],[-86.723634572332571,36.35249027313602],[-86.723709708963767,36.352583561982982],[-86.723826320089302,36.35266321147644],[-86.723960890949115,36.352850054521205],[-86.723962054287099,36.352977263776118],[-86.724094485258405,36.352976471259801],[-86.724284458778882,36.352955247363127],[-86.724492760100262,36.353081388088306],[-86.724624311559026,36.353309108730301],[-86.724677610922726,36.353381582572332],[-86.724745544574631,36.353568823838117],[-86.72478903419524,36.353775268169237],[-86.724708909001592,36.354064688536916],[-86.724601317290961,36.354321482110109],[-86.724637269217411,36.354400068702994],[-86.72479554294695,36.354486163287525],[-86.724937262816852,36.354572356852564],[-86.72493898113251,36.354759994674367],[-86.724790487972598,36.354861318117948],[-86.724625803329459,36.35495604276192],[-86.724577490250866,36.355103806681008],[-86.724678225827503,36.35525720183113],[-86.724968507028379,36.355295636337843],[-86.725102599260509,36.355475785277982],[-86.7250057256486,36.355744189207066],[-86.724940919631763,36.355898747647181],[-86.72488417680934,36.356053086053699],[-86.724860599491592,36.356167052232571],[-86.724988344803791,36.356534715607502],[-86.724916642656012,36.356863400453847],[-86.724884883670185,36.357011065216533],[-86.724861739895687,36.357218766901553],[-86.724758516119678,36.357674856441633],[-86.724698433669587,36.357928274911494],[-86.72467246516058,36.358244839493778],[-86.724702472844044,36.358369472223487],[-86.724709361547795,36.359121910916102],[-86.72491361879618,36.359268161716663],[-86.72511387237239,36.359394349433273],[-86.725387864137403,36.359506531936837],[-86.725662526682314,36.359645492103574],[-86.725862726278848,36.359811852359279],[-86.7261805283934,36.360118113624125],[-86.726257088112163,36.360365390410344],[-86.726242684219301,36.360599993668401],[-86.72613848129086,36.360948960599266],[-86.725950460864723,36.36123147456604],[-86.725868296848205,36.361298923221071],[-86.725687474138041,36.361440614856072],[-86.725399503174089,36.361656771588976],[-86.725260530637073,36.361871862945371],[-86.725432104326259,36.362527343728395],[-86.725442435344874,36.362728148884983],[-86.725478739676632,36.363076272504316],[-86.725374228318017,36.363438631438655],[-86.725504812219853,36.364114444218615],[-86.725530779322753,36.364214722021401],[-86.725582168031508,36.36440206142187],[-86.725650357228432,36.364615910622135],[-86.725691474099577,36.364747858538742],[-86.725786124381472,36.364976828568956],[-86.725837882568385,36.365204338990445],[-86.725954259573442,36.36539506532386],[-86.726116158349313,36.365549808712181],[-86.726189684649725,36.365651002706265],[-86.726134039015577,36.365879157468108],[-86.726088655087779,36.366068965728495],[-86.726054511194818,36.366234499485699],[-86.726091155928543,36.366341580282501],[-86.726148556061275,36.366582276067362],[-86.726158472910598,36.366691405711435],[-86.726161092136962,36.366976895577181],[-86.726204003640134,36.3672116693973],[-86.726256071657829,36.367472655426731],[-86.726328234240341,36.367702618222609],[-86.726408526342382,36.367846863345292],[-86.726414672655821,36.36851655393437],[-86.726474004022165,36.368643585027783],[-86.72659699035674,36.368998569543635],[-86.726727346401304,36.36923127282909],[-86.726821141759885,36.369458701767165],[-86.726839297673237,36.369632677154321],[-86.727000004271062,36.36998005232126],[-86.727277666737322,36.370487417694328],[-86.727304316527182,36.370661513593582],[-86.727352018847142,36.370862608516319],[-86.727401634989533,36.371364305013479],[-86.727358219131162,36.371537276857573],[-86.727223561944982,36.371807453288824],[-86.727233340539939,36.37190130391101],[-86.727395733194626,36.372108061654004],[-86.7275581251196,36.372314647493667],[-86.727622950497278,36.372392200805749],[-86.727752600055183,36.372547135648446],[-86.727844632735952,36.372674484315873],[-86.727947737547183,36.372805371604237],[-86.728173764736212,36.372959726212201],[-86.728304503980723,36.373140577678434],[-86.728464114880126,36.373367437318684],[-86.728542052030619,36.373762177119751],[-86.728534939704332,36.373865915068549],[-86.728601863985233,36.374125093344375],[-86.728582382953462,36.374545656549707],[-86.72851098072951,36.374860948672406],[-86.728529881179597,36.375115265568105],[-86.728548317127718,36.375319111141252],[-86.728542142343855,36.375570832057917],[-86.728652451185454,36.375837989656581],[-86.728903237372663,36.376097777280116],[-86.72926131257239,36.376296486363536],[-86.729489995828601,36.376507305303399],[-86.729587811900956,36.376662429908293],[-86.729704964613788,36.376796321136197],[-86.729797762091337,36.377235950428755],[-86.729883709907568,36.377439216871323],[-86.730037588739648,36.377825771605131],[-86.730107285550247,36.378200472979657],[-86.730026900113529,36.378462255526053],[-86.730029557439039,36.378750319256227],[-86.730065331830644,36.379038011512961],[-86.730193888970661,36.379533048929318],[-86.730225532553575,36.379695095964081],[-86.730255829486254,36.379941274483109],[-86.73028243352833,36.380155371034206],[-86.730425726578261,36.380498382038738],[-86.73049440211544,36.380669991237539],[-86.730672325078018,36.38108421188771],[-86.730688896517933,36.381223344559416],[-86.730782720390437,36.381405102548726],[-86.73081590293728,36.381595638971909],[-86.73088504738044,36.381725870123006],[-86.731019004000387,36.381839056804132],[-86.731193598580731,36.381938435094618],[-86.731306550582673,36.382076126943232],[-86.731340020678644,36.38220571496749],[-86.731529865016597,36.382438739521149],[-86.731728505183128,36.382566642294009],[-86.731953606955813,36.38261712861464],[-86.732114112167295,36.382616157843771],[-86.732276779438678,36.382848830560299],[-86.73253083555953,36.383182928008338],[-86.732723794594165,36.383476534903131],[-86.732841514371643,36.383669992471638],[-86.732870414647053,36.384085283477511],[-86.732823647648061,36.384400256342971],[-86.732833763251278,36.384621319099224],[-86.732911723839692,36.384969185993477],[-86.733180726421423,36.385402937519586],[-86.733364196522189,36.385542431998346],[-86.733619615241267,36.385747243597109],[-86.733878020463095,36.3859534099836],[-86.734008881279323,36.386235201841373],[-86.734101119913817,36.386381943921499],[-86.734217979263576,36.386481839612394],[-86.734689013442775,36.386856849158271],[-86.73488667912946,36.387060978495427],[-86.735154212784636,36.387380395486083],[-86.735254142195089,36.387440391547678],[-86.735421793750987,36.387613284867307],[-86.73553115785316,36.38782018143354],[-86.735707380273638,36.388046929769274],[-86.735857738514298,36.388186621662513],[-86.736180212472618,36.388430849842848],[-86.736416803473887,36.388618601956324],[-86.736697235243284,36.388816902619361],[-86.737150106323355,36.389062909695426],[-86.737698381955681,36.389247215619108],[-86.738146796412195,36.389379078983701],[-86.738501077086539,36.389480784343014],[-86.738662559288287,36.389582978642224],[-86.739213018026177,36.389954738846967],[-86.739396133936793,36.390054053166594],[-86.739554307309405,36.390120042025586],[-86.739646382036739,36.39020222914278],[-86.739762604012171,36.390232592970364],[-86.739892329912919,36.390344593769321],[-86.740145965891941,36.39049154624179],[-86.740205396805223,36.390625093131717],[-86.740206337891436,36.390725691779373],[-86.740449593104216,36.391079237950528],[-86.740509588894653,36.391273040838556],[-86.740486164437442,36.3914474391662],[-86.740438984834654,36.391715548288033],[-86.740615543333021,36.39197576482438],[-86.740684174570703,36.392229946023306],[-86.740636995172281,36.39249805515152],[-86.740631010162375,36.392766083876154],[-86.74068212414106,36.392872899290971],[-86.74095619281394,36.392978521834252],[-86.74106393415839,36.392964471268606],[-86.741263621593774,36.393063681267066],[-86.741347624654168,36.393190381520405],[-86.741357184556435,36.3933041466356],[-86.741382695529055,36.39339789920475],[-86.741343885858839,36.393652566234103],[-86.741188841415038,36.393921507680709],[-86.741206846374482,36.394075394116058],[-86.741340037603536,36.39414840076325],[-86.741449411712338,36.394308423064139],[-86.741510808947211,36.39469655806279],[-86.741496632266347,36.394951245814525],[-86.741415011127273,36.395078960358632],[-86.74140825962229,36.395219607321835],[-86.741386027954164,36.395521212878442],[-86.741403594499872,36.39562823336145],[-86.741488229561512,36.395822056273502],[-86.741610650825095,36.395923799058259],[-86.741708028650294,36.396027068600191],[-86.74185598820047,36.396134663440726],[-86.742015446407905,36.396381419744124],[-86.741942131713969,36.396489168834336],[-86.741841636553573,36.396597084443897],[-86.741754836477867,36.39685204541027],[-86.741773094283616,36.397032712075365],[-86.741874483194849,36.397246518481523],[-86.742050554798638,36.397452999843551],[-86.742216814412274,36.397518935595237],[-86.742417144645316,36.397685266357414],[-86.74254170667966,36.397697893377966],[-86.742865718725781,36.397782947008707],[-86.742973167319221,36.397782287601579],[-86.743130415847588,36.397747844900991],[-86.743304667744624,36.397760166096198],[-86.743478369168912,36.397759099420696],[-86.743627422321396,36.397711315403562],[-86.743683341083823,36.397831490902668],[-86.743745189938352,36.397904761437431],[-86.744044652195669,36.398043698426576],[-86.744095160591371,36.398130429480752],[-86.744136333764601,36.398218076293105],[-86.744137798237304,36.398373780576975],[-86.744214002203762,36.398437863610745],[-86.744305816900507,36.398490863130746],[-86.744480653914422,36.398610307031014],[-86.744590062749268,36.398682426232966],[-86.744673237390145,36.398810159178751],[-86.74472101024125,36.398967123678013],[-86.744825270681119,36.399123912298741],[-86.745040516503451,36.399069023801566],[-86.745139708265128,36.399048326802493],[-86.745332106598738,36.399092980812959],[-86.745547872664716,36.399273632407358],[-86.74568815186872,36.399376291110855],[-86.74590617481671,36.399525854180787],[-86.746043286103799,36.399607758778139],[-86.746131954511654,36.399732194936988],[-86.746109089311375,36.399919809781252],[-86.746094989634898,36.400181192727104],[-86.746178155328224,36.400307551218582],[-86.746237654465915,36.400401436453251],[-86.746238538569003,36.400495167944875],[-86.746181092393499,36.400618959507405],[-86.746343838046926,36.400851611902155],[-86.746345551454496,36.401033238093767],[-86.746282888185164,36.401189337559309],[-86.746164057886077,36.401379775686046],[-86.746107497623839,36.401507510335691],[-86.746029850771251,36.401606189414395],[-86.745993271353314,36.401735861019795],[-86.745953337760426,36.401870188616073],[-86.745874380173291,36.402100210306671],[-86.745824740002604,36.402286273103158],[-86.745770972546921,36.402755460368923],[-86.745804921565792,36.402842292607282],[-86.745889194772573,36.402995769692268],[-86.745981585675167,36.403109195434887],[-86.746040720238739,36.403209263386515],[-86.746240502925843,36.403315159930052],[-86.746463088403061,36.403226746356893],[-86.746596596630795,36.403286182505546],[-86.746713749497886,36.403412845958542],[-86.74684689670373,36.403478979546414],[-86.746996734989068,36.403558400980295],[-86.747076358688972,36.403624006156754],[-86.747230470810962,36.403751127745302],[-86.747389375478079,36.403890923809449],[-86.747697423075678,36.404036322467391],[-86.747964229470369,36.40422231974938],[-86.748148908950384,36.404482302666018],[-86.748284582963024,36.404635632068128],[-86.748399849956002,36.404742047375755],[-86.748743287134772,36.404811342404017],[-86.748880650158029,36.404739074272946],[-86.749045726341151,36.404677793670317],[-86.749136346937178,36.404603582600537],[-86.749311134613649,36.404536232765992],[-86.74947553433347,36.404538133695539],[-86.749715346378565,36.404519480965661],[-86.749923505056259,36.40456712032195],[-86.750495770819214,36.404668813546337],[-86.750603462866593,36.404648059451254],[-86.750760614666262,36.404647085027072],[-86.75087500404311,36.404705433267104],[-86.750968838450902,36.404746225944201],[-86.751113218089401,36.404786876651727],[-86.751263182262733,36.404789379753154],[-86.751367006003207,36.404763841966066],[-86.751855963197741,36.404591187366343],[-86.752122860292687,36.404517424308011],[-86.752274878072186,36.404423257991709],[-86.752498266754287,36.404375001283974],[-86.75274648077874,36.404346676280959],[-86.753094506820673,36.404317729929865],[-86.753210076398332,36.404276838032111],[-86.753624190590912,36.404274260936987],[-86.753749019943072,36.404313656773034]]]},"properties":{"CommunityNumber":2,"CommunityName":"Parkwood - Union Hill","GlobalID":"{BAA3FADA-CF8C-4384-899E-B296A3F0D634}","created_user":null,"created_date":null,"last_edited_user":null,"last_edited_date":null,"OBJECTID":1,"SHAPE.STArea()":1170242664.8680189,"SHAPE.STLength()":197072.09673147285}},{"type":"Feature","id":2,"geometry":{"type":"Polygon","coordinates":[[[-86.907412498993324,36.390533165076526],[-86.907787534604182,36.390536190225816],[-86.908041997438303,36.390505610625567],[-86.908367084469191,36.390486003233036],[-86.908675403271076,36.390522489297929],[-86.908884346327284,36.390522122363741],[-86.909652360297684,36.390241832996885],[-86.909813986676212,36.390226196933],[-86.909988943019414,36.390224881762741],[-86.910083506130405,36.390175584692443],[-86.91014559820195,36.390109363464568],[-86.910164832178111,36.390009299672826],[-86.910206491802981,36.389791293095548],[-86.91035882034933,36.389521292828348],[-86.910392843467648,36.389377853767826],[-86.910431227322306,36.389022869080534],[-86.910687211171279,36.38853456687233],[-86.910785391863058,36.38843081863039],[-86.910930789161156,36.388149366909929],[-86.910998447202601,36.387902836615503],[-86.911096069630005,36.38778758956056],[-86.911179220113993,36.387632621008116],[-86.911268335677548,36.387368760718374],[-86.911282254894886,36.387286763326856],[-86.911279448378551,36.387116818682074],[-86.911292634488021,36.387008044314101],[-86.91136121179207,36.386841510888615],[-86.911451497935758,36.386642537605617],[-86.911505945618131,36.386502892964998],[-86.911629511998441,36.386170099779456],[-86.911706457074828,36.386066510617489],[-86.911840312650995,36.385889699217941],[-86.911915511908063,36.385818914455555],[-86.912090668169597,36.385651577496283],[-86.912223891489418,36.385530567282679],[-86.912409057256625,36.385421183157227],[-86.912526074700523,36.385367937754381],[-86.912680989442606,36.385286765554575],[-86.912904872458185,36.385073392316336],[-86.9129446927289,36.384844067169325],[-86.912884655154755,36.384535662699982],[-86.912790466897661,36.384359024747106],[-86.912583989728063,36.384240403782016],[-86.912412162691766,36.384070016421077],[-86.912402899491056,36.383892737914103],[-86.912464479947744,36.383709088114522],[-86.912640226320576,36.38359342228128],[-86.913190905221825,36.383474756227059],[-86.913403345459528,36.383484655935902],[-86.91355242248008,36.383523532904853],[-86.913722438611018,36.383573754366736],[-86.913921130561945,36.383606590778093],[-86.914119227752323,36.383587926500041],[-86.914116033813315,36.383495241879409],[-86.914035686941403,36.383414127639554],[-86.913934291610431,36.38338570724369],[-86.913788372488895,36.383252553008312],[-86.91369352393572,36.383165882490303],[-86.913584034617685,36.383061639073908],[-86.913489339636271,36.382951446679861],[-86.913430381643764,36.38284699340845],[-86.913320623652695,36.382719402903049],[-86.913254108897732,36.38258564878921],[-86.913173765813823,36.38250470562047],[-86.913085327036271,36.382347767945248],[-86.912961402966999,36.382243632849764],[-86.912822583981637,36.382063039383333],[-86.912733731687709,36.38190696297044],[-86.912688134990702,36.381709013033529],[-86.912636752576773,36.381598493316339],[-86.912465218209874,36.381379345756621],[-86.912400924135952,36.38118016318203],[-86.91229063379302,36.381006049629178],[-86.912188569371963,36.380919260607754],[-86.912064783261613,36.38082679797315],[-86.911926897333672,36.380763627558309],[-86.911808517517827,36.380698078153948],[-86.911657239416812,36.380578181257562],[-86.91142503442623,36.380400006365512],[-86.91120475952313,36.38029899855502],[-86.910728485826212,36.380055188224468],[-86.910349382267952,36.379731155926798],[-86.910239568404975,36.379597897445024],[-86.91010014220096,36.379400480408187],[-86.909961277487582,36.379214905110906],[-86.909888224389519,36.379139570449972],[-86.909829339120833,36.379040780342322],[-86.909842367982662,36.378918272380929],[-86.909898434571218,36.378771920273742],[-86.909998681554811,36.378701119861667],[-86.910126840793097,36.378583583349545],[-86.910269791126623,36.378459926538483],[-86.910398707914197,36.378371398468225],[-86.910570732808011,36.378265205932266],[-86.910700387790641,36.378240881458304],[-86.910815741094126,36.378228338929389],[-86.911124614335932,36.378132618383304],[-86.911476011097562,36.377931678394411],[-86.911584213111809,36.377925026212765],[-86.911749397884478,36.377888758527874],[-86.911893151496102,36.377835140416181],[-86.91201451119413,36.377717481389389],[-86.912186126856597,36.377576094541681],[-86.912271936436809,36.377505572692378],[-86.91239309318955,36.377370403110085],[-86.91256517855669,36.377269872756713],[-86.912715723793838,36.377216202432443],[-86.91266457533203,36.377788464839988],[-86.91264473694531,36.377946047900267],[-86.913085368620273,36.377971910432009],[-86.91351835804312,36.377997829047118],[-86.914204603088976,36.378039345000843],[-86.914695336926201,36.378064823202088],[-86.91493373203555,36.378080532877888],[-86.915448414066674,36.376028287960544],[-86.915877953256256,36.374289319169229],[-86.915947015450428,36.373983028298944],[-86.916064379161469,36.373521169889806],[-86.915298104330986,36.373421897654033],[-86.914734818978374,36.373361947068062],[-86.914963280340316,36.372923628920176],[-86.915206853907335,36.372397122328742],[-86.915503425386063,36.371827636681232],[-86.915976321317544,36.370902117343206],[-86.915643920084875,36.370869609449294],[-86.915248925827655,36.371041877545373],[-86.915119573608621,36.371054530276439],[-86.914860289825015,36.37110318866975],[-86.914737865140779,36.371127463102518],[-86.914499895667106,36.371146773395736],[-86.914384216099634,36.371130135806148],[-86.914261608953808,36.371101875961699],[-86.914167176966757,36.371050054188501],[-86.913987283187566,36.371098110949077],[-86.913889289100666,36.371179027259764],[-86.913743981133337,36.371280731094259],[-86.913643140485064,36.371299004195521],[-86.913498793612618,36.371300093913973],[-86.913297199887893,36.371307452758643],[-86.913138755016135,36.371337834646759],[-86.913038250828919,36.371385290904406],[-86.912630090402331,36.371668385565137],[-86.912428966689063,36.3717166000852],[-86.912089547908309,36.371701647050507],[-86.911931034530483,36.371726190621388],[-86.911587241202653,36.371921238048508],[-86.91134487400349,36.372185739230233],[-86.909822175030982,36.372138824453764],[-86.909908871593629,36.372034990866815],[-86.910015922960142,36.371892032004233],[-86.910163523949961,36.371620005462617],[-86.910202828053443,36.371382614956161],[-86.910192623390842,36.371233670437427],[-86.910182574730939,36.371098287734391],[-86.910139022460285,36.370929335357062],[-86.910053481538782,36.370801216041059],[-86.909918582774125,36.370700765482297],[-86.909792449300596,36.370661024841922],[-86.909447823494745,36.370561978652155],[-86.909229721848945,36.370536663242689],[-86.909084262988785,36.370514750469098],[-86.908978503815661,36.370511424513332],[-86.908398208697179,36.370298945687409],[-86.90832178472516,36.370225008702896],[-86.907906393543598,36.369767670699233],[-86.907854862914576,36.369679983645334],[-86.90787052520939,36.369564838162859],[-86.907935737669391,36.369401764565986],[-86.90799222669142,36.369218497717043],[-86.908089465322433,36.368960414363009],[-86.908203062274012,36.368647956111843],[-86.908184639948701,36.368485509988965],[-86.907863909387842,36.368284814943635],[-86.907728704645777,36.368157066511358],[-86.90757683203924,36.36805674063568],[-86.907288399041889,36.367747297758022],[-86.907153518363089,36.367610618694563],[-86.906727980088021,36.367081073646212],[-86.906615732096441,36.366770308800483],[-86.906438271999519,36.36662261680226],[-86.906412295143596,36.366541604997138],[-86.906349693297756,36.366450738176333],[-86.906316916127764,36.366257839500776],[-86.906340256682142,36.366108643211128],[-86.906652560325853,36.365611854451728],[-86.906767825604263,36.365407888854826],[-86.906985828576254,36.365129500759842],[-86.907271767682062,36.364814892644482],[-86.907429526688645,36.364725635884618],[-86.907580540385894,36.364751629353982],[-86.907800490119826,36.364939518373404],[-86.908017567561515,36.364876941856124],[-86.908482383283712,36.364501070718504],[-86.908672977186299,36.364350618016239],[-86.909163219307217,36.36400820325111],[-86.909403861926933,36.363816855896744],[-86.90971079640137,36.363557194519444],[-86.910008926886647,36.363270472474966],[-86.910262640158393,36.36296090646605],[-86.910338956341917,36.362841355339683],[-86.910485915346868,36.362515080144604],[-86.910579583516409,36.362206374179003],[-86.910638404610296,36.361931580438082],[-86.910643586596137,36.361680882741837],[-86.910608026949006,36.361505174208851],[-86.910496705648711,36.36127561192832],[-86.91026768154336,36.360999721947955],[-86.910232821862635,36.360884784174495],[-86.910198041243476,36.360776713156255],[-86.91009702406032,36.360667766877349],[-86.909957921656428,36.36049558382107],[-86.911147700435563,36.357198019124013],[-86.912211668476289,36.354263469682408],[-86.912932148113399,36.352248639262747],[-86.913401192375176,36.350960039345338],[-86.915080373264246,36.346291771976816],[-86.915822014407993,36.344247571491429],[-86.916145401768716,36.343474084907427],[-86.91741733485452,36.340131691071555],[-86.918749604350779,36.336438925981625],[-86.920142359639755,36.332666533618323],[-86.920541817578936,36.331617927286786],[-86.920850544205649,36.330832861185073],[-86.921771141132709,36.328693851999205],[-86.922136665650115,36.327832291866848],[-86.922826690104856,36.32630503102947],[-86.922966961047521,36.32599767243466],[-86.923263939416401,36.325446353085226],[-86.92330551505313,36.325299930680004],[-86.924027231688711,36.324056045331048],[-86.924565005390562,36.323123283685099],[-86.925010483862252,36.322354670762252],[-86.925569325068068,36.321374872409287],[-86.927387621894539,36.31822989338626],[-86.928307474168406,36.316634046306504],[-86.929347210487393,36.314844465438043],[-86.93039439895594,36.313043142206517],[-86.932318221775304,36.309704632760855],[-86.933259233322005,36.308085057904293],[-86.934327326902405,36.306236835080277],[-86.935366721830476,36.304441359797146],[-86.936625754128556,36.302281911852411],[-86.937545304197286,36.300691823415995],[-86.937983674816437,36.299917373094075],[-86.938853239725418,36.298409384392627],[-86.939793637294514,36.296760568724871],[-86.940910365006658,36.294818502441281],[-86.941610667820996,36.293603849701427],[-86.942416594102284,36.292213246802781],[-86.943858593211516,36.289707707022643],[-86.945966435502029,36.286139679564009],[-86.946800766119125,36.284725299411576],[-86.94765605425691,36.283257181411699],[-86.948090183102963,36.28253440041135],[-86.948999425976112,36.281927898983433],[-86.949558166758564,36.281554379507419],[-86.950755421780997,36.280741463240751],[-86.951500699960093,36.28025778787552],[-86.952242742752475,36.27975267211405],[-86.953070756724443,36.279203093030894],[-86.953609648462006,36.278839668704087],[-86.954396762860824,36.278311349006756],[-86.954693676489029,36.278104350506148],[-86.955544457065059,36.277511308386707],[-86.955924093734382,36.277236693891453],[-86.956655765024209,36.276755325296918],[-86.957618865333842,36.276089441144883],[-86.957730559133111,36.275927339722635],[-86.957925008608001,36.275629977762485],[-86.958054131370588,36.275401294032633],[-86.95854587805556,36.274650202224471],[-86.959071949394499,36.27382775630317],[-86.95969296102335,36.272862051540372],[-86.960331422888302,36.27186787572321],[-86.960598810570303,36.271467258881984],[-86.961995617283605,36.269264356263157],[-86.963254772767201,36.267290193641401],[-86.964660770225578,36.265122894581424],[-86.966100490532554,36.262841305198705],[-86.966325104744698,36.26251930686616],[-86.967247232154648,36.261053076498968],[-86.969524683633225,36.257495768650742],[-86.9697475895005,36.25714046893431],[-86.971826239290351,36.253950065291967],[-86.973565261786632,36.251252536490782],[-86.973752958622811,36.250967390389825],[-86.974749339330359,36.249300664677165],[-86.973976329080045,36.249755854764061],[-86.973532015790255,36.250070837460406],[-86.973296879603666,36.250249276026004],[-86.972314276681715,36.251242913565697],[-86.972208572509928,36.251351194630921],[-86.971799218146728,36.251659877910065],[-86.971635079179464,36.251774905444321],[-86.970962399125398,36.252096739364376],[-86.969686309028702,36.252720610473439],[-86.969402773630961,36.252901272414043],[-86.969008639369491,36.253353224594285],[-86.968769338633678,36.25369043273647],[-86.968478476103002,36.25410949001563],[-86.968189068719241,36.254365396591091],[-86.967678253469259,36.25468282416972],[-86.965616601482594,36.255838313269891],[-86.965110517878202,36.25619775608584],[-86.964665777238949,36.256622100508238],[-86.964199390098642,36.257104601555277],[-86.963294554131849,36.258078733464558],[-86.96262937778414,36.25880421858335],[-86.962207043134114,36.259262486362388],[-86.961992386880283,36.259496586396047],[-86.961736649604006,36.259840114205637],[-86.961307061028819,36.260741988006949],[-86.96112210386994,36.260940230059667],[-86.960956427344215,36.261092621399804],[-86.960830224547379,36.261174834434236],[-86.960284122728169,36.261399728675499],[-86.959903918190065,36.261535706358217],[-86.959568626537546,36.261718472337471],[-86.958428069419767,36.26265590757108],[-86.958067883396382,36.26296448894832],[-86.95674138550666,36.264282590051714],[-86.956462988437792,36.264438113019999],[-86.956208882000794,36.264533523310085],[-86.956031865629498,36.264587117607704],[-86.955808037686253,36.264626659935338],[-86.955369130980159,36.264622576205966],[-86.955117106897447,36.264609459631508],[-86.954559726882792,36.264591028854483],[-86.953559268571979,36.264750357833634],[-86.953135144439642,36.264759351155874],[-86.953024427388385,36.264763781761005],[-86.952340603097994,36.26481765556445],[-86.951519880848153,36.265044227014975],[-86.950643148458866,36.265444640250728],[-86.95025998294868,36.265585127025041],[-86.948956259202618,36.266032420594065],[-86.948403451371135,36.266222652210153],[-86.947110305711021,36.266517455335475],[-86.945532154212344,36.267199059732782],[-86.945069906257771,36.267343552586404],[-86.944120847090147,36.267650477539817],[-86.943334070309731,36.267990214452617],[-86.942898623880836,36.26810023188964],[-86.941854766924465,36.268288474031323],[-86.941387356420051,36.268492305911998],[-86.940757192823298,36.268810031331114],[-86.940363271695489,36.268953882510068],[-86.940145861002122,36.268999869890202],[-86.938447246772398,36.269222189639841],[-86.937864255508728,36.269406817501007],[-86.937317886431714,36.269674050159409],[-86.936137086948506,36.27030028846039],[-86.93550897478913,36.270692748909916],[-86.93473889409573,36.271225528128909],[-86.934435522918704,36.271354580812975],[-86.934073810093921,36.271390856350351],[-86.933587103807966,36.271327829852062],[-86.933317903052966,36.271153927513616],[-86.93303587530464,36.270955356847352],[-86.932808010516482,36.270791783559943],[-86.932573683283195,36.27064855338682],[-86.932334182199497,36.270583785777156],[-86.932022394017693,36.270574172385487],[-86.931761914805236,36.270636615513965],[-86.931332021887386,36.270824838454125],[-86.930831763172378,36.271015490394277],[-86.930346551163751,36.271079317734618],[-86.929264797698096,36.27107922736699],[-86.927860177178559,36.271126138114163],[-86.927407395204469,36.271146374870995],[-86.926801448019447,36.271256955375037],[-86.926322567024414,36.271463735055271],[-86.924498965747574,36.272393659889303],[-86.923996891211971,36.272649023918873],[-86.923709855832328,36.272762644230895],[-86.923374663106543,36.272855857409674],[-86.922554493612907,36.272998270168259],[-86.920420184141875,36.273324668291124],[-86.920181407133256,36.273359567507015],[-86.919840650716381,36.273375896519568],[-86.919422161934676,36.273344571329737],[-86.918915703342236,36.273260346614343],[-86.917922001996473,36.272920055937888],[-86.917369710332892,36.272795825951761],[-86.916743334082696,36.272771011628393],[-86.916296150139203,36.272779590070122],[-86.915520226328923,36.27281550206181],[-86.914662429824446,36.27286167075269],[-86.914387068931148,36.27288573053896],[-86.913919797270708,36.272999660821505],[-86.91330099109112,36.273253708603804],[-86.912749679254134,36.273540052058934],[-86.912059745952021,36.273776587168314],[-86.911207006934063,36.27403966191995],[-86.910979284180755,36.27409920792676],[-86.910634047757114,36.274132026831019],[-86.909744984127414,36.273964973180007],[-86.909300507405035,36.273849166006151],[-86.90751518609035,36.27355199972876],[-86.906836563708495,36.273578382835474],[-86.905940440363707,36.273756963661953],[-86.905369750136074,36.273802788706774],[-86.904802884608927,36.273775099655033],[-86.904505458693848,36.273732592987166],[-86.904401714539787,36.273715142874224],[-86.903842147251055,36.273618343807136],[-86.902833790813332,36.273462757885184],[-86.901951416273036,36.273471406288145],[-86.901466679848582,36.27354301147993],[-86.90101977417369,36.273659830188933],[-86.898838162059889,36.274424464977173],[-86.898508104829361,36.274487525183105],[-86.897994944975281,36.274521556178456],[-86.897302573750679,36.27442076660158],[-86.896585407720139,36.274131070686231],[-86.895248243842957,36.273581678672059],[-86.895117301013968,36.273179400157936],[-86.895083888032758,36.273064027949133],[-86.8947329822048,36.271776583194793],[-86.894590326180591,36.271197674937092],[-86.893982257940166,36.270222003640548],[-86.893824795389634,36.269871034743495],[-86.8936574459496,36.268844735746335],[-86.893433312674233,36.267493292802307],[-86.893427600928788,36.267054841695092],[-86.893422225206393,36.266526079690308],[-86.893459382227007,36.265565072723383],[-86.893491179009388,36.265141413763203],[-86.893469709753433,36.264891936731495],[-86.893353862022622,36.264582894565983],[-86.893204102315025,36.264349817773343],[-86.892363853777553,36.26349655013238],[-86.892173158109969,36.263242484861479],[-86.89173666110166,36.262320817687829],[-86.891565470612235,36.262141807289865],[-86.891435584798373,36.262053830552823],[-86.89052516244648,36.262529048239841],[-86.889935624779909,36.262860493179225],[-86.8895218681796,36.263206917519987],[-86.888624123390201,36.264103557933865],[-86.887614610785761,36.265130980742427],[-86.887268722421041,36.265429855726708],[-86.887113893557981,36.265545522574904],[-86.886995457159799,36.265620337161295],[-86.886746062541079,36.265760759190364],[-86.886100913563894,36.266007057491514],[-86.885548497097318,36.266128370142816],[-86.885011537064173,36.266153077970571],[-86.883133777938426,36.265945851251544],[-86.882622297278388,36.265935852830928],[-86.88219571938501,36.265972790270673],[-86.881739682857699,36.266054946480288],[-86.881576790434764,36.266087700407994],[-86.881460398510754,36.266118127944672],[-86.881123208983524,36.266225271221451],[-86.880633387233672,36.266447401263925],[-86.880159500603824,36.266768305906034],[-86.879817703707758,36.267063043172818],[-86.879584696731783,36.267312779001841],[-86.879497993430746,36.267424272798074],[-86.879258447638861,36.267762074567266],[-86.879089996303662,36.268118770943808],[-86.879008769618281,36.268354611739539],[-86.878975896559112,36.268473462450821],[-86.87891939017446,36.268694749596094],[-86.878883436793259,36.269161660510925],[-86.878964353808854,36.269690216033261],[-86.879079042959887,36.270048297797132],[-86.879161677839207,36.270276642141823],[-86.879512242160843,36.270874353252466],[-86.879625542103653,36.271077611301727],[-86.879749811643251,36.271306613615877],[-86.87983658082274,36.271652158481189],[-86.879848060558132,36.271734080161643],[-86.879849358316065,36.271885596032213],[-86.879846547386379,36.271973363002317],[-86.879799246581342,36.272321790664435],[-86.879655185158242,36.272676173935579],[-86.879396959337996,36.273020546171843],[-86.87920033891038,36.273226310939116],[-86.878802233958481,36.27350184732812],[-86.878590019932929,36.273600050696885],[-86.878045708125839,36.273807971970726],[-86.877832165048801,36.273862918199512],[-86.876990528150472,36.274199715756488],[-86.876793830717503,36.27428768745952],[-86.876685741768796,36.274339021132434],[-86.876483393834846,36.274448093728914],[-86.876171831349467,36.274618547669981],[-86.875514939168553,36.275039651732961],[-86.874821701428544,36.275696491192264],[-86.874699574758552,36.275813598787508],[-86.874610588893646,36.275908272891954],[-86.874356175816061,36.276212428895604],[-86.873754079479113,36.277259101214],[-86.873520775356482,36.278141599647412],[-86.873505181989117,36.278234082759695],[-86.873477887362412,36.278441280759331],[-86.8734392220464,36.279434946562432],[-86.873458699224599,36.279701437125702],[-86.87343047896961,36.279966816428924],[-86.873386602172417,36.28027848600204],[-86.873245755531869,36.280659105479877],[-86.873129254727345,36.28090151186916],[-86.873003391940898,36.281102608977136],[-86.872762962969347,36.28136340152637],[-86.872642704178801,36.281484565704687],[-86.87247244982197,36.281644855448228],[-86.87196443976579,36.28195927606675],[-86.871158388806279,36.282438087767922],[-86.87051086195136,36.282716251324587],[-86.869944779908906,36.282880339674499],[-86.868925056494533,36.28308538296816],[-86.86875621312187,36.283120833395799],[-86.867768796482864,36.283313838594601],[-86.86673188970623,36.283516688312162],[-86.865812599562744,36.283705610958471],[-86.865027793843296,36.283865917970417],[-86.864314200045314,36.284078077673747],[-86.864110196765935,36.284155593760779],[-86.863593051329147,36.284414588847739],[-86.863389345788448,36.284519571569916],[-86.863117561344509,36.284604437571815],[-86.862811047599351,36.284654869984045],[-86.862512689917224,36.284636396745675],[-86.862338276025994,36.284588195135981],[-86.862024582801823,36.284446558495894],[-86.861714467408902,36.28416582868271],[-86.861316860982555,36.283678494713413],[-86.861190564417711,36.283569686268507],[-86.860947829359191,36.283439559394338],[-86.859672137651629,36.283795275823458],[-86.858717503883923,36.285326130510221],[-86.858183992251497,36.285681878423716],[-86.85718020029671,36.28584290343808],[-86.856946773066454,36.2858829637848],[-86.856137519269978,36.286028948248024],[-86.855527428529101,36.286442913510676],[-86.854478298634277,36.287166269824148],[-86.853787072950837,36.287648959330774],[-86.853536877134601,36.28781056693191],[-86.85342463790991,36.287903898758572],[-86.852375921151264,36.288196126972331],[-86.851901972869015,36.288218353517806],[-86.850260905365928,36.289328640492137],[-86.850105859336324,36.289434196753966],[-86.849491810837478,36.289859933988488],[-86.849184357750104,36.290067846090388],[-86.848367590445804,36.290631547360015],[-86.849562729881939,36.291209167516222],[-86.850056546698994,36.291459678337318],[-86.85023932680734,36.291564797630379],[-86.850781896264706,36.291898626771406],[-86.851861679342051,36.292675975328969],[-86.851296230300889,36.293738064472798],[-86.851702552319182,36.294287519039649],[-86.851355360161151,36.294503886257999],[-86.850877036699458,36.294438235658276],[-86.850282636729673,36.294109517053926],[-86.8494963324476,36.294475587020912],[-86.849132944177114,36.294774794003388],[-86.848945002946223,36.294919836298035],[-86.849067904743563,36.295147144840278],[-86.849295152145999,36.295548034906226],[-86.849409685862014,36.295770370292104],[-86.84991565031433,36.296237235845986],[-86.849755559807079,36.296339656319063],[-86.849562925963525,36.296413633595151],[-86.84943393915448,36.296449907385835],[-86.849387520213639,36.296551528638894],[-86.849142801289403,36.296713087964427],[-86.849036357304939,36.296794699942531],[-86.84885240341292,36.296887157260407],[-86.848751316963785,36.296874990474066],[-86.848634519801223,36.296940536231929],[-86.848448129363788,36.296963992014426],[-86.848031392638376,36.297263590331056],[-86.847888994293356,36.297315236627824],[-86.8478617756479,36.297427538846947],[-86.847577980432106,36.29750558591487],[-86.847311307012774,36.297637765265364],[-86.847110178855914,36.297790602219237],[-86.846671402493286,36.298035108275286],[-86.846183369040432,36.298311121996626],[-86.84496417682449,36.298559824649082],[-86.844559336409546,36.298648338645975],[-86.843999653685543,36.299583167451893],[-86.84358403951407,36.300274665488296],[-86.842388470704989,36.299827597721354],[-86.841187888212858,36.299451986020252],[-86.840145579857634,36.299687061268351],[-86.839936480931613,36.301090332684026],[-86.838944027238654,36.301068380003777],[-86.838920253297658,36.299664666270125],[-86.838722979203609,36.29962259832309],[-86.838558533141224,36.299515920000836],[-86.838515613782292,36.299428657652527],[-86.838165416983486,36.299286354368348],[-86.838106319991496,36.299156923404865],[-86.83784839768046,36.298582920877699],[-86.837760394295842,36.298571411946831],[-86.836896244828026,36.297669420896781],[-86.836493038549804,36.297367007858931],[-86.836437233330543,36.297413962178759],[-86.835144664925764,36.298284626044953],[-86.834654840843186,36.298207247373448],[-86.834862563007349,36.299176870895963],[-86.834347763438913,36.299274096679099],[-86.830906769043423,36.298988230159424],[-86.830716848552584,36.298744484061928],[-86.830107210933065,36.299021171755363],[-86.829898912969355,36.298217736673415],[-86.823777298180744,36.297595657701173],[-86.823152564429435,36.298445538209556],[-86.822927420591512,36.298757854844681],[-86.822167059317295,36.298860717343871],[-86.821748936404845,36.29903713463748],[-86.821475748865595,36.299322959922698],[-86.821255406190346,36.299913230144462],[-86.821207995273255,36.30003058940877],[-86.821016275470569,36.300462470850057],[-86.82062372700743,36.300897441199197],[-86.819617131837106,36.301229785721908],[-86.819377447650609,36.301434171400359],[-86.818814452323409,36.30142734099573],[-86.817923676787458,36.301433370374703],[-86.817261896451029,36.302015508990849],[-86.816874786082849,36.30235554725553],[-86.816354570464284,36.302178275648252],[-86.816089197080998,36.302031387203201],[-86.815564794793517,36.301859119355129],[-86.814947542513281,36.301815381074633],[-86.814094668678862,36.301505911530263],[-86.813261429938152,36.300782854589933],[-86.812663028828979,36.300271678681092],[-86.812007780722396,36.300078814126302],[-86.811776270911281,36.299361215402477],[-86.811742389021646,36.299241452738229],[-86.811555887467364,36.29855139870417],[-86.811313348839064,36.297385087887612],[-86.811304138008921,36.296485686473318],[-86.810952105952026,36.294956264854008],[-86.810607319095041,36.293545226736185],[-86.810536207610397,36.293149836287675],[-86.810321461064333,36.293621961687641],[-86.810111585698962,36.294064915399346],[-86.81005840530355,36.294171298269589],[-86.809892035360477,36.294595683424788],[-86.809840237658676,36.294725909843294],[-86.809776351404679,36.294883025423452],[-86.809692005686742,36.295092445390857],[-86.80961544194227,36.295237689549317],[-86.809426962677009,36.295597088828011],[-86.809360486906101,36.295816433642905],[-86.809304141952978,36.296509033024144],[-86.809292236933246,36.296692876298138],[-86.809283862464596,36.296869382102287],[-86.80926783795087,36.29725234918277],[-86.809280836982822,36.297403689222897],[-86.809339685790192,36.297600219116966],[-86.80940698713998,36.297876698049024],[-86.809595499660858,36.298637950399325],[-86.809699512798915,36.299022631525077],[-86.809816674663878,36.299362815031763],[-86.809997577738827,36.299755278939195],[-86.81010291821606,36.300017767606235],[-86.810259526902996,36.3003987192035],[-86.810296480735985,36.300486374700156],[-86.810344166116451,36.300710791872568],[-86.810285706783063,36.300884586364866],[-86.810209202759765,36.300994634616117],[-86.809894911109936,36.301288640558887],[-86.809615371263575,36.301539766191709],[-86.809353555001408,36.301656548570605],[-86.808933663336276,36.301793561963372],[-86.808737693852791,36.301852151906125],[-86.808501449218937,36.30191874816024],[-86.808000779480636,36.302116786736484],[-86.807627826351023,36.302234651360969],[-86.807312604113434,36.302397969442282],[-86.807144327978634,36.302536269802538],[-86.80705111034365,36.302630289079239],[-86.806977022837685,36.302728301056682],[-86.806699394886678,36.303251048025295],[-86.806666430021863,36.303346553496283],[-86.807057313670356,36.303738821966832],[-86.807434875004475,36.304382470907569],[-86.807623372232186,36.304710388200725],[-86.807833369345374,36.305037046721587],[-86.808023678223833,36.305318227589311],[-86.808528549086475,36.306028549412773],[-86.808832184794483,36.306415585514117],[-86.809048103851481,36.306692537020545],[-86.809183241514589,36.306869034200446],[-86.809729986536013,36.307482068276073],[-86.809827443245936,36.30763644757269],[-86.809873427804305,36.30773571714851],[-86.810085641189275,36.307952164425103],[-86.810205033669263,36.30809420677425],[-86.810452502696904,36.308480557417695],[-86.810607987148927,36.308874219940542],[-86.810645490942392,36.309056641782078],[-86.810796490999849,36.309426469801963],[-86.810851024156889,36.309614614666664],[-86.810889234285142,36.309824501317536],[-86.81097343721801,36.310134172046418],[-86.81099497873933,36.310539204956221],[-86.810966482935711,36.311029557626874],[-86.810930841461825,36.311540281091752],[-86.810866555722811,36.312377544986887],[-86.810855744731441,36.312520871626816],[-86.8108220690915,36.312956305687173],[-86.810782016076189,36.313326649661846],[-86.81074142629852,36.313662829542601],[-86.810794789288622,36.313985068139623],[-86.810871108747207,36.314145940420396],[-86.810997329209556,36.314395488712741],[-86.811468195878732,36.315276773681504],[-86.812066727663378,36.316222135261974],[-86.812288241079798,36.316590186962564],[-86.812716991522279,36.317315731380852],[-86.812858155233627,36.317510160106224],[-86.812926011056732,36.317672461332251],[-86.813156552043353,36.318017543292243],[-86.813628467053917,36.318811673997885],[-86.813909202298632,36.319251015106715],[-86.814089364383591,36.319482435465304],[-86.814301834992619,36.319678442602445],[-86.814582316979681,36.320133750471527],[-86.81484800995041,36.320471038124644],[-86.81530666372764,36.320824650759569],[-86.8156641451003,36.321119740259178],[-86.815868547982646,36.321291866148719],[-86.816203954645616,36.321596804292781],[-86.816594208622178,36.321931116128248],[-86.816692147889881,36.322013776843065],[-86.816978327246545,36.322225651004459],[-86.817255554168469,36.322429772180755],[-86.817918094890217,36.322914333783345],[-86.81830556652443,36.323249073199648],[-86.818877489995174,36.3236939859774],[-86.819359160301701,36.323986708124707],[-86.819771185424401,36.324184143870227],[-86.820136535951505,36.324355883358763],[-86.820611534177146,36.324553699541951],[-86.820705235224978,36.324591365438323],[-86.820905220004505,36.324663649474424],[-86.821182317720641,36.324828130799972],[-86.821413940156248,36.325067431513318],[-86.821602692173002,36.325387199759099],[-86.821708799259,36.325558163564025],[-86.821772680287708,36.325682864756395],[-86.8218617843917,36.325873000941463],[-86.821909280609205,36.325980519026388],[-86.822250046156967,36.326695231045548],[-86.822294191526666,36.326853739175831],[-86.822335157055832,36.326986614646643],[-86.82232772111044,36.327362977219366],[-86.82232666482804,36.327599071288482],[-86.822451964123573,36.328264011977339],[-86.822490932386245,36.328379634039273],[-86.822497921360821,36.328480537010002],[-86.82254820723567,36.328729197093708],[-86.822590517807811,36.328979165822133],[-86.82261387636035,36.329348643646917],[-86.822664544959693,36.329528396030128],[-86.822793321263575,36.329792257494113],[-86.822898010891294,36.329984175218705],[-86.823159013759678,36.330344028400006],[-86.823218575837004,36.330420345356423],[-86.823354800285387,36.330572519402637],[-86.823601723350308,36.330771022285816],[-86.823933021814085,36.33100311511263],[-86.824313060359316,36.331229037593985],[-86.824409723971584,36.331301688008061],[-86.824683044916497,36.331744402599035],[-86.824777509834021,36.331899217530491],[-86.824822893834721,36.332100637172317],[-86.824828730031413,36.332294257319859],[-86.824762605771994,36.332423986537108],[-86.824702586022354,36.33261015823259],[-86.824582198397522,36.332867647067467],[-86.824228078456429,36.332767908528858],[-86.823882790803438,36.332782793912443],[-86.823556339730871,36.332895066735801],[-86.823196717912907,36.333034509702507],[-86.823011943099957,36.333106853554163],[-86.822219354309595,36.333429997182137],[-86.822023080262326,36.333510832486375],[-86.82152066026579,36.333718744733872],[-86.821393380955016,36.33376304524343],[-86.820958648340593,36.333869865613039],[-86.820614240413349,36.333929201859476],[-86.820596357871281,36.334046411797658],[-86.820590987917996,36.334183452206105],[-86.820628483947374,36.33444364270914],[-86.82086248636368,36.334869033396942],[-86.82097247919468,36.335244790205451],[-86.820988302193271,36.335420143981764],[-86.820976176124574,36.335601353022604],[-86.820922331759988,36.335811173067349],[-86.820848688112534,36.336117098834706],[-86.820818979478062,36.336362636972723],[-86.820835578137931,36.33663029194377],[-86.820850027693893,36.336819449220421],[-86.820885728111435,36.337192791392923],[-86.820907961194678,36.337473895543496],[-86.820932865333404,36.337768643005177],[-86.820940666848031,36.338029893074911],[-86.820998922121845,36.338531844961892],[-86.821000717871101,36.338623168631372],[-86.820920327350962,36.338974464497682],[-86.820727607498512,36.339298366298273],[-86.820562147301587,36.339508943157277],[-86.820074928873737,36.34003086067063],[-86.819986935010292,36.340117347178939],[-86.81989031847894,36.340207273090158],[-86.819711296856369,36.340420172502022],[-86.819545698644433,36.340658904940184],[-86.819262465517184,36.341250770198982],[-86.819141856307652,36.341499113753983],[-86.818850913184008,36.342217176381766],[-86.818817104617551,36.342559570844884],[-86.818854188642234,36.342780105044405],[-86.818950610949344,36.343033715836626],[-86.819301944610672,36.343675530545639],[-86.819465286501071,36.343961442574575],[-86.819900090965945,36.344470800324849],[-86.820198618799495,36.344727545048919],[-86.820397281306569,36.344910938648447],[-86.820678499520341,36.345165647792548],[-86.820875892402384,36.345306883724071],[-86.821121094064296,36.345524381727934],[-86.821257066542174,36.34570252467865],[-86.821333476333692,36.345785272455082],[-86.821626556754126,36.346378337425783],[-86.821766083025665,36.346694145810496],[-86.821991181003455,36.347116331424061],[-86.822259447995592,36.3475262053311],[-86.822374618882975,36.347662597569396],[-86.822478396664309,36.34784628010182],[-86.82261835357518,36.348243805780669],[-86.822773441997512,36.34834095404721],[-86.822824133381886,36.348440013988927],[-86.822936751061448,36.348575564615615],[-86.82335118180913,36.348753870824403],[-86.823538836446446,36.348884432679561],[-86.823732676133091,36.349030087738242],[-86.823854863470729,36.349146858851576],[-86.823958373441968,36.349222724715382],[-86.824051106468019,36.349364246952938],[-86.824039815431476,36.349502872353142],[-86.824144288728107,36.35005938311042],[-86.824187929078477,36.350356674859889],[-86.824172503617262,36.350465112128184],[-86.82412627077764,36.350590755902203],[-86.82387203390013,36.350801966310563],[-86.823710804601276,36.350925964213587],[-86.823424606907622,36.351242607914081],[-86.823277672009809,36.351399496288579],[-86.823082036816075,36.351689942004448],[-86.822926062338198,36.351875734200121],[-86.82313107793891,36.35183416564621],[-86.823247170272651,36.351691050331475],[-86.823413063567287,36.351561158938665],[-86.823622317209654,36.351519045646896],[-86.82376746379434,36.351516683976243],[-86.823914692516666,36.35146967030181],[-86.824005739629285,36.351367413725178],[-86.824070545132329,36.351150136335505],[-86.824168459561449,36.350892116090279],[-86.824283559358875,36.350694754548151],[-86.824448462724163,36.350429410263075],[-86.824710741109527,36.350139881352575],[-86.824879209880848,36.34997254331477],[-86.825071622349469,36.349944105273231],[-86.825197184571152,36.349936381558834],[-86.825553770808867,36.349776686821464],[-86.825672488105241,36.349723169853888],[-86.825914417319325,36.3496401405556],[-86.826049246911509,36.349707034965135],[-86.82620876398282,36.34978045628251],[-86.826436050141339,36.34988054044635],[-86.82622835730011,36.350030980225291],[-86.825896231224007,36.350297468699424],[-86.825488835098469,36.350591595800317],[-86.825305969534412,36.350721605898421],[-86.825417049543958,36.350790379841634],[-86.825811831517839,36.351036626577724],[-86.826140138937234,36.351217399572839],[-86.826343264393103,36.351320395805047],[-86.826611626440837,36.351451273735449],[-86.827023978009336,36.351631470077876],[-86.827403011749254,36.351832151510287],[-86.827655559589502,36.351952319230655],[-86.828378891841453,36.352319234763421],[-86.828666400146432,36.352494271332141],[-86.829020399446819,36.352695119164075],[-86.8288999007748,36.352821960311303],[-86.828863639884091,36.352926420479548],[-86.828856286768129,36.353034974674756],[-86.828890952931658,36.353143069310143],[-86.829043196957812,36.353291218914322],[-86.829378941896479,36.35332943504573],[-86.829826474029971,36.353381648327996],[-86.829957550479222,36.35341354072591],[-86.830200554082523,36.353432303804006],[-86.830531290084892,36.353883105952782],[-86.830752080210814,36.354252425880489],[-86.830872592487594,36.354410061939674],[-86.830890637683368,36.354511574473165],[-86.830858094033417,36.354686914825791],[-86.830836204498027,36.355028027947391],[-86.830789341463145,36.355376008154892],[-86.830772126725719,36.355758121353709],[-86.830728433963571,36.356003756544879],[-86.830922232305269,36.356025259613389],[-86.831290560446249,36.356052430680442],[-86.831521779241484,36.356080027955308],[-86.832053438641879,36.356137835459677],[-86.832617750642015,36.356192325636052],[-86.832661584751619,36.356283531086781],[-86.832767861467076,36.356459289897401],[-86.832955216906981,36.356755870416094],[-86.833013483875362,36.356846976365091],[-86.833250429415642,36.356813411734876],[-86.833425780715203,36.35677597885546],[-86.833762311059786,36.356725932362117],[-86.833729790517239,36.356862644538182],[-86.833705679417946,36.356951399165908],[-86.833681791045564,36.357101614801692],[-86.833624206901916,36.35731730216326],[-86.833602553459826,36.357558837761673],[-86.833654501963281,36.357694796199901],[-86.833887512617025,36.357851653979509],[-86.834019091316407,36.357890062487826],[-86.834256165082436,36.357908686685981],[-86.834550116758066,36.357886400915511],[-86.834697617022243,36.357864609793658],[-86.834665277713199,36.358219701778019],[-86.834614289576749,36.358819227294603],[-86.834575039098226,36.359203381237329],[-86.834517385303442,36.359855315789744],[-86.836621707103745,36.360253681473097],[-86.836646029282804,36.359863792936579],[-86.836678792238033,36.359549558183808],[-86.836780608398129,36.358298143112016],[-86.837740538269031,36.358628857805847],[-86.838094768953169,36.358806671899977],[-86.838357463273809,36.359159720905772],[-86.838541635926504,36.359554002402568],[-86.838848379952069,36.360017308864784],[-86.839104296551781,36.360411092018801],[-86.839383776459655,36.36098497825909],[-86.839688116351965,36.36118064540107],[-86.840200462383351,36.36137486758696],[-86.840396920750152,36.361565444790472],[-86.840579944496596,36.361890027692077],[-86.840710961969435,36.362034532891826],[-86.841184026041986,36.362566380767426],[-86.841358777854822,36.362751270052421],[-86.8416915714309,36.362946734272654],[-86.84190172924788,36.363067510440317],[-86.842143119776622,36.363210902698043],[-86.842580890534677,36.363376962769294],[-86.843196520742737,36.363779734452528],[-86.843710308518709,36.364066983852545],[-86.844035338352029,36.364210132484082],[-86.84407415161786,36.36446584087129],[-86.844061579868622,36.36464053001103],[-86.844150237554771,36.364872541778119],[-86.844354427218761,36.365109584570398],[-86.844730788333592,36.365328085246958],[-86.84512855283127,36.365523086407222],[-86.845813409042464,36.365686893793452],[-86.846246402960659,36.365840956211272],[-86.846599679149605,36.365885011121222],[-86.846880674484609,36.365958756969199],[-86.847025646160915,36.366056631566678],[-86.847373212085344,36.36628099112977],[-86.847648040382353,36.366412978851869],[-86.84786413541228,36.36645215374152],[-86.848225515707654,36.366618213598983],[-86.848650293088795,36.366638584142599],[-86.849059200351007,36.366525151970187],[-86.849619563142284,36.366480529995158],[-86.850324588401548,36.366504592177726],[-86.850758708374258,36.366722668279145],[-86.850975868919221,36.366860719434307],[-86.851338886226074,36.367178182750742],[-86.851527744257197,36.367368795278111],[-86.851594010759413,36.367490395409],[-86.851631159905324,36.367589023249813],[-86.851639629333647,36.367705364566184],[-86.851598976371093,36.367794067294895],[-86.851563808279906,36.368037417573539],[-86.851573716502202,36.368287489608832],[-86.851690018195271,36.3684030720066],[-86.852087626777717,36.368580539781846],[-86.85222526685358,36.36866678534377],[-86.852391651966357,36.368741325530877],[-86.852500235412933,36.368810263811866],[-86.852788965061208,36.368930467511426],[-86.852984532628454,36.36903381560554],[-86.853425151774204,36.369222650235507],[-86.853656382370474,36.369325745728048],[-86.853975224057393,36.369521274569678],[-86.854134660021913,36.369659727368507],[-86.854214764523448,36.36976474680214],[-86.854165166940092,36.370047343235427],[-86.854042253939681,36.370775458486534],[-86.854018597503654,36.371022676739756],[-86.853948813149145,36.371834884521114],[-86.853586348731753,36.37625637611319],[-86.852894863720707,36.380136633463017],[-86.862797209219735,36.381181865069884],[-86.862164536466622,36.369609479463826],[-86.863013653396834,36.369801033774706],[-86.863223646145286,36.369863058647262],[-86.863871689596294,36.370070290794821],[-86.864397574856739,36.370249377726331],[-86.865493991147559,36.370729291935461],[-86.865863311920464,36.370994990207791],[-86.866030545069137,36.371106589128786],[-86.866348575950184,36.371457292568955],[-86.866419285019845,36.371555675623121],[-86.866579074416563,36.371801583003368],[-86.866745693626612,36.371856873373943],[-86.866998728080233,36.371855060803092],[-86.867208535093525,36.371860596477497],[-86.867453195797367,36.371908287603922],[-86.867637764605988,36.372012892723689],[-86.868112813301238,36.372355254964042],[-86.868394185447954,36.372536765075012],[-86.868587016399928,36.372620192477697],[-86.868885563810693,36.372780289508498],[-86.869044124865439,36.372913406864221],[-86.869238620734549,36.373109616834455],[-86.869335889632197,36.373228924367119],[-86.869372021843063,36.373348671031522],[-86.86940830880296,36.373482494552462],[-86.869805297377781,36.37386798817866],[-86.869955989794249,36.374057472797446],[-86.870035232802806,36.374120425720925],[-86.870201589524399,36.374189791211066],[-86.870480954500408,36.374187782077819],[-86.870786176056527,36.374143180624898],[-86.871064609350313,36.374056537270953],[-86.871221543840079,36.374041329607202],[-86.871334980454719,36.374047551906813],[-86.871624000872373,36.37415122716601],[-86.871912748724469,36.374191552778413],[-86.872130743360728,36.374168865005565],[-86.872305005627382,36.374146320387773],[-86.872448160244232,36.374152155751169],[-86.872706645549286,36.374143424693408],[-86.872854586374217,36.374121240775267],[-86.873017262330279,36.374049162383407],[-86.873149801409156,36.373977987941785],[-86.873620601133084,36.373932184557638],[-86.873977652805394,36.373852005896289],[-86.874203625022076,36.373744445470976],[-86.874515306230592,36.373516259011502],[-86.874635943116914,36.373367224928806],[-86.874711350694326,36.373236544336358],[-86.874763197986411,36.373048691931785],[-86.874752798423174,36.37291451112992],[-86.874865139603386,36.372744934801794],[-86.875072923573455,36.372644028117968],[-86.875176696043354,36.372544388364069],[-86.875238380126362,36.372439902438067],[-86.875391561673098,36.372239298964054],[-86.875833373332028,36.371953855537768],[-86.875981420230659,36.37190333929717],[-86.876600922956854,36.371905892373007],[-86.876872258416142,36.371946332270802],[-86.877327983561045,36.372112308608337],[-86.877556184681538,36.372244910043776],[-86.877811489750556,36.372447704441853],[-86.877918391058159,36.372630457993289],[-86.877938304043568,36.372856248221531],[-86.87796587981866,36.372969015503394],[-86.87806381184636,36.373299996289539],[-86.878128370794869,36.37345490084266],[-86.878333810935359,36.373869912543476],[-86.87853925132471,36.374284752169324],[-86.878778883310858,36.374643031170898],[-86.878824104639278,36.374776958736177],[-86.878904217150705,36.3749175001997],[-86.878975335780069,36.375051067935111],[-86.879095517249183,36.375664304237773],[-86.879136580980642,36.375767874004488],[-86.879255747224263,36.375945558331793],[-86.879330586086553,36.376375594849243],[-86.879290463244899,36.376700710037397],[-86.879283146571069,36.376806519731836],[-86.879100904369764,36.37691377187538],[-86.878883845975452,36.377021276581189],[-86.878814886139594,36.377120494886078],[-86.8788209152398,36.377204575607131],[-86.878852086266093,36.377296714519133],[-86.878931732353848,36.37739502532218],[-86.879046585450524,36.377528275294388],[-86.878995772557616,36.377655689508238],[-86.878926970557046,36.377769156364472],[-86.878910660723975,36.377868164001185],[-86.87890299892284,36.377981186803083],[-86.878915442419071,36.378298709249435],[-86.878908251506957,36.378454134214003],[-86.879009884612188,36.378926209897109],[-86.879071699653551,36.379024650072942],[-86.879266235402511,36.37922084352747],[-86.879840712562697,36.379866143585318],[-86.879938162273248,36.379999519155604],[-86.880053492392221,36.380175170206734],[-86.880133142869397,36.380273480124785],[-86.880248780029461,36.380438484432467],[-86.880559146866503,36.380740104718363],[-86.880838531901361,36.381004866268306],[-86.881122787911849,36.38105859395403],[-86.881298722963663,36.381032590701949],[-86.881482170812475,36.380956744556954],[-86.881611209955963,36.380837858800419],[-86.881724827255894,36.380706895794212],[-86.881846637935752,36.380625317536143],[-86.882022097097732,36.380518625906618],[-86.882190179252063,36.380473965177913],[-86.882335608449267,36.3804541916465],[-86.88255844536647,36.380483641428192],[-86.882750364621657,36.380482241772157],[-86.882849799001079,36.380450441945143],[-86.883017673665492,36.380387239861285],[-86.883239679095837,36.380342184233101],[-86.883532626578003,36.380451811346092],[-86.883610022558756,36.380537945998441],[-86.883898168208901,36.380901869112499],[-86.884021501539394,36.380956765144127],[-86.884391088154331,36.381084372082981],[-86.884708077897997,36.381293053164953],[-86.885426618547569,36.381753058223808],[-86.885583179210414,36.381893035779278],[-86.885769178886378,36.382197097818825],[-86.886118415307394,36.382554387886124],[-86.886360018200435,36.382893751823232],[-86.886539636686152,36.3831963142053],[-86.886541096431287,36.383326610476558],[-86.886391075459684,36.383619225994941],[-86.886262663825434,36.38379390893968],[-86.88619484110805,36.383918531916052],[-86.886218151975626,36.384066179765377],[-86.886406710411435,36.384332623486074],[-86.886592453689346,36.384461398269721],[-86.887079706364602,36.384817674335238],[-86.887573909634909,36.385111748453276],[-86.887751876642326,36.385228389029862],[-86.887836857738691,36.385308456393751],[-86.887899472506291,36.385401048901983],[-86.888024903974355,36.385642029087464],[-86.888265202510311,36.38586362450917],[-86.888350468748953,36.385931156603419],[-86.888550595211171,36.386016558858039],[-86.888706470493503,36.386207698631331],[-86.888815296162903,36.38633102583735],[-86.889001740116512,36.386559195796011],[-86.889094790003014,36.386639031314502],[-86.889179918892992,36.386694202703488],[-86.889341831152024,36.386779884374278],[-86.889661207736694,36.386857712923295],[-86.889985659468238,36.386971384909927],[-86.890173781041241,36.38708399855156],[-86.890503653067967,36.387075391514585],[-86.890669028912825,36.387053572830098],[-86.890887029048812,36.387066389782596],[-86.891072857562179,36.387201509290044],[-86.891499850858025,36.387483014279603],[-86.891590649629407,36.387551190067619],[-86.89189225601487,36.387747432721255],[-86.891984892218062,36.387790185699295],[-86.892154174548722,36.38785108705823],[-86.892285167949893,36.387905918202541],[-86.892510631608729,36.387940137508416],[-86.892618817380495,36.387968354034989],[-86.892900316416075,36.388000614227252],[-86.893053750974261,36.388011843383659],[-86.893339166685223,36.388127682919716],[-86.893461957634301,36.388132957160359],[-86.893676891735296,36.388174806042819],[-86.893792178857453,36.388192496474538],[-86.894015672194186,36.388277717165288],[-86.894101087545209,36.388357776912471],[-86.89416385172936,36.388462726175369],[-86.894157890058111,36.388611618723424],[-86.894099902590341,36.388741495482478],[-86.894065217866057,36.388828966257094],[-86.894030106480542,36.38891626848789],[-86.894101852920002,36.389102013744768],[-86.894318414846097,36.389137325547978],[-86.89447409341723,36.389159008952745],[-86.894665184209146,36.389157596683695],[-86.895132230918108,36.389148478160941],[-86.89547272491852,36.389214632547805],[-86.895614454742443,36.389242083194709],[-86.895834515966229,36.389286293875585],[-86.896167125612749,36.38936864279637],[-86.896536314625294,36.389418443616265],[-86.896834085446685,36.389461905199283],[-86.897153221350223,36.389516882090234],[-86.897394191470241,36.389532264033669],[-86.897514951043789,36.389582873350449],[-86.897656617967627,36.389604656565382],[-86.8977918801546,36.389660823568114],[-86.89792753215545,36.389751323975872],[-86.898098366094416,36.389835897684677],[-86.898247284049546,36.389897800053546],[-86.89845359436049,36.389964941767694],[-86.89856674631028,36.389981270059124],[-86.898750913964122,36.389968400038569],[-86.89889960790461,36.389973133085888],[-86.899196502908097,36.389976593415824],[-86.899387074597612,36.389929338402787],[-86.899599270853727,36.389916430507604],[-86.899754596223346,36.389869436859478],[-86.899895092847444,36.389788216802145],[-86.900049312554103,36.389644058823386],[-86.900309009218347,36.389476282405845],[-86.900682052861285,36.389267488385634],[-86.900822547464628,36.38918626723536],[-86.901054901002666,36.389041698091383],[-86.901194968222327,36.388960307995966],[-86.901363828551098,36.388908747732934],[-86.901519499259678,36.388855053598505],[-86.901815998877709,36.388824173948834],[-86.901929443430632,36.388828994198398],[-86.902241425961762,36.388889676513614],[-86.902688937902482,36.389029694712917],[-86.902944635934944,36.3891076198299],[-86.903307021189079,36.389230759146379],[-86.903789647346969,36.389358665153125],[-86.903945231927651,36.389334669592706],[-86.904078831873974,36.389282167084659],[-86.904206225819379,36.389281215497078],[-86.904419726364864,36.389382629842572],[-86.904647240826776,36.389483939075774],[-86.904775288755786,36.389540152230261],[-86.905151855705469,36.389640346281332],[-86.905508469785914,36.389889537033767],[-86.905827872853337,36.389967151175973],[-86.905968453565237,36.390005070952292],[-86.906233059949685,36.390118632397595],[-86.906531596118299,36.390265245535836],[-86.907022175091157,36.390456086555183],[-86.907277360370401,36.390488510569732],[-86.907412498993324,36.390533165076526]]]},"properties":{"CommunityNumber":1,"CommunityName":"Joelton","GlobalID":"{57192BAC-4B35-433E-9A57-0EB4E23F8CA0}","created_user":null,"created_date":null,"last_edited_user":null,"last_edited_date":null,"OBJECTID":2,"SHAPE.STArea()":1102644765.3896832,"SHAPE.STLength()":207759.10314627571}},{"type":"Feature","id":3,"geometry":{"type":"Polygon","coordinates":[[[-86.66885052249431,36.300884102400985],[-86.667894934121946,36.301805833706062],[-86.667181121623116,36.302525868134019],[-86.667025075732681,36.302684506557711],[-86.666749493134162,36.30290440840259],[-86.666571013988758,36.303069178851935],[-86.666504487480836,36.303178908178978],[-86.666460850367969,36.303336926128594],[-86.666432621735296,36.303561644117231],[-86.666524008158433,36.303835147680651],[-86.666593520227607,36.303979322200341],[-86.666813382156704,36.304245249796971],[-86.667042133338256,36.304407946012049],[-86.667281012766182,36.304564233597922],[-86.66759401642237,36.304807498484926],[-86.667771524791689,36.304980262199628],[-86.66823967627947,36.305360015421392],[-86.668413556073475,36.305504642105397],[-86.668617490317871,36.305691679902687],[-86.668745981343562,36.305836557081165],[-86.669063678878189,36.306132155680579],[-86.669154688704694,36.306259213020752],[-86.66926018501259,36.306343440874286],[-86.669509654235242,36.306597010038836],[-86.669653369202337,36.306735793004925],[-86.669774601390543,36.306874700336493],[-86.670099158398727,36.307127680626671],[-86.670348529623851,36.307369059032879],[-86.67061976959512,36.307537521775622],[-86.670891536720376,36.3077179988355],[-86.671117760997376,36.307880701286443],[-86.671321861972388,36.308085931989467],[-86.671472999755963,36.308248878936233],[-86.671662254855207,36.308454191492288],[-86.67172326588215,36.308544844874554],[-86.671799201996834,36.308644514532958],[-86.672110676178903,36.309053965768818],[-86.672216554732614,36.309282403063776],[-86.672139353663084,36.309883724566291],[-86.671986082129564,36.310369925685563],[-86.671927695169458,36.310588803209974],[-86.671929084522105,36.310752581516873],[-86.671976742296209,36.311019284457515],[-86.672105712807848,36.311218922260124],[-86.67253817344475,36.311835436540797],[-86.672811867123158,36.312240460319664],[-86.673293889375771,36.312846566676235],[-86.673939996543297,36.313538971804974],[-86.674225577460049,36.313993199102413],[-86.674366615141835,36.314313288763898],[-86.674444023128913,36.314634591549883],[-86.674479210223055,36.31483062928384],[-86.674515302756205,36.315083145739287],[-86.674648535984147,36.315731880225236],[-86.674748131215921,36.315967904031616],[-86.674884441908361,36.316130929165283],[-86.675110439404875,36.316263237236264],[-86.675351141704965,36.316328677997575],[-86.675531029361892,36.316327673249816],[-86.675688327071484,36.316314604949298],[-86.675800532714234,36.316287710421115],[-86.675972231151306,36.316222026208756],[-86.676076774212746,36.316142467505571],[-86.676151247230763,36.316069257439715],[-86.676225244548078,36.315990041072503],[-86.676322047732242,36.315898507602377],[-86.676531433703474,36.315824371002705],[-86.676756344631997,36.315829293132751],[-86.676921899958955,36.315888970703547],[-86.677103032637675,36.316033715716912],[-86.67750980195126,36.316268016960656],[-86.677939122030594,36.316410339886559],[-86.678246496846384,36.316482440121149],[-86.678561880961709,36.316498869267285],[-86.678831764463496,36.316503363505525],[-86.679056468452913,36.316483903509933],[-86.679363591618738,36.316427583257862],[-86.679565497012462,36.316371853541661],[-86.680559219037221,36.316229433650875],[-86.680883443468616,36.31618846477501],[-86.681064014818602,36.316217664202306],[-86.681237049511282,36.316307853381019],[-86.681343883906933,36.316495244681626],[-86.681555141195631,36.316688227999592],[-86.681796738297308,36.316856832553846],[-86.682157717968124,36.316994375319673],[-86.682750883699498,36.317094209504795],[-86.683179592010617,36.31721316839959],[-86.683646317411743,36.317410713476228],[-86.683926869488161,36.317569307603669],[-86.684141148984139,36.317718146707357],[-86.684257168983464,36.31783818360946],[-86.684460437994119,36.317940214920718],[-86.684670819057459,36.317981429762384],[-86.684888261224543,36.317955991155799],[-86.685142781217593,36.317949570619817],[-86.685450578800072,36.317971003629523],[-86.685698296401142,36.318012005054953],[-86.68599904632147,36.318101463194154],[-86.686434345238069,36.318147407809327],[-86.68690740644449,36.318193308055321],[-86.687252498282419,36.318209545830193],[-86.687425332782823,36.318275348279293],[-86.687546245687884,36.318371833620532],[-86.687697438892741,36.318486173391022],[-86.687840783025919,36.318624936633995],[-86.68793757361334,36.318777355827891],[-86.687993769701094,36.318945629062121],[-86.688108786498915,36.319242329992889],[-86.688306748612305,36.319611524084586],[-86.688609985384829,36.319985955654147],[-86.688867354919608,36.320257637818763],[-86.689046266556872,36.320387269458465],[-86.689312312676492,36.320534259259503],[-86.689688437989375,36.320653494815048],[-86.690021722430345,36.320676831084718],[-86.690235977978901,36.320674578324052],[-86.69045289520173,36.320636943257824],[-86.690595402891333,36.320630120652673],[-86.690805583152127,36.320647118667431],[-86.691331271631967,36.320741115697203],[-86.691880087626785,36.320956701495021],[-86.692203764268228,36.321045669691919],[-86.692654518002399,36.321109873626618],[-86.693036801872339,36.321107683525533],[-86.693456793272361,36.321099095411007],[-86.693929080345569,36.321102566967241],[-86.694334010967651,36.32111844123402],[-86.69478444604735,36.321146070553056],[-86.695232839871679,36.321182809139472],[-86.695519954563309,36.321214808159745],[-86.696007995086688,36.321272604572783],[-86.696166313336221,36.321374874923826],[-86.696475259475733,36.321573278695624],[-86.696754615479534,36.321784213343349],[-86.696906363278686,36.321959314236679],[-86.69726098398192,36.322236427032024],[-86.697397564961534,36.322423632557516],[-86.697523734073556,36.323114787937399],[-86.69753324189567,36.323327105098976],[-86.697453278680314,36.323594533470917],[-86.697382323556809,36.323728512075853],[-86.697223486481221,36.32390540301887],[-86.69704433317159,36.324040005119713],[-86.696954914050295,36.324101124569601],[-86.696709572969297,36.324333108480509],[-86.696376144773581,36.324777970982829],[-86.696276252068671,36.325385445471234],[-86.696438205375742,36.325851834005476],[-86.696660952778231,36.326475648699777],[-86.696932680922032,36.32692681102597],[-86.697033858709986,36.327092416999633],[-86.697680162642087,36.327240458183176],[-86.697995329700433,36.327275036500438],[-86.698221676102406,36.327294503647494],[-86.698325718107668,36.327303345528911],[-86.698906272562851,36.327645933125702],[-86.699358412772568,36.327910286409868],[-86.699622035870505,36.328018123753772],[-86.699869899958429,36.32807128488038],[-86.700042282346416,36.328082305058402],[-86.700162152460265,36.328057403908431],[-86.700360416316784,36.32792406018541],[-86.70050471442876,36.327782444555396],[-86.700773810133327,36.32764542789355],[-86.701469323161092,36.32745512008465],[-86.701709167002065,36.327417332014242],[-86.701888273058117,36.327325300788317],[-86.702142483506051,36.327232833303711],[-86.7023371920057,36.327225522198781],[-86.702554868625143,36.327224257950832],[-86.702705085010237,36.327271971552406],[-86.702840288819417,36.327301573816932],[-86.703077086331561,36.327398743526125],[-86.703269728985148,36.327493250917712],[-86.703382605925896,36.327541180791322],[-86.703608952047233,36.327703649756899],[-86.70385162636029,36.327888857104767],[-86.703941718795065,36.32799906826672],[-86.704100816310415,36.328186306659127],[-86.704237370285782,36.328367495515955],[-86.704305702474798,36.328464270147052],[-86.704456569795155,36.32858477133334],[-86.704637989245299,36.328705094338808],[-86.704833404018856,36.328776749255219],[-86.705502494946955,36.328954832119329],[-86.705810838101982,36.32903200727295],[-86.706142104626338,36.329157634067606],[-86.70630187324852,36.32927653583463],[-86.706436686376691,36.329404510659998],[-86.706527565404841,36.329507161232989],[-86.706657356301335,36.329785559333658],[-86.707577756278766,36.332061842892905],[-86.707469533072498,36.332535805242685],[-86.707429323079268,36.332737595932301],[-86.707318388283568,36.333240759948708],[-86.707283871697314,36.333604929045961],[-86.707294925059074,36.33398720166975],[-86.707348522205066,36.334096250087555],[-86.707433334883618,36.334184170634032],[-86.707552457894465,36.334264851434952],[-86.707696371296024,36.334317746174577],[-86.707823000539776,36.33433606199835],[-86.708055820890166,36.334365087172301],[-86.708242953007996,36.334315405416376],[-86.708556307872044,36.334143776088332],[-86.708779859074895,36.333990698872924],[-86.708899082191252,36.333892827807418],[-86.709107888730657,36.333752025849634],[-86.709249875611405,36.333684580488516],[-86.709376963809675,36.333659456275811],[-86.709557325746829,36.333706984565346],[-86.709760504973588,36.333790775427467],[-86.709948776748874,36.333868472871572],[-86.710295356830031,36.334042412885708],[-86.710649849588222,36.334246693249725],[-86.711034812404762,36.334535776376967],[-86.711313651471755,36.334679723825765],[-86.711554766708645,36.334781486939363],[-86.711795391845044,36.334875870102934],[-86.711878645506303,36.334931348699058],[-86.712080915026092,36.334960545936717],[-86.712273250172629,36.335017613925125],[-86.71271338573392,36.335211597979622],[-86.712901337834694,36.335158813905871],[-86.713110960088798,36.335203245844617],[-86.713209547094081,36.335311854746905],[-86.713726188758969,36.335659554998934],[-86.713843132019946,36.335732860126129],[-86.713919503222144,36.335871987369273],[-86.714093753280082,36.336040924588382],[-86.714229631416742,36.336096090879835],[-86.714650154346899,36.336231811601778],[-86.71495127898099,36.336351411745603],[-86.715117016071403,36.336423225448236],[-86.715373433403059,36.336573476662565],[-86.715630453718347,36.336790336610164],[-86.7158964319337,36.33715290149734],[-86.715965552794643,36.337334475918396],[-86.716049199542311,36.337479739285151],[-86.716170614525652,36.337624607301784],[-86.716336849280367,36.337751011429816],[-86.716608895535146,36.337986150302463],[-86.716745111189596,36.338124921158148],[-86.716850646165796,36.338203098065726],[-86.717054544207215,36.338317260216044],[-86.71728051062172,36.338431291164831],[-86.717446913729916,36.33857589110351],[-86.717589630665742,36.338635648481677],[-86.717740742540755,36.338731924255399],[-86.717921835523057,36.338858238026958],[-86.718118482477493,36.339014846991532],[-86.718322455324426,36.339183601587251],[-86.718473309876671,36.339298076312296],[-86.718720234981703,36.339429491691924],[-86.718469262281545,36.339036918627812],[-86.718245771256775,36.338636904784209],[-86.71941883366172,36.339245072298212],[-86.719523753377345,36.339301790216595],[-86.720383158186877,36.339625962300033],[-86.720665126953563,36.339830130079434],[-86.720887995327558,36.340068985910634],[-86.721085665158071,36.340383531817096],[-86.721197512993072,36.340623096866452],[-86.721257685419189,36.340742863172025],[-86.721404428809407,36.341038831651815],[-86.721759861542751,36.34175863602303],[-86.722051281200933,36.342113652923665],[-86.723256392579941,36.343108392061012],[-86.724019777398908,36.343183486168932],[-86.724325752945973,36.343457719704894],[-86.724601868406992,36.34325159245796],[-86.726032774512774,36.34340731307671],[-86.726162181573713,36.343957808358645],[-86.728454380230019,36.343893724298411],[-86.728882432627614,36.342995993948641],[-86.729345126443988,36.342035732172768],[-86.729561421978346,36.340682599744788],[-86.72939892395479,36.338707341168295],[-86.730071173616707,36.33893660245792],[-86.730243876707135,36.339025350029601],[-86.730395539949143,36.339133624536593],[-86.731167894060789,36.339218233513819],[-86.733103357839468,36.339419234025186],[-86.733213058587054,36.338676412322492],[-86.733234763452771,36.338554285307914],[-86.73333866865876,36.337331690820754],[-86.73351430340729,36.335217210003641],[-86.733862238335533,36.335256303463403],[-86.734762122222804,36.335367584861046],[-86.735394980257794,36.335441934770074],[-86.735585091890215,36.335467824580725],[-86.735595882862768,36.335319225756493],[-86.735607933094954,36.335156953303887],[-86.73563014973216,36.334744765373422],[-86.735639643251972,36.334598747355983],[-86.735670974883078,36.334065014150056],[-86.735731204133643,36.332877613004662],[-86.735280926233543,36.332784380234628],[-86.73461467281922,36.332511332070503],[-86.734425293967774,36.332374526750947],[-86.734337070966205,36.33231727845719],[-86.733893886159137,36.3320315613378],[-86.733649195517842,36.331958363623542],[-86.733398990620529,36.331931209918913],[-86.733195432119885,36.331946178667465],[-86.732874560040585,36.332078430758173],[-86.732704113914195,36.332186421945011],[-86.732572270496988,36.332246966248427],[-86.73214866215416,36.332347156991993],[-86.731872752767387,36.332367945411193],[-86.731534320300611,36.332299431004358],[-86.731255402132163,36.332150036511358],[-86.731049942353295,36.331959165160256],[-86.730946578169835,36.3317949741189],[-86.730812144621453,36.33148297990185],[-86.730805215956408,36.33123803000322],[-86.730727612625515,36.331014109057101],[-86.730518390073016,36.330736902886208],[-86.730269627992797,36.330497533677608],[-86.730128456800145,36.330420785174617],[-86.730180528567843,36.330315229069711],[-86.73034422222517,36.329993868546651],[-86.730656559793857,36.32937710456401],[-86.730780472075423,36.329108621717111],[-86.730902625227586,36.328872162544187],[-86.731233155423013,36.327902729539808],[-86.731538976569041,36.327337072237846],[-86.732011472994571,36.326716153422069],[-86.732430851035488,36.326317197540043],[-86.73257850897167,36.326204283269483],[-86.733082063474058,36.325848960659073],[-86.733728627947627,36.325417264278542],[-86.734029859982442,36.325183492061356],[-86.734338391158175,36.324867610041927],[-86.735113057825288,36.32384447727253],[-86.735347033931703,36.323451788025928],[-86.735615102882036,36.323120868678082],[-86.736168883862334,36.322486218359401],[-86.736490879550047,36.322205787019691],[-86.737289376764508,36.321697201758887],[-86.738199219048823,36.321208533529116],[-86.738991772143706,36.320883674655498],[-86.739394319715601,36.32073874640686],[-86.740263210541968,36.320406343549479],[-86.740659060404141,36.320221763316674],[-86.740899203660604,36.320038822528232],[-86.741045721245015,36.319871563166679],[-86.741178018491595,36.319681041764412],[-86.74133421144461,36.319323668679523],[-86.741387688151406,36.319007957547356],[-86.741365143792081,36.31882061693382],[-86.741244099441545,36.318399874906206],[-86.741089435312674,36.318194973774354],[-86.740763884097049,36.317819607057814],[-86.740412582451043,36.317457960135748],[-86.739937299066042,36.317086426437143],[-86.739704115111437,36.316878055169695],[-86.739292499917667,36.316463036760986],[-86.738949032907001,36.315984764160959],[-86.738804474032165,36.315733109364224],[-86.738699947775174,36.31553809907043],[-86.738534874718241,36.315205101716288],[-86.738225915959134,36.31487752648583],[-86.738076017815516,36.314781220221505],[-86.737866977147078,36.314649832197595],[-86.737611575150083,36.314560054403273],[-86.737224213402541,36.314458497334201],[-86.736133113088911,36.314209900423599],[-86.735011849271288,36.313854124119359],[-86.734569146329832,36.313650964938233],[-86.73420016581241,36.313436712135434],[-86.73398946207783,36.313270063595652],[-86.733677421609713,36.313019773867502],[-86.733467240157168,36.312772450303136],[-86.733329684729455,36.312533270155548],[-86.733136597841707,36.312011236945743],[-86.732615693776751,36.310520137143861],[-86.732527255089906,36.310103439004983],[-86.732495197674893,36.309979777887783],[-86.73237728360975,36.3095129363182],[-86.732065465982046,36.307860989382355],[-86.731775776175155,36.30589352258729],[-86.732759275482266,36.305908168490127],[-86.733887003530086,36.30592175939227],[-86.733839723434983,36.306313315306213],[-86.735307939212348,36.306499227731813],[-86.73579064813029,36.306554934132322],[-86.737108345191047,36.306714575520068],[-86.737171852147057,36.306345545081982],[-86.737267895459979,36.305715943967321],[-86.737476790924916,36.304257777424027],[-86.737551658935686,36.303772858713067],[-86.737760957909259,36.302220355517306],[-86.737024622540844,36.302088711757001],[-86.736869168846283,36.30206217369016],[-86.735791116932859,36.301875426664537],[-86.735593284558135,36.30185911859288],[-86.735200737882394,36.301796781059878],[-86.734746574406941,36.30167713064391],[-86.734635831486628,36.301628701742715],[-86.733638694699493,36.301326753907873],[-86.732972991022265,36.301129748645202],[-86.732431967569724,36.300928550792371],[-86.731939946895338,36.300704906543473],[-86.730703654645566,36.299950790981484],[-86.73086281496937,36.299730244118876],[-86.730956570686004,36.299639199439248],[-86.731433197236868,36.299411631849139],[-86.731693021495602,36.299302562102],[-86.731802857161611,36.299264655461442],[-86.732613724673342,36.298977625280706],[-86.733015736376956,36.298863201991104],[-86.733119134288259,36.298832310446542],[-86.733379233601028,36.298749127731348],[-86.73546738007947,36.2980759506654],[-86.735775396533015,36.29799674734403],[-86.736179116729645,36.29789647277773],[-86.736344461567185,36.297858711538808],[-86.737184179088104,36.297677658408091],[-86.738123030638562,36.297463847912709],[-86.738508858289151,36.297308005313361],[-86.738682270611932,36.297208570386083],[-86.738939036554569,36.297041153552264],[-86.739089509338243,36.296892756307194],[-86.739428526939946,36.296494090813638],[-86.740259702536449,36.295155125426056],[-86.740498475290551,36.294772476293552],[-86.74140778712173,36.293325537031421],[-86.739964404590779,36.293174735937242],[-86.739422451698275,36.29311820473491],[-86.738710946851938,36.293041498417274],[-86.738217547466462,36.292987938592788],[-86.737268414069121,36.292893661050741],[-86.736527740738183,36.292830140394102],[-86.735265056038358,36.292732819361341],[-86.735087017221716,36.292721295787828],[-86.733925124401154,36.29263706895],[-86.733695455744183,36.292569788948697],[-86.731736710002266,36.293398195370358],[-86.729957465654962,36.294274862532738],[-86.729848324541663,36.294327649638298],[-86.728328825948154,36.29508730586339],[-86.727872782712794,36.295316653703523],[-86.725433687940054,36.296551577184282],[-86.724700522165989,36.296995144119549],[-86.724428181739682,36.296900632776293],[-86.723859418759019,36.296814763357631],[-86.723340240709007,36.296584551015265],[-86.72295762475575,36.29635145967552],[-86.722828986443403,36.296292654202851],[-86.72262222542652,36.296179204725291],[-86.722612594120349,36.295960364072855],[-86.722553445336914,36.295800192225634],[-86.722389321705649,36.295617641864069],[-86.722114433085409,36.295428885527841],[-86.721911513844248,36.29513153733437],[-86.721769241711897,36.295019246444582],[-86.721535751040477,36.294811356275865],[-86.721417147779221,36.294689652716158],[-86.721163435452894,36.294310369222778],[-86.721071238217149,36.294200354054013],[-86.720978872506024,36.294071797841568],[-86.720903814980375,36.293701062531397],[-86.720845853062301,36.293624149909235],[-86.720659425262298,36.293553325360321],[-86.720472484666516,36.293472717536105],[-86.720063002949303,36.293221235078747],[-86.719900197304568,36.293089148799687],[-86.719683559528946,36.292914289841896],[-86.720638078907726,36.292152248728073],[-86.721739821624183,36.291277718731394],[-86.722507863547818,36.290709145208879],[-86.722879260834546,36.290396369351484],[-86.72380414553011,36.28959627609332],[-86.724299180029362,36.28916094124326],[-86.725344063928091,36.288219433146956],[-86.725587165532019,36.287993929440034],[-86.726371813847265,36.287224276450146],[-86.726596135506881,36.287006254481398],[-86.727178971644065,36.286444852280106],[-86.727277130394782,36.286353588949225],[-86.72879432700303,36.284934737065917],[-86.729056787696379,36.28468369069688],[-86.73215117816784,36.281700816418933],[-86.732954086192223,36.280655706225417],[-86.73322987518786,36.28025702724684],[-86.734093836014068,36.278847117936664],[-86.734529419655374,36.277983123220217],[-86.734690660716993,36.277629115632735],[-86.734881779882272,36.27720032511543],[-86.73509031436096,36.276548366918206],[-86.735195724781718,36.276215932145774],[-86.735218519964405,36.276125124920689],[-86.735398131760306,36.275400817081014],[-86.735596320081996,36.274593388908485],[-86.735624209037255,36.274463023818662],[-86.735845955073941,36.273407351257042],[-86.735943042076315,36.272946565429756],[-86.736420698184688,36.270591612772954],[-86.736705512847792,36.269239977555209],[-86.736869259726745,36.268401694045387],[-86.737012099098862,36.267696892252935],[-86.737136345061856,36.267067271780704],[-86.737394017918348,36.265812268497292],[-86.737755341444853,36.264130017369837],[-86.738092503644467,36.262444343001469],[-86.738139061552687,36.262164227394841],[-86.738214937165694,36.261714496029441],[-86.73832129915391,36.260797724968157],[-86.738345624860642,36.260305278947833],[-86.738342377238993,36.259813136386668],[-86.738348320948148,36.259329121340436],[-86.738378243433587,36.256351541359827],[-86.738455296090621,36.255793773975576],[-86.738508581530425,36.255546445407226],[-86.738528911414448,36.255452362478096],[-86.738600017423664,36.255152628998566],[-86.73868672237198,36.254801412956247],[-86.738839395016825,36.254291738180093],[-86.738898707653377,36.254105438189384],[-86.739108195948816,36.25365463159492],[-86.739335212144312,36.253202162972052],[-86.739508202121215,36.252877961339244],[-86.739558482424115,36.252793478732741],[-86.739684120758412,36.252590322342797],[-86.740134806810303,36.251869231699295],[-86.740184697892488,36.251792239043084],[-86.740255554343634,36.251684401899631],[-86.740389677325126,36.251481648250042],[-86.740703466499824,36.251009942449379],[-86.741534705844572,36.249785430038628],[-86.741639490735537,36.249658646932907],[-86.741733087655248,36.249531392168677],[-86.742612421053622,36.248346593306216],[-86.742973052639812,36.24793996259514],[-86.743111667996203,36.247799397595458],[-86.743947823345181,36.246996639103813],[-86.746705615372846,36.244725537704412],[-86.748330534836356,36.243389023321242],[-86.748409212435618,36.243324340701868],[-86.7493938746845,36.242514377928707],[-86.749933810636307,36.24211325391623],[-86.750402367750709,36.241733393112419],[-86.750947173175504,36.241294927495936],[-86.751619367899721,36.240777663221969],[-86.750986434773282,36.24070858610137],[-86.750821852455019,36.240691819892604],[-86.750176802965854,36.240625682173985],[-86.748843101402613,36.240494607549579],[-86.748506494304479,36.240460664221857],[-86.747643256649866,36.240362298467033],[-86.746976065804333,36.240236114339943],[-86.745676001962536,36.239998460103443],[-86.744413981722289,36.239642518516717],[-86.743062483453969,36.239286434284047],[-86.742117268490333,36.238971874434398],[-86.739594714387607,36.238292048586679],[-86.739481706549284,36.238265799088694],[-86.738095231799761,36.23797891959142],[-86.736871430976862,36.23778066927278],[-86.73672007615815,36.237766870704561],[-86.735017658370069,36.23762597891956],[-86.734466068726988,36.23761061968775],[-86.732226273218927,36.237412801903652],[-86.730551294429048,36.237246342083132],[-86.729300334349773,36.236954305028775],[-86.727310380525822,36.236130353140382],[-86.726205597227647,36.235597899170571],[-86.725492844176543,36.235367967259421],[-86.724814833968708,36.235152857993484],[-86.722973112715025,36.234601925062968],[-86.721450698553397,36.234327569894482],[-86.720082303531754,36.234266047482549],[-86.718831783298057,36.234284121576422],[-86.716704699920243,36.234560555275088],[-86.715042994074466,36.234777831383283],[-86.71271682839172,36.235042988477183],[-86.712850063011402,36.236642848102704],[-86.71244160013191,36.237978756561098],[-86.711505366402022,36.239971902401273],[-86.710004736838172,36.241427027027854],[-86.70801875773158,36.242938040243871],[-86.705956183786228,36.244421459361121],[-86.703981474270336,36.245116640595562],[-86.701739897589263,36.245550314714293],[-86.699016349140578,36.2457905942344],[-86.695065175083897,36.246141044270914],[-86.69220266479843,36.246157478140546],[-86.689879507109239,36.245508225344558],[-86.688101497762219,36.244855824379947],[-86.685909166575584,36.24354303799678],[-86.684123611617437,36.242007290984709],[-86.683152363772891,36.24002516404687],[-86.682592074983177,36.238261497035602],[-86.681489572697316,36.236285933988029],[-86.680361154815472,36.233407772952347],[-86.678986410370982,36.231104077731473],[-86.678148696167426,36.228995823053097],[-86.677723103169868,36.226804556633347],[-86.67770196958476,36.224331854186254],[-86.67769583696429,36.223602386315427],[-86.6776762331599,36.22131973178108],[-86.677653265731294,36.218583150918079],[-86.677344965348354,36.214438778304164],[-86.676771371638111,36.211129263837108],[-86.676623117580462,36.209694605845669],[-86.676612664516739,36.208469322129723],[-86.676481708069034,36.206660437782695],[-86.676317347647355,36.205935991395208],[-86.675429003920058,36.204105307062449],[-86.673658036231117,36.201408868846165],[-86.67299493033083,36.199665930037909],[-86.671473149571767,36.196913812200954],[-86.669567479385535,36.194693027492704],[-86.668888058451557,36.19384311741014],[-86.668121320476757,36.193266134734579],[-86.667389541560013,36.193001900151756],[-86.666526759730274,36.192839028719206],[-86.66518311129667,36.192902821627015],[-86.663615078801925,36.193000373924164],[-86.661733651635785,36.193364762505105],[-86.659274772745533,36.193823337794491],[-86.657754396561032,36.194231224044977],[-86.655699680879124,36.195059750332383],[-86.653056496213779,36.196247032458515],[-86.649774927538914,36.198033622995617],[-86.646567566264878,36.200141692165523],[-86.643337986534902,36.202908879813236],[-86.640738879308145,36.205706456711802],[-86.639752546406172,36.207133055516692],[-86.639265050109117,36.208148293875773],[-86.639012903669624,36.209457721350596],[-86.639159587300639,36.210782034713418],[-86.639717358888788,36.212325133151914],[-86.640979345907937,36.214910244687502],[-86.641843988648361,36.216977809540339],[-86.642356298284739,36.218494983689837],[-86.643340595937573,36.222244212632859],[-86.644135427039089,36.22523662561359],[-86.645576179202735,36.228734420919274],[-86.647058335076068,36.231796058259214],[-86.647920329020536,36.233700471398535],[-86.648899381076347,36.235355259074758],[-86.64998629667123,36.236667972443911],[-86.653381945629391,36.239708450760759],[-86.654394860413461,36.240625936550742],[-86.65643955163479,36.24294435517141],[-86.657605096017321,36.244324632296177],[-86.65782243202375,36.244588332020612],[-86.659772502949806,36.247572978740259],[-86.660737208397194,36.249204768167402],[-86.662935741604386,36.251290734449462],[-86.664471370230515,36.25242561196432],[-86.666370112454743,36.253472187424961],[-86.667882055598213,36.254374370475524],[-86.66891199019723,36.255143727282679],[-86.670202967008038,36.256219763377196],[-86.672719379656058,36.259844974199439],[-86.674197424415226,36.261938900457864],[-86.675547534154489,36.26339532732726],[-86.677941708422878,36.265320952663345],[-86.678064471106197,36.2654224216272],[-86.6798362406427,36.267100680168575],[-86.680872671568167,36.268196512248053],[-86.681819548766882,36.269674635277028],[-86.682731088021541,36.271340481176573],[-86.683163345015188,36.272046393000473],[-86.683573651369755,36.272806918045347],[-86.683986809007251,36.273562132937968],[-86.685101233520882,36.275668013143914],[-86.68572021104373,36.277208351156553],[-86.686071782414032,36.278105303028845],[-86.686607116553049,36.280862962739342],[-86.686797932096468,36.283208471497787],[-86.686821859389042,36.285968859144724],[-86.686470397398892,36.287141952752279],[-86.685972975776878,36.288268119642524],[-86.685097784274248,36.289352423865061],[-86.684142303407597,36.290406901927781],[-86.683572682141758,36.29089716617122],[-86.682116235833817,36.29276366114636],[-86.68171164087569,36.293307589689988],[-86.679311800715524,36.296351868333325],[-86.678113855126369,36.297632051285106],[-86.676702603924625,36.298862780348003],[-86.675602088350843,36.299508426364348],[-86.674430133286123,36.300120735044366],[-86.67313039722967,36.300540390797877],[-86.671944537968614,36.300821793757287],[-86.670488405986617,36.300996308054245],[-86.66885052249431,36.300884102400985]]]},"properties":{"CommunityNumber":4,"CommunityName":"Madison","GlobalID":"{68911BC4-CAF0-4D28-BC9F-C64C27A530FB}","created_user":null,"created_date":null,"last_edited_user":null,"last_edited_date":null,"OBJECTID":3,"SHAPE.STArea()":743645875.8717674,"SHAPE.STLength()":182613.65814691328}},{"type":"Feature","id":4,"geometry":{"type":"Polygon","coordinates":[[[-86.814094668678862,36.301505911530263],[-86.814947542513281,36.301815381074633],[-86.815564794793517,36.301859119355129],[-86.816089197080998,36.302031387203201],[-86.816354570464284,36.302178275648252],[-86.816874786082849,36.30235554725553],[-86.817261896451029,36.302015508990849],[-86.817923676787458,36.301433370374703],[-86.818814452323409,36.30142734099573],[-86.819377447650609,36.301434171400359],[-86.819617131837106,36.301229785721908],[-86.82062372700743,36.300897441199197],[-86.821016275470569,36.300462470850057],[-86.821207995273255,36.30003058940877],[-86.821255406190346,36.299913230144462],[-86.821475748865595,36.299322959922698],[-86.821748936404845,36.29903713463748],[-86.822167059317295,36.298860717343871],[-86.822927420591512,36.298757854844681],[-86.823152564429435,36.298445538209556],[-86.823777298180744,36.297595657701173],[-86.829898912969355,36.298217736673415],[-86.830107210933065,36.299021171755363],[-86.830716848552584,36.298744484061928],[-86.830906769043423,36.298988230159424],[-86.834347763438913,36.299274096679099],[-86.834862563007349,36.299176870895963],[-86.834654840843186,36.298207247373448],[-86.835144664925764,36.298284626044953],[-86.836437233330543,36.297413962178759],[-86.836493038549804,36.297367007858931],[-86.836896244828026,36.297669420896781],[-86.837760394295842,36.298571411946831],[-86.83784839768046,36.298582920877699],[-86.838106319991496,36.299156923404865],[-86.838165416983486,36.299286354368348],[-86.838515613782292,36.299428657652527],[-86.838558533141224,36.299515920000836],[-86.838722979203609,36.29962259832309],[-86.838920253297658,36.299664666270125],[-86.838944027238654,36.301068380003777],[-86.839936480931613,36.301090332684026],[-86.840145579857634,36.299687061268351],[-86.841187888212858,36.299451986020252],[-86.842388470704989,36.299827597721354],[-86.84358403951407,36.300274665488296],[-86.843999653685543,36.299583167451893],[-86.844559336409546,36.298648338645975],[-86.84496417682449,36.298559824649082],[-86.846183369040432,36.298311121996626],[-86.846671402493286,36.298035108275286],[-86.847110178855914,36.297790602219237],[-86.847311307012774,36.297637765265364],[-86.847577980432106,36.29750558591487],[-86.8478617756479,36.297427538846947],[-86.847888994293356,36.297315236627824],[-86.848031392638376,36.297263590331056],[-86.848448129363788,36.296963992014426],[-86.848634519801223,36.296940536231929],[-86.848751316963785,36.296874990474066],[-86.84885240341292,36.296887157260407],[-86.849036357304939,36.296794699942531],[-86.849142801289403,36.296713087964427],[-86.849387520213639,36.296551528638894],[-86.84943393915448,36.296449907385835],[-86.849562925963525,36.296413633595151],[-86.849755559807079,36.296339656319063],[-86.84991565031433,36.296237235845986],[-86.849409685862014,36.295770370292104],[-86.849295152145999,36.295548034906226],[-86.849067904743563,36.295147144840278],[-86.848945002946223,36.294919836298035],[-86.849132944177114,36.294774794003388],[-86.8494963324476,36.294475587020912],[-86.850282636729673,36.294109517053926],[-86.850877036699458,36.294438235658276],[-86.851355360161151,36.294503886257999],[-86.851702552319182,36.294287519039649],[-86.851296230300889,36.293738064472798],[-86.851861679342051,36.292675975328969],[-86.850781896264706,36.291898626771406],[-86.85023932680734,36.291564797630379],[-86.850056546698994,36.291459678337318],[-86.849562729881939,36.291209167516222],[-86.848367590445804,36.290631547360015],[-86.849184357750104,36.290067846090388],[-86.849491810837478,36.289859933988488],[-86.850105859336324,36.289434196753966],[-86.850260905365928,36.289328640492137],[-86.851901972869015,36.288218353517806],[-86.852375921151264,36.288196126972331],[-86.85342463790991,36.287903898758572],[-86.853536877134601,36.28781056693191],[-86.853787072950837,36.287648959330774],[-86.854478298634277,36.287166269824148],[-86.855527428529101,36.286442913510676],[-86.856137519269978,36.286028948248024],[-86.856946773066454,36.2858829637848],[-86.85718020029671,36.28584290343808],[-86.858183992251497,36.285681878423716],[-86.858717503883923,36.285326130510221],[-86.859672137651629,36.283795275823458],[-86.860947829359191,36.283439559394338],[-86.861190564417711,36.283569686268507],[-86.861316860982555,36.283678494713413],[-86.861714467408902,36.28416582868271],[-86.862024582801823,36.284446558495894],[-86.862338276025994,36.284588195135981],[-86.862512689917224,36.284636396745675],[-86.862811047599351,36.284654869984045],[-86.863117561344509,36.284604437571815],[-86.863389345788448,36.284519571569916],[-86.863593051329147,36.284414588847739],[-86.864110196765935,36.284155593760779],[-86.864314200045314,36.284078077673747],[-86.865027793843296,36.283865917970417],[-86.865812599562744,36.283705610958471],[-86.86673188970623,36.283516688312162],[-86.867768796482864,36.283313838594601],[-86.86875621312187,36.283120833395799],[-86.868925056494533,36.28308538296816],[-86.869944779908906,36.282880339674499],[-86.87051086195136,36.282716251324587],[-86.871158388806279,36.282438087767922],[-86.87196443976579,36.28195927606675],[-86.87247244982197,36.281644855448228],[-86.872642704178801,36.281484565704687],[-86.872762962969347,36.28136340152637],[-86.873003391940898,36.281102608977136],[-86.873129254727345,36.28090151186916],[-86.873245755531869,36.280659105479877],[-86.873386602172417,36.28027848600204],[-86.87343047896961,36.279966816428924],[-86.873458699224599,36.279701437125702],[-86.8734392220464,36.279434946562432],[-86.873477887362412,36.278441280759331],[-86.873505181989117,36.278234082759695],[-86.873520775356482,36.278141599647412],[-86.873754079479113,36.277259101214],[-86.874356175816061,36.276212428895604],[-86.874610588893646,36.275908272891954],[-86.874699574758552,36.275813598787508],[-86.874821701428544,36.275696491192264],[-86.875514939168553,36.275039651732961],[-86.876171831349467,36.274618547669981],[-86.876483393834846,36.274448093728914],[-86.876685741768796,36.274339021132434],[-86.876793830717503,36.27428768745952],[-86.876990528150472,36.274199715756488],[-86.877832165048801,36.273862918199512],[-86.878045708125839,36.273807971970726],[-86.878590019932929,36.273600050696885],[-86.878802233958481,36.27350184732812],[-86.87920033891038,36.273226310939116],[-86.879396959337996,36.273020546171843],[-86.879655185158242,36.272676173935579],[-86.879799246581342,36.272321790664435],[-86.879846547386379,36.271973363002317],[-86.879849358316065,36.271885596032213],[-86.879848060558132,36.271734080161643],[-86.87983658082274,36.271652158481189],[-86.879749811643251,36.271306613615877],[-86.879625542103653,36.271077611301727],[-86.879512242160843,36.270874353252466],[-86.879161677839207,36.270276642141823],[-86.879079042959887,36.270048297797132],[-86.878964353808854,36.269690216033261],[-86.878883436793259,36.269161660510925],[-86.87891939017446,36.268694749596094],[-86.878975896559112,36.268473462450821],[-86.879008769618281,36.268354611739539],[-86.879089996303662,36.268118770943808],[-86.879258447638861,36.267762074567266],[-86.879497993430746,36.267424272798074],[-86.879584696731783,36.267312779001841],[-86.879817703707758,36.267063043172818],[-86.880159500603824,36.266768305906034],[-86.880633387233672,36.266447401263925],[-86.881123208983524,36.266225271221451],[-86.881460398510754,36.266118127944672],[-86.881576790434764,36.266087700407994],[-86.881739682857699,36.266054946480288],[-86.88219571938501,36.265972790270673],[-86.882622297278388,36.265935852830928],[-86.883133777938426,36.265945851251544],[-86.885011537064173,36.266153077970571],[-86.885548497097318,36.266128370142816],[-86.886100913563894,36.266007057491514],[-86.886746062541079,36.265760759190364],[-86.886995457159799,36.265620337161295],[-86.887113893557981,36.265545522574904],[-86.887268722421041,36.265429855726708],[-86.887614610785761,36.265130980742427],[-86.888624123390201,36.264103557933865],[-86.8895218681796,36.263206917519987],[-86.889935624779909,36.262860493179225],[-86.89052516244648,36.262529048239841],[-86.891435584798373,36.262053830552823],[-86.891565470612235,36.262141807289865],[-86.89173666110166,36.262320817687829],[-86.892173158109969,36.263242484861479],[-86.892363853777553,36.26349655013238],[-86.893204102315025,36.264349817773343],[-86.893353862022622,36.264582894565983],[-86.893469709753433,36.264891936731495],[-86.893491179009388,36.265141413763203],[-86.893459382227007,36.265565072723383],[-86.893422225206393,36.266526079690308],[-86.893427600928788,36.267054841695092],[-86.893433312674233,36.267493292802307],[-86.8936574459496,36.268844735746335],[-86.893824795389634,36.269871034743495],[-86.893982257940166,36.270222003640548],[-86.894590326180591,36.271197674937092],[-86.8947329822048,36.271776583194793],[-86.895083888032758,36.273064027949133],[-86.895117301013968,36.273179400157936],[-86.895248243842957,36.273581678672059],[-86.896585407720139,36.274131070686231],[-86.897302573750679,36.27442076660158],[-86.897994944975281,36.274521556178456],[-86.898508104829361,36.274487525183105],[-86.898838162059889,36.274424464977173],[-86.90101977417369,36.273659830188933],[-86.901466679848582,36.27354301147993],[-86.901951416273036,36.273471406288145],[-86.902833790813332,36.273462757885184],[-86.903842147251055,36.273618343807136],[-86.904401714539787,36.273715142874224],[-86.904505458693848,36.273732592987166],[-86.904802884608927,36.273775099655033],[-86.905369750136074,36.273802788706774],[-86.905940440363707,36.273756963661953],[-86.906836563708495,36.273578382835474],[-86.90751518609035,36.27355199972876],[-86.909300507405035,36.273849166006151],[-86.909744984127414,36.273964973180007],[-86.910634047757114,36.274132026831019],[-86.910979284180755,36.27409920792676],[-86.911207006934063,36.27403966191995],[-86.912059745952021,36.273776587168314],[-86.912749679254134,36.273540052058934],[-86.91330099109112,36.273253708603804],[-86.913919797270708,36.272999660821505],[-86.914387068931148,36.27288573053896],[-86.914662429824446,36.27286167075269],[-86.915520226328923,36.27281550206181],[-86.916296150139203,36.272779590070122],[-86.916743334082696,36.272771011628393],[-86.917369710332892,36.272795825951761],[-86.917922001996473,36.272920055937888],[-86.918915703342236,36.273260346614343],[-86.919422161934676,36.273344571329737],[-86.919840650716381,36.273375896519568],[-86.920181407133256,36.273359567507015],[-86.920420184141875,36.273324668291124],[-86.922554493612907,36.272998270168259],[-86.923374663106543,36.272855857409674],[-86.923709855832328,36.272762644230895],[-86.923996891211971,36.272649023918873],[-86.924498965747574,36.272393659889303],[-86.926322567024414,36.271463735055271],[-86.926801448019447,36.271256955375037],[-86.927407395204469,36.271146374870995],[-86.927860177178559,36.271126138114163],[-86.929264797698096,36.27107922736699],[-86.930346551163751,36.271079317734618],[-86.930831763172378,36.271015490394277],[-86.931332021887386,36.270824838454125],[-86.931761914805236,36.270636615513965],[-86.932022394017693,36.270574172385487],[-86.932334182199497,36.270583785777156],[-86.932573683283195,36.27064855338682],[-86.932808010516482,36.270791783559943],[-86.93303587530464,36.270955356847352],[-86.933317903052966,36.271153927513616],[-86.933587103807966,36.271327829852062],[-86.934073810093921,36.271390856350351],[-86.934435522918704,36.271354580812975],[-86.93473889409573,36.271225528128909],[-86.93550897478913,36.270692748909916],[-86.936137086948506,36.27030028846039],[-86.937317886431714,36.269674050159409],[-86.937864255508728,36.269406817501007],[-86.938447246772398,36.269222189639841],[-86.940145861002122,36.268999869890202],[-86.940363271695489,36.268953882510068],[-86.940757192823298,36.268810031331114],[-86.941387356420051,36.268492305911998],[-86.941854766924465,36.268288474031323],[-86.942898623880836,36.26810023188964],[-86.943334070309731,36.267990214452617],[-86.944120847090147,36.267650477539817],[-86.945069906257771,36.267343552586404],[-86.945532154212344,36.267199059732782],[-86.947110305711021,36.266517455335475],[-86.948403451371135,36.266222652210153],[-86.948956259202618,36.266032420594065],[-86.95025998294868,36.265585127025041],[-86.950643148458866,36.265444640250728],[-86.951519880848153,36.265044227014975],[-86.952340603097994,36.26481765556445],[-86.953024427388385,36.264763781761005],[-86.953135144439642,36.264759351155874],[-86.953559268571979,36.264750357833634],[-86.954559726882792,36.264591028854483],[-86.955117106897447,36.264609459631508],[-86.955369130980159,36.264622576205966],[-86.955808037686253,36.264626659935338],[-86.956031865629498,36.264587117607704],[-86.956208882000794,36.264533523310085],[-86.956462988437792,36.264438113019999],[-86.95674138550666,36.264282590051714],[-86.958067883396382,36.26296448894832],[-86.958428069419767,36.26265590757108],[-86.959568626537546,36.261718472337471],[-86.959903918190065,36.261535706358217],[-86.960284122728169,36.261399728675499],[-86.960830224547379,36.261174834434236],[-86.960956427344215,36.261092621399804],[-86.96112210386994,36.260940230059667],[-86.961307061028819,36.260741988006949],[-86.961736649604006,36.259840114205637],[-86.961992386880283,36.259496586396047],[-86.962207043134114,36.259262486362388],[-86.96262937778414,36.25880421858335],[-86.963294554131849,36.258078733464558],[-86.964199390098642,36.257104601555277],[-86.964665777238949,36.256622100508238],[-86.965110517878202,36.25619775608584],[-86.965616601482594,36.255838313269891],[-86.967678253469259,36.25468282416972],[-86.968189068719241,36.254365396591091],[-86.968478476103002,36.25410949001563],[-86.968769338633678,36.25369043273647],[-86.969008639369491,36.253353224594285],[-86.969402773630961,36.252901272414043],[-86.969686309028702,36.252720610473439],[-86.970962399125398,36.252096739364376],[-86.971635079179464,36.251774905444321],[-86.971799218146728,36.251659877910065],[-86.972208572509928,36.251351194630921],[-86.972314276681715,36.251242913565697],[-86.973296879603666,36.250249276026004],[-86.973532015790255,36.250070837460406],[-86.973976329080045,36.249755854764061],[-86.974749339330359,36.249300664677165],[-86.975653649133434,36.247121627641611],[-86.976517517696792,36.244774324009619],[-86.977318049241802,36.242795116090235],[-86.978002672151376,36.240975826215674],[-86.978460641419275,36.239890288870178],[-86.979182271732782,36.237879769354876],[-86.979487289798868,36.237145374483816],[-86.979829358584198,36.236219756767667],[-86.98043860987984,36.234655679209531],[-86.981846923012398,36.231048493611141],[-86.982835143435281,36.228367723774412],[-86.983976535249298,36.225399140792824],[-86.983279685625661,36.223681537909229],[-86.982735908755771,36.222412863062893],[-86.982423066375944,36.221687774785806],[-86.981157457586676,36.218659445419455],[-86.980360390209796,36.217189360094821],[-86.980366668775957,36.217045945619759],[-86.980456638469946,36.21643965459392],[-86.980649380571677,36.215988597758873],[-86.980896780075383,36.215708446145875],[-86.981368718932316,36.215458576180289],[-86.981604832165161,36.21532823099399],[-86.9817743164852,36.215155675458568],[-86.981891260035226,36.214983546855635],[-86.982043103237856,36.214447316925948],[-86.982337333432042,36.213706644060338],[-86.984020695924755,36.214238580096257],[-86.983982486254206,36.214335211211889],[-86.984102717538221,36.214462657924457],[-86.984673140919853,36.214671937884468],[-86.984963405981631,36.214637464295386],[-86.987189617559622,36.215304170822037],[-86.987811686978048,36.215406049089076],[-86.987951532008296,36.214998336025005],[-86.988182034794548,36.214418702959939],[-86.987864591397027,36.214346270134193],[-86.987686361337921,36.214904185156804],[-86.986149089863247,36.214435320364011],[-86.984146918409081,36.213756124270532],[-86.984489440777111,36.212640589618026],[-86.985338896750392,36.209798320294531],[-86.983649358411697,36.20951317617935],[-86.982795054248754,36.209373091471711],[-86.980112316571436,36.208979001245879],[-86.977127650858193,36.208654635391966],[-86.973804433551848,36.20839223618708],[-86.971552607461319,36.208342958139269],[-86.969972101566341,36.208333911225111],[-86.968709642977856,36.208326672035412],[-86.967010392867124,36.208241615803047],[-86.965558350432644,36.208099223813434],[-86.963775792164554,36.207795614107944],[-86.960794775118245,36.206943920300745],[-86.959881208637242,36.206710549883439],[-86.95686760116152,36.206021959783129],[-86.955877335307349,36.205796499369846],[-86.954956481994699,36.205638280064449],[-86.953985125885083,36.205496614779904],[-86.951972310289463,36.20531139232326],[-86.951150423218522,36.205190072170218],[-86.950438564928206,36.204966233695224],[-86.949270246560388,36.204384456813997],[-86.948444603634186,36.203906305893291],[-86.947587772833742,36.203345622076569],[-86.946851343200237,36.202816410628671],[-86.945283009263633,36.201296684479985],[-86.944009754657259,36.200196139836819],[-86.943433865101639,36.199706180972406],[-86.942543911004392,36.198842169123346],[-86.942106234477535,36.198233167175985],[-86.941787767763998,36.197522333213378],[-86.941548920147838,36.196778454933096],[-86.941438166419758,36.196185718099983],[-86.941351994718119,36.19535335067475],[-86.94124065246308,36.194397722637753],[-86.941196324004594,36.193190288438132],[-86.94126687576221,36.19165767526367],[-86.941460038059589,36.190132305400603],[-86.941667025454962,36.189036392429244],[-86.941846271570554,36.187737522143202],[-86.941955718989632,36.187242733271773],[-86.942088462470238,36.186690345796343],[-86.942218449408273,36.186280750872818],[-86.942397293671391,36.185717204684103],[-86.942442342918937,36.185277301147806],[-86.942437210298721,36.183161694237775],[-86.942209513248898,36.179985946943987],[-86.942040793252644,36.179249622995584],[-86.941954269336463,36.178699094110968],[-86.941885625396537,36.177970097296082],[-86.941751019901687,36.175053007185255],[-86.941713235786708,36.174396720536372],[-86.941669873223475,36.173270332683757],[-86.941620076474692,36.172443912551472],[-86.941639068021559,36.16730458922332],[-86.941657320222262,36.166315518295796],[-86.941607239460723,36.165464782326772],[-86.941364193267887,36.163715152541037],[-86.940919457238849,36.161417160385454],[-86.940331099767363,36.159006164671837],[-86.940264888472115,36.15847979243302],[-86.94023865616667,36.157953108616326],[-86.940190237306226,36.156397137407332],[-86.940101734951682,36.155676394206957],[-86.940015250184416,36.155125860446354],[-86.939827285676074,36.154446420753658],[-86.939529676109032,36.153792153275639],[-86.939315478968098,36.1534290510604],[-86.939040027419409,36.153112338689617],[-86.937288310309313,36.151527212315365],[-86.933478774468782,36.148127483344098],[-86.933101143267052,36.147705797178055],[-86.932330872959639,36.146795772926843],[-86.931114257896027,36.145321770079406],[-86.92928709520325,36.142912160701094],[-86.928748932270508,36.142186763603092],[-86.928101388554069,36.141495832598949],[-86.927050345353351,36.140505670774758],[-86.926720332844937,36.140216962359609],[-86.925428013793706,36.13935896538036],[-86.924080145700813,36.138607332220921],[-86.923146700516654,36.138257813733041],[-86.920733458397592,36.137667916565867],[-86.919339452552038,36.137411434428053],[-86.918028026696106,36.13721066523285],[-86.913393585335385,36.136548722348472],[-86.911550835493713,36.13619788890982],[-86.910238610133305,36.135924086797459],[-86.9093869611293,36.135727858240934],[-86.908436136786307,36.135597221001589],[-86.907176487610911,36.135549957374415],[-86.905798228225279,36.135617054946167],[-86.904596420812993,36.135732246095202],[-86.901023557911785,36.136404556375219],[-86.89901585031609,36.137015487737827],[-86.898219496047005,36.137421297213002],[-86.897663916461568,36.13785604357556],[-86.896688338871456,36.138595156536461],[-86.895806784686656,36.139290715059261],[-86.893581726507307,36.141374241361042],[-86.892713206739472,36.14234528211054],[-86.891954408541508,36.143299292582419],[-86.8918074266834,36.143559770949409],[-86.89162301910099,36.144047492420711],[-86.891457868203531,36.144470223304481],[-86.89131324889857,36.144941437628141],[-86.890733843588833,36.14667896932125],[-86.890401341339,36.147396171992831],[-86.890048282187337,36.148219646167071],[-86.889616799015585,36.149302440885137],[-86.889460212071384,36.149924066988333],[-86.889287822584251,36.150629456463207],[-86.88920711269671,36.151167846204309],[-86.888567322983292,36.154465985625656],[-86.888110010260391,36.156822734407022],[-86.887969769238197,36.157854558240246],[-86.887879524767683,36.158722558773199],[-86.887847250696396,36.159411799728055],[-86.887943387489528,36.160084631917364],[-86.888219298536086,36.161203419683105],[-86.888764570146805,36.162854019473357],[-86.889439338786005,36.164343643355721],[-86.890080037175792,36.165370692061657],[-86.891876388429935,36.167276559647583],[-86.893681681867761,36.169350023696609],[-86.894314054505998,36.170007140927545],[-86.894970402767541,36.170585901505184],[-86.895717279203083,36.171212621795434],[-86.89704965340529,36.172337557464196],[-86.897928265805447,36.173117298595223],[-86.899218971566341,36.174088504232166],[-86.900770550897462,36.175138811799933],[-86.901947760725093,36.175794706246364],[-86.90244347565779,36.17608822549132],[-86.903087032006852,36.176629203063385],[-86.903511529994034,36.177031321430185],[-86.904707198537622,36.178424689236131],[-86.906705565757619,36.180987671416609],[-86.908115236121091,36.182670911849151],[-86.909673327632817,36.184264148793787],[-86.911212536736954,36.185958500128848],[-86.911680728462159,36.186595552472724],[-86.91235367317222,36.187871470986366],[-86.91255658139832,36.188350334611791],[-86.912832937844087,36.189469057504219],[-86.912948876860256,36.189986503682924],[-86.913045864171067,36.190593712160258],[-86.913049366418164,36.191122026072094],[-86.913042470446783,36.192036585631953],[-86.912987793053333,36.192499033803188],[-86.912875315131728,36.19315172192551],[-86.912429787552497,36.194489314415847],[-86.912031697230404,36.195448694195704],[-86.911530719096049,36.196471086572103],[-86.910884255498246,36.197543378308367],[-86.910384877005725,36.198346815308156],[-86.909814640542663,36.199202227573451],[-86.909323650189464,36.199992195280807],[-86.908802740943457,36.200790492102172],[-86.908191353158969,36.201548938419563],[-86.907559676567374,36.20228321538702],[-86.906868538631571,36.203066570089881],[-86.906256744358942,36.20379258426447],[-86.905722726637492,36.204323470788793],[-86.904840151286322,36.204986661107448],[-86.903966731057565,36.205576823092784],[-86.90288345977028,36.206184760096932],[-86.901807658410036,36.20656894644695],[-86.9010001837744,36.206806765007549],[-86.899992375510777,36.207016927211541],[-86.89865968915953,36.207156857370947],[-86.897563490423906,36.207156592661121],[-86.896302344872609,36.207076794559534],[-86.895501434987224,36.207009785788273],[-86.894700066456039,36.206902244382334],[-86.89386860727403,36.206786814266742],[-86.893136614218591,36.206622005941917],[-86.892223787044884,36.206385578716201],[-86.891260227110706,36.206084674484252],[-86.89030604172865,36.205726950458988],[-86.889582794444593,36.205448574732898],[-86.885481166652326,36.203573850421833],[-86.884766778758177,36.203190005654726],[-86.88247085978665,36.201788285668286],[-86.881090811203748,36.200913639634145],[-86.880426720762799,36.200438089553103],[-86.879110297261846,36.199472777447269],[-86.878045496392673,36.198643057464295],[-86.877167068423404,36.197887491281428],[-86.875884097712245,36.196721458406472],[-86.874551792865418,36.195612507663903],[-86.873712089621378,36.194735050194353],[-86.873245774706845,36.194162907115661],[-86.872435298227856,36.19321227608588],[-86.871765554991541,36.192356134656762],[-86.871549129486567,36.192054607748432],[-86.870829481456653,36.191070434344752],[-86.870312707190493,36.190244642046814],[-86.869666636200321,36.189259248837267],[-86.868666098351568,36.187672270195854],[-86.868319746802655,36.187118027453707],[-86.8680547466234,36.186776628463079],[-86.867374701023408,36.185848090910717],[-86.866872913344523,36.185094966274661],[-86.866378301541246,36.184339448370942],[-86.865949968810014,36.183572464618535],[-86.865436809150467,36.182730535798477],[-86.864610790690691,36.181636191379383],[-86.863092783348122,36.179228248233933],[-86.861791614033606,36.177573290302831],[-86.861350230553583,36.177104461828527],[-86.860929707944024,36.176674182489272],[-86.859520606493646,36.175261257262186],[-86.857752402099081,36.173445681740141],[-86.857528281454904,36.173242224790869],[-86.856307932714898,36.172171429956528],[-86.854996918966634,36.171118853198102],[-86.854058597730997,36.170323012483905],[-86.85320314545352,36.169794074068705],[-86.852409229379816,36.169335405068843],[-86.851342240849419,36.168729130982463],[-86.85057800400655,36.168313012773865],[-86.849744149175464,36.167929802398589],[-86.849189016451916,36.167720052355847],[-86.848558425722445,36.167481784421653],[-86.847847941562165,36.167294666664837],[-86.845382851695376,36.166744546907417],[-86.844492976758261,36.166648573448398],[-86.843561845777955,36.166595168633265],[-86.842398520875875,36.166608570445995],[-86.841692642961974,36.166613495106084],[-86.841093597824226,36.166685347973392],[-86.840634468896809,36.166753393932026],[-86.840175712033329,36.166882519310583],[-86.839569434802286,36.167190419412897],[-86.839101264994596,36.167572244197572],[-86.838024678429733,36.168587261039079],[-86.837741748027511,36.168897024538374],[-86.837163881685896,36.169616672337163],[-86.83638716380834,36.170673723036451],[-86.835339606899524,36.172301515531991],[-86.834013992907842,36.174586679567675],[-86.83366682641693,36.175329101990322],[-86.83342402580017,36.176082381619729],[-86.832807451840765,36.178228826317188],[-86.832435919364684,36.179982253752314],[-86.83218813406566,36.181143097196404],[-86.83185942517035,36.182215336531911],[-86.831371428767511,36.18365815975789],[-86.830940536593602,36.185369507205571],[-86.830840920006452,36.185767790079559],[-86.830596862898645,36.186730877568031],[-86.830193020991203,36.18776579558746],[-86.829776058492712,36.188560335185116],[-86.829184347053555,36.189350663992627],[-86.828513393390367,36.190214488687516],[-86.827703706133832,36.191200847949439],[-86.826696210298877,36.192399306182644],[-86.825807410678749,36.193475356300176],[-86.825085003970429,36.194288929799498],[-86.824267227931628,36.195100714072112],[-86.823411943742727,36.195842402944344],[-86.822191147616351,36.196834700916973],[-86.820702729078818,36.197862983400988],[-86.819114810208973,36.198862757419533],[-86.81790936248521,36.199494991664523],[-86.816695345326877,36.200086828060648],[-86.815431142539666,36.200662776458238],[-86.814166255849614,36.20117387178793],[-86.813159372514491,36.201488676987331],[-86.81195246930622,36.201804818859451],[-86.811004494480486,36.202013832827333],[-86.810096184468904,36.202190153404793],[-86.8084775006851,36.202338798792454],[-86.806558051355665,36.202416481523315],[-86.804757617435342,36.202396072065419],[-86.803140883811892,36.202261643040814],[-86.801701752369709,36.202154285107312],[-86.799361921081015,36.201929018350995],[-86.798000211579875,36.201743820121187],[-86.796697176848184,36.201553354881653],[-86.795085189948622,36.201276702549656],[-86.793509057771857,36.200930952057277],[-86.792247335219699,36.200506583458854],[-86.791242808242615,36.200077971016455],[-86.790087608550934,36.199566764094392],[-86.789152908376096,36.199102741767739],[-86.787824519860195,36.198339000666813],[-86.786858155176304,36.197634360697691],[-86.785831733278826,36.196749430273371],[-86.785393872707843,36.196201064979498],[-86.784735784231515,36.195386658266223],[-86.78413682788171,36.194482701380046],[-86.783708155969478,36.19365073527986],[-86.783371995496722,36.192998305384847],[-86.783018496715229,36.192072277279848],[-86.781527632088924,36.19210133805381],[-86.779774869387197,36.192249680420183],[-86.777822573701158,36.192614068136571],[-86.777047194185783,36.193161432117286],[-86.776497671740501,36.193975862936206],[-86.776060536024701,36.19497722658879],[-86.776078169388754,36.196692989453489],[-86.776327142901536,36.198087329336992],[-86.776754092619626,36.20030496038563],[-86.776852760029684,36.202073766789816],[-86.776810335876874,36.203106241936737],[-86.776627097299809,36.204296547374021],[-86.776502195679939,36.205820070989738],[-86.776423490508606,36.206349897792471],[-86.776183145281678,36.208218730541176],[-86.77614099444682,36.208509370512274],[-86.776005732299666,36.209674016395198],[-86.775982150473254,36.209891065003575],[-86.775887800121708,36.210652509474357],[-86.775811927438852,36.211250157302501],[-86.775526778763123,36.213513352209148],[-86.775460421056607,36.214091106886499],[-86.775403346751162,36.214553163072388],[-86.775334585704968,36.215061533664823],[-86.775226292979511,36.21591545786157],[-86.775163591293676,36.216426057843378],[-86.775080491778297,36.216941831716881],[-86.775054930601925,36.217404870897489],[-86.774868854693182,36.218527712711392],[-86.774686222794898,36.219456195299017],[-86.774663337512095,36.219559257335213],[-86.774474522322194,36.220267904320103],[-86.774439194077388,36.220398111195678],[-86.774245196726639,36.221057607567509],[-86.774146578171354,36.222058044114171],[-86.774090570183063,36.22278727690783],[-86.774161682635281,36.223605204435366],[-86.774262108714495,36.224192774961587],[-86.774456349342572,36.224690231941487],[-86.774618655098791,36.225149531126654],[-86.775727583517835,36.225577179466221],[-86.776187114867298,36.225766036232315],[-86.777091530432159,36.226258923165787],[-86.778282754144328,36.227192004888373],[-86.77889893088755,36.227678333806409],[-86.779228294779216,36.227970953951555],[-86.779725960002054,36.228389880216056],[-86.783218066321282,36.23172344282257],[-86.783413396751996,36.231935564996597],[-86.784999072643345,36.233988969839963],[-86.785891113486713,36.23651062657477],[-86.785968359842059,36.237150470509107],[-86.786103086300315,36.238020840997862],[-86.785990066050559,36.239387849744745],[-86.78566775161427,36.241161232428951],[-86.785520663854442,36.241719116755014],[-86.784642063827718,36.244683759723408],[-86.784528392632524,36.245069267530589],[-86.784144904504743,36.246446595839579],[-86.784084188335271,36.246697409806799],[-86.78384251690369,36.247856598376686],[-86.783914766879292,36.248663636343956],[-86.783930146093212,36.249713800916105],[-86.784045716320733,36.250271103699781],[-86.784452977561557,36.251192093945093],[-86.78449942231515,36.251322975791354],[-86.784954911840458,36.252248064515179],[-86.78511820676826,36.25258136477126],[-86.786776483810428,36.256219697146157],[-86.787036098568777,36.256747253580727],[-86.788382699971223,36.259838031709258],[-86.7884924552244,36.260083488213219],[-86.789111755536695,36.261402289579955],[-86.789734824845681,36.262726783387542],[-86.790137577496367,36.263458625272186],[-86.790237587036685,36.263747901130962],[-86.79076325022325,36.264729344259834],[-86.791344492843095,36.265875032547669],[-86.791774579374305,36.266652594122228],[-86.791847788120833,36.266804527042801],[-86.792278539024906,36.267580811833923],[-86.793162247132983,36.269147048087696],[-86.793537737157678,36.269836626942336],[-86.79358656445271,36.269940016854086],[-86.793721038460632,36.27015339253532],[-86.794586680311767,36.271233298439967],[-86.795615043927427,36.272590072269765],[-86.797265370006841,36.274375075888656],[-86.797554821470229,36.2747324018368],[-86.797698289525584,36.274914235318313],[-86.79785103369565,36.275105024391863],[-86.798735032746961,36.275953541363286],[-86.799039629749686,36.276236503246054],[-86.7996251847906,36.276795798292504],[-86.799789638581444,36.276947335303561],[-86.800832371452771,36.278031510470178],[-86.800961818085611,36.278149231146969],[-86.801312215655997,36.278489499535866],[-86.801563958070673,36.278739910152609],[-86.802039665052973,36.279239977846004],[-86.802352761757561,36.279661613844944],[-86.803503165756752,36.280633802319315],[-86.803876500443565,36.280997170812803],[-86.804175718650427,36.281354005834032],[-86.804612892890262,36.281745772337835],[-86.80477191697463,36.281888275846519],[-86.805477579081781,36.282796589588507],[-86.805535380884876,36.282870993422918],[-86.805809563413817,36.283209531377878],[-86.806012633605633,36.283410252702026],[-86.80634083053161,36.2836121992976],[-86.807175592206022,36.284661099972254],[-86.807636729395469,36.285151703591907],[-86.807757968566008,36.285312283491045],[-86.808136068948713,36.285813079633371],[-86.808811004818864,36.286825293432479],[-86.809023327750353,36.287455058703799],[-86.809267903764308,36.287878977529019],[-86.809631814162969,36.289111623478533],[-86.809708022386417,36.289336402280775],[-86.809826375230742,36.289766009025662],[-86.810095682300783,36.291319923515573],[-86.810119546745383,36.291490145104902],[-86.810536207610397,36.293149836287675],[-86.810607319095041,36.293545226736185],[-86.810952105952026,36.294956264854008],[-86.811304138008921,36.296485686473318],[-86.811313348839064,36.297385087887612],[-86.811555887467364,36.29855139870417],[-86.811742389021646,36.299241452738229],[-86.811776270911281,36.299361215402477],[-86.812007780722396,36.300078814126302],[-86.812663028828979,36.300271678681092],[-86.813261429938152,36.300782854589933],[-86.814094668678862,36.301505911530263]]]},"properties":{"CommunityNumber":3,"CommunityName":"Bordeaux - Whites Creek - Haynes Trinity","GlobalID":"{1112FBC3-285C-4C29-B548-11223136195E}","created_user":null,"created_date":null,"last_edited_user":null,"last_edited_date":null,"OBJECTID":4,"SHAPE.STArea()":1991120200.5299909,"SHAPE.STLength()":258973.06619668289}},{"type":"Feature","id":5,"geometry":{"type":"Polygon","coordinates":[[[-86.580996824636898,36.209307912613532],[-86.582605660247793,36.213783518141796],[-86.583060240405885,36.214867075426227],[-86.583276160735579,36.215475522924613],[-86.584020113588707,36.217585913364054],[-86.584403831725467,36.21859357813841],[-86.584888965195617,36.220020525447822],[-86.586274819956742,36.223707996801302],[-86.586812699973905,36.225381736032375],[-86.587259489515048,36.226483854559447],[-86.588003652940714,36.228594385509126],[-86.58845938050105,36.229811141953192],[-86.589610910989364,36.232948078720284],[-86.591003583310282,36.236864824012521],[-86.593711111725725,36.237365748671031],[-86.593622152588381,36.23805190113378],[-86.593546553828446,36.238314780984837],[-86.593470673315451,36.239785818499115],[-86.593354690142448,36.239976788245343],[-86.593449214347999,36.240033495475011],[-86.59539879837908,36.23983333119336],[-86.59508203777726,36.241453892982491],[-86.593809423375049,36.241041068770372],[-86.593788683105402,36.241441199509431],[-86.593294737898788,36.241424569049848],[-86.593112949803398,36.242225347391887],[-86.594124833321317,36.245515374220012],[-86.59588548128292,36.245144789372205],[-86.598163674708985,36.244771789199909],[-86.60276981712677,36.244501153565963],[-86.608669838102657,36.244198592717986],[-86.609377768104821,36.244146608621705],[-86.610314718516761,36.244109945553419],[-86.610746473034069,36.244139697381712],[-86.612543354859682,36.244248033916314],[-86.613310084696977,36.244290156071457],[-86.613806982038682,36.244356650494929],[-86.614366220964797,36.244536138800541],[-86.614643229605321,36.244671735490925],[-86.614760951824351,36.244765392280392],[-86.616170812091326,36.245470879759516],[-86.616897336315958,36.245846427174584],[-86.617737738787682,36.246255896947901],[-86.618392884322461,36.246608794337448],[-86.619290282775225,36.247040795828831],[-86.620948192721855,36.247851744624278],[-86.626267656556323,36.250234419102846],[-86.62777715290467,36.250916076956891],[-86.62958697323279,36.251723542509161],[-86.630881707777462,36.252313569952953],[-86.632874629093337,36.253107668723167],[-86.634222693941553,36.253680899179912],[-86.635806853672065,36.25429888437418],[-86.637953663863215,36.254816361918081],[-86.640498710725211,36.255400365531372],[-86.640740768414133,36.255502608877741],[-86.641011601357235,36.25565053925007],[-86.64125682161864,36.256143522039935],[-86.641386845414999,36.25644156550203],[-86.641516778483123,36.256728278013583],[-86.641675952220524,36.25711801832702],[-86.641950702329069,36.257748706491761],[-86.64205214160117,36.258024066754821],[-86.642211093531003,36.258333458441399],[-86.64221037868694,36.258506864948345],[-86.642284687310905,36.258677812475668],[-86.64251485756995,36.259090351706362],[-86.642559354420229,36.259296996511324],[-86.642661169455906,36.259618194267468],[-86.642820077543433,36.259973768743819],[-86.643127820163102,36.261167235813474],[-86.6432738612896,36.261660741650907],[-86.64355713072564,36.263337117350794],[-86.64360363586681,36.263842655465211],[-86.64368027771954,36.264508730657411],[-86.64372836978994,36.265209466544299],[-86.643745545369399,36.267324024936798],[-86.643658835882903,36.26886450455693],[-86.643672744702499,36.270576991221148],[-86.64374657624947,36.271157237427197],[-86.643841107941199,36.272093104906197],[-86.643803139262246,36.272221555981886],[-86.643819172675478,36.272524838237629],[-86.643739230377278,36.273541639952363],[-86.643742404489331,36.273932378290347],[-86.643761302764133,36.274483901719911],[-86.643791113762347,36.274656114711739],[-86.643892581071924,36.27493147203753],[-86.64399346906869,36.278631603106483],[-86.644068321825401,36.286066865900438],[-86.643958305529608,36.286515720070348],[-86.643934373442974,36.287067469544752],[-86.643953879022447,36.28774534722119],[-86.644048372321038,36.288412867573662],[-86.644231969755069,36.289084548378327],[-86.644508866500033,36.289650145579522],[-86.644724862834181,36.290028416008028],[-86.645405345187896,36.290672721225533],[-86.646138560360811,36.291020585465255],[-86.652983865859298,36.294776479924131],[-86.65667411900597,36.296771719479381],[-86.657389956901582,36.297108450323336],[-86.658402997906563,36.297579704186184],[-86.659940677894582,36.298243806690486],[-86.661721536878076,36.298969738622006],[-86.662248580525798,36.299196566012903],[-86.66293224478639,36.299434206939509],[-86.663544459145541,36.299649230509395],[-86.664647725885885,36.299995809353462],[-86.665423191175776,36.300202028409849],[-86.666424623784394,36.300442707444113],[-86.667400239978875,36.300639397935434],[-86.66885052249431,36.300884102400985],[-86.670488405986617,36.300996308054245],[-86.671944537968614,36.300821793757287],[-86.67313039722967,36.300540390797877],[-86.674430133286123,36.300120735044366],[-86.675602088350843,36.299508426364348],[-86.676702603924625,36.298862780348003],[-86.678113855126369,36.297632051285106],[-86.679311800715524,36.296351868333325],[-86.68171164087569,36.293307589689988],[-86.682116235833817,36.29276366114636],[-86.683572682141758,36.29089716617122],[-86.684142303407597,36.290406901927781],[-86.685097784274248,36.289352423865061],[-86.685972975776878,36.288268119642524],[-86.686470397398892,36.287141952752279],[-86.686821859389042,36.285968859144724],[-86.686797932096468,36.283208471497787],[-86.686607116553049,36.280862962739342],[-86.686071782414032,36.278105303028845],[-86.68572021104373,36.277208351156553],[-86.685101233520882,36.275668013143914],[-86.683986809007251,36.273562132937968],[-86.683573651369755,36.272806918045347],[-86.683163345015188,36.272046393000473],[-86.682731088021541,36.271340481176573],[-86.681819548766882,36.269674635277028],[-86.680872671568167,36.268196512248053],[-86.6798362406427,36.267100680168575],[-86.678064471106197,36.2654224216272],[-86.677941708422878,36.265320952663345],[-86.675547534154489,36.26339532732726],[-86.674197424415226,36.261938900457864],[-86.672719379656058,36.259844974199439],[-86.670202967008038,36.256219763377196],[-86.66891199019723,36.255143727282679],[-86.667882055598213,36.254374370475524],[-86.666370112454743,36.253472187424961],[-86.664471370230515,36.25242561196432],[-86.662935741604386,36.251290734449462],[-86.660737208397194,36.249204768167402],[-86.659772502949806,36.247572978740259],[-86.65782243202375,36.244588332020612],[-86.657605096017321,36.244324632296177],[-86.65643955163479,36.24294435517141],[-86.654394860413461,36.240625936550742],[-86.653381945629391,36.239708450760759],[-86.64998629667123,36.236667972443911],[-86.648899381076347,36.235355259074758],[-86.647920329020536,36.233700471398535],[-86.647058335076068,36.231796058259214],[-86.645576179202735,36.228734420919274],[-86.644135427039089,36.22523662561359],[-86.643340595937573,36.222244212632859],[-86.642356298284739,36.218494983689837],[-86.641843988648361,36.216977809540339],[-86.640979345907937,36.214910244687502],[-86.639717358888788,36.212325133151914],[-86.639159587300639,36.210782034713418],[-86.639012903669624,36.209457721350596],[-86.639265050109117,36.208148293875773],[-86.639752546406172,36.207133055516692],[-86.640738879308145,36.205706456711802],[-86.643337986534902,36.202908879813236],[-86.646567566264878,36.200141692165523],[-86.649774927538914,36.198033622995617],[-86.653056496213779,36.196247032458515],[-86.655699680879124,36.195059750332383],[-86.657754396561032,36.194231224044977],[-86.659274772745533,36.193823337794491],[-86.661733651635785,36.193364762505105],[-86.663615078801925,36.193000373924164],[-86.66518311129667,36.192902821627015],[-86.666526759730274,36.192839028719206],[-86.667389541560013,36.193001900151756],[-86.668121320476757,36.193266134734579],[-86.668888058451557,36.19384311741014],[-86.669567479385535,36.194693027492704],[-86.671473149571767,36.196913812200954],[-86.67299493033083,36.199665930037909],[-86.673658036231117,36.201408868846165],[-86.675429003920058,36.204105307062449],[-86.676317347647355,36.205935991395208],[-86.676481708069034,36.206660437782695],[-86.676612664516739,36.208469322129723],[-86.676623117580462,36.209694605845669],[-86.676771371638111,36.211129263837108],[-86.677344965348354,36.214438778304164],[-86.677653265731294,36.218583150918079],[-86.6776762331599,36.22131973178108],[-86.67769583696429,36.223602386315427],[-86.67770196958476,36.224331854186254],[-86.677723103169868,36.226804556633347],[-86.678148696167426,36.228995823053097],[-86.678986410370982,36.231104077731473],[-86.680361154815472,36.233407772952347],[-86.681489572697316,36.236285933988029],[-86.682592074983177,36.238261497035602],[-86.683152363772891,36.24002516404687],[-86.684123611617437,36.242007290984709],[-86.685909166575584,36.24354303799678],[-86.688101497762219,36.244855824379947],[-86.689879507109239,36.245508225344558],[-86.69220266479843,36.246157478140546],[-86.695065175083897,36.246141044270914],[-86.699016349140578,36.2457905942344],[-86.701739897589263,36.245550314714293],[-86.703981474270336,36.245116640595562],[-86.705956183786228,36.244421459361121],[-86.70801875773158,36.242938040243871],[-86.710004736838172,36.241427027027854],[-86.711505366402022,36.239971902401273],[-86.71244160013191,36.237978756561098],[-86.712850063011402,36.236642848102704],[-86.71271682839172,36.235042988477183],[-86.712597345704907,36.234409556094754],[-86.712356990711427,36.233357860503709],[-86.711911955812496,36.232055424152101],[-86.711346625496844,36.230985125160451],[-86.710625876824153,36.229742573069466],[-86.709862967911675,36.228562600678387],[-86.708738500415464,36.226144876816754],[-86.70814606344301,36.224471471879518],[-86.707742283647093,36.222763584131101],[-86.706825885176428,36.218737633184155],[-86.706421397014779,36.217472417929656],[-86.705981917439971,36.216704167315598],[-86.704737981945783,36.21472379189148],[-86.703499561691942,36.213405918026687],[-86.702210435029741,36.212045685410793],[-86.7008861485117,36.210549102060952],[-86.699841729241683,36.208796604004483],[-86.698353421632959,36.206296101275065],[-86.697538756910788,36.204702768557247],[-86.696524546283243,36.20297426890604],[-86.694924900563962,36.20039912670763],[-86.693439696264818,36.198242993996658],[-86.692625770835591,36.197028565232536],[-86.69206215895052,36.196096693596985],[-86.691378324959743,36.195096238913685],[-86.690927819608433,36.1943922922813],[-86.690345567245245,36.193475011736282],[-86.690042707406377,36.192755490901312],[-86.689871317090677,36.191995150267481],[-86.689942026066817,36.191093890328823],[-86.690091795820834,36.19062894555006],[-86.690444768196613,36.189948109633086],[-86.690805733945766,36.189204885064335],[-86.691828092521206,36.187876027700341],[-86.69304363472736,36.186411566253305],[-86.694693682928104,36.184834380894472],[-86.695885400718353,36.183807504101061],[-86.69790492218425,36.182209623057901],[-86.699024896621069,36.18131652302457],[-86.699924117921029,36.180584004997172],[-86.700940299873253,36.179552950154651],[-86.701777595699681,36.178585270651546],[-86.703457473708553,36.176289666895428],[-86.704518895992322,36.174750205967513],[-86.705609025295971,36.173535831718098],[-86.706423080035989,36.172559609509797],[-86.708170872981569,36.170847764950452],[-86.709736917368687,36.169589370761052],[-86.711570538823409,36.168290196155475],[-86.712356941774843,36.167748489356306],[-86.714811631316394,36.166400623225378],[-86.715524356834479,36.166230351753683],[-86.716803519022179,36.165959066793782],[-86.718038636506179,36.165592009040495],[-86.719282509395455,36.165224410208388],[-86.720262135000326,36.164920717964286],[-86.721190753221663,36.164645028908524],[-86.7220348290315,36.164466812029794],[-86.722809677958921,36.164370470249587],[-86.72417361242988,36.164362408579244],[-86.725402042955324,36.164355775531114],[-86.725299370848361,36.164012316083671],[-86.725255057544985,36.163858643829037],[-86.72507291108613,36.163233174297197],[-86.725010642945008,36.163000620264704],[-86.72498721163349,36.162919086235291],[-86.724758805853853,36.162129582901677],[-86.724691986966533,36.161903019394231],[-86.7244992036876,36.161242289917517],[-86.724473962234427,36.161161506041196],[-86.724188819661961,36.160207856766952],[-86.724155900437012,36.160108525820739],[-86.723787658559047,36.159004571482598],[-86.723688713231198,36.158787803221088],[-86.723569176138,36.158490339628557],[-86.723498549989486,36.158320449492741],[-86.723329921144455,36.157928242858688],[-86.722986238561305,36.157136463934876],[-86.722862633387024,36.156863198110585],[-86.722533780657997,36.156114272443723],[-86.72233075023847,36.155579637828545],[-86.72221019170982,36.155127264729536],[-86.722123753182075,36.15470181460568],[-86.722058062203345,36.154183183257658],[-86.722048766220766,36.153800858222709],[-86.722036355154046,36.153153365653772],[-86.722022083718556,36.152528481051199],[-86.722014695371286,36.152079344823427],[-86.722003544772306,36.151588042903299],[-86.72200119592398,36.151329832232982],[-86.722007212853384,36.151153468568438],[-86.722021130256451,36.150961261960688],[-86.722072428478569,36.15064280973526],[-86.721883040318943,36.150628662261994],[-86.722054166527869,36.149260283015465],[-86.72210325577656,36.148880348317725],[-86.722113347131994,36.148796641831218],[-86.722182427419028,36.148213738905987],[-86.722201041413513,36.148119025142108],[-86.722519684710946,36.145196873761734],[-86.722550838117911,36.14467213298294],[-86.722583936421472,36.144361089318075],[-86.722584539548521,36.143970018704309],[-86.722585696662776,36.143864592691401],[-86.722549694883881,36.143676805190708],[-86.722469303593755,36.143449450846191],[-86.722397654565768,36.143298790575429],[-86.7223118951418,36.143179291043914],[-86.722214259295512,36.143063818328869],[-86.721858846529244,36.142661259403852],[-86.721769458416091,36.142514997175326],[-86.721705826773544,36.142361198047404],[-86.721649806333133,36.142159794568755],[-86.721637245207859,36.141988864076623],[-86.721691465009883,36.141666273146875],[-86.721744346061811,36.141522421979154],[-86.721817174801771,36.141384117297974],[-86.722277629809213,36.140597169132811],[-86.722373676434415,36.140431327540313],[-86.721429241368355,36.140529692196637],[-86.720606615677468,36.140646503485975],[-86.720133041982194,36.140710371038494],[-86.718856983351444,36.140918881175494],[-86.717163453405362,36.141214765191215],[-86.713253662938172,36.141808989672811],[-86.711436656683702,36.142138098600334],[-86.710257788562402,36.142350323638119],[-86.708544015825495,36.142625192516157],[-86.706927832311464,36.142899430899973],[-86.704561880325144,36.143274454847344],[-86.703415902321481,36.143454991901919],[-86.701904973553553,36.143696522801363],[-86.699919826124002,36.144023095616753],[-86.698321156673572,36.144161814235957],[-86.69730070963827,36.144290475489562],[-86.695615988165542,36.144369563279618],[-86.694170961519305,36.144311783850696],[-86.692768006880996,36.144174938987156],[-86.692192545049068,36.144085903388635],[-86.691874770587248,36.144040810549448],[-86.69027935942421,36.143814139627921],[-86.68796888519347,36.143459889526916],[-86.68576099178523,36.143133728341041],[-86.680562650505209,36.142373472211361],[-86.67879763430264,36.142169143302382],[-86.677488075607329,36.142067099184146],[-86.676394389685342,36.141989504553031],[-86.672763401545481,36.141742798937791],[-86.668565024095173,36.141457758580103],[-86.667665731697468,36.141393876118691],[-86.664338657729886,36.141159522157395],[-86.659550294115306,36.140890166441551],[-86.656615992084483,36.141134520593965],[-86.654018046778205,36.141613056451483],[-86.652640878290285,36.141971794393939],[-86.650476134047551,36.142831640126253],[-86.648792996936109,36.143623786880433],[-86.646874667956055,36.144811152222353],[-86.645990959231852,36.145360834849001],[-86.644318679742966,36.146409073723277],[-86.644468718595405,36.145803575833554],[-86.644685655751985,36.144417211481183],[-86.644819422916086,36.143477173247639],[-86.644990762480262,36.142368161098965],[-86.645032880160656,36.142185084562762],[-86.645876840691599,36.142264183576891],[-86.646026131213574,36.141125605513544],[-86.64607323146079,36.14078388408052],[-86.64627453619272,36.139372829165481],[-86.646583743101743,36.137158925758698],[-86.646819595484374,36.135503755148356],[-86.645407495968229,36.135357825035086],[-86.645464901236636,36.134996257857807],[-86.64553844971266,36.134533528139237],[-86.645723955970311,36.13336775978938],[-86.645742540963369,36.133248297852859],[-86.645958967582004,36.131842200570809],[-86.646167776399338,36.130469808515812],[-86.647433560512155,36.130601886610435],[-86.647771748531099,36.130638070072131],[-86.648656410559184,36.130733994580368],[-86.649137618861076,36.130785752513411],[-86.649465532327568,36.130820722865053],[-86.649541565130363,36.130346262712635],[-86.649571912100811,36.130157254109136],[-86.649784910231773,36.128830122367326],[-86.65006332848948,36.127111872750504],[-86.650367323337449,36.125365497943029],[-86.650809313411727,36.122641447586098],[-86.650956490635224,36.121698405554305],[-86.65292788351573,36.121895498738461],[-86.652947919531471,36.121758551412199],[-86.65292956181635,36.121584898025915],[-86.652963333290216,36.121316874991379],[-86.653013765762935,36.120927363706755],[-86.65312270828197,36.120073672779206],[-86.653155033806556,36.119821425651985],[-86.653170468351647,36.119702826154978],[-86.65319702892748,36.119497196118466],[-86.653352713553531,36.118281989708912],[-86.653409259886246,36.117850391576404],[-86.653409813223064,36.117763340420765],[-86.65300388557803,36.117601915613299],[-86.652228443730095,36.11707437908737],[-86.651762806274547,36.11670157593408],[-86.650738915758041,36.115962644838817],[-86.649972622044416,36.115566560996719],[-86.649778745539024,36.115498152468831],[-86.64841690343269,36.115020840865867],[-86.647882911059156,36.114838147200537],[-86.646958115402697,36.114529948288201],[-86.64557824692659,36.113916505585792],[-86.644566740207338,36.113506071063966],[-86.643593361622735,36.113242398162051],[-86.637535058012915,36.112844483068358],[-86.635200276799424,36.112631197543791],[-86.631102607893681,36.112113593373245],[-86.630665564402875,36.112084123154766],[-86.627583995417012,36.111979204087902],[-86.625467869055811,36.112349594753454],[-86.62370326434359,36.112617885375407],[-86.62114151292117,36.112939657297524],[-86.61360294544545,36.114136909047865],[-86.611630042088265,36.114591074719378],[-86.609430042318778,36.115316729668237],[-86.607148794817221,36.116103005661195],[-86.605158797521327,36.116993468620741],[-86.602006875071808,36.118333426147196],[-86.598954973860003,36.119424521154549],[-86.597040853656793,36.119887801409156],[-86.595442550401302,36.120220414619958],[-86.59377986646011,36.120518067146065],[-86.593067027499458,36.120635378221849],[-86.566706524764214,36.122392189439857],[-86.565287403224772,36.122574415186484],[-86.563972206351309,36.122941583418026],[-86.563242222841112,36.123371058886633],[-86.56225235488759,36.12417149595057],[-86.561285192537269,36.125356228933036],[-86.56067478589091,36.126685116886165],[-86.556869934969455,36.134979661687382],[-86.556441360459814,36.13742960592198],[-86.5559712266882,36.140054347790269],[-86.555642909599413,36.141896382768678],[-86.555415058418333,36.143214641075112],[-86.551112858165922,36.143021986949023],[-86.550863871954832,36.14435629964585],[-86.552673581351144,36.144576715674098],[-86.552514889679173,36.145377347664144],[-86.556040254689577,36.145799307361372],[-86.557683181461655,36.149029460397891],[-86.557800322870833,36.149010033040362],[-86.558611401498098,36.150796494416639],[-86.562948793709694,36.159709195221431],[-86.563059826544588,36.159960717814634],[-86.563305683289698,36.160355143699036],[-86.564879863996154,36.163718912742773],[-86.569110867453475,36.170651086584336],[-86.570894497993109,36.173689976489165],[-86.572817249583821,36.182956537498079],[-86.574548645598526,36.191709578904863],[-86.575744989056176,36.19469417558917],[-86.579950440928087,36.206396702943373],[-86.580284210084145,36.206452901645747],[-86.580523515240273,36.206493194028631],[-86.580999009963591,36.206563648479417],[-86.581512213610296,36.206639688187899],[-86.581469764017598,36.20687687776708],[-86.581373754405604,36.207376070548698],[-86.581362066544571,36.207436840742389],[-86.581309860996228,36.207691648265794],[-86.58127647088952,36.207854618714947],[-86.581271412759449,36.207879305998375],[-86.581201700408442,36.208219555094431],[-86.581171424961425,36.208367323007295],[-86.58115112673967,36.208466395766777],[-86.581086289204023,36.208820001465703],[-86.580996824636898,36.209307912613532]]]},"properties":{"CommunityNumber":14,"CommunityName":"Donelson - Hermitage - Old Hickory","GlobalID":"{4C9BA617-436B-45BE-8D80-0740D86A4809}","created_user":null,"created_date":null,"last_edited_user":null,"last_edited_date":null,"OBJECTID":5,"SHAPE.STArea()":1731226861.9486458,"SHAPE.STLength()":275041.31610800955}},{"type":"Feature","id":6,"geometry":{"type":"Polygon","coordinates":[[[-86.71271682839172,36.235042988477183],[-86.715042994074466,36.234777831383283],[-86.716704699920243,36.234560555275088],[-86.718831783298057,36.234284121576422],[-86.720082303531754,36.234266047482549],[-86.721450698553397,36.234327569894482],[-86.722973112715025,36.234601925062968],[-86.724814833968708,36.235152857993484],[-86.725492844176543,36.235367967259421],[-86.726205597227647,36.235597899170571],[-86.727310380525822,36.236130353140382],[-86.729300334349773,36.236954305028775],[-86.730551294429048,36.237246342083132],[-86.732226273218927,36.237412801903652],[-86.734466068726988,36.23761061968775],[-86.735017658370069,36.23762597891956],[-86.73672007615815,36.237766870704561],[-86.736871430976862,36.23778066927278],[-86.738095231799761,36.23797891959142],[-86.739481706549284,36.238265799088694],[-86.739594714387607,36.238292048586679],[-86.742117268490333,36.238971874434398],[-86.743062483453969,36.239286434284047],[-86.744413981722289,36.239642518516717],[-86.745676001962536,36.239998460103443],[-86.746976065804333,36.240236114339943],[-86.747643256649866,36.240362298467033],[-86.748506494304479,36.240460664221857],[-86.748843101402613,36.240494607549579],[-86.750176802965854,36.240625682173985],[-86.750821852455019,36.240691819892604],[-86.750986434773282,36.24070858610137],[-86.751619367899721,36.240777663221969],[-86.752126009953827,36.240431133866359],[-86.753270637072958,36.239733300886272],[-86.754683507807925,36.238941413114077],[-86.755740843128336,36.238428666340333],[-86.756175012481705,36.238270766179859],[-86.75698607302823,36.237980402567047],[-86.758334577232759,36.237506241672527],[-86.759416222569683,36.237190579611763],[-86.760787264038498,36.236776940092497],[-86.761699026554581,36.236472113394399],[-86.762648999080369,36.236262669010578],[-86.763590207763258,36.235847933050607],[-86.763774076393403,36.235751140181563],[-86.765383729816122,36.235033252208389],[-86.766829922920977,36.234201863870766],[-86.768251408030366,36.233185706229762],[-86.769611623097475,36.232021594041612],[-86.769795586190682,36.231855868445223],[-86.770667679542669,36.231043949417483],[-86.771156150790446,36.230480476168879],[-86.772166433681647,36.229094808448245],[-86.772484039107454,36.228491621341725],[-86.773016574041478,36.227525455669578],[-86.773279689720653,36.227025046822916],[-86.773684143331266,36.226421455732215],[-86.774011056659589,36.22595902153715],[-86.774353875218949,36.225509271815397],[-86.774618655098791,36.225149531126654],[-86.774456349342572,36.224690231941487],[-86.774262108714495,36.224192774961587],[-86.774161682635281,36.223605204435366],[-86.774090570183063,36.22278727690783],[-86.774146578171354,36.222058044114171],[-86.774245196726639,36.221057607567509],[-86.774439194077388,36.220398111195678],[-86.774474522322194,36.220267904320103],[-86.774663337512095,36.219559257335213],[-86.774686222794898,36.219456195299017],[-86.774868854693182,36.218527712711392],[-86.775054930601925,36.217404870897489],[-86.775080491778297,36.216941831716881],[-86.775163591293676,36.216426057843378],[-86.775226292979511,36.21591545786157],[-86.775334585704968,36.215061533664823],[-86.775403346751162,36.214553163072388],[-86.775460421056607,36.214091106886499],[-86.775526778763123,36.213513352209148],[-86.775811927438852,36.211250157302501],[-86.775887800121708,36.210652509474357],[-86.775982150473254,36.209891065003575],[-86.776005732299666,36.209674016395198],[-86.77614099444682,36.208509370512274],[-86.776183145281678,36.208218730541176],[-86.776423490508606,36.206349897792471],[-86.776502195679939,36.205820070989738],[-86.776627097299809,36.204296547374021],[-86.776810335876874,36.203106241936737],[-86.776852760029684,36.202073766789816],[-86.776754092619626,36.20030496038563],[-86.776327142901536,36.198087329336992],[-86.776078169388754,36.196692989453489],[-86.776060536024701,36.19497722658879],[-86.776497671740501,36.193975862936206],[-86.777047194185783,36.193161432117286],[-86.777822573701158,36.192614068136571],[-86.779774869387197,36.192249680420183],[-86.781527632088924,36.19210133805381],[-86.783018496715229,36.192072277279848],[-86.782575652976959,36.190209726346076],[-86.782396473417066,36.188621372105864],[-86.782376878963078,36.186634517847978],[-86.78202638285488,36.184252341230959],[-86.781841124204419,36.182001637864744],[-86.781490664647364,36.179619456673798],[-86.780813696826087,36.177239557178297],[-86.780303635870311,36.17603203357919],[-86.777154094070724,36.176773017066502],[-86.775828255398991,36.176944973148011],[-86.774145534759015,36.176859114172842],[-86.77254713048238,36.176776125999751],[-86.772192218585644,36.176229027622355],[-86.771595736175769,36.175326267180452],[-86.771016183965116,36.174612471428517],[-86.770082081014181,36.173542271562397],[-86.769581300860935,36.173044961483484],[-86.769441213043677,36.172900690441473],[-86.768629654964045,36.172062562109318],[-86.767795738988951,36.171161738175513],[-86.767414818653918,36.17062475571521],[-86.766832170305221,36.169838454839976],[-86.765683296298789,36.167974878272545],[-86.76513071376155,36.167051638166306],[-86.764651336711609,36.166212252927288],[-86.763982369334954,36.165302745089726],[-86.763359507023821,36.164606183192838],[-86.762877601507157,36.164144604385363],[-86.762113154947798,36.163410339047985],[-86.761271708324074,36.162656931282562],[-86.760968593322573,36.162268415281538],[-86.760650958264804,36.161690098645686],[-86.760436058323236,36.161005714918765],[-86.760241046537004,36.159656413652819],[-86.760216231854088,36.159014784823619],[-86.75942710788064,36.159029539581859],[-86.758719412626959,36.159105758128575],[-86.756950986816975,36.159404275515712],[-86.755317059578644,36.159598566578168],[-86.753412987326428,36.159929128756822],[-86.751254464578736,36.160221240734792],[-86.750228671610174,36.160379912574307],[-86.747665574706659,36.16097047128288],[-86.745714048976183,36.161575397290704],[-86.744200308191324,36.161994912698347],[-86.742454550116307,36.162510953743485],[-86.739802825536046,36.163101717843645],[-86.738210569910322,36.163326940517869],[-86.736023227161127,36.163632175436433],[-86.733786423504412,36.163856804587695],[-86.732167896160419,36.164083652250284],[-86.729184317682694,36.164243703899892],[-86.727767035101408,36.164252258369885],[-86.726902262778381,36.164293868395433],[-86.72606687966622,36.164307824791351],[-86.725402042955324,36.164355775531114],[-86.72417361242988,36.164362408579244],[-86.722809677958921,36.164370470249587],[-86.7220348290315,36.164466812029794],[-86.721190753221663,36.164645028908524],[-86.720262135000326,36.164920717964286],[-86.719282509395455,36.165224410208388],[-86.718038636506179,36.165592009040495],[-86.716803519022179,36.165959066793782],[-86.715524356834479,36.166230351753683],[-86.714811631316394,36.166400623225378],[-86.712356941774843,36.167748489356306],[-86.711570538823409,36.168290196155475],[-86.709736917368687,36.169589370761052],[-86.708170872981569,36.170847764950452],[-86.706423080035989,36.172559609509797],[-86.705609025295971,36.173535831718098],[-86.704518895992322,36.174750205967513],[-86.703457473708553,36.176289666895428],[-86.701777595699681,36.178585270651546],[-86.700940299873253,36.179552950154651],[-86.699924117921029,36.180584004997172],[-86.699024896621069,36.18131652302457],[-86.69790492218425,36.182209623057901],[-86.695885400718353,36.183807504101061],[-86.694693682928104,36.184834380894472],[-86.69304363472736,36.186411566253305],[-86.691828092521206,36.187876027700341],[-86.690805733945766,36.189204885064335],[-86.690444768196613,36.189948109633086],[-86.690091795820834,36.19062894555006],[-86.689942026066817,36.191093890328823],[-86.689871317090677,36.191995150267481],[-86.690042707406377,36.192755490901312],[-86.690345567245245,36.193475011736282],[-86.690927819608433,36.1943922922813],[-86.691378324959743,36.195096238913685],[-86.69206215895052,36.196096693596985],[-86.692625770835591,36.197028565232536],[-86.693439696264818,36.198242993996658],[-86.694924900563962,36.20039912670763],[-86.696524546283243,36.20297426890604],[-86.697538756910788,36.204702768557247],[-86.698353421632959,36.206296101275065],[-86.699841729241683,36.208796604004483],[-86.7008861485117,36.210549102060952],[-86.702210435029741,36.212045685410793],[-86.703499561691942,36.213405918026687],[-86.704737981945783,36.21472379189148],[-86.705981917439971,36.216704167315598],[-86.706421397014779,36.217472417929656],[-86.706825885176428,36.218737633184155],[-86.707742283647093,36.222763584131101],[-86.70814606344301,36.224471471879518],[-86.708738500415464,36.226144876816754],[-86.709862967911675,36.228562600678387],[-86.710625876824153,36.229742573069466],[-86.711346625496844,36.230985125160451],[-86.711911955812496,36.232055424152101],[-86.712356990711427,36.233357860503709],[-86.712597345704907,36.234409556094754],[-86.71271682839172,36.235042988477183]]]},"properties":{"CommunityNumber":5,"CommunityName":"East Nashville","GlobalID":"{4F4B0235-CFD0-43E5-B55E-A65E565639C9}","created_user":null,"created_date":null,"last_edited_user":null,"last_edited_date":null,"OBJECTID":6,"SHAPE.STArea()":574719788.44107115,"SHAPE.STLength()":93545.729828610405}},{"type":"Feature","id":7,"geometry":{"type":"Polygon","coordinates":[[[-86.885244937816736,36.078931816188074],[-86.885422609549863,36.079017784118925],[-86.885417072726682,36.079545794464153],[-86.885440462553973,36.080619590071493],[-86.885518210195897,36.082584953843266],[-86.886471043486566,36.082559751811864],[-86.88681926934234,36.0826032058024],[-86.887146215651669,36.082651126120119],[-86.887538516565712,36.082761369062325],[-86.888066360787235,36.082945937184171],[-86.889071884642021,36.083360547074228],[-86.889559698506019,36.083499714062192],[-86.892142016822746,36.084051692118486],[-86.892664248667117,36.08415723225616],[-86.893128931015937,36.084294722392045],[-86.893657121653561,36.084460365416696],[-86.894750131173467,36.08490149943146],[-86.895911778388594,36.084483374797564],[-86.896492950688838,36.084324355440344],[-86.89726315416182,36.084983095048003],[-86.897566641614901,36.085071835750036],[-86.897951806085231,36.085387466481549],[-86.898387155868747,36.086212491589983],[-86.89970770323113,36.085966045706918],[-86.90089443293698,36.085820684851626],[-86.901678429979981,36.085714724657244],[-86.902492533735312,36.085317163380758],[-86.902278207143837,36.087193875198402],[-86.90307431177537,36.08818908251498],[-86.905021513835848,36.088802551557635],[-86.905598650866168,36.08925321625437],[-86.906617579045545,36.090119326969422],[-86.906824601514714,36.090316424003582],[-86.907228261488655,36.090579003283608],[-86.907834633758881,36.090920066103976],[-86.908323213958752,36.091171528791762],[-86.908691124821246,36.091969724704349],[-86.909069310983242,36.092149388301891],[-86.909468750498661,36.092300560362411],[-86.910745202460646,36.093110093799282],[-86.912021916788319,36.092982144557418],[-86.913272325980941,36.09343695002763],[-86.913588542273388,36.093634753679659],[-86.914323246884521,36.094129854284297],[-86.914530941681434,36.094125532084966],[-86.915583935483895,36.093565019234553],[-86.916243614842656,36.093387109178686],[-86.916534895972518,36.093366695581317],[-86.916816014569193,36.093455558078098],[-86.917042132516627,36.093581238067841],[-86.917200980956736,36.093743829180568],[-86.917419039982818,36.094197340018788],[-86.917941387645612,36.094730262337478],[-86.917278161216927,36.095590877024833],[-86.916679252737524,36.096159800318183],[-86.916322056533716,36.096299014478696],[-86.915394639225028,36.096597428494412],[-86.914997157015364,36.09672921812232],[-86.914613696481567,36.096976452283663],[-86.914257994237531,36.097393111539269],[-86.914005115240556,36.097700134371848],[-86.913940671414352,36.097946321418632],[-86.914283945913738,36.098508087695883],[-86.914333357780393,36.098718969179451],[-86.913556099248893,36.09960594073371],[-86.912679023257894,36.100386248797179],[-86.912463502745965,36.100668432634528],[-86.912369263079725,36.100752590401854],[-86.912042178288331,36.101305525085422],[-86.911872338001174,36.101439016117325],[-86.911158297570012,36.101753811127239],[-86.911013577519924,36.101864103728637],[-86.910701927752513,36.102066827941876],[-86.910781878488478,36.102175423375861],[-86.911074550220846,36.102273311931839],[-86.912522841330414,36.102407960599663],[-86.915313307006713,36.102617528207873],[-86.915865381266343,36.102671709106765],[-86.915600177756957,36.104624284602878],[-86.913950900674607,36.10468174512193],[-86.913061620410261,36.105362047840693],[-86.912575783350775,36.106021091760319],[-86.912277838392981,36.10646014246052],[-86.912094504812174,36.108072559318174],[-86.912043453884834,36.108528113237846],[-86.911973533535544,36.109256807396235],[-86.911880866144799,36.109994773277911],[-86.911756961561323,36.110924073342098],[-86.911641763511398,36.111616709446686],[-86.911486508897227,36.112764815367875],[-86.911310281567182,36.114040306222549],[-86.911195179512973,36.114742040475321],[-86.911059102770153,36.115607731211774],[-86.910997247029755,36.116081565163974],[-86.910857784371487,36.117611745414791],[-86.910727759848399,36.118968955563801],[-86.910566795995436,36.120581195658751],[-86.910797701010949,36.121339722655826],[-86.910523774340163,36.121627664630005],[-86.909952640220155,36.122166979278475],[-86.909789960008922,36.12233852881603],[-86.909273428543671,36.122915888137896],[-86.908818078014974,36.123292243307652],[-86.908454999944013,36.123595102739166],[-86.907771476039414,36.124117224864385],[-86.907235334349579,36.124425331742835],[-86.906841712613883,36.124612006061362],[-86.906081050774873,36.125052627581994],[-86.905014245074341,36.12555786695652],[-86.904481258414208,36.125810308226967],[-86.903796049620397,36.126188367095132],[-86.903501748741277,36.126326211329115],[-86.90240675753607,36.12692418230575],[-86.901848817685035,36.127329989842892],[-86.901307721429191,36.127838436721582],[-86.900627148250379,36.128627996863884],[-86.900212383945416,36.129081106745815],[-86.899547066938851,36.129762034969573],[-86.899079557122576,36.130305674157455],[-86.898034971940646,36.131513090693787],[-86.896925144003262,36.132681149324249],[-86.896109548886685,36.133473570182808],[-86.895523192244752,36.13399902383776],[-86.895049807176875,36.13436661771081],[-86.894434350291178,36.134813771240466],[-86.893225946137861,36.135700383961641],[-86.892393259799604,36.136302499809076],[-86.891612285054521,36.136873837547036],[-86.887902839583759,36.139655696145965],[-86.887516607618593,36.13995898102246],[-86.887557853199496,36.140189458415399],[-86.887611590028854,36.140376210502332],[-86.88754461006846,36.140443835922476],[-86.887727021025611,36.140666212341053],[-86.887780786253117,36.140741877562668],[-86.887901868116103,36.140931396156461],[-86.887963253431195,36.14100700521746],[-86.888125751600384,36.141227810617245],[-86.88830614290957,36.141382896635704],[-86.888437372545894,36.141495420685942],[-86.888575473720067,36.141616650423032],[-86.888823371102802,36.141977787353156],[-86.88888470159246,36.142123962904762],[-86.888929934756177,36.14223145399437],[-86.889122381923087,36.142290815958475],[-86.889256085140815,36.142359367015771],[-86.889362543736596,36.142414554859727],[-86.889446441011614,36.142496521620153],[-86.88959289277237,36.142569270696171],[-86.889705690251034,36.142623381333337],[-86.889819551944257,36.142659112674465],[-86.889985588650532,36.142628356574129],[-86.890093510023277,36.142587383899688],[-86.890219944079263,36.142536144547215],[-86.890408630458282,36.142524278870717],[-86.890525632410444,36.142538009438304],[-86.890664892056648,36.142573380834115],[-86.890768917398546,36.142600255761742],[-86.890866813113689,36.142684521923961],[-86.8909352739377,36.142748917065084],[-86.891136248939503,36.142851136560886],[-86.891313554650324,36.142956792774477],[-86.891469070492903,36.143044753462938],[-86.891708428228284,36.1431717558565],[-86.891838623139321,36.143229169829503],[-86.891954408541508,36.143299292582419],[-86.892713206739472,36.14234528211054],[-86.893581726507307,36.141374241361042],[-86.895806784686656,36.139290715059261],[-86.896688338871456,36.138595156536461],[-86.897663916461568,36.13785604357556],[-86.898219496047005,36.137421297213002],[-86.89901585031609,36.137015487737827],[-86.901023557911785,36.136404556375219],[-86.904596420812993,36.135732246095202],[-86.905798228225279,36.135617054946167],[-86.907176487610911,36.135549957374415],[-86.908436136786307,36.135597221001589],[-86.9093869611293,36.135727858240934],[-86.910238610133305,36.135924086797459],[-86.911550835493713,36.13619788890982],[-86.913393585335385,36.136548722348472],[-86.918028026696106,36.13721066523285],[-86.919339452552038,36.137411434428053],[-86.920733458397592,36.137667916565867],[-86.923146700516654,36.138257813733041],[-86.924080145700813,36.138607332220921],[-86.925428013793706,36.13935896538036],[-86.926720332844937,36.140216962359609],[-86.927050345353351,36.140505670774758],[-86.928101388554069,36.141495832598949],[-86.928748932270508,36.142186763603092],[-86.92928709520325,36.142912160701094],[-86.931114257896027,36.145321770079406],[-86.932330872959639,36.146795772926843],[-86.933101143267052,36.147705797178055],[-86.933478774468782,36.148127483344098],[-86.937288310309313,36.151527212315365],[-86.939040027419409,36.153112338689617],[-86.939315478968098,36.1534290510604],[-86.939529676109032,36.153792153275639],[-86.939827285676074,36.154446420753658],[-86.940015250184416,36.155125860446354],[-86.940101734951682,36.155676394206957],[-86.940190237306226,36.156397137407332],[-86.94023865616667,36.157953108616326],[-86.940264888472115,36.15847979243302],[-86.940331099767363,36.159006164671837],[-86.940919457238849,36.161417160385454],[-86.941364193267887,36.163715152541037],[-86.941607239460723,36.165464782326772],[-86.941657320222262,36.166315518295796],[-86.941639068021559,36.16730458922332],[-86.941620076474692,36.172443912551472],[-86.941669873223475,36.173270332683757],[-86.941713235786708,36.174396720536372],[-86.941751019901687,36.175053007185255],[-86.941885625396537,36.177970097296082],[-86.941954269336463,36.178699094110968],[-86.942040793252644,36.179249622995584],[-86.942209513248898,36.179985946943987],[-86.942437210298721,36.183161694237775],[-86.942442342918937,36.185277301147806],[-86.942397293671391,36.185717204684103],[-86.942218449408273,36.186280750872818],[-86.942088462470238,36.186690345796343],[-86.941955718989632,36.187242733271773],[-86.941846271570554,36.187737522143202],[-86.941667025454962,36.189036392429244],[-86.941460038059589,36.190132305400603],[-86.94126687576221,36.19165767526367],[-86.941196324004594,36.193190288438132],[-86.94124065246308,36.194397722637753],[-86.941351994718119,36.19535335067475],[-86.941438166419758,36.196185718099983],[-86.941548920147838,36.196778454933096],[-86.941787767763998,36.197522333213378],[-86.942106234477535,36.198233167175985],[-86.942543911004392,36.198842169123346],[-86.943433865101639,36.199706180972406],[-86.944009754657259,36.200196139836819],[-86.945283009263633,36.201296684479985],[-86.946851343200237,36.202816410628671],[-86.947587772833742,36.203345622076569],[-86.948444603634186,36.203906305893291],[-86.949270246560388,36.204384456813997],[-86.950438564928206,36.204966233695224],[-86.951150423218522,36.205190072170218],[-86.951972310289463,36.20531139232326],[-86.953985125885083,36.205496614779904],[-86.954956481994699,36.205638280064449],[-86.955877335307349,36.205796499369846],[-86.95686760116152,36.206021959783129],[-86.959881208637242,36.206710549883439],[-86.960794775118245,36.206943920300745],[-86.963775792164554,36.207795614107944],[-86.965558350432644,36.208099223813434],[-86.967010392867124,36.208241615803047],[-86.968709642977856,36.208326672035412],[-86.969972101566341,36.208333911225111],[-86.971552607461319,36.208342958139269],[-86.973804433551848,36.20839223618708],[-86.977127650858193,36.208654635391966],[-86.980112316571436,36.208979001245879],[-86.982795054248754,36.209373091471711],[-86.983649358411697,36.20951317617935],[-86.983784152878314,36.208799894449797],[-86.984196248106826,36.206702221104074],[-86.984307045228618,36.206138678710602],[-86.984944163855275,36.202852420598852],[-86.984974791172704,36.202691637255256],[-86.985260461505803,36.201199349209062],[-86.985478868438335,36.20005700555285],[-86.986166039753314,36.196442734090382],[-86.98621697702383,36.196178081080262],[-86.986310124626925,36.195696577140971],[-86.986790022991372,36.19320274909802],[-86.987370655140509,36.190193697482819],[-86.98808674387513,36.186500187877492],[-86.988437391754772,36.184690748143836],[-86.988904275658413,36.182284917268611],[-86.989046640627237,36.181540828149373],[-86.989472154300387,36.179352868963704],[-86.989503980399306,36.179187781083151],[-86.989691452379049,36.178223723021127],[-86.989782938734336,36.177748236623323],[-86.989823476790974,36.177534659184765],[-86.989966359507463,36.176799491767646],[-86.990523808996002,36.173920401111445],[-86.990569997615623,36.173684799829111],[-86.991196244401948,36.170451274790551],[-86.991308744451786,36.169896462004111],[-86.991373521490814,36.16945415802936],[-86.991563455386597,36.168182395876279],[-86.992132291504092,36.164394412243126],[-86.992413655978453,36.162681152559934],[-86.992820949764607,36.160203152886993],[-86.99332386162672,36.157179400303434],[-86.994181866401277,36.151678062189255],[-86.994690265619411,36.148458688921423],[-86.995046525718493,36.146176654131551],[-86.995687299824397,36.141534188442762],[-86.995831059088744,36.140675892311933],[-86.99610009268693,36.139072599656913],[-86.996478148956172,36.136813553483471],[-86.996752627539934,36.135173984523085],[-86.996936912966348,36.134072571103815],[-86.997145608142915,36.132791703581766],[-86.997456592422097,36.130926562707131],[-86.997665603184544,36.129672131867657],[-86.997695902510642,36.129489538862991],[-86.997884617007031,36.128338465027717],[-86.997937722117001,36.128017123543955],[-86.998251188091174,36.127766255732546],[-86.999745881720898,36.126527615340592],[-87.001763242095308,36.124850393415365],[-87.002437648773778,36.124291066464643],[-87.002590196485727,36.12413698787779],[-87.005607548470849,36.121653676558303],[-87.009333839258815,36.118586421332367],[-87.015648943674321,36.11338744723178],[-87.016069345484695,36.113035530611285],[-87.022747210074527,36.107484736895081],[-87.025708993570106,36.105022835245059],[-87.029424564308997,36.101933562157292],[-87.035754055076012,36.09651410842077],[-87.035886909286589,36.096383849310392],[-87.03610583461932,36.096169919738387],[-87.037308195029809,36.095154110977894],[-87.037989935535819,36.094579060771203],[-87.038173254368502,36.094425700271827],[-87.038219165526456,36.093568181198776],[-87.038303106209213,36.091930131707237],[-87.038346470633101,36.091104570091204],[-87.038356919969019,36.090868221449377],[-87.038544704306844,36.086979838167792],[-87.035624691703589,36.086592875359756],[-87.035514922954249,36.086545570536963],[-87.035517163772354,36.086198202705233],[-87.035531817588208,36.085861888717091],[-87.03553323463197,36.085548696158092],[-87.0355236575801,36.085398197702787],[-87.035512690702518,36.085205988128344],[-87.035451794761329,36.08501317715632],[-87.035360249252321,36.08422156867865],[-87.035306710369824,36.083651813251109],[-87.035267304951859,36.083322487889397],[-87.035331627582735,36.08296686019677],[-87.035347008171414,36.082881049872576],[-87.035405859686179,36.082722408865727],[-87.035469345969958,36.082627256979976],[-87.035572359187512,36.082578639623016],[-87.035732987399001,36.082341515824858],[-87.035979589256101,36.082241528103076],[-87.03630189387323,36.082139858985627],[-87.036514921454412,36.082093042320814],[-87.036757822593231,36.082033777690938],[-87.036933287944038,36.081993807884587],[-87.037182019181472,36.081959903843881],[-87.037522724588811,36.081939287217303],[-87.037663481957281,36.081930349319258],[-87.037938632400568,36.081943433816519],[-87.038193529454844,36.081992920791393],[-87.038359366033319,36.08202548921026],[-87.038677298383746,36.082107398646272],[-87.038864487405405,36.082155235412941],[-87.038909621117455,36.081465814397006],[-87.03901359617015,36.079873774016875],[-87.039465393373789,36.06888105910307],[-87.039727269602025,36.065620609709612],[-87.039907769372817,36.063382822298237],[-87.040109012906115,36.060888848330478],[-87.04034839267814,36.057884591310831],[-87.040599268244208,36.052756117032509],[-87.040617704648042,36.052387830413409],[-87.040893321533943,36.046891007079338],[-87.04117780646186,36.042267717226451],[-87.041634789322231,36.041937362974423],[-87.041696923649909,36.042032463682645],[-87.041769171498927,36.042157181311339],[-87.041820268703631,36.042248943340006],[-87.0418581898669,36.042335496516266],[-87.041891359176816,36.042414364191309],[-87.041958988175139,36.042509245549454],[-87.042034524263855,36.042594443200258],[-87.042132052695948,36.042712245623889],[-87.042252618709909,36.042813365353659],[-87.042360635919181,36.042892615702598],[-87.042483466765347,36.042972939711994],[-87.042632259256067,36.043066088293884],[-87.042803754426302,36.043149253236699],[-87.042970907140742,36.043223698738075],[-87.043125829928144,36.04326837379179],[-87.04322663776415,36.043313688851107],[-87.043326091698304,36.043352490886448],[-87.043495956931821,36.043408024997674],[-87.043628005501517,36.043481743363827],[-87.043728192573184,36.043576341754218],[-87.043774146103871,36.043694761257491],[-87.043789578475639,36.043839543765465],[-87.043803023257254,36.043929570663934],[-87.043823435731369,36.044034990350497],[-87.043840656438576,36.04412275241242],[-87.043866288021661,36.044207007578947],[-87.043901151293838,36.044285860016799],[-87.043953507190963,36.044376580015495],[-87.044010877073475,36.044494900510642],[-87.04405971672368,36.044607628730596],[-87.044137648683218,36.044778311699744],[-87.0441866916902,36.044906491245847],[-87.044205600937445,36.045026175108383],[-87.044219290002687,36.045134743596577],[-87.044241274010929,36.045263157585104],[-87.044263933232287,36.045346408199244],[-87.044290924301521,36.04543751954121],[-87.044341552206035,36.045589723496306],[-87.044358462880481,36.04571818141968],[-87.04434488875404,36.045843641202218],[-87.044341416812145,36.045965579400168],[-87.04435097967702,36.046081910181464],[-87.044366359418774,36.046222572167729],[-87.044448637239924,36.046627246427313],[-87.044518854863611,36.046725537908749],[-87.044639362092042,36.046918000958911],[-87.04474337580173,36.047013767217038],[-87.044821063307324,36.047069068378548],[-87.044949255188115,36.047138354496106],[-87.045271571922001,36.047242185846919],[-87.045496952787602,36.047306164104448],[-87.045625964586051,36.047341273789307],[-87.045731475524263,36.047357871804479],[-87.045833009484696,36.047361454925387],[-87.045966998412538,36.047357029699931],[-87.046106438703276,36.047349122972697],[-87.046294373665049,36.047331008059395],[-87.04673738468118,36.047287669523008],[-87.046926311880682,36.047248597412931],[-87.047043842376652,36.047214609600786],[-87.047222727857545,36.047151586050987],[-87.047727189674205,36.046926221263213],[-87.047947920389831,36.046829866095777],[-87.048479150100491,36.046774765025127],[-87.048961722872377,36.046749617829079],[-87.049095767250549,36.046749481171624],[-87.049523469677652,36.046860110271702],[-87.049686976313041,36.04694556717412],[-87.049777146421874,36.047017239795863],[-87.049843130241513,36.047082598397495],[-87.04990635860544,36.047163434114886],[-87.050005984774614,36.047342681092786],[-87.050253247773625,36.047814251138163],[-87.050393012084228,36.048054788839494],[-87.050545570163663,36.048431374197236],[-87.050601463498424,36.048564985866371],[-87.050651147683794,36.04864473734748],[-87.050703734967783,36.048720170956905],[-87.050773701134688,36.048798715341704],[-87.050854688034164,36.048879224004224],[-87.050938330082886,36.048968637938856],[-87.051010615670563,36.049030678608581],[-87.051087507005306,36.049089245032967],[-87.051212850037885,36.049166275948878],[-87.051357188560431,36.049240737195724],[-87.05151918599509,36.049307489321258],[-87.051673004647512,36.049363323704661],[-87.051845311891555,36.049410239743331],[-87.052157512753354,36.049483234791978],[-87.052453662760925,36.04955757112284],[-87.053168162956311,36.049673408962299],[-87.053376075580786,36.049726536318339],[-87.053713837587139,36.049813555156398],[-87.053863109491687,36.049845216591649],[-87.053996168387513,36.049866030740631],[-87.054093739530401,36.049889387272039],[-87.054238345471063,36.049951823640654],[-87.054385780759404,36.049972511596536],[-87.054681075716232,36.049982118460044],[-87.054850468559877,36.050000381561773],[-87.054381281054958,36.048199044888271],[-87.054018629706846,36.046776921647506],[-87.05274134757839,36.041778171947364],[-87.052618242941705,36.041294704645949],[-87.052055080680361,36.039094111492439],[-87.051223122361293,36.035812420197956],[-87.049824059497183,36.03049721507535],[-87.049780849267705,36.030330525267509],[-87.048340043156529,36.024848595226835],[-87.047192620653817,36.020123361989512],[-87.047008905839789,36.019365689799727],[-87.046316076702269,36.016506850054498],[-87.045685136908261,36.013882700580133],[-87.044773248646379,36.010171356994327],[-87.044701797669632,36.009880253395593],[-87.044339575004003,36.008399880689751],[-87.04368979437271,36.005747206133357],[-87.042995466375046,36.002917028177912],[-87.042192844137475,35.99965577658125],[-87.041645204854433,35.997434208925881],[-87.041004366696541,35.994837584779447],[-87.040293439422754,35.991951382624336],[-87.039498230439634,35.989563671349941],[-87.034362874674287,35.989689279259196],[-87.028544788559799,35.989857761022435],[-87.024789919145476,35.99208431387423],[-87.024256802261434,35.99242504441095],[-87.019706666928116,35.995331787846041],[-87.016425890474821,35.997427684544604],[-87.016074207859347,35.997652664027854],[-87.014197147010449,35.998854265780899],[-87.010596400110813,36.0011350418985],[-87.00730276317735,36.003220832567386],[-87.004470728788633,36.005025726040309],[-87.004135308055851,36.005238514936302],[-86.999611166662987,36.008110093299052],[-86.99854276844566,36.008788250359288],[-86.994071928593897,36.0116279234472],[-86.991960711958797,36.012984431419788],[-86.989827192198845,36.014354649102948],[-86.988477122064978,36.015203124776811],[-86.984104500198541,36.017976193698367],[-86.984007197423296,36.018037942605851],[-86.981036428304535,36.019921012689124],[-86.979908985082133,36.020635709914487],[-86.973940407980436,36.024411572977471],[-86.972127345471293,36.025487672648374],[-86.970744804042909,36.026373465539898],[-86.964895125594182,36.030158899436877],[-86.96387244781225,36.03082092162964],[-86.963515885343014,36.031051277031345],[-86.959276045348403,36.033794886885389],[-86.956019012971311,36.035877916595915],[-86.954925203347145,36.036614084609276],[-86.954357361490793,36.037105353882851],[-86.953806980344851,36.037572444117977],[-86.953670714019594,36.037703156396262],[-86.94622170232104,36.042177149069857],[-86.943732076730157,36.043672433334763],[-86.936951249505285,36.047743977539618],[-86.933656822720991,36.04987338003766],[-86.928659475510457,36.052924456644732],[-86.923535761713367,36.052267245270059],[-86.913371589023058,36.05096235677653],[-86.902978836167989,36.049706092764367],[-86.901039124043209,36.051579713718311],[-86.900293638209007,36.052309116849486],[-86.899698673138815,36.052895687434038],[-86.899167975136379,36.0534039890765],[-86.898681826153876,36.053862186358636],[-86.899296443817391,36.054079981358562],[-86.89966061314118,36.054230965849875],[-86.899960425799492,36.054388972697119],[-86.900215943872851,36.054547309662695],[-86.900488420472442,36.054780734859484],[-86.900818985170858,36.055164158520611],[-86.901003392217049,36.055444024800387],[-86.901119413016715,36.055730942691085],[-86.901195349147997,36.05603451048249],[-86.901337537007407,36.056497830254912],[-86.901503258674069,36.05690537548962],[-86.901676220091119,36.057240922297865],[-86.901920137235237,36.057557701203613],[-86.902184060011422,36.057858087170679],[-86.902489468915348,36.05827805789999],[-86.902686998795048,36.058685686022734],[-86.902801988124821,36.058979631208068],[-86.903126547368601,36.059702626098435],[-86.903373422578994,36.060139294069714],[-86.90359346321253,36.060558992836164],[-86.903677917437022,36.060696233575726],[-86.903820222761581,36.060937089756102],[-86.903934014519919,36.061125104768784],[-86.904190114367182,36.061553975374281],[-86.904653979960315,36.062320255616036],[-86.904072240995376,36.062568567292594],[-86.902846931904932,36.063233124450072],[-86.902146570699571,36.063757069169718],[-86.901380817568963,36.064445470613194],[-86.900739367329322,36.065205738237609],[-86.90016482905402,36.065974602555862],[-86.899547314977809,36.066871184695906],[-86.898818536365624,36.067841564785972],[-86.898332797234531,36.068536785756692],[-86.897615305030982,36.069497973855412],[-86.897106204691255,36.070111463451497],[-86.896463435794146,36.070762516546793],[-86.895409233049776,36.071726194197794],[-86.894292086139387,36.072760990871174],[-86.893343018649077,36.073573959110682],[-86.892418965388273,36.074309646681904],[-86.890936405083707,36.075280721193408],[-86.888620330042173,36.076601321328191],[-86.886509947500173,36.077794218574738],[-86.886021814021319,36.078148211933808],[-86.88561992103871,36.078494559925637],[-86.885244937816736,36.078931816188074]]]},"properties":{"CommunityNumber":6,"CommunityName":"Bellevue","GlobalID":"{16DB7612-099F-4067-963E-F8F35EEED9BB}","created_user":null,"created_date":null,"last_edited_user":null,"last_edited_date":null,"OBJECTID":7,"SHAPE.STArea()":1961872312.3479605,"SHAPE.STLength()":244492.14066732486}},{"type":"Feature","id":8,"geometry":{"type":"Polygon","coordinates":[[[-86.780303635870311,36.17603203357919],[-86.782252512919911,36.175593077295126],[-86.78349694800977,36.175329199462873],[-86.785400479710631,36.174866119872377],[-86.786134820004776,36.174678620616064],[-86.787542670109502,36.17423091744368],[-86.788546331009698,36.173932014988992],[-86.79143381077489,36.17326698113601],[-86.792068778853434,36.173104985488607],[-86.793276981272044,36.172801100070387],[-86.795149600797245,36.172342184836573],[-86.795665057890901,36.172214022958769],[-86.796754539581244,36.171945912483501],[-86.79706730514954,36.171868554847336],[-86.798219082981717,36.171583702058328],[-86.798625097433089,36.171487242722257],[-86.79800159734738,36.170636168085487],[-86.797402699305223,36.169450471250819],[-86.796805013821853,36.168383745886018],[-86.795913113159642,36.167199803452213],[-86.795467948865422,36.166727494023469],[-86.795019625423578,36.165897053608376],[-86.794572086055723,36.165186275799094],[-86.793528562155657,36.163527553716108],[-86.793223224220156,36.162339732465171],[-86.793212523256457,36.161269128576564],[-86.793088217395734,36.161023257733937],[-86.792371006881524,36.159604603380444],[-86.791127364949517,36.158205741682139],[-86.790165893344465,36.157031482324378],[-86.789296095922779,36.155853108458963],[-86.788711661893288,36.155056056370071],[-86.788447967153218,36.154612525356818],[-86.78797722136639,36.15383960385023],[-86.786597660395458,36.151867956197748],[-86.785588429836238,36.150730541229443],[-86.783572953192106,36.149521192352864],[-86.781371044153886,36.148807321066599],[-86.779753822868258,36.148603468466689],[-86.778777970164342,36.148535853278872],[-86.77815826246146,36.148539851236876],[-86.777539064345575,36.148595584084852],[-86.776974544230612,36.148650963980593],[-86.776724368382332,36.148682110342428],[-86.775828162843794,36.148780246532361],[-86.774684093301559,36.149077070906479],[-86.773698823336289,36.14942094024638],[-86.772350809599772,36.14995708458747],[-86.771414779900311,36.150325934260088],[-86.77066560922178,36.150621042053977],[-86.769712035441216,36.151016703482028],[-86.768930094312026,36.151340041068778],[-86.768061931643388,36.151714880696034],[-86.76583210156727,36.152530856735567],[-86.764529436736808,36.153119952465616],[-86.763513735392905,36.153611242576886],[-86.762520450288477,36.154145305452815],[-86.761543420567222,36.154942750220187],[-86.761358414668976,36.155098323920342],[-86.760879347944126,36.155654366344599],[-86.760526187077645,36.156093892754768],[-86.760328315418633,36.156522309932015],[-86.760168292024474,36.157188968819085],[-86.760173043638403,36.157898132983966],[-86.760216231854088,36.159014784823619],[-86.760241046537004,36.159656413652819],[-86.760436058323236,36.161005714918765],[-86.760650958264804,36.161690098645686],[-86.760968593322573,36.162268415281538],[-86.761271708324074,36.162656931282562],[-86.762113154947798,36.163410339047985],[-86.762877601507157,36.164144604385363],[-86.763359507023821,36.164606183192838],[-86.763982369334954,36.165302745089726],[-86.764651336711609,36.166212252927288],[-86.76513071376155,36.167051638166306],[-86.765683296298789,36.167974878272545],[-86.766832170305221,36.169838454839976],[-86.767414818653918,36.17062475571521],[-86.767795738988951,36.171161738175513],[-86.768629654964045,36.172062562109318],[-86.769441213043677,36.172900690441473],[-86.769581300860935,36.173044961483484],[-86.770082081014181,36.173542271562397],[-86.771016183965116,36.174612471428517],[-86.771595736175769,36.175326267180452],[-86.772192218585644,36.176229027622355],[-86.77254713048238,36.176776125999751],[-86.774145534759015,36.176859114172842],[-86.775828255398991,36.176944973148011],[-86.777154094070724,36.176773017066502],[-86.780303635870311,36.17603203357919]]]},"properties":{"CommunityNumber":9,"CommunityName":"Downtown","GlobalID":"{1C5370E3-69E2-4F7D-8294-A0E087D42401}","created_user":null,"created_date":null,"last_edited_user":null,"last_edited_date":null,"OBJECTID":8,"SHAPE.STArea()":77124862.248271525,"SHAPE.STLength()":33583.962562006796}},{"type":"Feature","id":9,"geometry":{"type":"MultiPolygon","coordinates":[[[[-86.644990762480262,36.142368161098965],[-86.644819422916086,36.143477173247639],[-86.644685655751985,36.144417211481183],[-86.644468718595405,36.145803575833554],[-86.644318679742966,36.146409073723277],[-86.645990959231852,36.145360834849001],[-86.646874667956055,36.144811152222353],[-86.648792996936109,36.143623786880433],[-86.650476134047551,36.142831640126253],[-86.652640878290285,36.141971794393939],[-86.654018046778205,36.141613056451483],[-86.656615992084483,36.141134520593965],[-86.659550294115306,36.140890166441551],[-86.664338657729886,36.141159522157395],[-86.667665731697468,36.141393876118691],[-86.668565024095173,36.141457758580103],[-86.672763401545481,36.141742798937791],[-86.676394386863137,36.141989504568855],[-86.677488075607329,36.142067099184146],[-86.67879763430264,36.142169143302382],[-86.680562650505209,36.142373472211361],[-86.68576099178523,36.143133728341041],[-86.68796888519347,36.143459889526916],[-86.69027935942421,36.143814139627921],[-86.691874770587248,36.144040810549448],[-86.692192545049068,36.144085903388635],[-86.692768006880996,36.144174938987156],[-86.694170961519305,36.144311783850696],[-86.695615988165542,36.144369563279618],[-86.69730070963827,36.144290475489562],[-86.698321156673572,36.144161814235957],[-86.699919826124002,36.144023095616753],[-86.701904973553553,36.143696522801363],[-86.703415902321481,36.143454991901919],[-86.704561880325144,36.143274454847344],[-86.706927832311464,36.142899430899973],[-86.708544015825495,36.142625192516157],[-86.710257788562402,36.142350323638119],[-86.710034454338938,36.141615078369227],[-86.709455099831331,36.139791508629351],[-86.708877228370099,36.138131034469943],[-86.708224708994535,36.136926323580141],[-86.707266946439091,36.135906079500188],[-86.706480479131301,36.135437331220096],[-86.70544924748944,36.135291074212383],[-86.704746547634912,36.134957976962639],[-86.705342784614444,36.134171574754873],[-86.706069587174539,36.133026769653817],[-86.706533793338281,36.13063065641964],[-86.706661666508111,36.130254587182236],[-86.707254270378613,36.129256498352511],[-86.707273783189649,36.128881063531054],[-86.707264500098617,36.128646757288806],[-86.707222803317322,36.127133066979312],[-86.708345345829699,36.127104451481415],[-86.708927770597171,36.127043529080524],[-86.710180907769285,36.126855892190612],[-86.710428815557904,36.126806713299892],[-86.710728670576813,36.126720114711709],[-86.710950467049727,36.126591166660361],[-86.709568960180462,36.125533824565373],[-86.708151494870407,36.124400395622011],[-86.706977343193927,36.123493704205785],[-86.704952374884456,36.121906921236956],[-86.702320789678183,36.119866933913329],[-86.700279087822793,36.118281199701599],[-86.702627180178112,36.117041483390246],[-86.704377601058994,36.116037856759874],[-86.70561760179028,36.115178666656313],[-86.707810787808981,36.11324473842469],[-86.708325480618285,36.112779517982908],[-86.709048596666506,36.112291265081424],[-86.709689194653123,36.111993901469312],[-86.712015437808674,36.111327755458298],[-86.71422179074159,36.11079276145491],[-86.71462078158315,36.110690472336131],[-86.715105450192738,36.110656866480653],[-86.715615104329217,36.110672214825719],[-86.716610836458926,36.110810182010333],[-86.717358153469718,36.110806769601808],[-86.718762810185183,36.110537260648023],[-86.721681766261653,36.109633031466544],[-86.720865950349946,36.108522587222055],[-86.720760228934139,36.108390671423045],[-86.72060212387953,36.108221982652758],[-86.719900360331579,36.107365987275323],[-86.71880575860321,36.106305610249919],[-86.717687638118193,36.105448992166259],[-86.713669523535103,36.102645380765544],[-86.712728263511295,36.101681219480412],[-86.712230311878827,36.101171311280467],[-86.711956601861203,36.100834832138176],[-86.708896526939441,36.097072734185851],[-86.706840364440041,36.09453913522475],[-86.705062517790964,36.092341992150395],[-86.701964556386528,36.08858592448518],[-86.700451050977691,36.086498265726121],[-86.695922500750527,36.079351069410912],[-86.695370952049288,36.078446011695469],[-86.694834050011409,36.07756296976423],[-86.692696214814063,36.07406517194562],[-86.690900442306202,36.07129183444242],[-86.690016963340383,36.070101327115928],[-86.689708302349715,36.069749124654571],[-86.688902042449641,36.068829111132544],[-86.682955532896571,36.063168733364847],[-86.67959487751618,36.059853389269577],[-86.676240401222103,36.056631125823962],[-86.672942858743454,36.053539124266358],[-86.671697051902086,36.052739814573307],[-86.669721312099512,36.051590303561035],[-86.661305168696984,36.046673624770804],[-86.657910716440284,36.044685599096759],[-86.653592244966958,36.042191725680958],[-86.647700152448579,36.038637595585094],[-86.647264014296056,36.038274522309806],[-86.644920295929253,36.036234263621139],[-86.64209423831727,36.033758032651576],[-86.635855635990808,36.028220598025051],[-86.633492501563268,36.026049422142535],[-86.626825054532461,36.020089220903024],[-86.62674375966408,36.020014743066533],[-86.619165855251339,36.013128821562255],[-86.617740526481384,36.011848342363173],[-86.612981130842556,36.007560929634082],[-86.612765070147788,36.009852118163394],[-86.612440076800155,36.009964686979849],[-86.612055348825294,36.010059015226723],[-86.61178009733851,36.010154846621326],[-86.611476445665119,36.010240004675211],[-86.611222426405533,36.010294004746086],[-86.611056644638538,36.010335537933123],[-86.610872553634906,36.010359479004876],[-86.610760607431359,36.010366742840247],[-86.610640207235477,36.010373877732441],[-86.610532013271978,36.010374426169406],[-86.610293767988054,36.010336143300002],[-86.609980978967599,36.010277290499175],[-86.609718220268945,36.010238958930358],[-86.609569352465286,36.010226491749812],[-86.609446341575108,36.010223851960561],[-86.609331410694963,36.010227695639308],[-86.609137997841543,36.010248590677705],[-86.608969121219815,36.010272451898942],[-86.608809542407428,36.010296265889494],[-86.608594110313277,36.010311777054312],[-86.608486016273446,36.01032537208205],[-86.608053971914998,36.010423188754849],[-86.607650208826584,36.010516397096985],[-86.607394860478081,36.010562841135666],[-86.607013946276012,36.010604251483002],[-86.606824724171588,36.010620657571032],[-86.606549936052417,36.010612083183517],[-86.606307913143254,36.010577073693511],[-86.605933391569863,36.010459114137412],[-86.605800898072502,36.010432309125342],[-86.605670974464587,36.010409955153612],[-86.605477517063079,36.010425178547742],[-86.60526297447376,36.010502146605738],[-86.605112106771912,36.010560079508586],[-86.605001229717828,36.01059686440351],[-86.604662681055672,36.010707248175926],[-86.60453573563413,36.010743083119742],[-86.604409087447038,36.010762433580666],[-86.604271003262625,36.010778579045926],[-86.604044131744018,36.010790705518197],[-86.603784294616048,36.010802996808088],[-86.603467873805428,36.010822095492173],[-86.603175072878301,36.010890523636391],[-86.602936277721028,36.010946662005068],[-86.602577083171681,36.011066071438442],[-86.602419416432951,36.011119570852102],[-86.602178887897551,36.01117022209494],[-86.601940433028702,36.011271512925056],[-86.601781067106046,36.011323989809441],[-86.601473553656831,36.011403475861918],[-86.601362649072072,36.011436995292989],[-86.60107442867195,36.011552783629035],[-86.600883132074912,36.011686631020659],[-86.600666113779667,36.011940450414045],[-86.600626129017613,36.012018599931331],[-86.600548381299276,36.012133337331925],[-86.60044159548525,36.01232067527625],[-86.600388309991416,36.01242859446814],[-86.600318956086767,36.012535563535565],[-86.600223786952782,36.012638197091555],[-86.599939546981545,36.013002235662462],[-86.599830107404358,36.013174305263377],[-86.599649222345363,36.01340047136874],[-86.59932890209744,36.013800915922857],[-86.599226138428037,36.01396179146144],[-86.598484950455841,36.014883020814572],[-86.597644881124793,36.015922347815987],[-86.597341755072165,36.016307420499977],[-86.597148105479306,36.016636835287635],[-86.597046503749525,36.016784654160752],[-86.596986266204866,36.016868397006817],[-86.596933985750994,36.016942313713137],[-86.596730342216802,36.017179576484786],[-86.596659222857298,36.017277795531804],[-86.596470939151345,36.017590699733361],[-86.595821788296092,36.018675253908043],[-86.595662501519968,36.018910063303927],[-86.595503073632372,36.01912615830468],[-86.595313415252434,36.01942601842353],[-86.59520768641049,36.019588106781121],[-86.595027787239502,36.019780264811864],[-86.594826050283856,36.019935100667112],[-86.594583914567096,36.020114173007073],[-86.59441604851942,36.020276567297749],[-86.594288455542198,36.020398070742132],[-86.593980478029195,36.020590858905031],[-86.593778671581305,36.020736936808312],[-86.593615595383994,36.020861876626753],[-86.593413884970801,36.021021002319813],[-86.593028878364109,36.021258121554808],[-86.592812151363276,36.021387788440755],[-86.59255712669146,36.021483475826258],[-86.592244463644874,36.021615845559836],[-86.592166374744238,36.021687654907574],[-86.592073662756704,36.021782543317393],[-86.592027066418623,36.021882871003086],[-86.591893226884466,36.022074626139812],[-86.591769748055839,36.022181855865483],[-86.591630789899966,36.022253963829868],[-86.591541968884897,36.022303848392347],[-86.591453932006132,36.022459150285243],[-86.591426633054311,36.022596640973376],[-86.5914163300355,36.022689063909922],[-86.591484976033243,36.02282505338836],[-86.591624098191005,36.022945244126959],[-86.591731239642385,36.023028162098377],[-86.591848829057795,36.023151720556001],[-86.591935805346466,36.023251391900864],[-86.591939696167628,36.023376539030437],[-86.591930620846171,36.023463461699286],[-86.59191807605211,36.023765707942793],[-86.59186499244403,36.023903325373588],[-86.591738535184504,36.02400833759615],[-86.591556571491836,36.02409593757551],[-86.591354703163475,36.024235487102459],[-86.5910836953542,36.024343440105341],[-86.590951436418266,36.024350613364255],[-86.590847699898362,36.024270940240065],[-86.590722403437113,36.024134198051534],[-86.590589028272362,36.024047973890255],[-86.590378967078635,36.023995262681382],[-86.5901643791927,36.02401605907],[-86.59004015374768,36.024080366667093],[-86.589892282259925,36.024205226822218],[-86.589806173814637,36.024279305886452],[-86.589654073169413,36.024347011760739],[-86.589489716233686,36.024472123789103],[-86.589345622229885,36.024536527872257],[-86.589126707560283,36.024544122995692],[-86.588981873701456,36.024565778021497],[-86.588747514607832,36.02471406675857],[-86.588522040980351,36.024920688168891],[-86.588415847489799,36.025022850730309],[-86.588305922639194,36.025077815096502],[-86.58819439952029,36.025145320950259],[-86.587962282744542,36.025254278863692],[-86.587750786875901,36.025350773637243],[-86.58731922009035,36.025527664465947],[-86.58719351133017,36.02556347483231],[-86.586934305883261,36.025610924020384],[-86.586767902178138,36.025631479577363],[-86.586419210908488,36.025639701747629],[-86.586118806488429,36.025660908571389],[-86.585771789250259,36.02572423502788],[-86.58538980446896,36.025861216125605],[-86.58515683506306,36.025970001034729],[-86.584942069155801,36.026024956375593],[-86.584559685091079,36.026108024330547],[-86.584077637297909,36.026204966531502],[-86.583846926519044,36.026276308292708],[-86.583583328245126,36.026301794492674],[-86.583346904710709,36.026343631319087],[-86.583016090391155,36.026426616343556],[-86.582766436205276,36.026509036210385],[-86.582467738477675,36.026590662496837],[-86.582169173679105,36.026632797412653],[-86.581868850312048,36.026607978804762],[-86.581510037355102,36.026562323214598],[-86.58113643089122,36.02651690961067],[-86.58078667148645,36.026437384170968],[-86.580140431028582,36.026279962364541],[-86.579905161186261,36.026306334272292],[-86.579640566292852,36.026369246269439],[-86.579390653524598,36.026416634476178],[-86.578908277358821,36.026527636562477],[-86.578793633938133,36.026574373475682],[-86.578724429865943,36.026707598268821],[-86.578611382887345,36.026799483262927],[-86.578330148900122,36.027016139769465],[-86.578015008144916,36.027220939590578],[-86.57776732541538,36.027343001250934],[-86.577534995849305,36.027425498834397],[-86.577250422482535,36.027532283657607],[-86.577161530455299,36.027574431529835],[-86.57697435863129,36.027704958118164],[-86.576857654422838,36.027817634096692],[-86.576781221049018,36.027945569768974],[-86.57674124461731,36.028029205140271],[-86.576681679606693,36.028209770499579],[-86.576562173281232,36.02834426490859],[-86.576461380634129,36.028436089185298],[-86.576367190857098,36.028505733075185],[-86.576208713931734,36.028629596728805],[-86.576104864346874,36.02870804307328],[-86.575996006467307,36.028795441431747],[-86.575911658096317,36.028881520667674],[-86.575826879348398,36.028966571726393],[-86.575720516174187,36.029048291955881],[-86.575590313066911,36.029165495237912],[-86.57549630437228,36.029260376787924],[-86.575379395489264,36.029403785728775],[-86.575290930276438,36.029505336758021],[-86.575166172907871,36.029615817440188],[-86.575043393502128,36.029707573751246],[-86.574918357334951,36.029779595733594],[-86.574719652962656,36.02983651642419],[-86.574611576228534,36.029856948572174],[-86.574475214502186,36.029882838046568],[-86.574303361120343,36.029852923854229],[-86.57405931787261,36.029954013570055],[-86.573949707286175,36.029996257741779],[-86.573672796340276,36.030053720916591],[-86.573402631473414,36.030108747612161],[-86.573316741987639,36.03015757442892],[-86.573180194268645,36.030216428823422],[-86.573080665474137,36.030249867773364],[-86.572898493711804,36.030313402923539],[-86.572763866464754,36.030404183042478],[-86.572703909671105,36.030531865987378],[-86.572619307530744,36.030642153106072],[-86.572486105898818,36.030754903129377],[-86.572312478814581,36.030889822029373],[-86.57216617870337,36.031003664077666],[-86.572081187343827,36.031060040323929],[-86.572001826194281,36.031135104567888],[-86.571980034481214,36.031279260374959],[-86.571996849905759,36.031383571284984],[-86.57203287055647,36.031513030219166],[-86.572039654874615,36.031692076189138],[-86.572041674299854,36.031796457329961],[-86.57202098393573,36.031917429031985],[-86.57198657653106,36.032012196470099],[-86.571911599941643,36.032109216812323],[-86.571840262417183,36.032183212669359],[-86.571517758804106,36.032309908685228],[-86.571382692200089,36.032340252553638],[-86.571076794158387,36.032483523068187],[-86.570666805587521,36.032673300161392],[-86.570519785045761,36.032746451782366],[-86.570375968656904,36.032853755401824],[-86.570099518002436,36.032977139049436],[-86.56997399406157,36.033041431825275],[-86.569908894961799,36.033160381142402],[-86.569864107041198,36.033340872933685],[-86.569832215756534,36.033433224078053],[-86.56977644877351,36.033556593250765],[-86.569632151793272,36.033656171940613],[-86.569410037762935,36.033811060677685],[-86.569344144287641,36.033878333171167],[-86.569309772191303,36.033978593861818],[-86.569244091194861,36.034075568555394],[-86.569121965442704,36.034201482921482],[-86.569011736821579,36.034276690907674],[-86.568906463164808,36.034335392661973],[-86.568696055633637,36.0344133053487],[-86.568559692760928,36.034440389926615],[-86.568364705081819,36.034428089323299],[-86.568191786340066,36.034368468176382],[-86.568053227530555,36.034265761013849],[-86.56789874688728,36.034242280193816],[-86.567766015974684,36.034245137742488],[-86.567606933098489,36.034287609166206],[-86.567475792736147,36.034335614721236],[-86.567382644373367,36.034375543262279],[-86.567251980400883,36.034431100913615],[-86.567129238479694,36.034471168573788],[-86.567008947280357,36.034499205917193],[-86.566810382548439,36.034518854923547],[-86.566673517757081,36.034534951236168],[-86.566533223089195,36.034544367410462],[-86.566366677975623,36.034548412569436],[-86.566142301218946,36.034564919591546],[-86.56597718080296,36.034590934491121],[-86.565835374557949,36.034625596132052],[-86.565708749777812,36.034654863781455],[-86.565566865121724,36.034678536986782],[-86.565436858052664,36.034707820224959],[-86.565283253058595,36.034748030823643],[-86.565160033181911,36.034780544126384],[-86.564992915328929,36.034823049769294],[-86.564878118775553,36.034851059212478],[-86.56475785670284,36.034883386540173],[-86.564621484364864,36.034909436522113],[-86.564498177400012,36.03492975920215],[-86.564386285014464,36.03495002829041],[-86.564233439242358,36.034978215332707],[-86.564125344293544,36.034997436225005],[-86.564011744821372,36.035015480920649],[-86.56380218616907,36.035035176418475],[-86.563700800491006,36.035046639257217],[-86.563595609897575,36.035058119807722],[-86.563449411050229,36.035069792036211],[-86.563276546316487,36.035077124675425],[-86.563130278057912,36.035079010222589],[-86.56302886912141,36.035087210397741],[-86.562915230365121,36.035099759999348],[-86.562803368942269,36.035124491540543],[-86.562635849429881,36.035170257983701],[-86.562542776635553,36.035221342584748],[-86.562447376075156,36.035301969525513],[-86.562343551563444,36.035387099774262],[-86.562275253861316,36.035474124492893],[-86.562205828566803,36.03558107105475],[-86.562153494967689,36.035653770524924],[-86.562088987178726,36.035738717108842],[-86.561986034818617,36.035887541818326],[-86.561923683806896,36.036038409131187],[-86.561841005102451,36.036244313590423],[-86.561783931160107,36.036364251111664],[-86.561733245955978,36.036490854922903],[-86.561664106563597,36.036638491517884],[-86.561613436763437,36.036767327231978],[-86.561608778912046,36.036885990167299],[-86.561639618420571,36.037002255614155],[-86.561667266869662,36.037085742187237],[-86.561682662140427,36.037170316040211],[-86.561684931372511,36.037311953801584],[-86.561665631659949,36.037452661929059],[-86.56164187238484,36.037560597100843],[-86.561594052242597,36.037673966949797],[-86.561504244575261,36.037768817693369],[-86.561345225643279,36.037881675390359],[-86.561190340731471,36.037981293110214],[-86.561088116450833,36.038054224410558],[-86.56100494138596,36.038130500833752],[-86.560939006926205,36.038193476432376],[-86.560869177694229,36.038303686221731],[-86.560831157542268,36.038427998599794],[-86.560815661102154,36.038568688845366],[-86.560825144017272,36.03877416349566],[-86.560815554326709,36.039092873827485],[-86.56082374592448,36.039295092260879],[-86.560838507145746,36.039469637235499],[-86.560828902906934,36.039666444241433],[-86.560812974908373,36.039925777591691],[-86.560804781895698,36.040082916499706],[-86.56083298052468,36.040244350099115],[-86.560892582306465,36.040422120222424],[-86.560962551866353,36.040571169011621],[-86.561036634514124,36.040703887599214],[-86.56111317540244,36.040825434529054],[-86.561224091831861,36.041024942448743],[-86.561365135394837,36.041239590751999],[-86.561481494845282,36.0414313467993],[-86.561659134796045,36.041678961312194],[-86.561800894021829,36.041874891017855],[-86.561915568289237,36.042007419788028],[-86.562065606321468,36.042178071437874],[-86.562256537808352,36.042391455790607],[-86.562390425667431,36.042550163748288],[-86.562528103517195,36.042706621830064],[-86.562663004416819,36.042829097158076],[-86.562777665694767,36.042959393120888],[-86.562923689659158,36.043159765617517],[-86.563116299297988,36.043430315086724],[-86.563195837295339,36.043556310701952],[-86.563249373585307,36.043652724611356],[-86.563302464074411,36.043745878379738],[-86.56341163116673,36.043876199405069],[-86.563674200508942,36.044233126672175],[-86.563915929983153,36.044572638012582],[-86.564256385490339,36.045060030826129],[-86.564509340105545,36.045431423582073],[-86.564732479939707,36.0457720504713],[-86.564894909535923,36.046018529474189],[-86.565078051225882,36.046263880962748],[-86.565130463539134,36.046380044148243],[-86.565291186592233,36.046742939548857],[-86.565326938274225,36.046835143543305],[-86.565404845164053,36.047087512516349],[-86.565488563614224,36.047265167006842],[-86.565512240586344,36.04738369686897],[-86.565554467003267,36.047613226071896],[-86.565599817221639,36.047865747661362],[-86.565643647460817,36.04814231359375],[-86.565678153613604,36.048415832758536],[-86.565710912452673,36.048859681083798],[-86.565730806737534,36.049159538042076],[-86.565708002714629,36.049401390973543],[-86.565614996696183,36.049820418722618],[-86.565534239168159,36.050059281364135],[-86.565480253618105,36.050316733018953],[-86.565455913842143,36.050461757358001],[-86.565438951925287,36.050573953428795],[-86.565421911784838,36.050675161415484],[-86.565429670444217,36.0508147126097],[-86.56544182131384,36.050977250248131],[-86.565454842552256,36.051083811406791],[-86.5654827882136,36.051207815368436],[-86.565521493398208,36.051358209775806],[-86.565528923651428,36.051451576681643],[-86.565529924256509,36.051592189723735],[-86.565507715700164,36.051680201480089],[-86.56542467109108,36.051776224912629],[-86.565350889997362,36.051866710609069],[-86.56521118084278,36.052022234257372],[-86.565056757847543,36.052190017024742],[-86.564951871291441,36.052306917540747],[-86.564886038030608,36.05238534707258],[-86.56477739160951,36.052508789438264],[-86.564683389970412,36.052610357899383],[-86.564551730465496,36.052708840497026],[-86.564363030929272,36.052814114449113],[-86.564230650404539,36.052870706640171],[-86.564028193098778,36.052944281012145],[-86.563677308592261,36.053077783880106],[-86.563391426762564,36.05319449921371],[-86.563109256179814,36.053297976058481],[-86.562883857912212,36.053416639589223],[-86.562710260862019,36.053505357727545],[-86.562543020964455,36.05359610627162],[-86.562390893187072,36.053730909500658],[-86.562280747725197,36.053822593098978],[-86.562168583200844,36.054047349091135],[-86.562103164711871,36.054185009646368],[-86.562071458833998,36.054306030291478],[-86.562038810886463,36.054473241077879],[-86.562025082642265,36.054624911138902],[-86.562019062255359,36.054730359493028],[-86.562011829094175,36.054843711435474],[-86.56204418519836,36.054993964721199],[-86.5621240643638,36.055226581288139],[-86.562201180837235,36.055427275550336],[-86.562230745209206,36.055541486001488],[-86.562251657815878,36.055628265726973],[-86.562253944380615,36.055772134823243],[-86.562219833240746,36.055911881351072],[-86.562108747206338,36.056110191223766],[-86.562017678285471,36.056268746282392],[-86.56189578618978,36.05643414104086],[-86.561751011960226,36.056593117939926],[-86.561620878393953,36.056789284072551],[-86.561496874399168,36.057015124588062],[-86.561434028415164,36.057158266896167],[-86.56137306051761,36.057327841317957],[-86.561302279913335,36.057485271115141],[-86.561270893735639,36.057592039341543],[-86.561308355718893,36.057746732997089],[-86.561363012694997,36.057821165391495],[-86.561428797041771,36.057914260588959],[-86.561601367537165,36.058037763169615],[-86.561739997079869,36.058145799528198],[-86.561883144809045,36.058294677864154],[-86.562096080515872,36.058504525384919],[-86.562214701898412,36.058653517698332],[-86.562442703127303,36.0589601297957],[-86.562490782871876,36.059061033248874],[-86.562590260344408,36.059313302666673],[-86.562706158618667,36.059614943223586],[-86.562769787030362,36.059821194120929],[-86.562799077653722,36.060135257488561],[-86.562814455089651,36.060395645558692],[-86.562818370238929,36.060590156624855],[-86.562846127852296,36.060687720914842],[-86.562963625072342,36.060856462498911],[-86.563058526890174,36.061059304934574],[-86.563146071383912,36.061178738371709],[-86.563225393546318,36.061271769286591],[-86.563259785727709,36.061350587820044],[-86.563304852848418,36.061443778751034],[-86.563401461046411,36.061529174223992],[-86.5635498101487,36.061634930998196],[-86.563665456963349,36.061721267406597],[-86.56377585472697,36.061842653830155],[-86.563854058195247,36.06195663622281],[-86.56393617651031,36.062085881011463],[-86.564015288417252,36.062208615437996],[-86.564083952129067,36.062348911492258],[-86.564141747111748,36.062447536737828],[-86.564193591003345,36.06254189746037],[-86.564233920208636,36.062682326043678],[-86.564285135559686,36.062807251190272],[-86.564301264060518,36.062993978709862],[-86.564319860625091,36.063170908109647],[-86.564320632446666,36.063279586763123],[-86.56432973089936,36.063369683484979],[-86.564322068796372,36.063481835497818],[-86.564334925970726,36.063565218554423],[-86.564295457432493,36.063724735298017],[-86.564224523199201,36.063800956069755],[-86.564134196746195,36.063886023947695],[-86.564022513321717,36.063941488644645],[-86.56386415269516,36.063975194777242],[-86.563689361709308,36.063958327835259],[-86.563577125030619,36.063935845670343],[-86.563448238756536,36.063891464409963],[-86.563316523650286,36.063865639174367],[-86.563203071996881,36.063850716871727],[-86.563054259491736,36.063859138322812],[-86.562946047123361,36.063867369981828],[-86.562809621068794,36.063952652149197],[-86.562710217088082,36.064010290309916],[-86.562632176543318,36.064098561878012],[-86.562566508691333,36.064202056404504],[-86.562517475567731,36.064325389753691],[-86.562460022751239,36.064454256571238],[-86.562439456343441,36.064595999982195],[-86.562424466852363,36.064748877464318],[-86.562413337088401,36.064909291459792],[-86.562416862606625,36.065048862113592],[-86.562437099763358,36.065219087985639],[-86.562479925889818,36.065354011205017],[-86.562506293213559,36.065434240879199],[-86.562554189765123,36.065508704175805],[-86.562719091833756,36.065681516936628],[-86.562815664423383,36.06576124708446],[-86.562957115112354,36.065847463628621],[-86.563131185211347,36.065941082150459],[-86.563195084623814,36.066005683878053],[-86.563296027358106,36.066105138009554],[-86.563304981988395,36.06623472499345],[-86.563279876946922,36.066332707781633],[-86.563250863223189,36.066416286546591],[-86.563201923499975,36.066552840093955],[-86.563157848294878,36.066659667863775],[-86.563087008162682,36.066809372397103],[-86.56303764697455,36.066886521783005],[-86.562908172006729,36.067117882911411],[-86.562794410363551,36.067298692556506],[-86.562657728266032,36.067527855016593],[-86.562571966865349,36.067661146255581],[-86.562513393580616,36.067751558816752],[-86.562443556355134,36.067864000702137],[-86.56235922230789,36.067960027576177],[-86.562259390046549,36.06801766728335],[-86.562155141167636,36.068048886669551],[-86.562041706834052,36.06803722536182],[-86.561970641026633,36.067976090335044],[-86.561962987552278,36.06785078959242],[-86.561978457313771,36.067705807960159],[-86.56195425462127,36.067572858142739],[-86.561898337353838,36.067500664047792],[-86.561767430900758,36.067350698766731],[-86.561609783460028,36.067247043550104],[-86.561465511920701,36.067180755063433],[-86.561263549148734,36.067090354523771],[-86.561087057510193,36.067013227201414],[-86.560850854847331,36.066925389054859],[-86.560632407466912,36.066836266012409],[-86.560394967303239,36.06675272507325],[-86.560174899378765,36.066673566974721],[-86.559968912097631,36.066611855828825],[-86.559861600332852,36.066568400688311],[-86.559751743832706,36.066523927106687],[-86.559550785302875,36.066455495838738],[-86.559312125751575,36.066378654486854],[-86.559075864120047,36.066281885064576],[-86.558656473234535,36.066125699533018],[-86.558276592580469,36.065994396852034],[-86.557906541813807,36.065877469756479],[-86.557579800730608,36.065784550020076],[-86.557295175960022,36.065726460219643],[-86.557038896216994,36.065669440620155],[-86.556748821108442,36.06561807077577],[-86.55653644997615,36.065610295103262],[-86.556307653216308,36.065612381409018],[-86.55605978624159,36.065609061053678],[-86.555793250416315,36.065597241581514],[-86.555491210344371,36.065588675629463],[-86.55506622909725,36.065599389725968],[-86.554722796108891,36.065598738667795],[-86.554515484784133,36.065588704131912],[-86.554242090200475,36.065563692364478],[-86.553901765523179,36.065523535114295],[-86.553626979362505,36.06548084389209],[-86.553358537402332,36.065438122920405],[-86.552963171094262,36.065389287614551],[-86.5526718236991,36.065336883646566],[-86.552227528932391,36.065306984874624],[-86.552043479630299,36.065296839519043],[-86.551871688081661,36.065285607600671],[-86.551509781074131,36.065243310396376],[-86.551190371878988,36.065230349106685],[-86.550989890684036,36.065229205354555],[-86.55069774760193,36.065244790975129],[-86.550363909527064,36.065285805243931],[-86.550159810877673,36.065311975928601],[-86.549968838265684,36.065340318397624],[-86.549556503643899,36.065406069051519],[-86.549451376479524,36.065432817431194],[-86.549154137728337,36.065506798390935],[-86.548809673985886,36.065601768571831],[-86.54850449554975,36.065689862951878],[-86.548115397548031,36.065813707076316],[-86.54798589930779,36.065863743633216],[-86.547853644004974,36.065943323891794],[-86.547740103114364,36.06597680506264],[-86.547618557219096,36.066014786528221],[-86.547474172964385,36.066052871600256],[-86.54722968880607,36.066110984048976],[-86.547078212478056,36.066163351413699],[-86.546965358612781,36.066235288109652],[-86.54684801889924,36.06633145385225],[-86.546724637337377,36.066471600451955],[-86.546629712355511,36.066629130628044],[-86.546454264674637,36.066947559316418],[-86.546278392291697,36.067327455952054],[-86.546166495061811,36.067600440727553],[-86.546107344219777,36.067855673684235],[-86.54606458151882,36.068095379936665],[-86.546028200454614,36.068340551446141],[-86.545989092737372,36.068558264312252],[-86.545983186284104,36.068868197901004],[-86.545980686366448,36.06911991193396],[-86.545973367062771,36.069408905271388],[-86.545975421029453,36.069707814358232],[-86.54597402238754,36.069935142877284],[-86.545972730512162,36.070116457047824],[-86.54601680793273,36.070437152511445],[-86.546052713860206,36.070738140203709],[-86.546109200493888,36.071079554284402],[-86.546144253808379,36.071256411416506],[-86.54614425339237,36.071625552288417],[-86.546137961896747,36.072125552001559],[-86.546143543995129,36.072322287343923],[-86.546199963688196,36.072653743346841],[-86.54622661088645,36.072961297132672],[-86.546229292683805,36.073166801935585],[-86.546222593624947,36.073361360859067],[-86.546218205692483,36.073707514519256],[-86.546213055218885,36.073942757718477],[-86.546239460514869,36.074092011266806],[-86.546275180060093,36.074365528555703],[-86.546310136203942,36.074712534007482],[-86.546340206436199,36.07496410009886],[-86.546372111641219,36.07523643273823],[-86.546379083913038,36.07545067433901],[-86.546346583155668,36.075645350098476],[-86.546301384996511,36.075961985582936],[-86.546264056741251,36.076254376619538],[-86.546251587185068,36.076409472105134],[-86.546259328909883,36.076735654139803],[-86.546277239323103,36.077002727611927],[-86.546305231461744,36.077136521463281],[-86.546390072410802,36.077479008275986],[-86.546430370643748,36.077618412185643],[-86.546541452749551,36.077839907928436],[-86.546674493377452,36.078055809810159],[-86.546788928799003,36.078211188237773],[-86.546947410623446,36.078374264619249],[-86.547154629109244,36.078611806127789],[-86.547342963657499,36.078809771892303],[-86.547564724379853,36.079008787398479],[-86.547758606063624,36.079213423341336],[-86.547840640258116,36.079331690545217],[-86.54805802629555,36.079693318384415],[-86.548127617486045,36.079969942983752],[-86.548214701731865,36.080206826881913],[-86.548316958988877,36.080312983266708],[-86.548366628635804,36.080461100181275],[-86.548455850369365,36.080639770210233],[-86.548512334852262,36.080794552083113],[-86.548535483585539,36.08096133241969],[-86.548568025421858,36.081201898018563],[-86.548607606904298,36.081420454854118],[-86.548634799090337,36.081621383662394],[-86.548626518677636,36.081831230221319],[-86.548647125406049,36.082058629698409],[-86.548693733126143,36.082314411871224],[-86.548730164636012,36.082505512067826],[-86.548767857076228,36.082695404655283],[-86.548844579782667,36.082840135994417],[-86.548882133394926,36.08294864669363],[-86.548946642329227,36.083101159747343],[-86.549115164756216,36.083551944838824],[-86.549186244279184,36.084042834611473],[-86.549214421187131,36.0844470431079],[-86.549192345359387,36.084741768703708],[-86.549150252940152,36.085139601178177],[-86.549090483414446,36.085489440097248],[-86.549030066660706,36.085745709292375],[-86.548965868408658,36.085883355894495],[-86.548896790423285,36.086049525684658],[-86.548816196074625,36.086324601107634],[-86.548774758068731,36.086450125485278],[-86.548670658190503,36.086629674860028],[-86.548503133889668,36.086875442718053],[-86.548262210076544,36.08709081109204],[-86.547643639331369,36.087511179076465],[-86.547445360891444,36.087592260013096],[-86.547289983105671,36.087636918726858],[-86.547118008219314,36.087667402051913],[-86.546937080679044,36.087687967561237],[-86.546786469342422,36.08768762049899],[-86.546676817814358,36.087676099209517],[-86.54652387156672,36.087643827552633],[-86.546393278346613,36.087601496229219],[-86.546225268417487,36.087531863434059],[-86.546089411341299,36.08746225647905],[-86.545962837872978,36.087389173479359],[-86.545837865972956,36.087302862753283],[-86.545734054758512,36.087217657971799],[-86.545596552175468,36.087093116221318],[-86.545468287387237,36.086958402647248],[-86.54533043090278,36.086782182662837],[-86.545206028643875,36.086593711491254],[-86.54505407067748,36.086335142401282],[-86.544910187914112,36.086081859090363],[-86.54399091703543,36.084292850134382],[-86.543381797248188,36.083126368260693],[-86.543208375269657,36.082882143930085],[-86.543045559168917,36.082642163894015],[-86.542974857445017,36.082386488150462],[-86.542866189141634,36.082146263981066],[-86.542819404650217,36.082047579484694],[-86.542713316017029,36.081751371640308],[-86.542669671747078,36.08155497964075],[-86.542601715169937,36.081267356369153],[-86.542534485510089,36.080962217084434],[-86.542477398231767,36.080717468046068],[-86.542428084685582,36.080434053063762],[-86.542362208634316,36.080141097742732],[-86.542290406396518,36.079909463439272],[-86.542211725208745,36.079661549179647],[-86.542130315477365,36.079447642351212],[-86.542047869123451,36.07926773534632],[-86.541943490588977,36.079035217096845],[-86.541822548983461,36.078792986679865],[-86.541684010038139,36.078513406103866],[-86.541641346747383,36.078398220025655],[-86.541527811585695,36.078249357057359],[-86.54142966144822,36.078123431762201],[-86.541321580374969,36.077967848067665],[-86.541160295783371,36.077764085642663],[-86.541088279104827,36.077686460210671],[-86.540924668148406,36.077513612665918],[-86.540729785806988,36.077345197486324],[-86.540661531274026,36.077260858888813],[-86.540438513039391,36.077122444016254],[-86.540300102367652,36.077047176038661],[-86.54013597952418,36.076985243475093],[-86.539833271384964,36.076884441903061],[-86.539479718257027,36.076833314732646],[-86.539162654384654,36.076798505884732],[-86.53884873685459,36.076790981349674],[-86.538605126140837,36.076796533978083],[-86.538258306351906,36.076802546960451],[-86.538039242812928,36.076810049163178],[-86.53772003566695,36.076833450058913],[-86.537418133684355,36.076851278787387],[-86.537051566589113,36.076877121032375],[-86.536852806171197,36.076884530631084],[-86.536582324381214,36.076919901734108],[-86.536291552798446,36.076957422805485],[-86.535997752836181,36.076984998438299],[-86.535770823148525,36.077017942066625],[-86.535444430625304,36.077042399020151],[-86.535146839341067,36.077072393117959],[-86.534911775147862,36.077090949014853],[-86.53465597742219,36.077108566246189],[-86.534373286082769,36.07715274287731],[-86.534128618518764,36.077190054356677],[-86.533893204590669,36.077219598170522],[-86.533620219301781,36.077260467879029],[-86.533406325623574,36.07728218929617],[-86.533158682445404,36.077317451650984],[-86.5329003825087,36.077340570395023],[-86.532612561679159,36.077377039373374],[-86.532364916702534,36.077412128408895],[-86.53217686959951,36.077440429532771],[-86.531941417418039,36.077464475518632],[-86.53169800293891,36.077499716207683],[-86.531416815635069,36.077516236676978],[-86.531209542744577,36.077516119990172],[-86.53088895851964,36.077524056468746],[-86.53052598790272,36.07751912995603],[-86.530095841815154,36.07752651625141],[-86.529874996515247,36.077520962770478],[-86.529748922032255,36.077518082962392],[-86.529477782711268,36.077455575966574],[-86.529328325734753,36.077371587611609],[-86.529233209740113,36.077317063427238],[-86.529147735751366,36.077249448178051],[-86.529064790702094,36.077180448225441],[-86.528976128590358,36.077078679931752],[-86.528855806653766,36.076923138846247],[-86.528756022853571,36.076802704633081],[-86.528678279261072,36.076688869713294],[-86.528612298417642,36.076562792958754],[-86.528543874669083,36.076450977398686],[-86.52841118451812,36.076216339577719],[-86.528317892595098,36.076054155118676],[-86.528264142295413,36.075858832251974],[-86.528225263352155,36.075737100525394],[-86.528198767426858,36.075632827223743],[-86.528127405441424,36.075460588314982],[-86.528046125800671,36.075259891745198],[-86.52797474280311,36.075084390656613],[-86.527905838667706,36.074899950623141],[-86.527873429510294,36.074733206831951],[-86.527771767129835,36.074393012784967],[-86.527701449178153,36.074186602076786],[-86.527641925980433,36.074013280849442],[-86.527655953842654,36.073819490059535],[-86.52766555970743,36.0736867887261],[-86.527687247320358,36.073513112010048],[-86.527725467148542,36.073344857094156],[-86.5277707531217,36.073221554836472],[-86.527862412627542,36.07307504262301],[-86.527963828266039,36.072869081761198],[-86.528050761349846,36.072711601723597],[-86.528159250492308,36.072551795164365],[-86.52822786461013,36.072438348705006],[-86.528318704982595,36.072296132029251],[-86.528370969220518,36.072204733865611],[-86.528495675061833,36.072003134443662],[-86.528547574190526,36.071920494151144],[-86.528609543190015,36.071825619458075],[-86.528684369073019,36.071692400751246],[-86.528737835106654,36.071591038932411],[-86.528787210809313,36.071510641606558],[-86.528949711004756,36.071331882779255],[-86.529092836784201,36.071229097185686],[-86.529207171325709,36.071121973789353],[-86.529299380249157,36.070995202703145],[-86.529350468573625,36.070918059783736],[-86.529430724434349,36.070774858520231],[-86.52953891522526,36.070571098446365],[-86.529649904763488,36.070343117209028],[-86.529706985228628,36.070213237946419],[-86.529809799175212,36.069964517569936],[-86.529869510013356,36.069785178974286],[-86.529926098476565,36.069581645304368],[-86.529981730813262,36.069361633238096],[-86.530022488342823,36.069194396399809],[-86.53007807059717,36.069030356526149],[-86.530144312422578,36.0688157918865],[-86.530214974665412,36.068629880551001],[-86.530288209760414,36.068449280341461],[-86.53036126116136,36.068241209941419],[-86.530465676322834,36.068042959687929],[-86.530562820726416,36.067832722794414],[-86.530716407749779,36.067524372063502],[-86.530861707715829,36.067178628431897],[-86.530970909782368,36.066937604924803],[-86.531056304575614,36.066741669879782],[-86.531128362471534,36.066575324807836],[-86.531184242471213,36.066456438379269],[-86.531239979332298,36.066252907658594],[-86.5312967523368,36.066077873455889],[-86.531329455966372,36.065908611201458],[-86.531372611388633,36.065657920128388],[-86.531402467098459,36.065442313136998],[-86.531435667373643,36.065157670577271],[-86.531472168616375,36.064987189646239],[-86.531471249930064,36.064849838854371],[-86.531481414539087,36.06472548790056],[-86.531501264466939,36.064468375107332],[-86.531532418004886,36.064257226329836],[-86.531586255152732,36.064022970556522],[-86.531628735001277,36.06386121953539],[-86.531717349800758,36.063578392689578],[-86.531811617003399,36.063318719457371],[-86.531907441933782,36.063039122797335],[-86.532020503327288,36.062744169228047],[-86.532156025123868,36.062392972541929],[-86.532226521705397,36.062183881783547],[-86.532319495010597,36.061920951587105],[-86.532402886921304,36.06167986872078],[-86.532470289572316,36.061451046669028],[-86.532549793842961,36.061197962284098],[-86.532637998502253,36.060981066758451],[-86.53277945546958,36.060695945061155],[-86.532846028432161,36.060532885109666],[-86.532855555600932,36.06037694506896],[-86.532857152782782,36.060173652602224],[-86.532836043136413,36.060052873515765],[-86.532784641872382,36.059892567063592],[-86.532761873505777,36.059713591099097],[-86.532711050886348,36.059576460707255],[-86.532641352348961,36.059462420674457],[-86.532557795125584,36.059362864112174],[-86.53235997413627,36.059125255334585],[-86.531983925564774,36.058733565188618],[-86.53177264199627,36.05850597308725],[-86.531602214297266,36.058316659833757],[-86.531463226995683,36.058149012820309],[-86.531377992960529,36.057987996423847],[-86.531201093778307,36.057842493048938],[-86.530982213628164,36.057679833287452],[-86.530827206430786,36.057582650577224],[-86.530584486979549,36.057459584665722],[-86.530426682090763,36.05738662258802],[-86.530242192246504,36.057307253336916],[-86.530053722436733,36.057265158872212],[-86.52983007333745,36.057211200194871],[-86.529503693591579,36.05716215650672],[-86.529149054234779,36.05712422441345],[-86.528694395227987,36.057117291561866],[-86.527756316829269,36.057102859876764],[-86.527528447710182,36.057113643988906],[-86.527318800111104,36.057130013846589],[-86.52711183435764,36.057168176726378],[-86.526945765182916,36.057187617523482],[-86.526828013953519,36.057223329508716],[-86.526628339152168,36.05727691212973],[-86.526506781688084,36.057312640429942],[-86.526370152657293,36.057371441399319],[-86.526181348284126,36.057470131271927],[-86.52595885007625,36.05758974283183],[-86.525743074219932,36.057702800287963],[-86.525619333832154,36.057792277362431],[-86.525452297999891,36.057921604327746],[-86.525323146790996,36.058024325100021],[-86.525152587640591,36.058196590436722],[-86.52499924941273,36.058351096055233],[-86.524891903621082,36.058489948749511],[-86.524761763269936,36.058699295022024],[-86.524618853724704,36.05896037653374],[-86.524507712665198,36.059165175767902],[-86.524414166084611,36.059344659361351],[-86.524367795392592,36.059495436488739],[-86.524306898404603,36.059687998350839],[-86.524257250197181,36.059918970631756],[-86.524192856390755,36.060222633433114],[-86.524119403990511,36.060563593091089],[-86.524057407284801,36.060846127027126],[-86.524041474499427,36.061059439805099],[-86.524018105414441,36.061235355687565],[-86.524100448074876,36.061408579934955],[-86.524140430658591,36.061507301605126],[-86.524162593476007,36.061597344379173],[-86.524201894197461,36.061785006282328],[-86.524221227055349,36.061894806112619],[-86.524265816332075,36.062050681666072],[-86.524279950946806,36.062141789488216],[-86.524309504866764,36.062326403244143],[-86.524350923448679,36.062450357537102],[-86.52442687088184,36.062679581447171],[-86.52447511537676,36.06281243405612],[-86.524508245241449,36.062897964989048],[-86.524558990092302,36.063025140790877],[-86.524608300867541,36.063127255549844],[-86.524721631852515,36.063445425487409],[-86.524792047083082,36.063669179011491],[-86.52483107475517,36.063815120288339],[-86.524866359889245,36.064034734368164],[-86.524984206894231,36.065100094445839],[-86.525030696675714,36.06599115274517],[-86.525105753654046,36.066724815232426],[-86.525161698586629,36.067766235359592],[-86.525187328916445,36.06838044255457],[-86.525162563001089,36.068728916248652],[-86.52506432182696,36.069031524464748],[-86.525018931939186,36.069139373875302],[-86.5249429934088,36.069296803974247],[-86.524821337572675,36.069512637096075],[-86.524707282886268,36.069662678463963],[-86.524596939107823,36.069798281331401],[-86.524499247234047,36.069928334858979],[-86.524391863397895,36.070063924648217],[-86.524261354985555,36.070220561485804],[-86.524114831566109,36.070386024161053],[-86.523851327141998,36.070643164172239],[-86.523625750213739,36.070879363963193],[-86.523051438378943,36.071469734809504],[-86.522916929663964,36.071597714710123],[-86.522600308826853,36.071818855010427],[-86.521960107206766,36.072232662128563],[-86.52185530115635,36.072311064568133],[-86.521639443410095,36.072418620257977],[-86.52137190442285,36.072514380563561],[-86.520980134384459,36.072629220077303],[-86.520739353177333,36.072677476022292],[-86.520419177900095,36.075005128228064],[-86.519994175901076,36.077735335220297],[-86.519139675609139,36.083233187296599],[-86.518784033469785,36.084159969837387],[-86.517782723978343,36.084098859221982],[-86.517602016410578,36.08408813172877],[-86.51696344293056,36.088736699569793],[-86.516208461680819,36.094234088025694],[-86.515439413271906,36.099731523991075],[-86.51530272558125,36.100706803233386],[-86.522107273769038,36.105634279524075],[-86.52335966492457,36.106639772243952],[-86.527465943538175,36.107140563945535],[-86.527769590608926,36.107176664358306],[-86.5280893347838,36.107215268900646],[-86.528802093120547,36.107301768946826],[-86.529645303740338,36.107405719599583],[-86.530463521952555,36.107505481998103],[-86.531168234107795,36.107590286549353],[-86.53255058114793,36.107760002880006],[-86.533236664057227,36.107842645625254],[-86.533938420089001,36.107927447079192],[-86.534594446917666,36.10800798317544],[-86.535703212971825,36.108143678959465],[-86.5358658388229,36.108162872751208],[-86.535650602344333,36.110005394506196],[-86.535625017077678,36.110227505498266],[-86.535577810324284,36.110632049048874],[-86.535555795816336,36.110818947341755],[-86.53529383475734,36.112512302946648],[-86.530906540746685,36.112184534162125],[-86.530750972910994,36.113222407423009],[-86.530665573186553,36.113805160766354],[-86.530535909791567,36.114667278973862],[-86.530314316497766,36.116149435321432],[-86.530227187811022,36.116727731521685],[-86.530152270246987,36.117233520155274],[-86.530019794808823,36.118119857843631],[-86.529856559089154,36.119217167156052],[-86.529492282628766,36.121647166959391],[-86.529104633852498,36.12423077895685],[-86.529115467012375,36.124233636452658],[-86.529943376461546,36.124201534117184],[-86.53168527892359,36.124133972478205],[-86.532213199925351,36.124441067813095],[-86.532273772449287,36.124476302831447],[-86.533462531385069,36.125154229215234],[-86.535221790513035,36.126193473047955],[-86.53511014126282,36.126261607165887],[-86.533720762306828,36.127109459940797],[-86.533523814538427,36.127229003899714],[-86.531199285157257,36.128557664236837],[-86.531769198134057,36.130701654230862],[-86.531774962513794,36.130723337402031],[-86.532153997831628,36.132149186362945],[-86.530574752667874,36.132094837586955],[-86.53032680296657,36.132631718869057],[-86.529281686849302,36.134842668930432],[-86.52928241333565,36.136312922649267],[-86.529140295419893,36.136292019474432],[-86.527042108439488,36.135983387134097],[-86.527042049383581,36.135983205972465],[-86.527016381906265,36.136129483350942],[-86.526732493293238,36.137811915837879],[-86.526496649756041,36.137804189023399],[-86.526069229327916,36.138144455176523],[-86.525563899677195,36.138546696004504],[-86.526053645362083,36.139625695724249],[-86.527849477249035,36.140778307306199],[-86.528298700676046,36.13868790005845],[-86.528417780685615,36.138134192160813],[-86.528443236487874,36.138015442601727],[-86.52952982885428,36.138129316634227],[-86.53284893392167,36.138477314006124],[-86.532931988437582,36.138426470191554],[-86.533012912433691,36.13837357544552],[-86.533091705907964,36.138318629772321],[-86.533168370011808,36.138261804861322],[-86.533247987985945,36.138203593321585],[-86.533327127163858,36.138137142702931],[-86.533385064726957,36.13806546335752],[-86.533425195308737,36.137989742140789],[-86.53344836212014,36.137909460270897],[-86.533454581360445,36.137827021352422],[-86.53344260044895,36.137745006283097],[-86.53343100249684,36.137656980351395],[-86.53341475044823,36.137569318373998],[-86.533368289889722,36.137395944701183],[-86.534911428884286,36.138105577383151],[-86.535818565252129,36.138536615823163],[-86.536206771444384,36.138099827539129],[-86.538437590855722,36.135586300991399],[-86.538601429609258,36.135401517351035],[-86.538714548979655,36.135540253397515],[-86.538782799116547,36.135616866024996],[-86.538861104907213,36.135678153236924],[-86.538948691990257,36.135734763291183],[-86.539021898582021,36.135793154436143],[-86.539088366251733,36.135856554675087],[-86.539147668194943,36.135924450854418],[-86.539198955464727,36.135996503397237],[-86.539259942657864,36.136063190153955],[-86.539324722193513,36.136127284567891],[-86.53939329524097,36.136188958318336],[-86.539464812860317,36.136247871813715],[-86.539540121660409,36.136304021262951],[-86.539618797169226,36.136357236866935],[-86.539700863895803,36.136411124011822],[-86.53977199132342,36.136474846405427],[-86.539830473385265,36.136546523103711],[-86.539880927906935,36.136620467671953],[-86.539933897842658,36.136690795459074],[-86.539978849557144,36.136764764610454],[-86.540014932915128,36.136841863868142],[-86.540041719915095,36.136921408393398],[-86.540059205859691,36.137002711450812],[-86.540067384881567,36.137084914617773],[-86.540065828970654,36.137167333049597],[-86.540077408511763,36.137251581277418],[-86.540087308852449,36.137337897305784],[-86.54008408891481,36.137424615444964],[-86.540067739311795,36.137510362211415],[-86.540043332734754,36.137594084750901],[-86.540025697933388,36.137677605283223],[-86.540010180825945,36.137761288023249],[-86.539996783754759,36.137845476342314],[-86.539985079909286,36.13792965707983],[-86.539993738320476,36.138020099231326],[-86.540004480623509,36.138105724718969],[-86.540010606193576,36.138197208344565],[-86.540016278096957,36.138284230045102],[-86.54001602359034,36.138371278269013],[-86.540010265970551,36.138458351121464],[-86.54001592154161,36.138542969222463],[-86.540034688280173,36.138625811732588],[-86.540059374497531,36.138707597599044],[-86.540090824511068,36.138787979657955],[-86.540148479450764,36.138862235227698],[-86.540219193125068,36.138926989323714],[-86.540295849742591,36.138994120431619],[-86.540383793535852,36.139040254699999],[-86.540492510488647,36.139090759800929],[-86.540567026343922,36.139154294825495],[-86.540643662428238,36.139218335374295],[-86.540740556048803,36.139273185491888],[-86.540833665647526,36.139331829683712],[-86.540929222890369,36.139376899283221],[-86.541018905224846,36.139429549530817],[-86.541101439188708,36.139489271079164],[-86.541194155246941,36.139552209018255],[-86.541297372566248,36.13960308144194],[-86.541385338692024,36.139652305306676],[-86.541465288725121,36.139705513961871],[-86.541543132790139,36.13976027723028],[-86.541619295382233,36.139816764900807],[-86.541699655002859,36.139867911275836],[-86.541773282551702,36.139925096991767],[-86.541833428276632,36.139991786181255],[-86.541878808127166,36.140065924345414],[-86.54192592590168,36.14014657892232],[-86.541960322901417,36.140224200191447],[-86.542006686806786,36.140318421664695],[-86.542055876945412,36.140392542641038],[-86.542085216530083,36.140473448709436],[-86.542150444033936,36.140540286593271],[-86.542234199559701,36.14059261918139],[-86.542330533049011,36.140627039372049],[-86.542434352786103,36.140641853122098],[-86.54253972389364,36.140635885265802],[-86.542641620341584,36.140617056162561],[-86.542743072284566,36.140595138544789],[-86.54284238287876,36.140569624976415],[-86.542940820920691,36.140540338062721],[-86.543037116415604,36.140507283521636],[-86.543131270527169,36.140470633043272],[-86.543221997991964,36.140428160443399],[-86.543308442742088,36.140378496060706],[-86.543392755474784,36.140326609241122],[-86.543474937362603,36.140272671674069],[-86.543555411729187,36.140216681456799],[-86.543633331921157,36.140158642407307],[-86.543708706169511,36.14009975632662],[-86.543783246593421,36.140042762550479],[-86.543858637087823,36.139986279966678],[-86.543934877652347,36.13993030857354],[-86.544011122815576,36.139875023872129],[-86.544083958926876,36.13981649237509],[-86.544150414484605,36.139753525656566],[-86.544210490669826,36.139686295412019],[-86.544263765343729,36.139614975245536],[-86.544312785511764,36.139540583818459],[-86.544360530913835,36.139465511359141],[-86.544406578231076,36.139389759778958],[-86.544450504146369,36.13931333099012],[-86.544526211981463,36.139241566086227],[-86.5445887402241,36.139161619477065],[-86.544631233330065,36.139061503792803],[-86.544673426697884,36.138979416948125],[-86.544735152716896,36.138905998117366],[-86.544813464621129,36.138843664244575],[-86.544896478859854,36.138788005013417],[-86.544975667800713,36.138730131025326],[-86.545053579601216,36.138671232610157],[-86.545130637578211,36.138611307857708],[-86.545205993918074,36.138550188910173],[-86.545283072889788,36.138493354392423],[-86.545358033991121,36.138436357706432],[-86.545429161550487,36.138375944491685],[-86.545496034611489,36.138312460039089],[-86.545559078851468,36.138246245811928],[-86.545617025509301,36.138177479244227],[-86.54567072004123,36.138105984828982],[-86.545720156552051,36.138030904145538],[-86.545764082811459,36.137954818221971],[-86.545813414081579,36.13786445751105],[-86.545895081754281,36.137736350235912],[-86.54594239535939,36.137660420604405],[-86.545985889623665,36.13758313471152],[-86.546019208984845,36.137503662871119],[-86.546050417630525,36.137425059025375],[-86.546096899634392,36.137351365067232],[-86.546180120922983,36.137264627982773],[-86.546256791178862,36.137210198333982],[-86.546363472567151,36.137149280181788],[-86.546469782483669,36.137095918003347],[-86.546583362975412,36.137053339301509],[-86.546686591183033,36.137044287071902],[-86.546790300619676,36.137043645413584],[-86.54689364470093,36.137051418162955],[-86.546995351167283,36.137067267707749],[-86.547094996739887,36.137091195971628],[-86.54719088702771,36.137123038953661],[-86.54727847217579,36.13717826945738],[-86.547379059296503,36.137215928465999],[-86.547493195976756,36.137254040977957],[-86.547585732116502,36.137290534513717],[-86.547681201900744,36.137322722396135],[-86.547778336571426,36.137350782069312],[-86.547877136115147,36.137374713529269],[-86.547977174837314,36.137394175324154],[-86.548078876032505,36.137409165528034],[-86.548204837573678,36.137443103075704],[-86.548332051367225,36.137474459441584],[-86.548430895116937,36.137504742800921],[-86.548610649522757,36.137543071040454],[-86.548856607321397,36.137666428102797],[-86.548953038669993,36.137715092905061],[-86.549053165954973,36.137747258511958],[-86.549144916143334,36.137792338960523],[-86.549257379067114,36.137833032782765],[-86.549364969426946,36.137842500994736],[-86.549473313747356,36.13783857380912],[-86.549579065883051,36.137827103946584],[-86.549681426731468,36.137814962679236],[-86.549781175143266,36.137792360101194],[-86.5498766202101,36.137759647306282],[-86.549967789257309,36.137720773064146],[-86.550061951139384,36.137686177373503],[-86.550156545769809,36.137652953160433],[-86.550251997654499,36.137621270178649],[-86.550347882296322,36.137590958671808],[-86.550442908337928,36.137558934098962],[-86.550537505038548,36.137526052956559],[-86.550632106424175,36.137493858480539],[-86.550727134616992,36.137462177053436],[-86.550822590809631,36.137431180359513],[-86.550918050502077,36.137400698645386],[-86.550995144525842,36.137346779110295],[-86.551066277545019,36.137287907722303],[-86.55116037406782,36.137244040168881],[-86.5512596110012,36.137208905278214],[-86.551363568639061,36.137183020028075],[-86.551466078577789,36.137131559395485],[-86.551564789340802,36.137081661258868],[-86.55167412564262,36.137037895319835],[-86.551761437861501,36.136992513096828],[-86.551845759374871,36.136943195603308],[-86.551926670448978,36.13689045983746],[-86.552003747772744,36.136834307742795],[-86.552077415845417,36.136774909074759],[-86.552150856925422,36.136682890167307],[-86.552193511133822,36.136607494429207],[-86.552239139150458,36.136533630278798],[-86.552287738580844,36.136460954342368],[-86.552339735113094,36.136389808048925],[-86.552395127546433,36.136320019708897],[-86.552450933628563,36.13624885592192],[-86.552508430436433,36.136177340983323],[-86.552568475326851,36.136107016180532],[-86.552630647382855,36.13603822681921],[-86.552694944211979,36.135970629525644],[-86.552766060392329,36.135909696891396],[-86.552853393463039,36.135867575884831],[-86.552948435564318,36.135838296288519],[-86.55304865290212,36.135822728153173],[-86.553182056431794,36.135831216172967],[-86.553272915874047,36.135869945032056],[-86.553353701112712,36.135920910070865],[-86.553422286076767,36.135982747535706],[-86.553485848965536,36.136052849155625],[-86.553553628242284,36.136120527725744],[-86.55364131489209,36.136189831814242],[-86.553734694435505,36.136225630018089],[-86.553837209489586,36.136235975985677],[-86.553968240896097,36.136207732211162],[-86.55408172862019,36.136152613418588],[-86.554186677009085,36.136087060607217],[-86.554261190559785,36.136027828390738],[-86.554328877208846,36.135960901409966],[-86.55438763602865,36.13588852130961],[-86.554436626422998,36.135811550419191],[-86.554469491695244,36.135728987819753],[-86.554490048792516,36.135641846126546],[-86.554515693845403,36.135555882878272],[-86.554546424439948,36.135470754701188],[-86.554517366589948,36.135371135919108],[-86.554442297519273,36.135290099496409],[-86.554385383686849,36.135202283662196],[-86.554334468083781,36.135124741687243],[-86.554278066490255,36.135049628564559],[-86.554217025511534,36.1349769403976],[-86.554151780436015,36.134908392088079],[-86.554101296934434,36.134832049861586],[-86.55406643595029,36.134749970071852],[-86.554048484104683,36.134664550494563],[-86.554047879018853,36.134577849416765],[-86.554033739282247,36.134492755708884],[-86.554030167558565,36.134405553178148],[-86.554053703429503,36.13432062983162],[-86.554103538568839,36.134243483472076],[-86.554163599758539,36.134175904805353],[-86.554232167453975,36.134114124517843],[-86.55430882195401,36.134058659596135],[-86.554391874886548,36.134010204546769],[-86.554480905368038,36.133969104672957],[-86.554580131940824,36.133933280280097],[-86.554682796338199,36.133904822705382],[-86.554796138934719,36.133890051206563],[-86.554913146232877,36.13391509502145],[-86.554977604574688,36.133992231097245],[-86.554906482209091,36.134051791582728],[-86.554868497771878,36.134128540397818],[-86.554868229564704,36.134211296612968],[-86.554909400946485,36.134287681363517],[-86.554972530895625,36.134356410695382],[-86.55504198396396,36.134421333705681],[-86.555116487871587,36.13448211285602],[-86.555196042618491,36.134538748137231],[-86.555280220104223,36.13459055474658],[-86.555369020322502,36.134637532674589],[-86.555460317176212,36.134678318173243],[-86.555554542353974,36.134714111084854],[-86.555651693438634,36.134744568032161],[-86.555750922619538,36.134769521222708],[-86.555852231080067,36.134789142336714],[-86.555970481069707,36.134810058823014],[-86.556088735932079,36.134831661934371],[-86.556211597805174,36.134846204367207],[-86.55633826939426,36.13486072910753],[-86.556462471046643,36.134885223174521],[-86.556562621877433,36.134920816278253],[-86.556666115837402,36.134950213004423],[-86.556767378999808,36.134963309309178],[-86.556869934969455,36.134979661687382],[-86.56067478589091,36.126685116886165],[-86.561285192537269,36.125356228933036],[-86.56225235488759,36.12417149595057],[-86.563242222841112,36.123371058886633],[-86.563972206351309,36.122941583418026],[-86.565287403241072,36.122574417475597],[-86.566706524764214,36.122392189439857],[-86.593067027499458,36.120635378221849],[-86.59377986646011,36.120518067146065],[-86.595442550401302,36.120220414619958],[-86.597040853656793,36.119887801409156],[-86.598954973860003,36.119424521154549],[-86.602006875071808,36.118333426147196],[-86.605158797521327,36.116993468620741],[-86.607148794817221,36.116103005661195],[-86.609430042318778,36.115316729668237],[-86.611630042088265,36.114591074719378],[-86.61360294544545,36.114136909047865],[-86.62114151292117,36.112939657297524],[-86.62370326434359,36.112617885375407],[-86.625467869055811,36.112349594753454],[-86.627583995398922,36.111979201798768],[-86.630665564402875,36.112084123154766],[-86.631102607893681,36.112113593373245],[-86.635200276799424,36.112631197543791],[-86.637535058012915,36.112844483068358],[-86.643593361622735,36.113242398162051],[-86.644566740207338,36.113506071063966],[-86.64557824692659,36.113916505585792],[-86.646958115402697,36.114529948288201],[-86.647882911059156,36.114838147200537],[-86.64841690343269,36.115020840865867],[-86.649778745539024,36.115498152468831],[-86.649972622044416,36.115566560996719],[-86.650738915758041,36.115962644838817],[-86.651762806274547,36.11670157593408],[-86.652228443730095,36.11707437908737],[-86.65300388557803,36.117601915613299],[-86.653409813223064,36.117763340420765],[-86.653409259886246,36.117850391576404],[-86.653352713553531,36.118281989708912],[-86.65319702892748,36.119497196118466],[-86.653170468351647,36.119702826154978],[-86.653155033806556,36.119821425651985],[-86.65312270828197,36.120073672779206],[-86.653013765762935,36.120927363706755],[-86.652963333290216,36.121316874991379],[-86.65292956181635,36.121584898025915],[-86.652947919531471,36.121758551412199],[-86.65292788351573,36.121895498738461],[-86.650956490635224,36.121698405554305],[-86.650809313411727,36.122641447586098],[-86.650367323337449,36.125365497943029],[-86.65006332848948,36.127111872750504],[-86.649784910231773,36.128830122367326],[-86.649571912100811,36.130157254109136],[-86.649541562308571,36.130346262727819],[-86.649465532327568,36.130820722865053],[-86.649137618861076,36.130785752513411],[-86.648656410559184,36.130733994580368],[-86.647771748512426,36.130638067782996],[-86.647433560512155,36.130601886610435],[-86.646167776399338,36.130469808515812],[-86.645958967582004,36.131842200570809],[-86.645742540963369,36.133248297852859],[-86.645723955970311,36.13336775978938],[-86.64553844971266,36.134533528139237],[-86.645464901236636,36.134996257857807],[-86.645407495968229,36.135357825035086],[-86.646819595484374,36.135503755148356],[-86.646583743101743,36.137158925758698],[-86.64627453619272,36.139372829165481],[-86.64607323146079,36.14078388408052],[-86.646026131213574,36.141125605513544],[-86.645876840691599,36.142264183576891],[-86.645032880160656,36.142185084562762],[-86.644990762480262,36.142368161098965]]],[[[-86.521588438874872,36.138163909117473],[-86.521542717231071,36.138421298878065],[-86.521519044628292,36.138555319653648],[-86.521375377192243,36.139369065811373],[-86.521273794173695,36.139951878109954],[-86.521177044998367,36.140497412569459],[-86.52106193656158,36.141148443936622],[-86.521929481982966,36.141230367705951],[-86.522561088616698,36.141291330966844],[-86.522882693110816,36.139920879731342],[-86.523154060616591,36.138765944610633],[-86.523296515607882,36.138156512905304],[-86.523457086964939,36.137470085037002],[-86.523299937683106,36.137455486296737],[-86.522879723275494,36.137413355418268],[-86.522462487179666,36.137373442155543],[-86.522060912873087,36.137333287993073],[-86.521741096587135,36.137301706870161],[-86.521588438874872,36.138163909117473]]]]},"properties":{"CommunityNumber":13,"CommunityName":"Antioch - Priest Lake","GlobalID":"{AD902707-E9A3-4146-BB8D-E45CE8E2BCC6}","created_user":null,"created_date":null,"last_edited_user":null,"last_edited_date":null,"OBJECTID":9,"SHAPE.STArea()":1661737408.8379385,"SHAPE.STLength()":257881.53247074748}},{"type":"Feature","id":10,"geometry":{"type":"Polygon","coordinates":[[[-86.822640785470995,36.153027296438253],[-86.820888158532668,36.153391335417652],[-86.820766035605018,36.153576589822947],[-86.820601526713901,36.153661538407761],[-86.820396191945264,36.153797061279334],[-86.819985176705558,36.154034575466497],[-86.818485107965657,36.15491658260337],[-86.816840471399615,36.155816313403534],[-86.815400801450892,36.156546979500789],[-86.812373466201961,36.158152021627316],[-86.812336156575128,36.158148287207418],[-86.807766522671741,36.157705946060148],[-86.806770661959618,36.157629508291016],[-86.805902613799276,36.157546371300327],[-86.805250306029805,36.157483765412593],[-86.804806114518129,36.157441573272145],[-86.804003765006613,36.157364508819619],[-86.803835287170173,36.157076843804255],[-86.803607156284329,36.157128669136249],[-86.802858950395574,36.157296757268767],[-86.802706868691928,36.157331935803604],[-86.80151162557199,36.15759553058566],[-86.801399190762481,36.157615335174157],[-86.801234750886834,36.157642867733237],[-86.800986745804821,36.157697738807215],[-86.800743526088795,36.157765282881002],[-86.800505086439486,36.157844984938961],[-86.800255010616411,36.157946568660876],[-86.800108745889119,36.158012953404935],[-86.799970859195966,36.158070354411208],[-86.799043980511456,36.158452330248004],[-86.798626084525878,36.158624900504186],[-86.798153363492645,36.158819808560786],[-86.797621610031143,36.159039828654706],[-86.796822133559687,36.159376305005658],[-86.796606252232351,36.159468383885375],[-86.796188824133978,36.159646436660125],[-86.795428204413582,36.15997406265933],[-86.793088217395734,36.161023257733937],[-86.793212523256457,36.161269128576564],[-86.793223224220156,36.162339732465171],[-86.793528562155657,36.163527553716108],[-86.794572086055723,36.165186275799094],[-86.795019625423578,36.165897053608376],[-86.795467948865422,36.166727494023469],[-86.795913113159642,36.167199803452213],[-86.796805013821853,36.168383745886018],[-86.797402699305223,36.169450471250819],[-86.79800159734738,36.170636168085487],[-86.798625097433089,36.171487242722257],[-86.798219082981717,36.171583702058328],[-86.79706730514954,36.171868554847336],[-86.796754539581244,36.171945912483501],[-86.795665057890901,36.172214022958769],[-86.795149600797245,36.172342184836573],[-86.793276981272044,36.172801100070387],[-86.792068778853434,36.173104985488607],[-86.79143381077489,36.17326698113601],[-86.788546331009698,36.173932014988992],[-86.787542670109502,36.17423091744368],[-86.786134820004776,36.174678620616064],[-86.785400479710631,36.174866119872377],[-86.78349694800977,36.175329199462873],[-86.782252512919911,36.175593077295126],[-86.780303635870311,36.17603203357919],[-86.780813696826087,36.177239557178297],[-86.781490664647364,36.179619456673798],[-86.781841124204419,36.182001637864744],[-86.78202638285488,36.184252341230959],[-86.782376878963078,36.186634517847978],[-86.782396473417066,36.188621372105864],[-86.782575652976959,36.190209726346076],[-86.783018496715229,36.192072277279848],[-86.783371995496722,36.192998305384847],[-86.783708155969478,36.19365073527986],[-86.78413682788171,36.194482701380046],[-86.784735784231515,36.195386658266223],[-86.785393872707843,36.196201064979498],[-86.785831733278826,36.196749430273371],[-86.786858155176304,36.197634360697691],[-86.787824519860195,36.198339000666813],[-86.789152908376096,36.199102741767739],[-86.790087608550934,36.199566764094392],[-86.791242808242615,36.200077971016455],[-86.792247335219699,36.200506583458854],[-86.793509057771857,36.200930952057277],[-86.795085189948622,36.201276702549656],[-86.796697176848184,36.201553354881653],[-86.798000211579875,36.201743820121187],[-86.799361921081015,36.201929018350995],[-86.801701752369709,36.202154285107312],[-86.803140883811892,36.202261643040814],[-86.804757617435342,36.202396072065419],[-86.806558051355665,36.202416481523315],[-86.8084775006851,36.202338798792454],[-86.810096184468904,36.202190153404793],[-86.811004494480486,36.202013832827333],[-86.81195246930622,36.201804818859451],[-86.813159372514491,36.201488676987331],[-86.814166255849614,36.20117387178793],[-86.815431142539666,36.200662776458238],[-86.816695345326877,36.200086828060648],[-86.81790936248521,36.199494991664523],[-86.819114810208973,36.198862757419533],[-86.820702729078818,36.197862983400988],[-86.822191147616351,36.196834700916973],[-86.823411943742727,36.195842402944344],[-86.824267227931628,36.195100714072112],[-86.825085003970429,36.194288929799498],[-86.825807410678749,36.193475356300176],[-86.826696210298877,36.192399306182644],[-86.827703706133832,36.191200847949439],[-86.828513393390367,36.190214488687516],[-86.829184347053555,36.189350663992627],[-86.829776058492712,36.188560335185116],[-86.830193020991203,36.18776579558746],[-86.830596862898645,36.186730877568031],[-86.830840920006452,36.185767790079559],[-86.830940536593602,36.185369507205571],[-86.831371428767511,36.18365815975789],[-86.83185942517035,36.182215336531911],[-86.83218813406566,36.181143097196404],[-86.832435919364684,36.179982253752314],[-86.832807451840765,36.178228826317188],[-86.83342402580017,36.176082381619729],[-86.83366682641693,36.175329101990322],[-86.834013992907842,36.174586679567675],[-86.835339606899524,36.172301515531991],[-86.83638716380834,36.170673723036451],[-86.837163881685896,36.169616672337163],[-86.837741748027511,36.168897024538374],[-86.83690790643918,36.168432320564783],[-86.836615671790327,36.168232708227251],[-86.836435911391177,36.168065303695172],[-86.836255503427608,36.167878975963887],[-86.836235809907549,36.167583374957808],[-86.836035960751744,36.167497383806655],[-86.835202270140542,36.167832496859283],[-86.834488903016435,36.165590093150797],[-86.838497253586283,36.164580052241192],[-86.842184284136621,36.163675751516486],[-86.843846240775719,36.163258132076919],[-86.84346211465035,36.163184690776099],[-86.843029821873145,36.16304277239481],[-86.842488174885958,36.162823548156879],[-86.842040030430496,36.162588431974697],[-86.841582802823154,36.162287461036478],[-86.841239384471109,36.161994863540727],[-86.840954944601606,36.161730403252278],[-86.840631860079966,36.161384249724648],[-86.840308441479479,36.161042804328574],[-86.839787710168522,36.160340801929422],[-86.839357603507082,36.159749536347292],[-86.839147121962839,36.159449664689902],[-86.83899161480312,36.159190713012457],[-86.838827648047399,36.15883479720334],[-86.838718451450163,36.15839797178883],[-86.838660598332694,36.157549876970037],[-86.838567737606553,36.157090587867266],[-86.838431799243352,36.156718827323076],[-86.838237491445256,36.156375229142121],[-86.838008671145261,36.156064892654221],[-86.837219716040138,36.154907333636494],[-86.836613926453794,36.154023387656892],[-86.836522592646403,36.154032051493104],[-86.836355820248258,36.154037328087853],[-86.836175056046443,36.154040812775797],[-86.835827953608259,36.154050600210574],[-86.835662076712367,36.154060505366388],[-86.835535113758809,36.154066535304878],[-86.835230053275751,36.154088048460636],[-86.835030798798513,36.154104879802468],[-86.834688598791928,36.154137980339378],[-86.834370160748534,36.154175894721099],[-86.834123223231117,36.154208334953189],[-86.833838708273532,36.154250992552129],[-86.833633280738283,36.15428486188155],[-86.833468437364459,36.154312612989706],[-86.833317560408801,36.15433975234842],[-86.83317811313988,36.154366640911221],[-86.832920371733024,36.15441872631088],[-86.832791941409141,36.154446396851128],[-86.832201292685596,36.154610489720689],[-86.830494826573826,36.15504924699264],[-86.828460052278416,36.15559702746674],[-86.828332592510677,36.155636876787227],[-86.828204705632388,36.155676385516564],[-86.828077240235174,36.155715719523663],[-86.82794892432986,36.155754715843571],[-86.827821029907824,36.155793537441198],[-86.827693133570236,36.155832187221947],[-86.827564811917384,36.155870668089328],[-86.827436486560316,36.155908805457976],[-86.827308159290297,36.155946771008821],[-86.827179406707046,36.155984567643948],[-86.827050650423033,36.156022020779488],[-86.826921892228725,36.156059302096317],[-86.826664368324316,36.156133177592864],[-86.826476099066767,36.156171397178092],[-86.826259256115605,36.156222604396746],[-86.82608114574235,36.156246423147451],[-86.825930853782367,36.156265532282632],[-86.825786136553589,36.156284603083165],[-86.825646991237548,36.156303635588529],[-86.825446633937716,36.156332126857876],[-86.825235035681047,36.156351652154974],[-86.82507907735507,36.156361758755949],[-86.824872863036461,36.156363168460238],[-86.824585175615113,36.15632338791292],[-86.824116050390685,36.156163999045823],[-86.823779851208954,36.155960606063402],[-86.823510885864295,36.155789031676548],[-86.823214125651816,36.155509479591245],[-86.822970466063651,36.155164664627534],[-86.822887437818181,36.154916103977797],[-86.822810068043282,36.154700314106741],[-86.82278898595753,36.15456840973669],[-86.82264224343794,36.153074820359329],[-86.822640785470995,36.153027296438253]]]},"properties":{"CommunityNumber":8,"CommunityName":"North Nashville","GlobalID":"{30AB97D4-AF57-4749-B47A-11858E6E8AA6}","created_user":null,"created_date":null,"last_edited_user":null,"last_edited_date":null,"OBJECTID":10,"SHAPE.STArea()":212435939.97051042,"SHAPE.STLength()":64607.371620421036}},{"type":"Feature","id":11,"geometry":{"type":"Polygon","coordinates":[[[-86.725402042955324,36.164355775531114],[-86.72606687966622,36.164307824791351],[-86.726902262778381,36.164293868395433],[-86.727767035101408,36.164252258369885],[-86.729184317682694,36.164243703899892],[-86.732167896160419,36.164083652250284],[-86.733786423504412,36.163856804587695],[-86.736023227161127,36.163632175436433],[-86.738210569910322,36.163326940517869],[-86.739802825536046,36.163101717843645],[-86.742454550116307,36.162510953743485],[-86.744200308191324,36.161994912698347],[-86.745714048976183,36.161575397290704],[-86.747665574706659,36.16097047128288],[-86.750228671610174,36.160379912574307],[-86.751254464578736,36.160221240734792],[-86.753412987326428,36.159929128756822],[-86.755317059578644,36.159598566578168],[-86.756950986816975,36.159404275515712],[-86.758719412626959,36.159105758128575],[-86.75942710788064,36.159029539581859],[-86.760216231854088,36.159014784823619],[-86.760173043638403,36.157898132983966],[-86.760168292024474,36.157188968819085],[-86.760328315418633,36.156522309932015],[-86.760526187077645,36.156093892754768],[-86.760879347944126,36.155654366344599],[-86.761358414668976,36.155098323920342],[-86.761543420567222,36.154942750220187],[-86.762520450288477,36.154145305452815],[-86.763513735392905,36.153611242576886],[-86.764529436736808,36.153119952465616],[-86.76583210156727,36.152530856735567],[-86.768061931643388,36.151714880696034],[-86.768930094312026,36.151340041068778],[-86.769712035441216,36.151016703482028],[-86.77066560922178,36.150621042053977],[-86.771414779900311,36.150325934260088],[-86.772350809599772,36.14995708458747],[-86.773698823336289,36.14942094024638],[-86.774684093301559,36.149077070906479],[-86.775828162843794,36.148780246532361],[-86.776724368382332,36.148682110342428],[-86.776974544230612,36.148650963980593],[-86.777539064345575,36.148595584084852],[-86.777518085829499,36.148314834333036],[-86.777392373088134,36.147576469848644],[-86.777239826030993,36.145958662968219],[-86.777191648836478,36.144761510847168],[-86.777052924476479,36.143624074883583],[-86.776934791684553,36.14283192262495],[-86.77673671707538,36.141932987996206],[-86.776620032334151,36.141438273896142],[-86.776209286794341,36.140044950727308],[-86.775995315969411,36.139139429712351],[-86.775846841398618,36.138303073125364],[-86.775735417558053,36.137194133444012],[-86.775632826603953,36.135499046295848],[-86.775592552742694,36.134899165739533],[-86.775513598001169,36.134438337586523],[-86.77542539046128,36.134043661633079],[-86.775313823072878,36.133665783103886],[-86.775035642060132,36.133003991167435],[-86.774795948448073,36.132608394511983],[-86.774280472363742,36.131795232490575],[-86.773896751544598,36.13126035787473],[-86.77368767355712,36.130884492699984],[-86.773545949028843,36.130571747096823],[-86.773352264638064,36.130162776210767],[-86.773123960064964,36.129639349247299],[-86.772956043275386,36.129179851336019],[-86.772822264745415,36.128692219356175],[-86.772686654262131,36.12801618454202],[-86.772610403344956,36.127381300883052],[-86.772573590995506,36.127005042050811],[-86.772568973758055,36.126530539854969],[-86.772605937796442,36.125909224927206],[-86.772643580326445,36.125357691063243],[-86.772745328507526,36.124826031524584],[-86.772856544816094,36.124260718681903],[-86.772996672810734,36.123479103550423],[-86.773412730438665,36.121146590904338],[-86.773467839171474,36.120788532523804],[-86.773524103012335,36.120383424796636],[-86.773577947211422,36.120013550401211],[-86.773640126616385,36.119049803592922],[-86.773644170967444,36.118582224821971],[-86.773628967355577,36.118072413647639],[-86.773599980483311,36.117577616753699],[-86.773534610013954,36.117047674969164],[-86.773354649310335,36.115988420316079],[-86.773184730769074,36.115251258737707],[-86.773054427904583,36.114783934038037],[-86.772653707564089,36.11365048064291],[-86.772325632119745,36.112901247449443],[-86.771708931177571,36.111821537838999],[-86.771115343581144,36.110871008803436],[-86.769802935267094,36.109018758186139],[-86.768730228992041,36.107471069083864],[-86.768585058683257,36.107293235118689],[-86.767950006948652,36.106335651377108],[-86.76700495678736,36.104979197873512],[-86.766592679012831,36.104365334782521],[-86.765719216512153,36.10308621862788],[-86.765187443196382,36.102118394839799],[-86.76472754401388,36.101206362288565],[-86.76380393448008,36.09902610840949],[-86.763399929377343,36.097739581696828],[-86.763083276938957,36.096464004120364],[-86.762929684958905,36.095749871111728],[-86.762780418402059,36.094838501572994],[-86.762650575123402,36.093638909128657],[-86.762583917791517,36.09224488056396],[-86.762592586396721,36.090680254980164],[-86.762760391082793,36.08890257858161],[-86.762924246353919,36.087876489120973],[-86.763174751595869,36.086362210758935],[-86.763335676140784,36.085392067790771],[-86.763523223987036,36.084408196397455],[-86.763830611400678,36.082539598980993],[-86.763651635746669,36.082526136325392],[-86.76343621215581,36.082515997012457],[-86.763096649914445,36.082486211327478],[-86.762932734991338,36.082465443358366],[-86.762831068783782,36.082451149147346],[-86.762714546113699,36.082431626275287],[-86.762526805990248,36.082396757747823],[-86.762338591946587,36.082356569364535],[-86.762141830579822,36.082307334857738],[-86.762032400658114,36.082277464761006],[-86.761794810070128,36.082205480546442],[-86.761681071304594,36.082167395972881],[-86.761447155156119,36.082081480525261],[-86.761184246231522,36.081971881998847],[-86.760050821447223,36.081517686741371],[-86.759627291637273,36.081908044435536],[-86.759262073743173,36.082247554901791],[-86.758814634358586,36.082660037209656],[-86.758507256056475,36.082943723615308],[-86.758141992851151,36.08323515611157],[-86.757815109712553,36.083558968360229],[-86.757545841922862,36.083847220132846],[-86.757219148581783,36.084191461242483],[-86.756977424597366,36.084440563839671],[-86.756546371855279,36.084880213428718],[-86.756301873139677,36.085125660023735],[-86.753875457190105,36.087283802491172],[-86.753183515519197,36.087880486625792],[-86.751736282032141,36.089187480714848],[-86.750979751818434,36.089767130769459],[-86.750649528456378,36.090030520613354],[-86.750436123068226,36.090162518049638],[-86.749902480263984,36.090479437896768],[-86.749411433435583,36.090761247962469],[-86.749293874039097,36.090814247086918],[-86.748459639164153,36.091124317336941],[-86.747582140575318,36.091399807366507],[-86.747100418675188,36.091533459756086],[-86.746436412358733,36.091685662360206],[-86.746254208468059,36.091712922104534],[-86.745718088078817,36.09176850741347],[-86.745385631927434,36.091796694975933],[-86.744688197266413,36.091818427881158],[-86.744312566157205,36.091820747158465],[-86.743764893526745,36.091789281682502],[-86.74338910229217,36.091774175476957],[-86.743013063951068,36.091732937666514],[-86.742819641200668,36.091707997429111],[-86.742572473202102,36.091674674935618],[-86.742164075199341,36.091616210167068],[-86.741637382964228,36.091532339703789],[-86.740788398378228,36.091415602512804],[-86.740229592445075,36.091340633854266],[-86.739628020569143,36.091283348535882],[-86.738908069385204,36.09119193852726],[-86.738220398392585,36.091109039542566],[-86.737790788903425,36.091076824093648],[-86.737500776756022,36.091052466309044],[-86.73678099171849,36.090978466195807],[-86.736340490448953,36.090928888550508],[-86.735857380682617,36.090914416511175],[-86.735138001507778,36.090883959662378],[-86.734472527915955,36.090879304419232],[-86.733581758105075,36.090884727034648],[-86.732669364355147,36.090872850880409],[-86.731993236893473,36.090876957338246],[-86.731510291484156,36.090879888184176],[-86.730984334012604,36.090874367210169],[-86.730566101207387,36.090911746820971],[-86.730265920885216,36.090948410067796],[-86.729901345212852,36.090985462389121],[-86.729483431302228,36.091057681175556],[-86.72879752956392,36.09116636114593],[-86.727668656417748,36.09149962318331],[-86.725713973093491,36.09237571414215],[-86.7215673369722,36.095688720326322],[-86.720507818491811,36.096288431462263],[-86.719017214199113,36.096943929513905],[-86.717154882182399,36.097342190115626],[-86.71584055731563,36.097468640154879],[-86.714461662999653,36.097425996202091],[-86.713821337647161,36.098209451747323],[-86.713687978294445,36.098813059378905],[-86.713769229458663,36.099379340921693],[-86.7136685287836,36.099803506365504],[-86.7127568297594,36.100385103815341],[-86.711956604681944,36.100834832121514],[-86.712230311878827,36.101171311280467],[-86.712728263511295,36.101681219480412],[-86.713669523535103,36.102645380765544],[-86.717687638118193,36.105448992166259],[-86.71880575860321,36.106305610249919],[-86.719900360331579,36.107365987275323],[-86.72060212387953,36.108221982652758],[-86.720760228934139,36.108390671423045],[-86.720865950349946,36.108522587222055],[-86.721681766261653,36.109633031466544],[-86.718762810185183,36.110537260648023],[-86.717358153469718,36.110806769601808],[-86.716610836458926,36.110810182010333],[-86.715615104329217,36.110672214825719],[-86.715105450192738,36.110656866480653],[-86.71462078158315,36.110690472336131],[-86.71422179074159,36.11079276145491],[-86.712015437808674,36.111327755458298],[-86.709689194653123,36.111993901469312],[-86.709048596666506,36.112291265081424],[-86.708325480618285,36.112779517982908],[-86.707810787808981,36.11324473842469],[-86.70561760179028,36.115178666656313],[-86.704377601058994,36.116037856759874],[-86.702627180178112,36.117041483390246],[-86.700279087822793,36.118281199701599],[-86.702320789678183,36.119866933913329],[-86.704952374884456,36.121906921236956],[-86.706977343193927,36.123493704205785],[-86.708151494870407,36.124400395622011],[-86.709568960180462,36.125533824565373],[-86.710950467049727,36.126591166660361],[-86.710728670576813,36.126720114711709],[-86.710428815557904,36.126806713299892],[-86.710180907769285,36.126855892190612],[-86.708927770597171,36.127043529080524],[-86.708345345829699,36.127104451481415],[-86.707222803317322,36.127133066979312],[-86.707264500098617,36.128646757288806],[-86.707273783189649,36.128881063531054],[-86.707254270378613,36.129256498352511],[-86.706661666508111,36.130254587182236],[-86.706533793338281,36.13063065641964],[-86.706069587174539,36.133026769653817],[-86.705342784614444,36.134171574754873],[-86.704746547634912,36.134957976962639],[-86.70544924748944,36.135291074212383],[-86.706480479131301,36.135437331220096],[-86.707266946439091,36.135906079500188],[-86.708224708994535,36.136926323580141],[-86.708877228370099,36.138131034469943],[-86.709455099831331,36.139791508629351],[-86.710034454338938,36.141615078369227],[-86.710257788562402,36.142350323638119],[-86.711436656683702,36.142138098600334],[-86.713253662938172,36.141808989672811],[-86.717163453405362,36.141214765191215],[-86.718856983351444,36.140918881175494],[-86.720133041982194,36.140710371038494],[-86.720606615677468,36.140646503485975],[-86.721429241368355,36.140529692196637],[-86.722373676434415,36.140431327540313],[-86.722277629809213,36.140597169132811],[-86.721817174801771,36.141384117297974],[-86.721744346061811,36.141522421979154],[-86.721691465009883,36.141666273146875],[-86.721637245207859,36.141988864076623],[-86.721649806333133,36.142159794568755],[-86.721705826773544,36.142361198047404],[-86.721769458416091,36.142514997175326],[-86.721858846529244,36.142661259403852],[-86.722214259295512,36.143063818328869],[-86.7223118951418,36.143179291043914],[-86.722397654565768,36.143298790575429],[-86.722469303593755,36.143449450846191],[-86.722549694883881,36.143676805190708],[-86.722585696662776,36.143864592691401],[-86.722584539548521,36.143970018704309],[-86.722583936421472,36.144361089318075],[-86.722550838117911,36.14467213298294],[-86.722519684710946,36.145196873761734],[-86.722201041413513,36.148119025142108],[-86.722182427419028,36.148213738905987],[-86.722113347131994,36.148796641831218],[-86.72210325577656,36.148880348317725],[-86.722054166527869,36.149260283015465],[-86.721883040318943,36.150628662261994],[-86.722072428478569,36.15064280973526],[-86.722021130256451,36.150961261960688],[-86.722007212853384,36.151153468568438],[-86.72200119592398,36.151329832232982],[-86.722003544772306,36.151588042903299],[-86.722014695371286,36.152079344823427],[-86.722022083718556,36.152528481051199],[-86.722036355154046,36.153153365653772],[-86.722048766220766,36.153800858222709],[-86.722058062203345,36.154183183257658],[-86.722123753182075,36.15470181460568],[-86.72221019170982,36.155127264729536],[-86.72233075023847,36.155579637828545],[-86.722533780657997,36.156114272443723],[-86.722862633387024,36.156863198110585],[-86.722986238561305,36.157136463934876],[-86.723329921144455,36.157928242858688],[-86.723498549989486,36.158320449492741],[-86.723569176138,36.158490339628557],[-86.723688713231198,36.158787803221088],[-86.723787658559047,36.159004571482598],[-86.724155900437012,36.160108525820739],[-86.724188819661961,36.160207856766952],[-86.724473962234427,36.161161506041196],[-86.7244992036876,36.161242289917517],[-86.724691986966533,36.161903019394231],[-86.724758805853853,36.162129582901677],[-86.72498721163349,36.162919086235291],[-86.725010642945008,36.163000620264704],[-86.72507291108613,36.163233174297197],[-86.725255057544985,36.163858643829037],[-86.725299370848361,36.164012316083671],[-86.725402042955324,36.164355775531114]]]},"properties":{"CommunityNumber":11,"CommunityName":"South Nashville","GlobalID":"{D58EC291-D909-4635-8ADE-72E23B456F58}","created_user":null,"created_date":null,"last_edited_user":null,"last_edited_date":null,"OBJECTID":11,"SHAPE.STArea()":430132595.86780626,"SHAPE.STLength()":97149.068290656025}},{"type":"Feature","id":12,"geometry":{"type":"Polygon","coordinates":[[[-86.763830611400678,36.082539598980993],[-86.763928927246113,36.081806898331166],[-86.764012172190391,36.081428063696876],[-86.764169058885201,36.080826860543397],[-86.764385554638153,36.080273296707695],[-86.764632140379589,36.079773559295326],[-86.764901482703578,36.079333697148954],[-86.765236667871278,36.078821393512783],[-86.765792030342524,36.078139630121363],[-86.767079237287319,36.076678939447902],[-86.767497780377795,36.07624025747716],[-86.76784740420058,36.075833756094362],[-86.768198039118687,36.075393368161052],[-86.768510892508075,36.07486919201844],[-86.768852267426425,36.074236795121614],[-86.769105386363108,36.073652975573602],[-86.769241840470542,36.07323796050386],[-86.770076211715008,36.069816692127247],[-86.770932923199197,36.066174681024563],[-86.771721751060113,36.062904481109676],[-86.772154463867764,36.061029048379623],[-86.77226893989031,36.060638176946433],[-86.772413608834754,36.060277225162338],[-86.773443440079078,36.05827181160182],[-86.774420055830177,36.058361576221138],[-86.774524551022452,36.057706671748953],[-86.774624229630163,36.057315892757615],[-86.774848038869322,36.056768261667017],[-86.775131149344361,36.056238253966498],[-86.775261909662959,36.056003328432517],[-86.775464882670633,36.05559387880151],[-86.775645154086888,36.055130554483398],[-86.775766996098767,36.054739631615263],[-86.775918770907438,36.054161515114906],[-86.775982351146354,36.05332774410094],[-86.776010222008864,36.052397232974229],[-86.776063969131727,36.050332153024947],[-86.776153777907496,36.049689345385254],[-86.77628194499944,36.049190342039381],[-86.776513462842985,36.048678667541601],[-86.776847739887273,36.048094306650647],[-86.777220079256409,36.047623738196833],[-86.777791018773144,36.047055853226368],[-86.778480431013861,36.046511210293239],[-86.779170716361691,36.046056586508172],[-86.779765861173246,36.0456986103231],[-86.780441648084036,36.045274085576494],[-86.781131203653914,36.044747431432306],[-86.781577698225362,36.044306378583777],[-86.781928826553127,36.043937971031056],[-86.78215189843273,36.043631121849863],[-86.783732241044774,36.041699456919673],[-86.784652415645795,36.040583068939426],[-86.785652721323061,36.039352111807133],[-86.785915607043819,36.039032283072544],[-86.786199177004491,36.038562264214534],[-86.786386793888283,36.038104875965779],[-86.786557552636282,36.037437521885089],[-86.786635036059721,36.037052878007621],[-86.787092195538222,36.036203587770096],[-86.774721017739282,36.032571615883853],[-86.769511649172557,36.029779541906557],[-86.762328569430522,36.025942604926271],[-86.757393660764194,36.023292497478877],[-86.749653214000574,36.019170028784259],[-86.742105251929928,36.015295870462658],[-86.734811123986859,36.011230309351895],[-86.732509561041297,36.009924656982022],[-86.718386372772983,36.008577756079575],[-86.712656307035203,36.008025618348064],[-86.706621762068423,36.004257378077142],[-86.698646867241195,35.999343034637803],[-86.693117618658562,35.995944114065153],[-86.692706813986518,35.994918178174167],[-86.691626989840302,35.994511107225961],[-86.690862970654038,35.995044150788402],[-86.690320311803973,35.995229777571012],[-86.689444545592167,35.995158045355019],[-86.687874725090651,35.995503378394105],[-86.685811056016519,35.993710430521475],[-86.681726583412583,35.989275825213134],[-86.675783987558717,35.986987275632835],[-86.667938190025211,35.983980147086783],[-86.661033838223204,35.981272451585966],[-86.653753412329067,35.978447760300746],[-86.648607848251615,35.976509473211891],[-86.648725706989367,35.975627511355334],[-86.635726645435284,35.974595062531094],[-86.627527433768293,35.974044859727741],[-86.627826395273885,35.972314473265101],[-86.621023803929361,35.971620896270153],[-86.618895172473486,35.971411568841972],[-86.619246433623459,35.96829103846175],[-86.614571404864023,35.96773860399977],[-86.613897919587671,35.972318479444347],[-86.614212065028042,35.975198311346468],[-86.614426904978018,35.975993721423741],[-86.610503318191292,35.975590101693385],[-86.609723881343257,35.98000084463677],[-86.608013621358481,35.979941672392556],[-86.60779794700322,35.981739404672631],[-86.60730468535975,35.985419824956395],[-86.609747353173518,35.985763581320299],[-86.609576387535171,35.987933843212517],[-86.609602108081575,35.991289707879403],[-86.613295432324563,35.991542236975192],[-86.615591357011951,35.991733812107931],[-86.614854110432091,35.996229176410239],[-86.614174508814969,36.000046206313797],[-86.612981130842556,36.007560929634082],[-86.617740523681576,36.011848344666795],[-86.619165855233518,36.013128819273049],[-86.62674375966408,36.020014743066533],[-86.626825054532461,36.020089220903024],[-86.633492501563268,36.026049422142535],[-86.635855638808991,36.028220598010165],[-86.64209423831727,36.033758032651576],[-86.644920295929253,36.036234263621139],[-86.647264011477532,36.038274522324954],[-86.647700152467252,36.038637597874306],[-86.653592244966958,36.042191725680958],[-86.657910716440284,36.044685599096759],[-86.661305168696984,36.046673624770804],[-86.669721312099512,36.051590303561035],[-86.671697051902086,36.052739814573307],[-86.67294285872407,36.053539121977131],[-86.676240401222103,36.056631125823962],[-86.67959487751618,36.059853389269577],[-86.682955535715976,36.063168733348874],[-86.688902042449641,36.068829111132544],[-86.689708302349715,36.069749124654571],[-86.690016963340383,36.070101327115928],[-86.690900442306202,36.07129183444242],[-86.692696214794097,36.074065169656485],[-86.694834050011409,36.07756296976423],[-86.695370952049288,36.078446011695469],[-86.695922500730475,36.079351067121763],[-86.700451050977691,36.086498265726121],[-86.701964556386528,36.08858592448518],[-86.705062517790964,36.092341992150395],[-86.706840364440041,36.09453913522475],[-86.708896526939441,36.097072734185851],[-86.711956604681944,36.100834832121514],[-86.7127568297594,36.100385103815341],[-86.7136685287836,36.099803506365504],[-86.713769229458663,36.099379340921693],[-86.713687978294445,36.098813059378905],[-86.713821337647161,36.098209451747323],[-86.714461662999653,36.097425996202091],[-86.71584055731563,36.097468640154879],[-86.717154882182399,36.097342190115626],[-86.719017214199113,36.096943929513905],[-86.720507818491811,36.096288431462263],[-86.7215673369722,36.095688720326322],[-86.725713973093491,36.09237571414215],[-86.727668656417748,36.09149962318331],[-86.72879752956392,36.09116636114593],[-86.729483431302228,36.091057681175556],[-86.729901345212852,36.090985462389121],[-86.730265920885216,36.090948410067796],[-86.730566101207387,36.090911746820971],[-86.730984334012604,36.090874367210169],[-86.731510291484156,36.090879888184176],[-86.731993236893473,36.090876957338246],[-86.732669364355147,36.090872850880409],[-86.733581758105075,36.090884727034648],[-86.734472527915955,36.090879304419232],[-86.735138001507778,36.090883959662378],[-86.735857380682617,36.090914416511175],[-86.736340490448953,36.090928888550508],[-86.73678099171849,36.090978466195807],[-86.737500776756022,36.091052466309044],[-86.737790788903425,36.091076824093648],[-86.738220398392585,36.091109039542566],[-86.738908069385204,36.09119193852726],[-86.739628020569143,36.091283348535882],[-86.740229592445075,36.091340633854266],[-86.740788398378228,36.091415602512804],[-86.741637382964228,36.091532339703789],[-86.742164075199341,36.091616210167068],[-86.742572473202102,36.091674674935618],[-86.742819641200668,36.091707997429111],[-86.743013063951068,36.091732937666514],[-86.74338910229217,36.091774175476957],[-86.743764893526745,36.091789281682502],[-86.744312566157205,36.091820747158465],[-86.744688197266413,36.091818427881158],[-86.745385631927434,36.091796694975933],[-86.745718088078817,36.09176850741347],[-86.746254208468059,36.091712922104534],[-86.746436412358733,36.091685662360206],[-86.747100418675188,36.091533459756086],[-86.747582140575318,36.091399807366507],[-86.748459639164153,36.091124317336941],[-86.749293874039097,36.090814247086918],[-86.749411433435583,36.090761247962469],[-86.749902480263984,36.090479437896768],[-86.750436123068226,36.090162518049638],[-86.750649528456378,36.090030520613354],[-86.750979751818434,36.089767130769459],[-86.751736282032141,36.089187480714848],[-86.753183515519197,36.087880486625792],[-86.753875457190105,36.087283802491172],[-86.756301873139677,36.085125660023735],[-86.756546371855279,36.084880213428718],[-86.756977424597366,36.084440563839671],[-86.757219148581783,36.084191461242483],[-86.757545841922862,36.083847220132846],[-86.757815109712553,36.083558968360229],[-86.758141992851151,36.08323515611157],[-86.758507256056475,36.082943723615308],[-86.758814634358586,36.082660037209656],[-86.759262073743173,36.082247554901791],[-86.759627291637273,36.081908044435536],[-86.760050821447223,36.081517686741371],[-86.761184246231522,36.081971881998847],[-86.761447155156119,36.082081480525261],[-86.761681071304594,36.082167395972881],[-86.761794810070128,36.082205480546442],[-86.762032400658114,36.082277464761006],[-86.762141830579822,36.082307334857738],[-86.762338591946587,36.082356569364535],[-86.762526805990248,36.082396757747823],[-86.762714546113699,36.082431626275287],[-86.762831068783782,36.082451149147346],[-86.762932734991338,36.082465443358366],[-86.763096649914445,36.082486211327478],[-86.76343621215581,36.082515997012457],[-86.763651635746669,36.082526136325392],[-86.763830611400678,36.082539598980993]]]},"properties":{"CommunityNumber":12,"CommunityName":"Southeast","GlobalID":"{B01406E6-8BE0-475C-8D01-840515B0127A}","created_user":null,"created_date":null,"last_edited_user":null,"last_edited_date":null,"OBJECTID":12,"SHAPE.STArea()":1189720612.2625906,"SHAPE.STLength()":161648.97937909371}},{"type":"Feature","id":13,"geometry":{"type":"Polygon","coordinates":[[[-86.885244937816736,36.078931816188074],[-86.885058222505634,36.079220517043076],[-86.884888462972853,36.079481062947792],[-86.884668229245094,36.079861116387249],[-86.884499481330934,36.080212759194147],[-86.884271391751909,36.080662949451117],[-86.88407767732275,36.081098869769171],[-86.883457170695891,36.082750318381201],[-86.882158297992405,36.086291898921324],[-86.882015500974632,36.086650355178499],[-86.880227167198683,36.086551294552812],[-86.878153319645648,36.086398222452452],[-86.875647279178239,36.086199199354297],[-86.873124137365437,36.086014263146815],[-86.873107565434807,36.08607745546766],[-86.872338130313096,36.085984912656386],[-86.868744023555578,36.085765581288904],[-86.868543315769514,36.08557080059726],[-86.867648052268862,36.085023610883461],[-86.867143734985078,36.084697857942402],[-86.867073446179106,36.084586236188045],[-86.867054881093694,36.084467232619268],[-86.867001699244113,36.0833019276605],[-86.866743737519087,36.083102645105079],[-86.866809835001604,36.082920519054277],[-86.866851706084191,36.08274176528878],[-86.866891170309302,36.082458511098913],[-86.866966103751224,36.081806143895527],[-86.867031164667409,36.081245980190737],[-86.867068360071542,36.080985724375552],[-86.86713693098072,36.080770506803745],[-86.867278562401168,36.080473457028482],[-86.867858778068793,36.079167558590989],[-86.868210687659356,36.07846067937993],[-86.868953520283057,36.077238438075518],[-86.865654975133552,36.076727450566878],[-86.863929044210408,36.076293276606556],[-86.864182887456252,36.075605377860477],[-86.864405777267308,36.075138871695415],[-86.863590847770482,36.074336761985897],[-86.862913062104354,36.073636553033253],[-86.86260089734597,36.073287650047597],[-86.862301933553951,36.072892584271187],[-86.862019749213701,36.072506426744454],[-86.861766832702074,36.072255469028057],[-86.861464714430838,36.072081592809496],[-86.861117388969546,36.07184033735286],[-86.860807857960538,36.071494993619211],[-86.860659542611074,36.071234603272835],[-86.86055177099162,36.070950666323292],[-86.86053698404757,36.070612246383895],[-86.860603423285696,36.070290542205662],[-86.857381707591443,36.070114033166284],[-86.856633494712469,36.074820041998464],[-86.855538482711808,36.081375198518387],[-86.854906742805369,36.085617575932872],[-86.854713762970192,36.085540959470215],[-86.854574348825878,36.085442125513183],[-86.854550706348832,36.085428822905101],[-86.854543102937726,36.085395556184999],[-86.854492408466882,36.085327287151685],[-86.854480409951464,36.085283701697264],[-86.854414312237765,36.085212423780689],[-86.854356235019836,36.085172282855574],[-86.854275066760266,36.085129185211954],[-86.854189987650983,36.085079876906569],[-86.854105146244962,36.085052404392123],[-86.853985316217873,36.084987745182111],[-86.853842328314329,36.084913891239083],[-86.853645040908489,36.084793630796902],[-86.85350937272878,36.084685412759498],[-86.853458914198114,36.08463897915469],[-86.853384962720554,36.084552159335189],[-86.853279766616708,36.084418767512759],[-86.853225299871596,36.084356765243982],[-86.853171198874946,36.084329072239719],[-86.853030895329212,36.08450475382984],[-86.852826782480605,36.084733135069335],[-86.852328695943996,36.085321547753402],[-86.852158449223651,36.085572304261866],[-86.852007956096415,36.085873610352976],[-86.851614532889201,36.086900816670457],[-86.851031634428566,36.088457920991225],[-86.850354593462271,36.090283653516408],[-86.849672426276925,36.092082122182603],[-86.849336719391346,36.093035907090297],[-86.848625111556274,36.092982428433082],[-86.847999890136293,36.092920540787432],[-86.84699035557,36.0928613477491],[-86.846728081073238,36.09484791136488],[-86.846511693440306,36.095530496745191],[-86.845999596448891,36.096868512978162],[-86.844315802452087,36.101779107204898],[-86.84420341192785,36.102351993790883],[-86.843955860200211,36.103605524043317],[-86.843885419400152,36.103782076124283],[-86.843800562593231,36.104303510141875],[-86.843547543856715,36.105163561993059],[-86.843091284155719,36.107316130378273],[-86.842998937276107,36.107984328405841],[-86.842960357998066,36.108608136862742],[-86.84301975050785,36.110008491702608],[-86.84351839275665,36.110078722154512],[-86.843940883156009,36.110179866677903],[-86.843794143380237,36.110957220261412],[-86.843877030166794,36.110960976228512],[-86.843663341547085,36.111977333208671],[-86.843546653798128,36.112513211803012],[-86.842891394407488,36.115610961954872],[-86.843437199738091,36.115674947818754],[-86.843672271370835,36.1156993740004],[-86.84348437315613,36.116802630468293],[-86.843413093976011,36.11725501236441],[-86.843427604734913,36.117272787801731],[-86.843464182971616,36.117325139428416],[-86.843540877484713,36.117423973400143],[-86.843657378024517,36.117540062420929],[-86.843817694259968,36.117711377902324],[-86.843886687004755,36.117763502631043],[-86.84396664359187,36.117830163011376],[-86.844028682221989,36.117905716620207],[-86.844053595537034,36.117934577086203],[-86.844084767875302,36.11797864714606],[-86.844126676229067,36.118069700276585],[-86.844144351870639,36.118127705692338],[-86.844170114796086,36.118304678169586],[-86.844215520524259,36.118538621252824],[-86.844255194741038,36.118605799158232],[-86.844338538845165,36.118743618092871],[-86.8444145608062,36.118834430023121],[-86.844469907994437,36.118906012571799],[-86.844531903502116,36.118960939903488],[-86.844607513710343,36.11901300185685],[-86.844710650592219,36.119087017379272],[-86.844782908925964,36.119144640436097],[-86.84492704019695,36.119223904109376],[-86.844995652143709,36.119259408487757],[-86.845084909888882,36.119311374535506],[-86.845163843454571,36.119355109680221],[-86.845170493863435,36.119374721029814],[-86.845229277467496,36.119412780285735],[-86.845304888587563,36.119464844085073],[-86.845325534443063,36.119481308040982],[-86.845390765191013,36.119519601326836],[-86.845555691068611,36.119629168065231],[-86.845638213126563,36.119689486386122],[-86.845731148172206,36.119766340282453],[-86.845841436329721,36.119870751964662],[-86.84592757632943,36.119950421082905],[-86.846000131226276,36.120035720871073],[-86.846082919477965,36.120120948835485],[-86.846152004642846,36.120200737418266],[-86.846279909841286,36.120357618757723],[-86.846421990960252,36.120564224113572],[-86.846466783311783,36.120605430246776],[-86.846594306131507,36.120726328927645],[-86.846687095735518,36.120789342189624],[-86.846769442749618,36.120833052323924],[-86.846920020289147,36.120876283363863],[-86.84710130074113,36.120919300893533],[-86.847248054042169,36.120923805655288],[-86.847394393808003,36.120889560416494],[-86.84751694158922,36.120863787630626],[-86.847741922118857,36.120845598042941],[-86.847963757499855,36.120852344249094],[-86.850066061135365,36.123063173320098],[-86.850234246571532,36.123257390681573],[-86.851305111417645,36.123984289856317],[-86.850878466353649,36.124472441432182],[-86.850377577898072,36.12500828054997],[-86.849811468746907,36.125659124931587],[-86.849221660588654,36.126424681277868],[-86.848691992011013,36.127378476577583],[-86.848425124841413,36.128054159746448],[-86.848248298158822,36.128824985009295],[-86.847912345745286,36.130591278757485],[-86.84774840811744,36.131283904793143],[-86.847446239912131,36.132056712279493],[-86.847040562014811,36.132783306603478],[-86.846695637101263,36.13332873819413],[-86.846262107099079,36.133856366279481],[-86.845718746169766,36.134413678296589],[-86.845024083375193,36.134985865540713],[-86.844474960424023,36.135399407668011],[-86.843651544522018,36.135849479164683],[-86.842938432202047,36.136198504808611],[-86.842459188269501,36.136437684703559],[-86.841962685296721,36.136616340672994],[-86.837613745685545,36.137758389364159],[-86.831938851717055,36.139212642019629],[-86.830333456259382,36.139624883609287],[-86.829594713939656,36.139855420182379],[-86.828891205078875,36.140102824595211],[-86.828370432449105,36.140348970394406],[-86.827776303600103,36.140730376334453],[-86.82737230411189,36.141022884283721],[-86.826969216915188,36.141402975935968],[-86.826509731694998,36.141951904796414],[-86.825944988551385,36.142764335459539],[-86.825137193903089,36.144171373372942],[-86.824475957033158,36.145294404605991],[-86.824173777465319,36.145795083397381],[-86.823927854242726,36.146113448368396],[-86.823763880109624,36.146323448091309],[-86.823608004321699,36.146513175948655],[-86.823443888716341,36.146709699366795],[-86.82321867893252,36.146967531068462],[-86.823131604234504,36.14706289994497],[-86.823008462646044,36.147191479922689],[-86.822857310045961,36.147354417804891],[-86.822750962993453,36.147469490878599],[-86.822653819155661,36.147573856109716],[-86.822581278363003,36.147645429479965],[-86.822474123453716,36.14772701611821],[-86.82232578028264,36.147842571917529],[-86.822365264016909,36.148109691449612],[-86.822401094780844,36.148338596272119],[-86.822421554646851,36.148519364542032],[-86.822480397404121,36.148979147799473],[-86.82249503392417,36.149165850529968],[-86.822508823781206,36.149352559021104],[-86.822516142100483,36.149445910376826],[-86.822522615482214,36.149539439182774],[-86.822529510467518,36.149632793418888],[-86.82254245374989,36.149819507654968],[-86.822640785470995,36.153027296438253],[-86.82264224343794,36.153074820359329],[-86.82278898595753,36.15456840973669],[-86.822810068043282,36.154700314106741],[-86.822887437818181,36.154916103977797],[-86.822970466063651,36.155164664627534],[-86.823214125651816,36.155509479591245],[-86.823510885864295,36.155789031676548],[-86.823779851208954,36.155960606063402],[-86.824116050390685,36.156163999045823],[-86.824585175615113,36.15632338791292],[-86.824872863036461,36.156363168460238],[-86.82507907735507,36.156361758755949],[-86.825235035681047,36.156351652154974],[-86.825446633937716,36.156332126857876],[-86.825646991237548,36.156303635588529],[-86.825786136553589,36.156284603083165],[-86.825930853782367,36.156265532282632],[-86.82608114574235,36.156246423147451],[-86.826259256115605,36.156222604396746],[-86.826476099066767,36.156171397178092],[-86.826664368324316,36.156133177592864],[-86.826921892228725,36.156059302096317],[-86.827050650423033,36.156022020779488],[-86.827179406707046,36.155984567643948],[-86.827308159290297,36.155946771008821],[-86.827436486560316,36.155908805457976],[-86.827564811917384,36.155870668089328],[-86.827693133570236,36.155832187221947],[-86.827821029907824,36.155793537441198],[-86.82794892432986,36.155754715843571],[-86.828077240235174,36.155715719523663],[-86.828204705632388,36.155676385516564],[-86.828332592510677,36.155636876787227],[-86.828460052278416,36.15559702746674],[-86.830494826573826,36.15504924699264],[-86.832201292685596,36.154610489720689],[-86.832791941409141,36.154446396851128],[-86.832920371733024,36.15441872631088],[-86.83317811313988,36.154366640911221],[-86.833317560408801,36.15433975234842],[-86.833468437364459,36.154312612989706],[-86.833633280738283,36.15428486188155],[-86.833838708273532,36.154250992552129],[-86.834123223231117,36.154208334953189],[-86.834370160748534,36.154175894721099],[-86.834688598791928,36.154137980339378],[-86.835030798798513,36.154104879802468],[-86.835230053275751,36.154088048460636],[-86.835535113758809,36.154066535304878],[-86.835662076712367,36.154060505366388],[-86.835827953608259,36.154050600210574],[-86.836175056046443,36.154040812775797],[-86.836355820248258,36.154037328087853],[-86.836522592646403,36.154032051493104],[-86.836613926453794,36.154023387656892],[-86.837219716040138,36.154907333636494],[-86.838008671145261,36.156064892654221],[-86.838237491445256,36.156375229142121],[-86.838431799243352,36.156718827323076],[-86.838567737606553,36.157090587867266],[-86.838660598332694,36.157549876970037],[-86.838718451450163,36.15839797178883],[-86.838827648047399,36.15883479720334],[-86.83899161480312,36.159190713012457],[-86.839147121962839,36.159449664689902],[-86.839357603507082,36.159749536347292],[-86.839787710168522,36.160340801929422],[-86.840308441479479,36.161042804328574],[-86.840631860079966,36.161384249724648],[-86.840954944601606,36.161730403252278],[-86.841239384471109,36.161994863540727],[-86.841582802823154,36.162287461036478],[-86.842040030430496,36.162588431974697],[-86.842488174885958,36.162823548156879],[-86.843029821873145,36.16304277239481],[-86.84346211465035,36.163184690776099],[-86.843846240775719,36.163258132076919],[-86.842184284136621,36.163675751516486],[-86.838497253586283,36.164580052241192],[-86.834488903016435,36.165590093150797],[-86.835202270140542,36.167832496859283],[-86.836035960751744,36.167497383806655],[-86.836235809907549,36.167583374957808],[-86.836255503427608,36.167878975963887],[-86.836435911391177,36.168065303695172],[-86.836615671790327,36.168232708227251],[-86.83690790643918,36.168432320564783],[-86.837741748027511,36.168897024538374],[-86.838024678429733,36.168587261039079],[-86.839101264994596,36.167572244197572],[-86.839569434802286,36.167190419412897],[-86.840175712033329,36.166882519310583],[-86.840634468896809,36.166753393932026],[-86.841093597824226,36.166685347973392],[-86.841692642961974,36.166613495106084],[-86.842398520875875,36.166608570445995],[-86.843561845777955,36.166595168633265],[-86.844492976758261,36.166648573448398],[-86.845382851695376,36.166744546907417],[-86.847847941562165,36.167294666664837],[-86.848558425722445,36.167481784421653],[-86.849189016451916,36.167720052355847],[-86.849744149175464,36.167929802398589],[-86.85057800400655,36.168313012773865],[-86.851342240849419,36.168729130982463],[-86.852409229379816,36.169335405068843],[-86.85320314545352,36.169794074068705],[-86.854058597730997,36.170323012483905],[-86.854996918966634,36.171118853198102],[-86.856307932714898,36.172171429956528],[-86.857528281454904,36.173242224790869],[-86.857752402099081,36.173445681740141],[-86.859520606493646,36.175261257262186],[-86.860929707944024,36.176674182489272],[-86.861350230553583,36.177104461828527],[-86.861791614033606,36.177573290302831],[-86.863092783348122,36.179228248233933],[-86.864610790690691,36.181636191379383],[-86.865436809150467,36.182730535798477],[-86.865949968810014,36.183572464618535],[-86.866378301541246,36.184339448370942],[-86.866872913344523,36.185094966274661],[-86.867374701023408,36.185848090910717],[-86.8680547466234,36.186776628463079],[-86.868319746802655,36.187118027453707],[-86.868666098351568,36.187672270195854],[-86.869666636200321,36.189259248837267],[-86.870312707190493,36.190244642046814],[-86.870829481456653,36.191070434344752],[-86.871549129486567,36.192054607748432],[-86.871765554991541,36.192356134656762],[-86.872435298227856,36.19321227608588],[-86.873245774706845,36.194162907115661],[-86.873712089621378,36.194735050194353],[-86.874551792865418,36.195612507663903],[-86.875884097712245,36.196721458406472],[-86.877167068423404,36.197887491281428],[-86.878045496392673,36.198643057464295],[-86.879110297261846,36.199472777447269],[-86.880426720762799,36.200438089553103],[-86.881090811203748,36.200913639634145],[-86.88247085978665,36.201788285668286],[-86.884766778758177,36.203190005654726],[-86.885481166652326,36.203573850421833],[-86.889582794444593,36.205448574732898],[-86.89030604172865,36.205726950458988],[-86.891260227110706,36.206084674484252],[-86.892223787044884,36.206385578716201],[-86.893136614218591,36.206622005941917],[-86.89386860727403,36.206786814266742],[-86.894700066456039,36.206902244382334],[-86.895501434987224,36.207009785788273],[-86.896302344872609,36.207076794559534],[-86.897563490423906,36.207156592661121],[-86.89865968915953,36.207156857370947],[-86.899992375510777,36.207016927211541],[-86.9010001837744,36.206806765007549],[-86.901807658410036,36.20656894644695],[-86.90288345977028,36.206184760096932],[-86.903966731057565,36.205576823092784],[-86.904840151286322,36.204986661107448],[-86.905722726637492,36.204323470788793],[-86.906256744358942,36.20379258426447],[-86.906868538631571,36.203066570089881],[-86.907559676567374,36.20228321538702],[-86.908191353158969,36.201548938419563],[-86.908802740943457,36.200790492102172],[-86.909323650189464,36.199992195280807],[-86.909814640542663,36.199202227573451],[-86.910384877005725,36.198346815308156],[-86.910884255498246,36.197543378308367],[-86.911530719096049,36.196471086572103],[-86.912031697230404,36.195448694195704],[-86.912429787552497,36.194489314415847],[-86.912875315131728,36.19315172192551],[-86.912987793053333,36.192499033803188],[-86.913042470446783,36.192036585631953],[-86.913049366418164,36.191122026072094],[-86.913045864171067,36.190593712160258],[-86.912948876860256,36.189986503682924],[-86.912832937844087,36.189469057504219],[-86.91255658139832,36.188350334611791],[-86.91235367317222,36.187871470986366],[-86.911680728462159,36.186595552472724],[-86.911212536736954,36.185958500128848],[-86.909673327632817,36.184264148793787],[-86.908115236121091,36.182670911849151],[-86.906705565757619,36.180987671416609],[-86.904707198537622,36.178424689236131],[-86.903511529994034,36.177031321430185],[-86.903087032006852,36.176629203063385],[-86.90244347565779,36.17608822549132],[-86.901947760725093,36.175794706246364],[-86.900770550897462,36.175138811799933],[-86.899218971566341,36.174088504232166],[-86.897928265805447,36.173117298595223],[-86.89704965340529,36.172337557464196],[-86.895717279203083,36.171212621795434],[-86.894970402767541,36.170585901505184],[-86.894314054505998,36.170007140927545],[-86.893681681867761,36.169350023696609],[-86.891876388429935,36.167276559647583],[-86.890080037175792,36.165370692061657],[-86.889439338786005,36.164343643355721],[-86.888764570146805,36.162854019473357],[-86.888219298536086,36.161203419683105],[-86.887943387489528,36.160084631917364],[-86.887847250696396,36.159411799728055],[-86.887879524767683,36.158722558773199],[-86.887969769238197,36.157854558240246],[-86.888110010260391,36.156822734407022],[-86.888567322983292,36.154465985625656],[-86.88920711269671,36.151167846204309],[-86.889287822584251,36.150629456463207],[-86.889460212071384,36.149924066988333],[-86.889616799015585,36.149302440885137],[-86.890048282187337,36.148219646167071],[-86.890401341339,36.147396171992831],[-86.890733843588833,36.14667896932125],[-86.89131324889857,36.144941437628141],[-86.891457868203531,36.144470223304481],[-86.89162301910099,36.144047492420711],[-86.8918074266834,36.143559770949409],[-86.891954408541508,36.143299292582419],[-86.891838623139321,36.143229169829503],[-86.891708428228284,36.1431717558565],[-86.891469070492903,36.143044753462938],[-86.891313554650324,36.142956792774477],[-86.891136248939503,36.142851136560886],[-86.8909352739377,36.142748917065084],[-86.890866813113689,36.142684521923961],[-86.890768917398546,36.142600255761742],[-86.890664892056648,36.142573380834115],[-86.890525632410444,36.142538009438304],[-86.890408630458282,36.142524278870717],[-86.890219944079263,36.142536144547215],[-86.890093510023277,36.142587383899688],[-86.889985588650532,36.142628356574129],[-86.889819551944257,36.142659112674465],[-86.889705690251034,36.142623381333337],[-86.88959289277237,36.142569270696171],[-86.889446441011614,36.142496521620153],[-86.889362543736596,36.142414554859727],[-86.889256085140815,36.142359367015771],[-86.889122381923087,36.142290815958475],[-86.888929934756177,36.14223145399437],[-86.88888470159246,36.142123962904762],[-86.888823371102802,36.141977787353156],[-86.888575473720067,36.141616650423032],[-86.888437372545894,36.141495420685942],[-86.88830614290957,36.141382896635704],[-86.888125751600384,36.141227810617245],[-86.887963253431195,36.14100700521746],[-86.887901868116103,36.140931396156461],[-86.887780786253117,36.140741877562668],[-86.887727021025611,36.140666212341053],[-86.88754461006846,36.140443835922476],[-86.887611590028854,36.140376210502332],[-86.887557853199496,36.140189458415399],[-86.887516607618593,36.13995898102246],[-86.887902839583759,36.139655696145965],[-86.891612285054521,36.136873837547036],[-86.892393259799604,36.136302499809076],[-86.893225946137861,36.135700383961641],[-86.894434350291178,36.134813771240466],[-86.895049807176875,36.13436661771081],[-86.895523192244752,36.13399902383776],[-86.896109548886685,36.133473570182808],[-86.896925144003262,36.132681149324249],[-86.898034971940646,36.131513090693787],[-86.899079557122576,36.130305674157455],[-86.899547066938851,36.129762034969573],[-86.900212383945416,36.129081106745815],[-86.900627148250379,36.128627996863884],[-86.901307721429191,36.127838436721582],[-86.901848817685035,36.127329989842892],[-86.90240675753607,36.12692418230575],[-86.903501748741277,36.126326211329115],[-86.903796049620397,36.126188367095132],[-86.904481258414208,36.125810308226967],[-86.905014245074341,36.12555786695652],[-86.906081050774873,36.125052627581994],[-86.906841712613883,36.124612006061362],[-86.907235334349579,36.124425331742835],[-86.907771476039414,36.124117224864385],[-86.908454999944013,36.123595102739166],[-86.908818078014974,36.123292243307652],[-86.909273428543671,36.122915888137896],[-86.909789960008922,36.12233852881603],[-86.909952640220155,36.122166979278475],[-86.910523774340163,36.121627664630005],[-86.910797701010949,36.121339722655826],[-86.910566795995436,36.120581195658751],[-86.910727759848399,36.118968955563801],[-86.910857784371487,36.117611745414791],[-86.910997247029755,36.116081565163974],[-86.911059102770153,36.115607731211774],[-86.911195179512973,36.114742040475321],[-86.911310281567182,36.114040306222549],[-86.911486508897227,36.112764815367875],[-86.911641763511398,36.111616709446686],[-86.911756961561323,36.110924073342098],[-86.911880866144799,36.109994773277911],[-86.911973533535544,36.109256807396235],[-86.912043453884834,36.108528113237846],[-86.912094504812174,36.108072559318174],[-86.912277838392981,36.10646014246052],[-86.912575783350775,36.106021091760319],[-86.913061620410261,36.105362047840693],[-86.913950900674607,36.10468174512193],[-86.915600177756957,36.104624284602878],[-86.915865381266343,36.102671709106765],[-86.915313307006713,36.102617528207873],[-86.912522841330414,36.102407960599663],[-86.911074550220846,36.102273311931839],[-86.910781878488478,36.102175423375861],[-86.910701927752513,36.102066827941876],[-86.911013577519924,36.101864103728637],[-86.911158297570012,36.101753811127239],[-86.911872338001174,36.101439016117325],[-86.912042178288331,36.101305525085422],[-86.912369263079725,36.100752590401854],[-86.912463502745965,36.100668432634528],[-86.912679023257894,36.100386248797179],[-86.913556099248893,36.09960594073371],[-86.914333357780393,36.098718969179451],[-86.914283945913738,36.098508087695883],[-86.913940671414352,36.097946321418632],[-86.914005115240556,36.097700134371848],[-86.914257994237531,36.097393111539269],[-86.914613696481567,36.096976452283663],[-86.914997157015364,36.09672921812232],[-86.915394639225028,36.096597428494412],[-86.916322056533716,36.096299014478696],[-86.916679252737524,36.096159800318183],[-86.917278161216927,36.095590877024833],[-86.917941387645612,36.094730262337478],[-86.917419039982818,36.094197340018788],[-86.917200980956736,36.093743829180568],[-86.917042132516627,36.093581238067841],[-86.916816014569193,36.093455558078098],[-86.916534895972518,36.093366695581317],[-86.916243614842656,36.093387109178686],[-86.915583935483895,36.093565019234553],[-86.914530941681434,36.094125532084966],[-86.914323246884521,36.094129854284297],[-86.913588542273388,36.093634753679659],[-86.913272325980941,36.09343695002763],[-86.912021916788319,36.092982144557418],[-86.910745202460646,36.093110093799282],[-86.909468750498661,36.092300560362411],[-86.909069310983242,36.092149388301891],[-86.908691124821246,36.091969724704349],[-86.908323213958752,36.091171528791762],[-86.907834633758881,36.090920066103976],[-86.907228261488655,36.090579003283608],[-86.906824601514714,36.090316424003582],[-86.906617579045545,36.090119326969422],[-86.905598650866168,36.08925321625437],[-86.905021513835848,36.088802551557635],[-86.90307431177537,36.08818908251498],[-86.902278207143837,36.087193875198402],[-86.902492533735312,36.085317163380758],[-86.901678429979981,36.085714724657244],[-86.90089443293698,36.085820684851626],[-86.89970770323113,36.085966045706918],[-86.898387155868747,36.086212491589983],[-86.897951806085231,36.085387466481549],[-86.897566641614901,36.085071835750036],[-86.89726315416182,36.084983095048003],[-86.896492950688838,36.084324355440344],[-86.895911778388594,36.084483374797564],[-86.894750131173467,36.08490149943146],[-86.893657121653561,36.084460365416696],[-86.893128931015937,36.084294722392045],[-86.892664248667117,36.08415723225616],[-86.892142016822746,36.084051692118486],[-86.889559698506019,36.083499714062192],[-86.889071884642021,36.083360547074228],[-86.888066360787235,36.082945937184171],[-86.887538516565712,36.082761369062325],[-86.887146215651669,36.082651126120119],[-86.88681926934234,36.0826032058024],[-86.886471043486566,36.082559751811864],[-86.885518210195897,36.082584953843266],[-86.885440462553973,36.080619590071493],[-86.885417072726682,36.079545794464153],[-86.885422609549863,36.079017784118925],[-86.885244937816736,36.078931816188074]]]},"properties":{"CommunityNumber":7,"CommunityName":"West Nashville","GlobalID":"{1B77E110-F786-47E3-98EB-3199ED459993}","created_user":null,"created_date":null,"last_edited_user":null,"last_edited_date":null,"OBJECTID":13,"SHAPE.STArea()":707848470.01756978,"SHAPE.STLength()":159150.95299152847}},{"type":"Feature","id":14,"geometry":{"type":"Polygon","coordinates":[[[-86.902978836167989,36.049706092764367],[-86.901817339078065,36.049542885027627],[-86.900631311536202,36.049403749941987],[-86.898943397767255,36.049194345762501],[-86.897300735537314,36.048984581077043],[-86.895065290226,36.048705196018524],[-86.893149502743029,36.048497403127747],[-86.891187646265848,36.048253005293702],[-86.88986467110449,36.048077861908453],[-86.882882501608805,36.04717096616114],[-86.87271929854009,36.045830714343893],[-86.852398163483684,36.043543201376799],[-86.847105626651839,36.042914676296959],[-86.842237378036273,36.042336180973571],[-86.832076901294755,36.041128303522861],[-86.829315412382513,36.040798964872991],[-86.826157910072752,36.040442575055934],[-86.823520230196706,36.040141958737571],[-86.821917157774166,36.03996060200992],[-86.819277841812934,36.039662136249184],[-86.816240624394737,36.039316859763233],[-86.813523480794842,36.039011068974631],[-86.811758491793412,36.038785513850335],[-86.807472235688451,36.038343002219094],[-86.801599938065777,36.037758603984003],[-86.801343889061116,36.037733350518479],[-86.796378666488692,36.037199322763726],[-86.791441878760565,36.036669196466413],[-86.790694000836723,36.036588772651605],[-86.789526244214699,36.036461132113061],[-86.788782589322608,36.036379810296594],[-86.788342847327826,36.036333410909805],[-86.787842106871111,36.036275218233861],[-86.787432382296132,36.036228619259042],[-86.787092195538222,36.036203587770096],[-86.786635036059721,36.037052878007621],[-86.786557552636282,36.037437521885089],[-86.786386793888283,36.038104875965779],[-86.786199177004491,36.038562264214534],[-86.785915607043819,36.039032283072544],[-86.785652721323061,36.039352111807133],[-86.784652415645795,36.040583068939426],[-86.783732241044774,36.041699456919673],[-86.78215189843273,36.043631121849863],[-86.781928826553127,36.043937971031056],[-86.781577698225362,36.044306378583777],[-86.781131203653914,36.044747431432306],[-86.780441648084036,36.045274085576494],[-86.779765861173246,36.0456986103231],[-86.779170716361691,36.046056586508172],[-86.778480431013861,36.046511210293239],[-86.777791018773144,36.047055853226368],[-86.777220079256409,36.047623738196833],[-86.776847739887273,36.048094306650647],[-86.776513462842985,36.048678667541601],[-86.77628194499944,36.049190342039381],[-86.776153777907496,36.049689345385254],[-86.776063969131727,36.050332153024947],[-86.776010222008864,36.052397232974229],[-86.775982351146354,36.05332774410094],[-86.775918770907438,36.054161515114906],[-86.775766996098767,36.054739631615263],[-86.775645154086888,36.055130554483398],[-86.775464882670633,36.05559387880151],[-86.775261909662959,36.056003328432517],[-86.775131149344361,36.056238253966498],[-86.774848038869322,36.056768261667017],[-86.774624229630163,36.057315892757615],[-86.774524551022452,36.057706671748953],[-86.774420055830177,36.058361576221138],[-86.773443440079078,36.05827181160182],[-86.772413608834754,36.060277225162338],[-86.77226893989031,36.060638176946433],[-86.772154463867764,36.061029048379623],[-86.771721751060113,36.062904481109676],[-86.770932923199197,36.066174681024563],[-86.770076211715008,36.069816692127247],[-86.769241840470542,36.07323796050386],[-86.769105386363108,36.073652975573602],[-86.768852267426425,36.074236795121614],[-86.768510892508075,36.07486919201844],[-86.768198039118687,36.075393368161052],[-86.76784740420058,36.075833756094362],[-86.767497780377795,36.07624025747716],[-86.767079237287319,36.076678939447902],[-86.765792030342524,36.078139630121363],[-86.765236667871278,36.078821393512783],[-86.764901482703578,36.079333697148954],[-86.764632140379589,36.079773559295326],[-86.764385554638153,36.080273296707695],[-86.764169058885201,36.080826860543397],[-86.764012172190391,36.081428063696876],[-86.763928927246113,36.081806898331166],[-86.763830611400678,36.082539598980993],[-86.763523223987036,36.084408196397455],[-86.763335676140784,36.085392067790771],[-86.763174751595869,36.086362210758935],[-86.762924246353919,36.087876489120973],[-86.762760391082793,36.08890257858161],[-86.762592586396721,36.090680254980164],[-86.762583917791517,36.09224488056396],[-86.762650575123402,36.093638909128657],[-86.762780418402059,36.094838501572994],[-86.762929684958905,36.095749871111728],[-86.763083276938957,36.096464004120364],[-86.763399929377343,36.097739581696828],[-86.76380393448008,36.09902610840949],[-86.76472754401388,36.101206362288565],[-86.765187443196382,36.102118394839799],[-86.765719216512153,36.10308621862788],[-86.766592679012831,36.104365334782521],[-86.76700495678736,36.104979197873512],[-86.767950006948652,36.106335651377108],[-86.768585058683257,36.107293235118689],[-86.768730228992041,36.107471069083864],[-86.769802935267094,36.109018758186139],[-86.771115343581144,36.110871008803436],[-86.771708931177571,36.111821537838999],[-86.772325632119745,36.112901247449443],[-86.772653707564089,36.11365048064291],[-86.773054427904583,36.114783934038037],[-86.773184730769074,36.115251258737707],[-86.773354649310335,36.115988420316079],[-86.773534610013954,36.117047674969164],[-86.773599980483311,36.117577616753699],[-86.773628967355577,36.118072413647639],[-86.773644170967444,36.118582224821971],[-86.773640126616385,36.119049803592922],[-86.773577947211422,36.120013550401211],[-86.773524103012335,36.120383424796636],[-86.773467839171474,36.120788532523804],[-86.773412730438665,36.121146590904338],[-86.772996672810734,36.123479103550423],[-86.772856544816094,36.124260718681903],[-86.772745328507526,36.124826031524584],[-86.772643580326445,36.125357691063243],[-86.772605937796442,36.125909224927206],[-86.772568973758055,36.126530539854969],[-86.772573590995506,36.127005042050811],[-86.772610403344956,36.127381300883052],[-86.772686654262131,36.12801618454202],[-86.772822264745415,36.128692219356175],[-86.772956043275386,36.129179851336019],[-86.773123960064964,36.129639349247299],[-86.773352264638064,36.130162776210767],[-86.773545949028843,36.130571747096823],[-86.77368767355712,36.130884492699984],[-86.773896751544598,36.13126035787473],[-86.774280472363742,36.131795232490575],[-86.774795948448073,36.132608394511983],[-86.775035642060132,36.133003991167435],[-86.775313823072878,36.133665783103886],[-86.77542539046128,36.134043661633079],[-86.775513598001169,36.134438337586523],[-86.775592552742694,36.134899165739533],[-86.775632826603953,36.135499046295848],[-86.775735417558053,36.137194133444012],[-86.775846841398618,36.138303073125364],[-86.775995315969411,36.139139429712351],[-86.776209286794341,36.140044950727308],[-86.776620032334151,36.141438273896142],[-86.77673671707538,36.141932987996206],[-86.776934791684553,36.14283192262495],[-86.777052924476479,36.143624074883583],[-86.777191648836478,36.144761510847168],[-86.777239826030993,36.145958662968219],[-86.777392373088134,36.147576469848644],[-86.777518085829499,36.148314834333036],[-86.777539064345575,36.148595584084852],[-86.77815826246146,36.148539851236876],[-86.778777970164342,36.148535853278872],[-86.779753822868258,36.148603468466689],[-86.781371044153886,36.148807321066599],[-86.783572953192106,36.149521192352864],[-86.785588429836238,36.150730541229443],[-86.786597660395458,36.151867956197748],[-86.78797722136639,36.15383960385023],[-86.788447967153218,36.154612525356818],[-86.788711661893288,36.155056056370071],[-86.789296095922779,36.155853108458963],[-86.790165893344465,36.157031482324378],[-86.791127364949517,36.158205741682139],[-86.792371006881524,36.159604603380444],[-86.793088217395734,36.161023257733937],[-86.795428204413582,36.15997406265933],[-86.796188824133978,36.159646436660125],[-86.796606252232351,36.159468383885375],[-86.796822133559687,36.159376305005658],[-86.797621610031143,36.159039828654706],[-86.798153363492645,36.158819808560786],[-86.798626084525878,36.158624900504186],[-86.799043980511456,36.158452330248004],[-86.799970859195966,36.158070354411208],[-86.800108745889119,36.158012953404935],[-86.800255010616411,36.157946568660876],[-86.800505086439486,36.157844984938961],[-86.800743526088795,36.157765282881002],[-86.800986745804821,36.157697738807215],[-86.801234750886834,36.157642867733237],[-86.801399190762481,36.157615335174157],[-86.80151162557199,36.15759553058566],[-86.802706868691928,36.157331935803604],[-86.802858950395574,36.157296757268767],[-86.803607156284329,36.157128669136249],[-86.803835287170173,36.157076843804255],[-86.804003765006613,36.157364508819619],[-86.804806114518129,36.157441573272145],[-86.805250306029805,36.157483765412593],[-86.805902613799276,36.157546371300327],[-86.806770661959618,36.157629508291016],[-86.807766522671741,36.157705946060148],[-86.812336156575128,36.158148287207418],[-86.812373466201961,36.158152021627316],[-86.815400801450892,36.156546979500789],[-86.816840471399615,36.155816313403534],[-86.818485107965657,36.15491658260337],[-86.819985176705558,36.154034575466497],[-86.820396191945264,36.153797061279334],[-86.820601526713901,36.153661538407761],[-86.820766035605018,36.153576589822947],[-86.820888158532668,36.153391335417652],[-86.822640785470995,36.153027296438253],[-86.82254245374989,36.149819507654968],[-86.822529510467518,36.149632793418888],[-86.822522615482214,36.149539439182774],[-86.822516142100483,36.149445910376826],[-86.822508823781206,36.149352559021104],[-86.82249503392417,36.149165850529968],[-86.822480397404121,36.148979147799473],[-86.822421554646851,36.148519364542032],[-86.822401094780844,36.148338596272119],[-86.822365264016909,36.148109691449612],[-86.82232578028264,36.147842571917529],[-86.822474123453716,36.14772701611821],[-86.822581278363003,36.147645429479965],[-86.822653819155661,36.147573856109716],[-86.822750962993453,36.147469490878599],[-86.822857310045961,36.147354417804891],[-86.823008462646044,36.147191479922689],[-86.823131604234504,36.14706289994497],[-86.82321867893252,36.146967531068462],[-86.823443888716341,36.146709699366795],[-86.823608004321699,36.146513175948655],[-86.823763880109624,36.146323448091309],[-86.823927854242726,36.146113448368396],[-86.824173777465319,36.145795083397381],[-86.824475957033158,36.145294404605991],[-86.825137193903089,36.144171373372942],[-86.825944988551385,36.142764335459539],[-86.826509731694998,36.141951904796414],[-86.826969216915188,36.141402975935968],[-86.82737230411189,36.141022884283721],[-86.827776303600103,36.140730376334453],[-86.828370432449105,36.140348970394406],[-86.828891205078875,36.140102824595211],[-86.829594713939656,36.139855420182379],[-86.830333456259382,36.139624883609287],[-86.831938851717055,36.139212642019629],[-86.837613745685545,36.137758389364159],[-86.841962685296721,36.136616340672994],[-86.842459188269501,36.136437684703559],[-86.842938432202047,36.136198504808611],[-86.843651544522018,36.135849479164683],[-86.844474960424023,36.135399407668011],[-86.845024083375193,36.134985865540713],[-86.845718746169766,36.134413678296589],[-86.846262107099079,36.133856366279481],[-86.846695637101263,36.13332873819413],[-86.847040562014811,36.132783306603478],[-86.847446239912131,36.132056712279493],[-86.84774840811744,36.131283904793143],[-86.847912345745286,36.130591278757485],[-86.848248298158822,36.128824985009295],[-86.848425124841413,36.128054159746448],[-86.848691992011013,36.127378476577583],[-86.849221660588654,36.126424681277868],[-86.849811468746907,36.125659124931587],[-86.850377577898072,36.12500828054997],[-86.850878466353649,36.124472441432182],[-86.851305111417645,36.123984289856317],[-86.850234246571532,36.123257390681573],[-86.850066061135365,36.123063173320098],[-86.847963757499855,36.120852344249094],[-86.847741922118857,36.120845598042941],[-86.84751694158922,36.120863787630626],[-86.847394393808003,36.120889560416494],[-86.847248054042169,36.120923805655288],[-86.84710130074113,36.120919300893533],[-86.846920020289147,36.120876283363863],[-86.846769442749618,36.120833052323924],[-86.846687095735518,36.120789342189624],[-86.846594306131507,36.120726328927645],[-86.846466783311783,36.120605430246776],[-86.846421990960252,36.120564224113572],[-86.846279909841286,36.120357618757723],[-86.846152004642846,36.120200737418266],[-86.846082919477965,36.120120948835485],[-86.846000131226276,36.120035720871073],[-86.84592757632943,36.119950421082905],[-86.845841436329721,36.119870751964662],[-86.845731148172206,36.119766340282453],[-86.845638213126563,36.119689486386122],[-86.845555691068611,36.119629168065231],[-86.845390765191013,36.119519601326836],[-86.845325534443063,36.119481308040982],[-86.845304888587563,36.119464844085073],[-86.845229277467496,36.119412780285735],[-86.845170493863435,36.119374721029814],[-86.845163843454571,36.119355109680221],[-86.845084909888882,36.119311374535506],[-86.844995652143709,36.119259408487757],[-86.84492704019695,36.119223904109376],[-86.844782908925964,36.119144640436097],[-86.844710650592219,36.119087017379272],[-86.844607513710343,36.11901300185685],[-86.844531903502116,36.118960939903488],[-86.844469907994437,36.118906012571799],[-86.8444145608062,36.118834430023121],[-86.844338538845165,36.118743618092871],[-86.844255194741038,36.118605799158232],[-86.844215520524259,36.118538621252824],[-86.844170114796086,36.118304678169586],[-86.844144351870639,36.118127705692338],[-86.844126676229067,36.118069700276585],[-86.844084767875302,36.11797864714606],[-86.844053595537034,36.117934577086203],[-86.844028682221989,36.117905716620207],[-86.84396664359187,36.117830163011376],[-86.843886687004755,36.117763502631043],[-86.843817694259968,36.117711377902324],[-86.843657378024517,36.117540062420929],[-86.843540877484713,36.117423973400143],[-86.843464182971616,36.117325139428416],[-86.843427604734913,36.117272787801731],[-86.843413093976011,36.11725501236441],[-86.84348437315613,36.116802630468293],[-86.843672271370835,36.1156993740004],[-86.843437199738091,36.115674947818754],[-86.842891394407488,36.115610961954872],[-86.843546653798128,36.112513211803012],[-86.843663341547085,36.111977333208671],[-86.843877030166794,36.110960976228512],[-86.843794143380237,36.110957220261412],[-86.843940883156009,36.110179866677903],[-86.84351839275665,36.110078722154512],[-86.84301975050785,36.110008491702608],[-86.842960357998066,36.108608136862742],[-86.842998937276107,36.107984328405841],[-86.843091284155719,36.107316130378273],[-86.843547543856715,36.105163561993059],[-86.843800562593231,36.104303510141875],[-86.843885419400152,36.103782076124283],[-86.843955860200211,36.103605524043317],[-86.84420341192785,36.102351993790883],[-86.844315802452087,36.101779107204898],[-86.845999596448891,36.096868512978162],[-86.846511693440306,36.095530496745191],[-86.846728081073238,36.09484791136488],[-86.84699035557,36.0928613477491],[-86.847999890136293,36.092920540787432],[-86.848625111556274,36.092982428433082],[-86.849336719391346,36.093035907090297],[-86.849672426276925,36.092082122182603],[-86.850354593462271,36.090283653516408],[-86.851031634428566,36.088457920991225],[-86.851614532889201,36.086900816670457],[-86.852007956096415,36.085873610352976],[-86.852158449223651,36.085572304261866],[-86.852328695943996,36.085321547753402],[-86.852826782480605,36.084733135069335],[-86.853030895329212,36.08450475382984],[-86.853171198874946,36.084329072239719],[-86.853225299871596,36.084356765243982],[-86.853279766616708,36.084418767512759],[-86.853384962720554,36.084552159335189],[-86.853458914198114,36.08463897915469],[-86.85350937272878,36.084685412759498],[-86.853645040908489,36.084793630796902],[-86.853842328314329,36.084913891239083],[-86.853985316217873,36.084987745182111],[-86.854105146244962,36.085052404392123],[-86.854189987650983,36.085079876906569],[-86.854275066760266,36.085129185211954],[-86.854356235019836,36.085172282855574],[-86.854414312237765,36.085212423780689],[-86.854480409951464,36.085283701697264],[-86.854492408466882,36.085327287151685],[-86.854543102937726,36.085395556184999],[-86.854550706348832,36.085428822905101],[-86.854574348825878,36.085442125513183],[-86.854713762970192,36.085540959470215],[-86.854906742805369,36.085617575932872],[-86.855538482711808,36.081375198518387],[-86.856633494712469,36.074820041998464],[-86.857381707591443,36.070114033166284],[-86.860603423285696,36.070290542205662],[-86.86053698404757,36.070612246383895],[-86.86055177099162,36.070950666323292],[-86.860659542611074,36.071234603272835],[-86.860807857960538,36.071494993619211],[-86.861117388969546,36.07184033735286],[-86.861464714430838,36.072081592809496],[-86.861766832702074,36.072255469028057],[-86.862019749213701,36.072506426744454],[-86.862301933553951,36.072892584271187],[-86.86260089734597,36.073287650047597],[-86.862913062104354,36.073636553033253],[-86.863590847770482,36.074336761985897],[-86.864405777267308,36.075138871695415],[-86.864182887456252,36.075605377860477],[-86.863929044210408,36.076293276606556],[-86.865654975133552,36.076727450566878],[-86.868953520283057,36.077238438075518],[-86.868210687659356,36.07846067937993],[-86.867858778068793,36.079167558590989],[-86.867278562401168,36.080473457028482],[-86.86713693098072,36.080770506803745],[-86.867068360071542,36.080985724375552],[-86.867031164667409,36.081245980190737],[-86.866966103751224,36.081806143895527],[-86.866891170309302,36.082458511098913],[-86.866851706084191,36.08274176528878],[-86.866809835001604,36.082920519054277],[-86.866743737519087,36.083102645105079],[-86.867001699244113,36.0833019276605],[-86.867054881093694,36.084467232619268],[-86.867073446179106,36.084586236188045],[-86.867143734985078,36.084697857942402],[-86.867648052268862,36.085023610883461],[-86.868543315769514,36.08557080059726],[-86.868744023555578,36.085765581288904],[-86.872338130313096,36.085984912656386],[-86.873107565434807,36.08607745546766],[-86.873124137365437,36.086014263146815],[-86.875647279178239,36.086199199354297],[-86.878153319645648,36.086398222452452],[-86.880227167198683,36.086551294552812],[-86.882015500974632,36.086650355178499],[-86.882158297992405,36.086291898921324],[-86.883457170695891,36.082750318381201],[-86.88407767732275,36.081098869769171],[-86.884271391751909,36.080662949451117],[-86.884499481330934,36.080212759194147],[-86.884668229245094,36.079861116387249],[-86.884888462972853,36.079481062947792],[-86.885058222505634,36.079220517043076],[-86.885244937816736,36.078931816188074],[-86.88561992103871,36.078494559925637],[-86.886021814021319,36.078148211933808],[-86.886509947500173,36.077794218574738],[-86.888620330042173,36.076601321328191],[-86.890936405083707,36.075280721193408],[-86.892418965388273,36.074309646681904],[-86.893343018649077,36.073573959110682],[-86.894292086139387,36.072760990871174],[-86.895409233049776,36.071726194197794],[-86.896463435794146,36.070762516546793],[-86.897106204691255,36.070111463451497],[-86.897615305030982,36.069497973855412],[-86.898332797234531,36.068536785756692],[-86.898818536365624,36.067841564785972],[-86.899547314977809,36.066871184695906],[-86.90016482905402,36.065974602555862],[-86.900739367329322,36.065205738237609],[-86.901380817568963,36.064445470613194],[-86.902146570699571,36.063757069169718],[-86.902846931904932,36.063233124450072],[-86.904072240995376,36.062568567292594],[-86.904653979960315,36.062320255616036],[-86.904190114367182,36.061553975374281],[-86.903934014519919,36.061125104768784],[-86.903820222761581,36.060937089756102],[-86.903677917437022,36.060696233575726],[-86.90359346321253,36.060558992836164],[-86.903373422578994,36.060139294069714],[-86.903126547368601,36.059702626098435],[-86.902801988124821,36.058979631208068],[-86.902686998795048,36.058685686022734],[-86.902489468915348,36.05827805789999],[-86.902184060011422,36.057858087170679],[-86.901920137235237,36.057557701203613],[-86.901676220091119,36.057240922297865],[-86.901503258674069,36.05690537548962],[-86.901337537007407,36.056497830254912],[-86.901195349147997,36.05603451048249],[-86.901119413016715,36.055730942691085],[-86.901003392217049,36.055444024800387],[-86.900818985170858,36.055164158520611],[-86.900488420472442,36.054780734859484],[-86.900215943872851,36.054547309662695],[-86.899960425799492,36.054388972697119],[-86.89966061314118,36.054230965849875],[-86.899296443817391,36.054079981358562],[-86.898681826153876,36.053862186358636],[-86.899167975136379,36.0534039890765],[-86.899698673138815,36.052895687434038],[-86.900293638209007,36.052309116849486],[-86.901039124043209,36.051579713718311],[-86.902978836167989,36.049706092764367]]]},"properties":{"CommunityNumber":10,"CommunityName":"Green Hills - Midtown","GlobalID":"{A0C6173B-3C71-4927-A834-D2D1746A714F}","created_user":null,"created_date":null,"last_edited_user":null,"last_edited_date":null,"OBJECTID":14,"SHAPE.STArea()":1086917260.2371683,"SHAPE.STLength()":163312.10409390775}}]}