{"type": "FeatureCollection", "features": [{"type": "Feature", "geometry": {"type": "Polygon", "coordinates": [[[-86.77521, 36.19992], [-86.7753, 36.19993], [-86.77536, 36.19976], [-86.77579, 36.19979], [-86.7758, 36.19968], [-86.77575, 36.19951], [-86.77567, 36.19924], [-86.77552, 36.19923], [-86.77552, 36.1992], [-86.77566, 36.19921], [-86.77559, 36.19898], [-86.77559, 36.19883], [-86.77559, 36.19843], [-86.77556, 36.198], [-86.77544, 36.19725], [-86.77544, 36.19724], [-86.77542, 36.19711], [-86.77536, 36.19687], [-86.77535, 36.19687], [-86.77535, 36.19684], [-86.77535, 36.19684], [-86.77535, 36.19684], [-86.77526, 36.19683], [-86.77511, 36.19681], [-86.77499, 36.1968], [-86.77482, 36.19678], [-86.77472, 36.19678], [-86.77462, 36.19678], [-86.77452, 36.19679], [-86.77442, 36.19679], [-86.77434, 36.19679], [-86.77423, 36.19679], [-86.77417, 36.19678], [-86.77416, 36.19681], [-86.77411, 36.19697], [-86.77406, 36.1971], [-86.77404, 36.19717], [-86.77402, 36.19723], [-86.77397, 36.19736], [-86.77393, 36.1975], [-86.77388, 36.19763], [-86.77384, 36.19776], [-86.77382, 36.19783], [-86.77379, 36.19789], [-86.77375, 36.19803], [-86.77371, 36.19816], [-86.77367, 36.1983], [-86.77364, 36.1984], [-86.77363, 36.19843], [-86.77358, 36.19856], [-86.77358, 36.19856], [-86.77358, 36.19856], [-86.77353, 36.19869], [-86.77353, 36.19869], [-86.77353, 36.19869], [-86.77352, 36.19872], [-86.77351, 36.19875], [-86.77349, 36.19881], [-86.77346, 36.19889], [-86.7732, 36.19971], [-86.77521, 36.19992]]]}, "properties": {"NAME": "CITY VISTA", "RECORDEDDATE": 1761782400000, "INSTRUMENT": "PL-20251030 0086475"}}, {"type": "Feature", "geometry": {"type": "Polygon", "coordinates": [[[-87.01673, 36.0946], [-87.01688, 36.09463], [-87.01842, 36.09494], [-87.01855, 36.09497], [-87.01859, 36.09498], [-87.01961, 36.09518], [-87.01977, 36.09522], [-87.02025, 36.09532], [-87.02026, 36.09528], [-87.02036, 36.09449], [-87.02041, 36.09451], [-87.02062, 36.09455], [-87.02063, 36.09455], [-87.021, 36.09463], [-87.02109, 36.09465], [-87.02136, 36.09471], [-87.02143, 36.09472], [-87.0216, 36.09475], [-87.02171, 36.09478], [-87.02171, 36.09478], [-87.02179, 36.09414], [-87.01906, 36.09286], [-87.01972, 36.09194], [-87.01974, 36.09191], [-87.01968, 36.09188], [-87.01968, 36.09188], [-87.01968, 36.09188], [-87.0196, 36.09184], [-87.01942, 36.09175], [-87.01923, 36.09167], [-87.01923, 36.09167], [-87.01921, 36.09166], [-87.0192, 36.09166], [-87.01919, 36.09165], [-87.01917, 36.09164], [-87.01907, 36.09159], [-87.01905, 36.09159], [-87.01878, 36.09146], [-87.01875, 36.09144], [-87.01871, 36.09143], [-87.01858, 36.09136], [-87.01844, 36.09131], [-87.01831, 36.09126], [-87.01818, 36.09122], [-87.01815, 36.09121], [-87.01814, 36.0912], [-87.01811, 36.09119], [-87.01796, 36.09115], [-87.01782, 36.09112], [-87.0178, 36.09111], [-87.01776, 36.0911], [-87.01763, 36.09107], [-87.0176, 36.09107], [-87.01756, 36.09106], [-87.0175, 36.09105], [-87.01749, 36.09105], [-87.01737, 36.09103], [-87.01725, 36.09101], [-87.01713, 36.091], [-87.01706, 36.091], [-87.01693, 36.09099], [-87.01677, 36.09098], [-87.01661, 36.09098], [-87.01661, 36.09098], [-87.01661, 36.09101], [-87.01661, 36.09101], [-87.01658, 36.09101], [-87.01654, 36.09101], [-87.0165, 36.09101], [-87.01641, 36.091], [-87.01638, 36.091], [-87.01636, 36.091], [-87.01634, 36.091], [-87.01636, 36.09103], [-87.01645, 36.09115], [-87.01633, 36.09152], [-87.01684, 36.0924], [-87.01704, 36.093], [-87.01685, 36.09371], [-87.01657, 36.09421], [-87.01644, 36.09453], [-87.01673, 36.0946]]]}, "properties": {"NAME": "WESTBROOK POINTE", "RECORDEDDATE": 1761782400000, "INSTRUMENT": "PL-20251030 0086479"}}, {"type": "Feature", "geometry": {"type": "Polygon", "coordinates": [[[-86.61765, 36.04473], [-86.61765, 36.04472], [-86.61767, 36.04472], [-86.61775, 36.04433], [-86.61793, 36.04345], [-86.61793, 36.04344], [-86.61797, 36.04325], [-86.61748, 36.04346], [-86.61747, 36.04344], [-86.61747, 36.04344], [-86.61734, 36.04323], [-86.61733, 36.04323], [-86.61728, 36.04315], [-86.61706, 36.04324], [-86.61662, 36.04343], [-86.61659, 36.04339], [-86.61657, 36.04334], [-86.61655, 36.0433], [-86.61655, 36.04329], [-86.61639, 36.04335], [-86.61635, 36.04336], [-86.61635, 36.04336], [-86.61608, 36.04345], [-86.61609, 36.04346], [-86.61597, 36.0435], [-86.61586, 36.04342], [-86.61557, 36.04369], [-86.61542, 36.04368], [-86.61541, 36.04378], [-86.61538, 36.04401], [-86.61537, 36.04405], [-86.61535, 36.04417], [-86.61496, 36.04413], [-86.61491, 36.04446], [-86.61685, 36.04465], [-86.61765, 36.04473]]]}, "properties": {"NAME": "MOUNTAIN SPRINGS PH 2", "RECORDEDDATE": 1547510400000, "INSTRUMENT": "PL-20190115 0004041"}}, {"type": "Feature", "geometry": {"type": "Polygon", "coordinates": [[[-86.61033, 36.04016], [-86.61033, 36.04016], [-86.61031, 36.04022], [-86.61031, 36.04022], [-86.61028, 36.04028], [-86.61025, 36.04033], [-86.6104, 36.04036], [-86.61057, 36.04032], [-86.61065, 36.04021], [-86.61078, 36.04016], [-86.61105, 36.0402], [-86.61117, 36.04016], [-86.61161, 36.04014], [-86.61159, 36.03996], [-86.61151, 36.03994], [-86.61163, 36.03971], [-86.61162, 36.03951], [-86.61161, 36.03867], [-86.61202, 36.03865], [-86.61192, 36.03842], [-86.61192, 36.03816], [-86.6119, 36.03815], [-86.61134, 36.0381], [-86.6114, 36.03774], [-86.61097, 36.03749], [-86.61085, 36.03806], [-86.61082, 36.03833], [-86.6107, 36.03885], [-86.61051, 36.03966], [-86.61048, 36.03975], [-86.61048, 36.03975], [-86.61046, 36.03983], [-86.61046, 36.03983], [-86.61043, 36.03992], [-86.61043, 36.03992], [-86.6104, 36.04001], [-86.6104, 36.04001], [-86.61036, 36.04009], [-86.61036, 36.0401], [-86.61033, 36.04016]]]}, "properties": {"NAME": "HOBSON PIKE TOWNHOMES PH 1", "RECORDEDDATE": 1666915200000, "INSTRUMENT": "PL-20221028 0116567"}}, {"type": "Feature", "geometry": {"type": "Polygon", "coordinates": [[[-86.61159, 36.03996], [-86.61161, 36.04014], [-86.61167, 36.04013], [-86.61181, 36.04007], [-86.61231, 36.04002], [-86.61249, 36.03995], [-86.61275, 36.03997], [-86.61302, 36.03989], [-86.61349, 36.03998], [-86.61354, 36.04002], [-86.61423, 36.0395], [-86.61388, 36.03833], [-86.61325, 36.03828], [-86.61304, 36.03826], [-86.61296, 36.03826], [-86.61288, 36.03825], [-86.61248, 36.03821], [-86.61192, 36.03816], [-86.61192, 36.03842], [-86.61202, 36.03865], [-86.61161, 36.03867], [-86.61162, 36.03951], [-86.61163, 36.03971], [-86.61151, 36.03994], [-86.61159, 36.03996]]]}, "properties": {"NAME": "HOBSON PIKE TOWNHOMES PH 2", "RECORDEDDATE": 1686528000000, "INSTRUMENT": "PL-20230612 0044514"}}, {"type": "Feature", "geometry": {"type": "Polygon", "coordinates": [[[-86.61234, 36.05966], [-86.61366, 36.05979], [-86.61366, 36.05981], [-86.61366, 36.05981], [-86.61366, 36.05986], [-86.61366, 36.05988], [-86.61366, 36.05997], [-86.61366, 36.05998], [-86.61365, 36.06001], [-86.61365, 36.06003], [-86.61365, 36.06004], [-86.61373, 36.05999], [-86.61373, 36.05999], [-86.61373, 36.05999], [-86.61373, 36.05999], [-86.61404, 36.05982], [-86.61405, 36.05982], [-86.61409, 36.05979], [-86.61408, 36.05977], [-86.61371, 36.05934], [-86.6138, 36.05861], [-86.61386, 36.05816], [-86.61388, 36.05806], [-86.6139, 36.05794], [-86.61413, 36.05638], [-86.61396, 36.05636], [-86.61396, 36.05636], [-86.61363, 36.05644], [-86.61362, 36.05642], [-86.61347, 36.05646], [-86.61347, 36.05646], [-86.61314, 36.05655], [-86.61314, 36.05664], [-86.61314, 36.05664], [-86.61315, 36.05677], [-86.61313, 36.0569], [-86.61309, 36.05695], [-86.61302, 36.05703], [-86.613, 36.05706], [-86.61302, 36.05717], [-86.61303, 36.05721], [-86.61305, 36.05731], [-86.61306, 36.05732], [-86.61312, 36.05747], [-86.61301, 36.05764], [-86.61301, 36.05764], [-86.61294, 36.05775], [-86.61296, 36.05776], [-86.61284, 36.05796], [-86.61262, 36.05792], [-86.61259, 36.05792], [-86.61259, 36.05792], [-86.61254, 36.05811], [-86.61231, 36.05822], [-86.61231, 36.05822], [-86.61217, 36.0583], [-86.61217, 36.0583], [-86.61194, 36.05842], [-86.61173, 36.05842], [-86.61174, 36.05839], [-86.61178, 36.05834], [-86.61171, 36.05826], [-86.61169, 36.05822], [-86.61162, 36.05814], [-86.6112, 36.05827], [-86.6112, 36.05827], [-86.61106, 36.05831], [-86.61106, 36.05831], [-86.61108, 36.05836], [-86.61075, 36.05847], [-86.61075, 36.05847], [-86.61056, 36.05969], [-86.61056, 36.05969], [-86.61075, 36.0595], [-86.61234, 36.05966]]]}, "properties": {"NAME": "FAWN CROSSING SEC 2", "RECORDEDDATE": 1373328000000, "INSTRUMENT": "PL-20130709 0070536"}}, {"type": "Feature", "geometry": {"type": "Polygon", "coordinates": [[[-86.61056, 36.05969], [-86.61056, 36.05969], [-86.61056, 36.05969], [-86.61075, 36.05847], [-86.61075, 36.05847], [-86.61108, 36.05836], [-86.61106, 36.05831], [-86.61106, 36.05831], [-86.6112, 36.05827], [-86.6112, 36.05827], [-86.61162, 36.05814], [-86.61169, 36.05822], [-86.61171, 36.05826], [-86.61178, 36.05834], [-86.61174, 36.05839], [-86.61173, 36.05842], [-86.61194, 36.05842], [-86.61217, 36.0583], [-86.61217, 36.0583], [-86.61231, 36.05822], [-86.61231, 36.05822], [-86.61254, 36.05811], [-86.61259, 36.05792], [-86.61247, 36.05782], [-86.61245, 36.05781], [-86.61235, 36.05773], [-86.61231, 36.05768], [-86.61226, 36.05761], [-86.61222, 36.05754], [-86.61218, 36.05749], [-86.61213, 36.05742], [-86.6121, 36.05737], [-86.61205, 36.0573], [-86.61202, 36.05726], [-86.61196, 36.05717], [-86.61194, 36.05714], [-86.6119, 36.05702], [-86.6119, 36.05702], [-86.61185, 36.05689], [-86.61152, 36.05696], [-86.61147, 36.05683], [-86.61147, 36.05682], [-86.61131, 36.05686], [-86.61105, 36.05693], [-86.6108, 36.05688], [-86.61076, 36.05683], [-86.61074, 36.05679], [-86.61069, 36.05673], [-86.61033, 36.05672], [-86.61033, 36.05665], [-86.61018, 36.05664], [-86.6099, 36.05661], [-86.60981, 36.0566], [-86.60982, 36.05678], [-86.60982, 36.05696], [-86.60983, 36.05699], [-86.6099, 36.05714], [-86.60997, 36.05731], [-86.60997, 36.05732], [-86.60999, 36.05738], [-86.61, 36.05746], [-86.61022, 36.05767], [-86.61015, 36.05771], [-86.61025, 36.05781], [-86.60952, 36.05829], [-86.60974, 36.05852], [-86.61056, 36.05969]]]}, "properties": {"NAME": "FAWN CROSSING SEC 3", "RECORDEDDATE": 1404259200000, "INSTRUMENT": "PL-20140702 0058396"}}, {"type": "Feature", "geometry": {"type": "Polygon", "coordinates": [[[-86.61262, 36.05792], [-86.61284, 36.05796], [-86.61296, 36.05776], [-86.61294, 36.05775], [-86.61301, 36.05764], [-86.61301, 36.05764], [-86.61312, 36.05747], [-86.61306, 36.05732], [-86.61305, 36.05731], [-86.61303, 36.05721], [-86.61302, 36.05717], [-86.613, 36.05706], [-86.61302, 36.05703], [-86.61309, 36.05695], [-86.61313, 36.0569], [-86.61315, 36.05677], [-86.61314, 36.05664], [-86.61314, 36.05664], [-86.61314, 36.05655], [-86.61347, 36.05646], [-86.61347, 36.05646], [-86.61362, 36.05642], [-86.61363, 36.05644], [-86.61396, 36.05636], [-86.61396, 36.05636], [-86.61413, 36.05638], [-86.61422, 36.05582], [-86.61375, 36.05576], [-86.61359, 36.05574], [-86.61323, 36.0557], [-86.61303, 36.05567], [-86.61286, 36.05565], [-86.61269, 36.05563], [-86.61252, 36.05561], [-86.61236, 36.05559], [-86.61222, 36.05557], [-86.61219, 36.05557], [-86.61202, 36.05554], [-86.61197, 36.05583], [-86.61196, 36.05596], [-86.61192, 36.05619], [-86.61172, 36.05631], [-86.61173, 36.05632], [-86.61176, 36.05648], [-86.61176, 36.05649], [-86.6118, 36.05665], [-86.6118, 36.05665], [-86.61212, 36.05662], [-86.61213, 36.05667], [-86.61181, 36.0567], [-86.61184, 36.05686], [-86.61185, 36.05689], [-86.6119, 36.05702], [-86.6119, 36.05702], [-86.61194, 36.05714], [-86.61196, 36.05717], [-86.61202, 36.05726], [-86.61205, 36.0573], [-86.6121, 36.05737], [-86.61213, 36.05742], [-86.61218, 36.05749], [-86.61222, 36.05754], [-86.61226, 36.05761], [-86.61231, 36.05768], [-86.61235, 36.05773], [-86.61245, 36.05781], [-86.61247, 36.05782], [-86.61259, 36.05792], [-86.61259, 36.05792], [-86.61262, 36.05792]]]}, "properties": {"NAME": "FAWN CROSSING SECTION 5", "RECORDEDDATE": 1449100800000, "INSTRUMENT": "PL-20151203 0121984"}}, {"type": "Feature", "geometry": {"type": "Polygon", "coordinates": [[[-86.60933, 36.058], [-86.60949, 36.05815], [-86.61015, 36.05771], [-86.61022, 36.05767], [-86.61, 36.05746], [-86.60999, 36.05738], [-86.60997, 36.05732], [-86.60997, 36.05731], [-86.6099, 36.05714], [-86.60983, 36.05699], [-86.60982, 36.05696], [-86.60982, 36.05678], [-86.60981, 36.0566], [-86.6099, 36.05661], [-86.61018, 36.05664], [-86.61033, 36.05665], [-86.61033, 36.05672], [-86.61069, 36.05673], [-86.61074, 36.05679], [-86.61076, 36.05683], [-86.6108, 36.05688], [-86.61105, 36.05693], [-86.61131, 36.05686], [-86.61147, 36.05682], [-86.61147, 36.05683], [-86.61152, 36.05696], [-86.61185, 36.05689], [-86.61184, 36.05686], [-86.61181, 36.0567], [-86.61213, 36.05667], [-86.61212, 36.05662], [-86.6118, 36.05665], [-86.6118, 36.05665], [-86.61176, 36.05649], [-86.61176, 36.05648], [-86.61173, 36.05632], [-86.61172, 36.05631], [-86.61192, 36.05619], [-86.61196, 36.05596], [-86.61197, 36.05583], [-86.61202, 36.05554], [-86.61185, 36.05552], [-86.6117, 36.0555], [-86.61133, 36.05546], [-86.61117, 36.05544], [-86.61017, 36.05531], [-86.60998, 36.05548], [-86.60996, 36.05547], [-86.60994, 36.05546], [-86.60994, 36.05546], [-86.60994, 36.05546], [-86.60994, 36.05546], [-86.60991, 36.05545], [-86.60989, 36.05545], [-86.60986, 36.05545], [-86.60983, 36.05545], [-86.60981, 36.05546], [-86.60981, 36.05546], [-86.60981, 36.05546], [-86.60981, 36.05546], [-86.60979, 36.05547], [-86.60979, 36.05547], [-86.60979, 36.05547], [-86.60979, 36.05547], [-86.60977, 36.05548], [-86.60976, 36.0555], [-86.60975, 36.05551], [-86.60974, 36.05553], [-86.60974, 36.05553], [-86.60974, 36.05553], [-86.60974, 36.05553], [-86.60973, 36.05555], [-86.60974, 36.05557], [-86.60974, 36.05559], [-86.60974, 36.0556], [-86.60975, 36.05562], [-86.60976, 36.05563], [-86.60978, 36.05564], [-86.60978, 36.05564], [-86.60978, 36.05564], [-86.60978, 36.05564], [-86.60979, 36.05565], [-86.60979, 36.05565], [-86.60979, 36.05565], [-86.60979, 36.05565], [-86.60982, 36.05566], [-86.60984, 36.05567], [-86.60966, 36.05586], [-86.60945, 36.05642], [-86.60894, 36.05785], [-86.60905, 36.05795], [-86.60913, 36.05802], [-86.60926, 36.05793], [-86.60933, 36.058]]]}, "properties": {"NAME": "FAWN CROSSING SEC 4", "RECORDEDDATE": 1449100800000, "INSTRUMENT": "PL-20151203 0121975"}}, {"type": "Feature", "geometry": {"type": "Polygon", "coordinates": [[[-86.60639, 36.06085], [-86.60616, 36.06158], [-86.60616, 36.06158], [-86.60667, 36.06187], [-86.6069, 36.06201], [-86.60714, 36.06214], [-86.60738, 36.06227], [-86.60763, 36.06239], [-86.60782, 36.06249], [-86.60801, 36.06258], [-86.60821, 36.06266], [-86.60878, 36.06241], [-86.60876, 36.06239], [-86.60887, 36.06234], [-86.60884, 36.06229], [-86.60869, 36.06208], [-86.60863, 36.06199], [-86.60863, 36.06194], [-86.60864, 36.06177], [-86.60864, 36.06163], [-86.60865, 36.0616], [-86.6087, 36.06144], [-86.60872, 36.06135], [-86.60879, 36.06128], [-86.60893, 36.06113], [-86.60903, 36.06103], [-86.60899, 36.0609], [-86.60971, 36.06045], [-86.60994, 36.06043], [-86.61011, 36.06036], [-86.61028, 36.0603], [-86.61065, 36.06016], [-86.61075, 36.0595], [-86.61056, 36.05969], [-86.61056, 36.05969], [-86.60974, 36.05852], [-86.60952, 36.05829], [-86.61025, 36.05781], [-86.61015, 36.05771], [-86.60949, 36.05815], [-86.60933, 36.058], [-86.60926, 36.05793], [-86.60913, 36.05802], [-86.60905, 36.05795], [-86.60894, 36.05785], [-86.60866, 36.05803], [-86.60866, 36.05801], [-86.60866, 36.05801], [-86.60866, 36.05801], [-86.60866, 36.05801], [-86.60865, 36.05798], [-86.60865, 36.05796], [-86.60865, 36.05796], [-86.60865, 36.05796], [-86.60865, 36.05796], [-86.60865, 36.05795], [-86.60865, 36.05795], [-86.60865, 36.05795], [-86.60865, 36.05795], [-86.60864, 36.05793], [-86.60864, 36.05793], [-86.60862, 36.05791], [-86.60861, 36.0579], [-86.60861, 36.0579], [-86.60861, 36.0579], [-86.60861, 36.0579], [-86.60859, 36.05789], [-86.60856, 36.05788], [-86.60854, 36.05787], [-86.60854, 36.05787], [-86.60854, 36.05787], [-86.60854, 36.05787], [-86.60852, 36.05787], [-86.60849, 36.05787], [-86.60847, 36.05787], [-86.60847, 36.05787], [-86.60847, 36.05787], [-86.60847, 36.05787], [-86.60845, 36.05788], [-86.60843, 36.05789], [-86.60841, 36.0579], [-86.60841, 36.0579], [-86.60841, 36.0579], [-86.60841, 36.0579], [-86.6084, 36.05792], [-86.60838, 36.05794], [-86.60838, 36.05794], [-86.60838, 36.05796], [-86.60838, 36.05796], [-86.60838, 36.05796], [-86.60838, 36.05796], [-86.60837, 36.05798], [-86.60837, 36.05798], [-86.60837, 36.05798], [-86.60837, 36.05798], [-86.60837, 36.05798], [-86.60837, 36.05799], [-86.60807, 36.05802], [-86.60807, 36.05792], [-86.60807, 36.05789], [-86.60783, 36.05786], [-86.60754, 36.05783], [-86.60747, 36.05782], [-86.60738, 36.05781], [-86.60639, 36.06085]]]}, "properties": {"NAME": "FAWN CROSSING SECTION 6", "RECORDEDDATE": 1481760000000, "INSTRUMENT": "PL-20161215 0131494"}}, {"type": "Feature", "geometry": {"type": "Polygon", "coordinates": [[[-86.77629, 36.21084], [-86.77788, 36.2109], [-86.77789, 36.2109], [-86.77784, 36.21071], [-86.7778, 36.21058], [-86.77773, 36.21031], [-86.77814, 36.21023], [-86.77814, 36.21023], [-86.77806, 36.20997], [-86.77766, 36.21005], [-86.77765, 36.21004], [-86.77758, 36.20977], [-86.7775, 36.20947], [-86.7779, 36.20938], [-86.77785, 36.20922], [-86.77779, 36.20901], [-86.77773, 36.2088], [-86.7777, 36.20873], [-86.77768, 36.20864], [-86.77768, 36.20864], [-86.77722, 36.2086], [-86.77693, 36.20846], [-86.77651, 36.20892], [-86.77638, 36.21005], [-86.77629, 36.21084]]]}, "properties": {"NAME": "2ND PLAN OF BROOKLYN RE-SUB", "RECORDEDDATE": 645062400000, "INSTRUMENT": "PL-00007900 0000109"}}, {"type": "Feature", "geometry": {"type": "Polygon", "coordinates": [[[-86.7794, 36.20682], [-86.77934, 36.20728], [-86.77931, 36.20746], [-86.77996, 36.2075], [-86.78007, 36.20684], [-86.78007, 36.2068], [-86.77941, 36.20679], [-86.7794, 36.20682]]]}, "properties": {"NAME": "SEC. 1 SHONEY'S BIG BOY SUB", "RECORDEDDATE": 160790400000, "INSTRUMENT": "PL-00004885 0000004"}}, {"type": "Feature", "geometry": {"type": "Polygon", "coordinates": [[[-86.77802, 36.20892], [-86.77802, 36.20892], [-86.77802, 36.20892], [-86.77802, 36.20892], [-86.77802, 36.20892], [-86.77803, 36.20894], [-86.77804, 36.20896], [-86.77811, 36.20911], [-86.77813, 36.20916], [-86.77814, 36.20921], [-86.77814, 36.2092], [-86.77814, 36.20919], [-86.77814, 36.20918], [-86.77815, 36.20917], [-86.77815, 36.20916], [-86.77816, 36.20915], [-86.77817, 36.20914], [-86.77818, 36.20913], [-86.7782, 36.20912], [-86.77821, 36.20912], [-86.77823, 36.20912], [-86.77848, 36.20908], [-86.77849, 36.20908], [-86.7785, 36.20907], [-86.77854, 36.20907], [-86.77854, 36.20907], [-86.77856, 36.20906], [-86.77864, 36.20905], [-86.77899, 36.209], [-86.77899, 36.209], [-86.77899, 36.20899], [-86.77912, 36.20884], [-86.77914, 36.20883], [-86.77959, 36.20877], [-86.77962, 36.20877], [-86.77997, 36.20872], [-86.77997, 36.20871], [-86.77997, 36.20869], [-86.77995, 36.20859], [-86.77994, 36.2085], [-86.77993, 36.20845], [-86.77992, 36.20841], [-86.77992, 36.20837], [-86.77991, 36.20832], [-86.77991, 36.20831], [-86.77918, 36.20841], [-86.77919, 36.2083], [-86.77923, 36.20801], [-86.77926, 36.20786], [-86.77928, 36.20771], [-86.77929, 36.20761], [-86.77931, 36.20746], [-86.77934, 36.20728], [-86.77909, 36.20728], [-86.77866, 36.20729], [-86.77848, 36.20729], [-86.77863, 36.20778], [-86.7787, 36.20801], [-86.77893, 36.20877], [-86.77893, 36.20878], [-86.77893, 36.20878], [-86.77893, 36.20879], [-86.77893, 36.20879], [-86.77893, 36.20879], [-86.77893, 36.2088], [-86.77892, 36.20881], [-86.77892, 36.20881], [-86.77892, 36.20881], [-86.77892, 36.20882], [-86.77892, 36.20882], [-86.77891, 36.20883], [-86.77891, 36.20883], [-86.7789, 36.20884], [-86.7789, 36.20884], [-86.77888, 36.20885], [-86.77888, 36.20885], [-86.77887, 36.20885], [-86.77886, 36.20886], [-86.77849, 36.20891], [-86.77843, 36.20891], [-86.77827, 36.20836], [-86.77827, 36.20835], [-86.77825, 36.20836], [-86.7779, 36.2084], [-86.77788, 36.20841], [-86.77789, 36.20844], [-86.77791, 36.20853], [-86.77791, 36.20854], [-86.77793, 36.20861], [-86.77793, 36.20861], [-86.77794, 36.20868], [-86.77796, 36.20874], [-86.77796, 36.20874], [-86.77798, 36.20881], [-86.77801, 36.20891], [-86.77802, 36.20892], [-86.77802, 36.20892]]]}, "properties": {"NAME": "SCRUGGS 2ND AVONDALE ADDN.", "RECORDEDDATE": -2291587200000, "INSTRUMENT": "PL-00000161 0000060"}}, {"type": "Feature", "geometry": {"type": "Polygon", "coordinates": [[[-86.77874, 36.20974], [-86.77871, 36.20975], [-86.77871, 36.20975], [-86.77872, 36.20981], [-86.77875, 36.20989], [-86.77879, 36.21002], [-86.77882, 36.21012], [-86.77881, 36.21013], [-86.77844, 36.21021], [-86.77851, 36.21045], [-86.77853, 36.21051], [-86.77891, 36.21045], [-86.779, 36.21044], [-86.77942, 36.21038], [-86.7794, 36.21032], [-86.77929, 36.20995], [-86.77925, 36.20982], [-86.77922, 36.20971], [-86.77922, 36.20971], [-86.7792, 36.20965], [-86.77874, 36.20974]]]}, "properties": {"NAME": "HAMPTON CORNER", "RECORDEDDATE": 1683158400000, "INSTRUMENT": "PL-20230504 0033346"}}, {"type": "Feature", "geometry": {"type": "Polygon", "coordinates": [[[-86.78249, 36.2081], [-86.78249, 36.2081], [-86.78273, 36.20815], [-86.78297, 36.2082], [-86.78302, 36.20821], [-86.78356, 36.20821], [-86.78358, 36.20814], [-86.78361, 36.208], [-86.78376, 36.20755], [-86.78376, 36.20753], [-86.78376, 36.20751], [-86.78376, 36.2075], [-86.78375, 36.20748], [-86.78374, 36.20747], [-86.78373, 36.20746], [-86.78372, 36.20745], [-86.78371, 36.20744], [-86.78369, 36.20743], [-86.78367, 36.20743], [-86.7825, 36.20719], [-86.7825, 36.20719], [-86.78198, 36.20708], [-86.78182, 36.20705], [-86.78166, 36.20702], [-86.78161, 36.20735], [-86.78176, 36.20737], [-86.78163, 36.20818], [-86.78171, 36.20817], [-86.78191, 36.20814], [-86.78207, 36.20812], [-86.78209, 36.20815], [-86.78233, 36.20819], [-86.78235, 36.20807], [-86.78249, 36.2081]]]}, "properties": {"NAME": "325 WEST TRINITY LANE RESUB", "RECORDEDDATE": 1749772800000, "INSTRUMENT": "PL-20250613 0045765"}}, {"type": "Feature", "geometry": {"type": "Polygon", "coordinates": [[[-86.7792, 36.20965], [-86.77922, 36.20971], [-86.77922, 36.20971], [-86.77925, 36.20982], [-86.77929, 36.20995], [-86.7794, 36.21032], [-86.77942, 36.21038], [-86.77943, 36.21038], [-86.77959, 36.21036], [-86.78006, 36.21029], [-86.7801, 36.21029], [-86.78087, 36.21018], [-86.78158, 36.21008], [-86.78157, 36.21005], [-86.78148, 36.20965], [-86.78165, 36.20963], [-86.78174, 36.21003], [-86.78174, 36.21006], [-86.78289, 36.2099], [-86.78287, 36.20987], [-86.78286, 36.20985], [-86.78283, 36.20976], [-86.7827, 36.20945], [-86.78269, 36.20943], [-86.78257, 36.20933], [-86.78242, 36.20898], [-86.78242, 36.20897], [-86.78224, 36.20855], [-86.7822, 36.20841], [-86.7822, 36.20841], [-86.78214, 36.20841], [-86.78209, 36.20841], [-86.78205, 36.20842], [-86.78201, 36.20842], [-86.78181, 36.20845], [-86.78158, 36.20848], [-86.78131, 36.20852], [-86.78114, 36.20855], [-86.78097, 36.20857], [-86.78081, 36.2086], [-86.78064, 36.20862], [-86.77997, 36.20872], [-86.77962, 36.20877], [-86.77959, 36.20877], [-86.77914, 36.20883], [-86.77916, 36.20897], [-86.779, 36.209], [-86.77902, 36.20907], [-86.77904, 36.20912], [-86.77908, 36.20925], [-86.7791, 36.20932], [-86.77912, 36.20938], [-86.77916, 36.20952], [-86.7792, 36.20965]], [[-86.78154, 36.2091], [-86.78155, 36.20914], [-86.78161, 36.2095], [-86.78145, 36.20952], [-86.78136, 36.20953], [-86.7813, 36.20917], [-86.78129, 36.20913], [-86.78129, 36.20912], [-86.78137, 36.20911], [-86.78154, 36.20909], [-86.78154, 36.2091]], [[-86.78218, 36.20855], [-86.7822, 36.20855], [-86.78221, 36.20855], [-86.78238, 36.20895], [-86.78238, 36.20895], [-86.78227, 36.20897], [-86.78197, 36.20901], [-86.78177, 36.20903], [-86.78167, 36.20861], [-86.78187, 36.20858], [-86.78191, 36.20858], [-86.78195, 36.20857], [-86.782, 36.20856], [-86.782, 36.20856], [-86.78205, 36.20856], [-86.78211, 36.20855], [-86.78218, 36.20855], [-86.78218, 36.20855]]]}, "properties": {"NAME": "SCRUGGS AVONDALE SEC 1", "RECORDEDDATE": -2444601600000, "INSTRUMENT": "PL-00000161 0000013"}}, {"type": "Feature", "geometry": {"type": "Polygon", "coordinates": [[[-86.68595, 36.26112], [-86.68593, 36.26126], [-86.68592, 36.26127], [-86.68592, 36.26131], [-86.6859, 36.26135], [-86.68589, 36.26139], [-86.68605, 36.26144], [-86.68602, 36.26149], [-86.68598, 36.26155], [-86.68582, 36.26176], [-86.68582, 36.26176], [-86.68583, 36.26177], [-86.6873, 36.26191], [-86.68722, 36.26238], [-86.68723, 36.26238], [-86.68723, 36.26238], [-86.68723, 36.26238], [-86.68729, 36.26238], [-86.68729, 36.26238], [-86.68729, 36.26238], [-86.68729, 36.26238], [-86.68734, 36.26211], [-86.68736, 36.26197], [-86.68738, 36.26183], [-86.68741, 36.26162], [-86.68742, 36.26156], [-86.68743, 36.26153], [-86.68744, 36.26143], [-86.68745, 36.26136], [-86.68746, 36.26134], [-86.68746, 36.26132], [-86.68746, 36.2613], [-86.68747, 36.26129], [-86.6875, 36.26111], [-86.6875, 36.26106], [-86.68751, 36.26102], [-86.68755, 36.26076], [-86.68756, 36.26075], [-86.6876, 36.26047], [-86.68762, 36.26034], [-86.68767, 36.26006], [-86.68771, 36.25978], [-86.68773, 36.25965], [-86.68777, 36.25938], [-86.68785, 36.2589], [-86.68779, 36.25889], [-86.68775, 36.25913], [-86.68773, 36.25921], [-86.68773, 36.25921], [-86.68732, 36.25917], [-86.68716, 36.25916], [-86.68715, 36.25921], [-86.68713, 36.2593], [-86.68711, 36.25944], [-86.6871, 36.25953], [-86.6871, 36.25953], [-86.6871, 36.25954], [-86.68709, 36.25954], [-86.68709, 36.25955], [-86.68708, 36.25956], [-86.68707, 36.25957], [-86.68706, 36.25958], [-86.68704, 36.25958], [-86.68703, 36.25959], [-86.68702, 36.25959], [-86.687, 36.25959], [-86.68676, 36.25956], [-86.68673, 36.25956], [-86.68671, 36.25969], [-86.6867, 36.25971], [-86.6867, 36.25971], [-86.68668, 36.25987], [-86.68666, 36.26001], [-86.68664, 36.26014], [-86.68662, 36.26028], [-86.68659, 36.26042], [-86.68657, 36.26055], [-86.68655, 36.26069], [-86.68653, 36.26083], [-86.6865, 36.26099], [-86.68644, 36.26101], [-86.68637, 36.26102], [-86.6863, 36.26102], [-86.68623, 36.26101], [-86.68622, 36.26101], [-86.68621, 36.26101], [-86.6862, 36.26101], [-86.68619, 36.261], [-86.68618, 36.261], [-86.68617, 36.26099], [-86.68616, 36.26098], [-86.68615, 36.26097], [-86.68615, 36.26096], [-86.68615, 36.26095], [-86.68615, 36.26094], [-86.68615, 36.26091], [-86.68598, 36.2609], [-86.68597, 36.26099], [-86.68595, 36.26112]]]}, "properties": {"NAME": "ORCHARDS PH 2", "RECORDEDDATE": 1712880000000, "INSTRUMENT": "20240412 0026198"}}, {"type": "Feature", "geometry": {"type": "Polygon", "coordinates": [[[-86.68634, 36.25951], [-86.68636, 36.25951], [-86.68638, 36.25951], [-86.68638, 36.25951], [-86.68638, 36.25951], [-86.68638, 36.25951], [-86.68638, 36.25951], [-86.68638, 36.25951], [-86.68639, 36.25951], [-86.68639, 36.25951], [-86.68639, 36.25951], [-86.68639, 36.25951], [-86.68639, 36.25951], [-86.68639, 36.25951], [-86.6864, 36.25951], [-86.6864, 36.25951], [-86.6864, 36.25951], [-86.6864, 36.25952], [-86.6864, 36.25952], [-86.6864, 36.25952], [-86.6864, 36.25952], [-86.6864, 36.25952], [-86.68641, 36.25952], [-86.68641, 36.25952], [-86.68641, 36.25952], [-86.68641, 36.25952], [-86.68641, 36.25952], [-86.68641, 36.25952], [-86.68641, 36.25952], [-86.68641, 36.25952], [-86.68641, 36.25952], [-86.68642, 36.25952], [-86.68643, 36.25953], [-86.68644, 36.25953], [-86.68649, 36.25953], [-86.68656, 36.25954], [-86.68673, 36.25956], [-86.68676, 36.25956], [-86.687, 36.25959], [-86.68702, 36.25959], [-86.68703, 36.25959], [-86.68705, 36.25958], [-86.68706, 36.25957], [-86.68707, 36.25957], [-86.68709, 36.25955], [-86.68709, 36.25954], [-86.6871, 36.25954], [-86.6871, 36.25953], [-86.6871, 36.25953], [-86.68711, 36.25944], [-86.68713, 36.2593], [-86.68715, 36.25921], [-86.68716, 36.25916], [-86.68716, 36.25914], [-86.6872, 36.2589], [-86.6872, 36.25889], [-86.6872, 36.25889], [-86.6872, 36.25889], [-86.6872, 36.25889], [-86.6872, 36.25888], [-86.6872, 36.25887], [-86.68719, 36.25887], [-86.68719, 36.25887], [-86.68719, 36.25887], [-86.68719, 36.25887], [-86.68719, 36.25886], [-86.68719, 36.25886], [-86.68719, 36.25886], [-86.68719, 36.25886], [-86.68719, 36.25886], [-86.68719, 36.25886], [-86.68719, 36.25886], [-86.68719, 36.25886], [-86.68719, 36.25886], [-86.68719, 36.25886], [-86.68719, 36.25885], [-86.68719, 36.25885], [-86.68719, 36.25885], [-86.68719, 36.25885], [-86.68718, 36.25885], [-86.68718, 36.25885], [-86.68718, 36.25885], [-86.68718, 36.25885], [-86.68718, 36.25885], [-86.68718, 36.25884], [-86.68717, 36.25884], [-86.68717, 36.25884], [-86.68717, 36.25884], [-86.68717, 36.25884], [-86.68717, 36.25884], [-86.68717, 36.25884], [-86.68717, 36.25883], [-86.68716, 36.25883], [-86.68716, 36.25883], [-86.68716, 36.25883], [-86.68716, 36.25883], [-86.68716, 36.25883], [-86.68716, 36.25883], [-86.68716, 36.25883], [-86.68716, 36.25883], [-86.68715, 36.25883], [-86.68715, 36.25883], [-86.68715, 36.25883], [-86.68715, 36.25883], [-86.68715, 36.25883], [-86.68715, 36.25883], [-86.68715, 36.25883], [-86.68714, 36.25882], [-86.68714, 36.25882], [-86.68714, 36.25882], [-86.68714, 36.25882], [-86.68714, 36.25882], [-86.68714, 36.25882], [-86.68714, 36.25882], [-86.68714, 36.25882], [-86.68714, 36.25882], [-86.68714, 36.25882], [-86.68714, 36.25882], [-86.68713, 36.25882], [-86.68713, 36.25882], [-86.68713, 36.25882], [-86.68713, 36.25882], [-86.68713, 36.25882], [-86.68713, 36.25882], [-86.68713, 36.25882], [-86.68712, 36.25882], [-86.68712, 36.25882], [-86.68694, 36.25881], [-86.68694, 36.25881], [-86.68689, 36.25911], [-86.68689, 36.25911], [-86.6868, 36.2591], [-86.6868, 36.2591], [-86.68677, 36.25926], [-86.68677, 36.25926], [-86.68661, 36.25925], [-86.68654, 36.25924], [-86.68654, 36.25923], [-86.68655, 36.25918], [-86.6863, 36.25916], [-86.68604, 36.25914], [-86.68585, 36.25912], [-86.68583, 36.25925], [-86.6858, 36.25938], [-86.68579, 36.25943], [-86.68586, 36.25944], [-86.68617, 36.25947], [-86.68623, 36.25954], [-86.68624, 36.25953], [-86.68626, 36.25952], [-86.68628, 36.25951], [-86.68631, 36.25951], [-86.68634, 36.25951], [-86.68634, 36.25951]]]}, "properties": {"NAME": "ORCHARDS PH 3B", "RECORDEDDATE": 1777852800000, "INSTRUMENT": "PL-20260504 0039149"}}, {"type": "Feature", "geometry": {"type": "Polygon", "coordinates": [[[-86.68551, 36.26097], [-86.6855, 36.26106], [-86.6855, 36.26106], [-86.68547, 36.26124], [-86.68547, 36.26124], [-86.68545, 36.26133], [-86.68545, 36.26133], [-86.68544, 36.26144], [-86.68544, 36.26144], [-86.68544, 36.26144], [-86.68544, 36.26144], [-86.68542, 36.26158], [-86.6854, 36.26171], [-86.68538, 36.26183], [-86.68537, 36.26185], [-86.68537, 36.26185], [-86.68537, 36.26185], [-86.68535, 36.26198], [-86.68533, 36.26212], [-86.68531, 36.26226], [-86.68535, 36.26226], [-86.68543, 36.26227], [-86.68539, 36.26259], [-86.68539, 36.2626], [-86.68539, 36.26262], [-86.68547, 36.26263], [-86.68556, 36.26264], [-86.68564, 36.26264], [-86.68573, 36.26265], [-86.68573, 36.26263], [-86.68573, 36.26262], [-86.68577, 36.2623], [-86.68577, 36.2623], [-86.68577, 36.26229], [-86.68577, 36.26229], [-86.68577, 36.26229], [-86.68583, 36.26177], [-86.68582, 36.26176], [-86.68582, 36.26176], [-86.68598, 36.26155], [-86.68602, 36.26149], [-86.68605, 36.26144], [-86.68589, 36.26139], [-86.6859, 36.26135], [-86.68592, 36.26131], [-86.68592, 36.26127], [-86.68593, 36.26126], [-86.68595, 36.26112], [-86.68597, 36.26099], [-86.68598, 36.2609], [-86.68615, 36.26091], [-86.68615, 36.26094], [-86.68615, 36.26095], [-86.68615, 36.26096], [-86.68615, 36.26097], [-86.68616, 36.26098], [-86.68617, 36.26099], [-86.68618, 36.261], [-86.68619, 36.261], [-86.6862, 36.26101], [-86.68621, 36.26101], [-86.68622, 36.26101], [-86.68623, 36.26101], [-86.6863, 36.26102], [-86.68637, 36.26102], [-86.68644, 36.26101], [-86.6865, 36.26099], [-86.68653, 36.26083], [-86.68655, 36.26069], [-86.68657, 36.26055], [-86.68659, 36.26042], [-86.68662, 36.26028], [-86.68664, 36.26014], [-86.68666, 36.26001], [-86.68668, 36.25987], [-86.6867, 36.25971], [-86.6867, 36.25971], [-86.68671, 36.25969], [-86.68673, 36.25956], [-86.68656, 36.25954], [-86.68649, 36.25953], [-86.68644, 36.25953], [-86.68643, 36.25953], [-86.68642, 36.25952], [-86.68641, 36.25952], [-86.68641, 36.25952], [-86.68641, 36.25952], [-86.68641, 36.25952], [-86.68641, 36.25952], [-86.68641, 36.25952], [-86.68641, 36.25952], [-86.68641, 36.25952], [-86.68641, 36.25952], [-86.6864, 36.25952], [-86.6864, 36.25952], [-86.6864, 36.25952], [-86.6864, 36.25952], [-86.6864, 36.25952], [-86.6864, 36.25951], [-86.6864, 36.25951], [-86.6864, 36.25951], [-86.68639, 36.25951], [-86.68639, 36.25951], [-86.68639, 36.25951], [-86.68639, 36.25951], [-86.68639, 36.25951], [-86.68639, 36.25951], [-86.68638, 36.25951], [-86.68638, 36.25951], [-86.68638, 36.25951], [-86.68638, 36.25951], [-86.68638, 36.25951], [-86.68638, 36.25951], [-86.68636, 36.25951], [-86.68634, 36.25951], [-86.68634, 36.25951], [-86.68631, 36.25951], [-86.68628, 36.25951], [-86.68626, 36.25952], [-86.68624, 36.25953], [-86.68623, 36.25954], [-86.68617, 36.25947], [-86.68586, 36.25944], [-86.68579, 36.25943], [-86.68577, 36.2595], [-86.68575, 36.25963], [-86.68575, 36.25963], [-86.68575, 36.25964], [-86.68568, 36.25994], [-86.68562, 36.26024], [-86.68558, 36.2605], [-86.68556, 36.26066], [-86.68553, 36.26083], [-86.68551, 36.26097]]]}, "properties": {"NAME": "ORCHARDS PH 3A", "RECORDEDDATE": 1735257600000, "INSTRUMENT": "20241227 0100381"}}, {"type": "Feature", "geometry": {"type": "Polygon", "coordinates": [[[-86.75662, 36.13489], [-86.75673, 36.13497], [-86.75682, 36.13504], [-86.7569, 36.13511], [-86.75698, 36.13519], [-86.75705, 36.13527], [-86.75709, 36.13531], [-86.75712, 36.13534], [-86.75717, 36.13537], [-86.75721, 36.13539], [-86.75726, 36.13541], [-86.75729, 36.13541], [-86.75732, 36.13543], [-86.75735, 36.13545], [-86.75738, 36.13547], [-86.7574, 36.1355], [-86.75742, 36.13553], [-86.75743, 36.13556], [-86.7585, 36.13543], [-86.75854, 36.13525], [-86.75858, 36.13507], [-86.7586, 36.13499], [-86.75861, 36.13491], [-86.75861, 36.13482], [-86.75761, 36.13416], [-86.75697, 36.13374], [-86.75689, 36.13381], [-86.75681, 36.13389], [-86.75673, 36.13396], [-86.75665, 36.13404], [-86.75647, 36.13422], [-86.75566, 36.13366], [-86.75556, 36.13359], [-86.75554, 36.13358], [-86.75552, 36.13359], [-86.75524, 36.13386], [-86.75523, 36.13387], [-86.75523, 36.13388], [-86.75522, 36.13389], [-86.75522, 36.1339], [-86.75522, 36.13391], [-86.75522, 36.13392], [-86.75522, 36.13393], [-86.75523, 36.13394], [-86.75523, 36.13395], [-86.75524, 36.13395], [-86.75525, 36.13396], [-86.75527, 36.13398], [-86.75662, 36.13489]]]}, "properties": {"NAME": "FAIR VIEW PARK SEC 3 RE-SUB", "RECORDEDDATE": 227491200000, "INSTRUMENT": "PL-00005060 0000102"}}, {"type": "Feature", "geometry": {"type": "Polygon", "coordinates": [[[-86.75581, 36.13306], [-86.7558, 36.13311], [-86.75579, 36.13315], [-86.75577, 36.13322], [-86.75575, 36.13328], [-86.75571, 36.13335], [-86.75568, 36.13341], [-86.75564, 36.13347], [-86.75559, 36.13353], [-86.75554, 36.13358], [-86.75556, 36.13359], [-86.75566, 36.13366], [-86.75647, 36.13422], [-86.75665, 36.13404], [-86.75673, 36.13396], [-86.75681, 36.13389], [-86.75689, 36.13381], [-86.75697, 36.13374], [-86.75657, 36.13347], [-86.75587, 36.133], [-86.75581, 36.13306]]]}, "properties": {"NAME": "SECT 0002 TRANSPO CENTER", "RECORDEDDATE": 164505600000, "INSTRUMENT": "PL-00004885 0000023"}}, {"type": "Feature", "geometry": {"type": "Polygon", "coordinates": [[[-86.80119, 36.20843], [-86.80118, 36.20852], [-86.80117, 36.20871], [-86.80237, 36.20874], [-86.80258, 36.20875], [-86.80265, 36.20875], [-86.80265, 36.20874], [-86.80266, 36.20853], [-86.80266, 36.20852], [-86.80267, 36.20836], [-86.80268, 36.20819], [-86.80272, 36.20764], [-86.80274, 36.20726], [-86.80275, 36.20723], [-86.80271, 36.20723], [-86.80132, 36.20719], [-86.80061, 36.20719], [-86.80005, 36.20719], [-86.80004, 36.20723], [-86.80003, 36.2076], [-86.80001, 36.20812], [-86.80001, 36.20812], [-86.8, 36.20839], [-86.8008, 36.20841], [-86.80087, 36.20841], [-86.80093, 36.2084], [-86.801, 36.20839], [-86.8011, 36.20837], [-86.80119, 36.20835], [-86.80119, 36.20843]]]}, "properties": {"NAME": "TRINITY COVE", "RECORDEDDATE": 1681084800000, "INSTRUMENT": "PL-20230410 0025614"}}, {"type": "Feature", "geometry": {"type": "Polygon", "coordinates": [[[-86.72062, 36.03915], [-86.72062, 36.03915], [-86.72062, 36.03916], [-86.72062, 36.03917], [-86.72061, 36.03919], [-86.72061, 36.0392], [-86.72061, 36.03921], [-86.72061, 36.03923], [-86.72061, 36.03924], [-86.72061, 36.03925], [-86.72062, 36.03926], [-86.72063, 36.03927], [-86.72064, 36.03928], [-86.7207, 36.03934], [-86.72077, 36.03942], [-86.72082, 36.03947], [-86.72082, 36.03947], [-86.72087, 36.03954], [-86.72087, 36.03954], [-86.72093, 36.03961], [-86.72093, 36.03961], [-86.72094, 36.03964], [-86.72097, 36.03968], [-86.72097, 36.03968], [-86.72102, 36.03976], [-86.72102, 36.03976], [-86.72106, 36.03983], [-86.7211, 36.0399], [-86.7211, 36.0399], [-86.72113, 36.03997], [-86.72113, 36.03997], [-86.72115, 36.04004], [-86.72115, 36.04004], [-86.72118, 36.04011], [-86.72118, 36.04011], [-86.72119, 36.04018], [-86.7212, 36.04022], [-86.7212, 36.04022], [-86.72121, 36.04029], [-86.72121, 36.04029], [-86.72122, 36.04037], [-86.72122, 36.04037], [-86.72123, 36.04044], [-86.72123, 36.04044], [-86.72123, 36.04045], [-86.72122, 36.04052], [-86.72122, 36.04052], [-86.72122, 36.04059], [-86.72122, 36.04059], [-86.72121, 36.04067], [-86.72121, 36.04067], [-86.72119, 36.04074], [-86.72119, 36.04074], [-86.72118, 36.04081], [-86.72118, 36.04081], [-86.72115, 36.04089], [-86.72113, 36.04094], [-86.72111, 36.04099], [-86.72109, 36.04104], [-86.7208, 36.04163], [-86.72058, 36.04204], [-86.72088, 36.04214], [-86.72239, 36.04231], [-86.72238, 36.043], [-86.72313, 36.04302], [-86.7232, 36.04203], [-86.72322, 36.04179], [-86.72336, 36.04119], [-86.72346, 36.04061], [-86.72349, 36.04027], [-86.7235, 36.04004], [-86.72363, 36.03788], [-86.72228, 36.03776], [-86.72229, 36.03775], [-86.72184, 36.03771], [-86.72179, 36.03771], [-86.72082, 36.03762], [-86.7207, 36.03761], [-86.72048, 36.03759], [-86.71996, 36.03754], [-86.71944, 36.03749], [-86.71939, 36.03776], [-86.72016, 36.03865], [-86.72011, 36.03877], [-86.72045, 36.03911], [-86.72048, 36.03909], [-86.72062, 36.03915]]]}, "properties": {"NAME": "HICKORY COMMERCIAL PARK SEC 1", "RECORDEDDATE": 1036540800000, "INSTRUMENT": "PL-20021107 0137236"}}, {"type": "Feature", "geometry": {"type": "Polygon", "coordinates": [[[-86.83223, 36.19934], [-86.83224, 36.19933], [-86.83224, 36.19933], [-86.83224, 36.19933], [-86.83224, 36.19933], [-86.83224, 36.19933], [-86.83224, 36.19933], [-86.83225, 36.19933], [-86.8324, 36.19919], [-86.83242, 36.19917], [-86.83242, 36.19917], [-86.83242, 36.19916], [-86.83243, 36.19916], [-86.83243, 36.19916], [-86.83243, 36.19916], [-86.83288, 36.19877], [-86.83288, 36.19876], [-86.83288, 36.19876], [-86.83292, 36.19873], [-86.83315, 36.19853], [-86.83316, 36.19852], [-86.83323, 36.19846], [-86.83325, 36.19844], [-86.83325, 36.19844], [-86.83327, 36.19842], [-86.83337, 36.19833], [-86.83339, 36.19832], [-86.8334, 36.19831], [-86.83345, 36.19827], [-86.83347, 36.19828], [-86.83347, 36.19828], [-86.83347, 36.19828], [-86.83357, 36.1982], [-86.83357, 36.1982], [-86.83359, 36.19818], [-86.83372, 36.19806], [-86.83372, 36.19806], [-86.83424, 36.19761], [-86.83425, 36.1976], [-86.83425, 36.1976], [-86.83371, 36.19714], [-86.83368, 36.1971], [-86.83283, 36.19636], [-86.83279, 36.19639], [-86.83279, 36.19639], [-86.83265, 36.19647], [-86.8321, 36.19676], [-86.83203, 36.1968], [-86.83196, 36.19673], [-86.83196, 36.19673], [-86.83185, 36.19688], [-86.83185, 36.19688], [-86.83182, 36.19693], [-86.8318, 36.19695], [-86.83177, 36.19699], [-86.83178, 36.19697], [-86.83158, 36.19724], [-86.83158, 36.19725], [-86.83152, 36.19732], [-86.8314, 36.19748], [-86.83139, 36.19749], [-86.83136, 36.19753], [-86.83129, 36.19763], [-86.83128, 36.19764], [-86.83126, 36.19767], [-86.83116, 36.19778], [-86.83113, 36.19781], [-86.83088, 36.19807], [-86.8309, 36.19808], [-86.83096, 36.19812], [-86.83103, 36.19816], [-86.83117, 36.19824], [-86.83116, 36.19824], [-86.83107, 36.19834], [-86.83103, 36.19839], [-86.83093, 36.19849], [-86.83089, 36.19854], [-86.83082, 36.1986], [-86.83079, 36.19865], [-86.83075, 36.19869], [-86.83073, 36.19872], [-86.83057, 36.19889], [-86.83055, 36.19891], [-86.83055, 36.19891], [-86.83055, 36.19891], [-86.83046, 36.19902], [-86.83045, 36.19904], [-86.83045, 36.19905], [-86.83047, 36.19905], [-86.83048, 36.19906], [-86.8306, 36.19906], [-86.83086, 36.19909], [-86.83087, 36.19908], [-86.83092, 36.19906], [-86.83122, 36.19917], [-86.83122, 36.19917], [-86.83156, 36.1993], [-86.83167, 36.19912], [-86.83223, 36.19934]]]}, "properties": {"NAME": "VIACOM INTERNATIONAL INC. PROP. SUB", "RECORDEDDATE": 340416000000, "INSTRUMENT": "PL-00005210 0000329"}}, {"type": "Feature", "geometry": {"type": "Polygon", "coordinates": [[[-86.83223, 36.19934], [-86.83224, 36.19933], [-86.83224, 36.19933], [-86.83224, 36.19933], [-86.83224, 36.19933], [-86.83224, 36.19933], [-86.83224, 36.19933], [-86.83225, 36.19933], [-86.8324, 36.19919], [-86.83242, 36.19917], [-86.83242, 36.19917], [-86.83242, 36.19916], [-86.83243, 36.19916], [-86.83243, 36.19916], [-86.83243, 36.19916], [-86.83288, 36.19877], [-86.83288, 36.19876], [-86.83288, 36.19876], [-86.83292, 36.19873], [-86.83315, 36.19853], [-86.83316, 36.19852], [-86.83323, 36.19846], [-86.83325, 36.19844], [-86.83325, 36.19844], [-86.83327, 36.19842], [-86.83337, 36.19833], [-86.83339, 36.19832], [-86.8334, 36.19831], [-86.83345, 36.19827], [-86.83347, 36.19828], [-86.83347, 36.19828], [-86.83347, 36.19828], [-86.83357, 36.1982], [-86.83357, 36.1982], [-86.83359, 36.19818], [-86.83372, 36.19806], [-86.83372, 36.19806], [-86.83424, 36.19761], [-86.83425, 36.1976], [-86.83425, 36.1976], [-86.83371, 36.19714], [-86.83368, 36.1971], [-86.83283, 36.19636], [-86.83279, 36.19639], [-86.83279, 36.19639], [-86.83265, 36.19647], [-86.8321, 36.19676], [-86.83203, 36.1968], [-86.83196, 36.19673], [-86.83196, 36.19673], [-86.83185, 36.19688], [-86.83185, 36.19688], [-86.83182, 36.19693], [-86.8318, 36.19695], [-86.83177, 36.19699], [-86.83178, 36.19697], [-86.83158, 36.19724], [-86.83158, 36.19725], [-86.83152, 36.19732], [-86.83138, 36.1975], [-86.83129, 36.19761], [-86.83129, 36.19761], [-86.83129, 36.19762], [-86.83129, 36.19762], [-86.83128, 36.19763], [-86.83128, 36.19764], [-86.83126, 36.19767], [-86.83116, 36.19778], [-86.83115, 36.19778], [-86.83114, 36.19779], [-86.83113, 36.19779], [-86.831, 36.19791], [-86.83095, 36.19797], [-86.83093, 36.19799], [-86.83063, 36.19832], [-86.83062, 36.19833], [-86.83062, 36.19833], [-86.83062, 36.19834], [-86.83062, 36.19835], [-86.83062, 36.19835], [-86.83062, 36.19836], [-86.83055, 36.19844], [-86.83047, 36.19852], [-86.83047, 36.19852], [-86.83075, 36.19869], [-86.83075, 36.19869], [-86.83073, 36.19872], [-86.83057, 36.19889], [-86.83055, 36.19891], [-86.83055, 36.19891], [-86.83055, 36.19891], [-86.83046, 36.19902], [-86.83045, 36.19904], [-86.83045, 36.19905], [-86.83047, 36.19905], [-86.83048, 36.19906], [-86.8306, 36.19906], [-86.83086, 36.19909], [-86.83087, 36.19908], [-86.83092, 36.19906], [-86.83122, 36.19917], [-86.83122, 36.19917], [-86.83156, 36.1993], [-86.83167, 36.19912], [-86.83223, 36.19934]]]}, "properties": {"NAME": "SUMMIT AVENUE TOWNHOMES", "RECORDEDDATE": 1733702400000, "INSTRUMENT": "PL-20241209 0095550"}}, {"type": "Feature", "geometry": {"type": "Polygon", "coordinates": [[[-86.78269, 36.13997], [-86.78265, 36.14002], [-86.78261, 36.14006], [-86.78257, 36.1401], [-86.7825, 36.14016], [-86.78244, 36.14022], [-86.78236, 36.14028], [-86.78231, 36.14031], [-86.78225, 36.14036], [-86.78218, 36.14039], [-86.78205, 36.14047], [-86.78198, 36.14052], [-86.7819, 36.14057], [-86.78183, 36.14062], [-86.78176, 36.14068], [-86.78171, 36.14073], [-86.78166, 36.14078], [-86.78161, 36.14083], [-86.78162, 36.14084], [-86.78165, 36.14086], [-86.78166, 36.14087], [-86.78167, 36.14087], [-86.78171, 36.14089], [-86.78172, 36.1409], [-86.78173, 36.1409], [-86.78173, 36.1409], [-86.78174, 36.14091], [-86.78178, 36.14092], [-86.78179, 36.14092], [-86.7818, 36.14092], [-86.78181, 36.14092], [-86.78181, 36.14093], [-86.78184, 36.14093], [-86.78184, 36.14093], [-86.78185, 36.14093], [-86.78186, 36.14093], [-86.78254, 36.14098], [-86.78254, 36.14102], [-86.78353, 36.14109], [-86.78353, 36.14109], [-86.78364, 36.14058], [-86.78377, 36.13993], [-86.78377, 36.13993], [-86.78336, 36.13993], [-86.78328, 36.13993], [-86.78319, 36.13992], [-86.7831, 36.1399], [-86.78302, 36.13988], [-86.78288, 36.13983], [-86.78287, 36.13983], [-86.78286, 36.13983], [-86.78285, 36.13982], [-86.78285, 36.13982], [-86.78284, 36.13981], [-86.78284, 36.13981], [-86.78284, 36.1398], [-86.78284, 36.13979], [-86.78284, 36.13978], [-86.78284, 36.13978], [-86.78284, 36.13977], [-86.78269, 36.13997]]]}, "properties": {"NAME": "PARK AT HILLSIDE EDGEHILL ESTATES RESUB LOT 1", "RECORDEDDATE": 1572998400000, "INSTRUMENT": "PL-20191106 0114717"}}, {"type": "Feature", "geometry": {"type": "Polygon", "coordinates": [[[-86.78376, 36.13705], [-86.78375, 36.13705], [-86.78374, 36.13705], [-86.78373, 36.13706], [-86.78373, 36.13706], [-86.78372, 36.13707], [-86.78372, 36.13707], [-86.78371, 36.13708], [-86.78371, 36.13709], [-86.7837, 36.13711], [-86.78369, 36.1372], [-86.78367, 36.13729], [-86.78365, 36.13738], [-86.78363, 36.13747], [-86.78361, 36.13756], [-86.78361, 36.13758], [-86.78361, 36.13759], [-86.78359, 36.13764], [-86.78359, 36.13766], [-86.78359, 36.13766], [-86.78358, 36.1377], [-86.78357, 36.13773], [-86.78357, 36.13777], [-86.78355, 36.13782], [-86.78355, 36.13783], [-86.78355, 36.13783], [-86.78353, 36.13791], [-86.78353, 36.13791], [-86.78353, 36.13791], [-86.78353, 36.13793], [-86.78353, 36.13793], [-86.78352, 36.13794], [-86.7835, 36.13804], [-86.7835, 36.13806], [-86.78348, 36.13813], [-86.78342, 36.13833], [-86.78339, 36.13842], [-86.78337, 36.13848], [-86.78336, 36.13851], [-86.78335, 36.13853], [-86.78328, 36.13874], [-86.7832, 36.13894], [-86.78318, 36.13901], [-86.78299, 36.13948], [-86.78297, 36.13953], [-86.78296, 36.13954], [-86.78295, 36.13956], [-86.78295, 36.13956], [-86.78295, 36.13956], [-86.78292, 36.13963], [-86.78292, 36.13963], [-86.78291, 36.13966], [-86.78291, 36.13966], [-86.7829, 36.13966], [-86.7829, 36.13966], [-86.7829, 36.13967], [-86.7829, 36.13967], [-86.7829, 36.13967], [-86.7829, 36.13968], [-86.7829, 36.13968], [-86.7829, 36.13968], [-86.78289, 36.13968], [-86.78289, 36.13968], [-86.78289, 36.13969], [-86.78288, 36.1397], [-86.78288, 36.1397], [-86.78288, 36.13971], [-86.78287, 36.13973], [-86.78286, 36.13974], [-86.78285, 36.13975], [-86.78284, 36.13977], [-86.78284, 36.13978], [-86.78284, 36.13978], [-86.78284, 36.13979], [-86.78284, 36.1398], [-86.78284, 36.13981], [-86.78284, 36.13981], [-86.78285, 36.13982], [-86.78285, 36.13982], [-86.78286, 36.13983], [-86.78287, 36.13983], [-86.78288, 36.13983], [-86.78302, 36.13988], [-86.7831, 36.1399], [-86.78319, 36.13992], [-86.78328, 36.13993], [-86.78336, 36.13993], [-86.78377, 36.13993], [-86.78386, 36.13949], [-86.78386, 36.13949], [-86.78405, 36.13857], [-86.78408, 36.13839], [-86.78409, 36.13831], [-86.78411, 36.13822], [-86.78416, 36.138], [-86.78417, 36.13791], [-86.78419, 36.13782], [-86.78421, 36.13773], [-86.78423, 36.13764], [-86.78425, 36.13755], [-86.78427, 36.13746], [-86.78428, 36.13737], [-86.7843, 36.1373], [-86.7843, 36.13728], [-86.78432, 36.13719], [-86.78432, 36.13718], [-86.78434, 36.13711], [-86.78405, 36.13708], [-86.78377, 36.13705], [-86.78377, 36.13705], [-86.78376, 36.13705], [-86.78376, 36.13705]]]}, "properties": {"NAME": "THE PARK AT HILLSIDE", "RECORDEDDATE": 1711584000000, "INSTRUMENT": "20240328 0021506"}}, {"type": "Feature", "geometry": {"type": "Polygon", "coordinates": [[[-86.63291, 36.06588], [-86.63307, 36.06574], [-86.63337, 36.06394], [-86.6327, 36.06387], [-86.63274, 36.06363], [-86.63286, 36.06292], [-86.63353, 36.06299], [-86.63357, 36.06274], [-86.63381, 36.06141], [-86.63395, 36.0605], [-86.63395, 36.06049], [-86.63397, 36.06038], [-86.63511, 36.05946], [-86.63534, 36.05956], [-86.63546, 36.05945], [-86.63562, 36.05952], [-86.63564, 36.05953], [-86.63575, 36.05895], [-86.63577, 36.05875], [-86.63576, 36.05875], [-86.63541, 36.0587], [-86.63537, 36.05869], [-86.63533, 36.05872], [-86.63435, 36.05956], [-86.63413, 36.05975], [-86.63402, 36.05984], [-86.633, 36.06071], [-86.63237, 36.06132], [-86.63235, 36.06134], [-86.63094, 36.06271], [-86.63077, 36.06287], [-86.63076, 36.06288], [-86.63008, 36.06347], [-86.62981, 36.06372], [-86.6309, 36.06473], [-86.63102, 36.06487], [-86.63165, 36.06547], [-86.63167, 36.06549], [-86.63201, 36.06525], [-86.63206, 36.06471], [-86.63255, 36.06462], [-86.63291, 36.06588]]]}, "properties": {"NAME": "HAMILTON CROSSINGS BUSINESS PARK", "RECORDEDDATE": 912729600000, "INSTRUMENT": "PL-00009700 0000788"}}, {"type": "Feature", "geometry": {"type": "Polygon", "coordinates": [[[-86.57312, 36.04069], [-86.57326, 36.04071], [-86.57344, 36.04087], [-86.57351, 36.04094], [-86.57356, 36.04115], [-86.57357, 36.04121], [-86.57363, 36.04123], [-86.57367, 36.04104], [-86.5737, 36.04084], [-86.57373, 36.04065], [-86.57377, 36.04044], [-86.5738, 36.04022], [-86.57382, 36.04014], [-86.57383, 36.04005], [-86.57389, 36.03974], [-86.57393, 36.03948], [-86.57397, 36.03927], [-86.57398, 36.03918], [-86.57366, 36.03914], [-86.57374, 36.03866], [-86.57355, 36.03864], [-86.57341, 36.03862], [-86.57328, 36.03861], [-86.57314, 36.03859], [-86.57301, 36.03858], [-86.57285, 36.03856], [-86.5729, 36.03829], [-86.57273, 36.03827], [-86.57238, 36.03823], [-86.57235, 36.03838], [-86.57235, 36.03838], [-86.57233, 36.03851], [-86.57232, 36.03854], [-86.57231, 36.03865], [-86.5723, 36.03869], [-86.57228, 36.03879], [-86.57227, 36.03885], [-86.57226, 36.03892], [-86.57224, 36.03906], [-86.57187, 36.03902], [-86.5717, 36.039], [-86.5717, 36.03899], [-86.5713, 36.03895], [-86.57121, 36.03894], [-86.57109, 36.03952], [-86.57028, 36.04005], [-86.57032, 36.04009], [-86.57033, 36.04009], [-86.57055, 36.04], [-86.57067, 36.03995], [-86.57079, 36.03995], [-86.57084, 36.04028], [-86.57084, 36.04028], [-86.57084, 36.04028], [-86.57086, 36.04041], [-86.57082, 36.04041], [-86.57078, 36.04042], [-86.57074, 36.04055], [-86.57074, 36.04055], [-86.57074, 36.04055], [-86.57113, 36.04064], [-86.57111, 36.0407], [-86.5711, 36.04076], [-86.5711, 36.04077], [-86.57127, 36.04079], [-86.57167, 36.04084], [-86.57167, 36.04084], [-86.57168, 36.04079], [-86.57168, 36.04077], [-86.5717, 36.04073], [-86.57173, 36.04068], [-86.57176, 36.04063], [-86.57179, 36.04059], [-86.57184, 36.04054], [-86.57188, 36.04051], [-86.5719, 36.0405], [-86.57194, 36.04047], [-86.57208, 36.04038], [-86.57222, 36.0403], [-86.57278, 36.04068], [-86.57288, 36.04065], [-86.57312, 36.04069]]]}, "properties": {"NAME": "DAVENPORT DOWNS PH 2", "RECORDEDDATE": 1588118400000, "INSTRUMENT": "PL-20200429 0044961"}}, {"type": "Feature", "geometry": {"type": "Polygon", "coordinates": [[[-86.56984, 36.0431], [-86.57011, 36.04314], [-86.57054, 36.0432], [-86.57073, 36.04323], [-86.57075, 36.04327], [-86.57075, 36.04327], [-86.57077, 36.04329], [-86.57103, 36.04314], [-86.57107, 36.04307], [-86.57115, 36.04295], [-86.57123, 36.04283], [-86.5713, 36.04271], [-86.57138, 36.04258], [-86.57149, 36.04241], [-86.57151, 36.04228], [-86.57155, 36.04229], [-86.57159, 36.04229], [-86.5716, 36.04213], [-86.57152, 36.04197], [-86.57176, 36.0418], [-86.57176, 36.04161], [-86.57174, 36.04151], [-86.57172, 36.04137], [-86.5717, 36.04123], [-86.57168, 36.0411], [-86.57166, 36.04099], [-86.57167, 36.04096], [-86.57167, 36.04084], [-86.57127, 36.04079], [-86.5711, 36.04077], [-86.5711, 36.04076], [-86.57111, 36.0407], [-86.57113, 36.04064], [-86.57074, 36.04055], [-86.57074, 36.04055], [-86.57074, 36.04055], [-86.57078, 36.04042], [-86.57072, 36.04044], [-86.57066, 36.04047], [-86.5706, 36.0405], [-86.57044, 36.0406], [-86.57059, 36.04093], [-86.57048, 36.041], [-86.57032, 36.0411], [-86.57021, 36.04125], [-86.5701, 36.04138], [-86.56995, 36.04147], [-86.56986, 36.04152], [-86.56965, 36.04155], [-86.56948, 36.04153], [-86.56935, 36.04148], [-86.5692, 36.04138], [-86.56915, 36.04141], [-86.56953, 36.04201], [-86.56984, 36.0431]]]}, "properties": {"NAME": "DAVENPORT DOWNS PH 3 SEC 1B", "RECORDEDDATE": 1617667200000, "INSTRUMENT": "PL-20210406 0044959"}}, {"type": "Feature", "geometry": {"type": "Polygon", "coordinates": [[[-86.56935, 36.04148], [-86.56948, 36.04153], [-86.56965, 36.04155], [-86.56986, 36.04152], [-86.56995, 36.04147], [-86.5701, 36.04138], [-86.57021, 36.04125], [-86.57032, 36.0411], [-86.57048, 36.041], [-86.57059, 36.04093], [-86.57044, 36.0406], [-86.5706, 36.0405], [-86.57066, 36.04047], [-86.57072, 36.04044], [-86.57078, 36.04042], [-86.57082, 36.04041], [-86.57086, 36.04041], [-86.57084, 36.04028], [-86.57084, 36.04028], [-86.57084, 36.04028], [-86.57079, 36.03995], [-86.57067, 36.03995], [-86.57055, 36.04], [-86.57033, 36.04009], [-86.57032, 36.04009], [-86.57028, 36.04005], [-86.56981, 36.04032], [-86.56879, 36.04085], [-86.56915, 36.04141], [-86.5692, 36.04138], [-86.56935, 36.04148]]]}, "properties": {"NAME": "DAVENPORT DOWNS PH 3 SEC 1A", "RECORDEDDATE": 1626912000000, "INSTRUMENT": "PL-20210722 0098369"}}, {"type": "Feature", "geometry": {"type": "Polygon", "coordinates": [[[-86.57001, 36.0437], [-86.57016, 36.04423], [-86.57074, 36.04441], [-86.57333, 36.04299], [-86.57334, 36.04298], [-86.5734, 36.04258], [-86.57343, 36.04244], [-86.57339, 36.04244], [-86.57339, 36.04244], [-86.5735, 36.04192], [-86.57351, 36.04187], [-86.57356, 36.04166], [-86.57358, 36.04155], [-86.5736, 36.04145], [-86.57363, 36.04123], [-86.57363, 36.04123], [-86.57357, 36.04121], [-86.57356, 36.04115], [-86.57351, 36.04094], [-86.57344, 36.04087], [-86.57326, 36.04071], [-86.57312, 36.04069], [-86.57288, 36.04065], [-86.57278, 36.04068], [-86.57222, 36.0403], [-86.57208, 36.04038], [-86.57194, 36.04047], [-86.5719, 36.0405], [-86.57188, 36.04051], [-86.57184, 36.04054], [-86.57179, 36.04059], [-86.57176, 36.04063], [-86.57173, 36.04068], [-86.5717, 36.04073], [-86.57168, 36.04077], [-86.57168, 36.04079], [-86.57167, 36.04084], [-86.57167, 36.04084], [-86.57167, 36.04096], [-86.57166, 36.04099], [-86.57168, 36.0411], [-86.5717, 36.04123], [-86.57172, 36.04137], [-86.57174, 36.04151], [-86.57176, 36.04161], [-86.57176, 36.0418], [-86.57152, 36.04197], [-86.5716, 36.04213], [-86.57159, 36.04229], [-86.57155, 36.04229], [-86.57151, 36.04228], [-86.57149, 36.04241], [-86.57138, 36.04258], [-86.5713, 36.04271], [-86.57123, 36.04283], [-86.57115, 36.04295], [-86.57107, 36.04307], [-86.57103, 36.04314], [-86.57077, 36.04329], [-86.57075, 36.04327], [-86.57075, 36.04327], [-86.57073, 36.04323], [-86.57054, 36.0432], [-86.57011, 36.04314], [-86.56984, 36.0431], [-86.57001, 36.0437]]]}, "properties": {"NAME": "DAVENPORT DOWNS PH 3 SEC 2", "RECORDEDDATE": 1649203200000, "INSTRUMENT": "PL-20220406 0039609"}}, {"type": "Feature", "geometry": {"type": "Polygon", "coordinates": [[[-86.61057, 36.04472], [-86.61051, 36.04474], [-86.61044, 36.04476], [-86.61037, 36.04478], [-86.61008, 36.04482], [-86.61009, 36.04491], [-86.61, 36.04492], [-86.60994, 36.04493], [-86.60994, 36.04493], [-86.60988, 36.04494], [-86.60988, 36.04494], [-86.60982, 36.04496], [-86.60982, 36.04496], [-86.60976, 36.04498], [-86.6097, 36.045], [-86.6097, 36.045], [-86.60965, 36.04503], [-86.60965, 36.04503], [-86.6096, 36.04506], [-86.6096, 36.04506], [-86.60955, 36.04509], [-86.60946, 36.04515], [-86.60938, 36.04521], [-86.60937, 36.04521], [-86.60937, 36.04521], [-86.60936, 36.04522], [-86.60936, 36.04523], [-86.60935, 36.04523], [-86.60935, 36.04525], [-86.60935, 36.04525], [-86.60935, 36.04526], [-86.60935, 36.04527], [-86.60935, 36.04528], [-86.60936, 36.04529], [-86.60936, 36.04529], [-86.60936, 36.04529], [-86.60936, 36.04529], [-86.60936, 36.0453], [-86.61111, 36.04502], [-86.61123, 36.045], [-86.6113, 36.04499], [-86.61149, 36.04496], [-86.61167, 36.04494], [-86.61178, 36.04492], [-86.6146, 36.04448], [-86.61478, 36.04445], [-86.61478, 36.04445], [-86.61478, 36.04445], [-86.61482, 36.04445], [-86.61491, 36.04446], [-86.61496, 36.04413], [-86.61535, 36.04417], [-86.61537, 36.04405], [-86.61538, 36.04401], [-86.61541, 36.04378], [-86.61542, 36.04368], [-86.61537, 36.04368], [-86.61531, 36.04367], [-86.61505, 36.04365], [-86.61487, 36.04363], [-86.61468, 36.04361], [-86.61449, 36.04359], [-86.61429, 36.04357], [-86.614, 36.04355], [-86.61307, 36.04359], [-86.61174, 36.04366], [-86.61057, 36.04472]]]}, "properties": {"NAME": "MOUNTAIN SPTINGS PH 1", "RECORDEDDATE": 1537833600000, "INSTRUMENT": "PL-20180925 0095159"}}, {"type": "Feature", "geometry": {"type": "Polygon", "coordinates": [[[-86.6461, 36.02851], [-86.64681, 36.02828], [-86.64762, 36.02802], [-86.64675, 36.0269], [-86.64671, 36.02685], [-86.64667, 36.02679], [-86.64664, 36.02674], [-86.64663, 36.02672], [-86.6466, 36.02665], [-86.64657, 36.02658], [-86.64653, 36.02648], [-86.64652, 36.02645], [-86.64651, 36.02641], [-86.64649, 36.02636], [-86.64644, 36.02609], [-86.64641, 36.02596], [-86.64635, 36.02571], [-86.64629, 36.02546], [-86.64624, 36.02526], [-86.64624, 36.02527], [-86.64624, 36.02527], [-86.64623, 36.02527], [-86.64623, 36.02528], [-86.64622, 36.02528], [-86.64622, 36.02528], [-86.64621, 36.02528], [-86.64608, 36.02531], [-86.64601, 36.02504], [-86.64585, 36.02506], [-86.64578, 36.02508], [-86.64573, 36.02508], [-86.64573, 36.02508], [-86.64568, 36.02509], [-86.64562, 36.02509], [-86.64562, 36.02509], [-86.64557, 36.0251], [-86.64557, 36.0251], [-86.64551, 36.0251], [-86.64545, 36.02509], [-86.64545, 36.02509], [-86.6454, 36.02509], [-86.6454, 36.02509], [-86.64534, 36.02509], [-86.64529, 36.02536], [-86.64525, 36.02535], [-86.64531, 36.02508], [-86.64525, 36.02507], [-86.64525, 36.02507], [-86.6452, 36.02506], [-86.6452, 36.02506], [-86.64514, 36.02505], [-86.64504, 36.02531], [-86.64498, 36.02529], [-86.64492, 36.02527], [-86.64491, 36.02527], [-86.6449, 36.02527], [-86.64489, 36.02526], [-86.64489, 36.02526], [-86.64488, 36.02525], [-86.64488, 36.02524], [-86.64488, 36.02523], [-86.64487, 36.02523], [-86.64488, 36.02522], [-86.64488, 36.02521], [-86.64488, 36.0252], [-86.64499, 36.025], [-86.645, 36.02498], [-86.64507, 36.02484], [-86.64546, 36.02498], [-86.64548, 36.02493], [-86.6455, 36.02489], [-86.6455, 36.02489], [-86.64551, 36.02485], [-86.64551, 36.02485], [-86.64552, 36.02481], [-86.64552, 36.02481], [-86.64553, 36.02477], [-86.64553, 36.02472], [-86.64553, 36.02472], [-86.64553, 36.0247], [-86.64553, 36.02468], [-86.64553, 36.02464], [-86.64551, 36.02459], [-86.6455, 36.02455], [-86.64549, 36.02453], [-86.64548, 36.0245], [-86.64546, 36.02448], [-86.64544, 36.02444], [-86.64541, 36.02441], [-86.6454, 36.0244], [-86.64536, 36.02436], [-86.64532, 36.02433], [-86.64528, 36.0243], [-86.64527, 36.02429], [-86.64523, 36.02427], [-86.6452, 36.02426], [-86.64519, 36.02425], [-86.64518, 36.02425], [-86.64516, 36.02424], [-86.64514, 36.02423], [-86.64503, 36.0242], [-86.64491, 36.02415], [-86.64479, 36.02411], [-86.64466, 36.02407], [-86.64454, 36.02402], [-86.64441, 36.02398], [-86.64437, 36.02406], [-86.64425, 36.02429], [-86.64425, 36.0243], [-86.64418, 36.02442], [-86.64405, 36.02467], [-86.64391, 36.02493], [-86.64376, 36.02487], [-86.64369, 36.025], [-86.64345, 36.02545], [-86.64354, 36.02547], [-86.64378, 36.02559], [-86.64434, 36.02576], [-86.64458, 36.02581], [-86.64469, 36.02596], [-86.64484, 36.02605], [-86.64515, 36.02629], [-86.64479, 36.02659], [-86.64465, 36.02709], [-86.64515, 36.02752], [-86.64516, 36.02753], [-86.64519, 36.02758], [-86.64523, 36.02762], [-86.64524, 36.02764], [-86.64524, 36.02764], [-86.64525, 36.02765], [-86.64527, 36.02767], [-86.64527, 36.02767], [-86.6455, 36.0281], [-86.64561, 36.02833], [-86.64566, 36.02843], [-86.64597, 36.02833], [-86.6461, 36.02851]]]}, "properties": {"NAME": "OLD FRANKLIN SUB PH 1", "RECORDEDDATE": 1639699200000, "INSTRUMENT": "PL-20211217 0167229"}}, {"type": "Feature", "geometry": {"type": "Polygon", "coordinates": [[[-86.6426, 36.02496], [-86.64265, 36.02497], [-86.6427, 36.02499], [-86.64284, 36.02504], [-86.64298, 36.02509], [-86.64312, 36.02514], [-86.64326, 36.02518], [-86.6434, 36.02523], [-86.64355, 36.02495], [-86.64369, 36.025], [-86.64376, 36.02487], [-86.64391, 36.02493], [-86.64405, 36.02467], [-86.64418, 36.02442], [-86.64425, 36.0243], [-86.64425, 36.02429], [-86.64441, 36.02398], [-86.64429, 36.02394], [-86.64416, 36.02389], [-86.64413, 36.02396], [-86.64398, 36.0239], [-86.64382, 36.02385], [-86.64369, 36.0241], [-86.64323, 36.02394], [-86.64315, 36.02391], [-86.64306, 36.02389], [-86.64297, 36.02387], [-86.6429, 36.02385], [-86.64278, 36.02383], [-86.64267, 36.02381], [-86.64117, 36.02364], [-86.64113, 36.02363], [-86.64111, 36.02364], [-86.64108, 36.02364], [-86.64105, 36.02365], [-86.64102, 36.02366], [-86.64101, 36.02367], [-86.64098, 36.02368], [-86.64096, 36.0237], [-86.64093, 36.02367], [-86.64051, 36.02362], [-86.64049, 36.02373], [-86.64047, 36.02384], [-86.64045, 36.02395], [-86.64043, 36.02405], [-86.64041, 36.02416], [-86.64039, 36.02427], [-86.64037, 36.02438], [-86.64035, 36.02449], [-86.64033, 36.0246], [-86.64031, 36.02471], [-86.64073, 36.02476], [-86.64073, 36.02476], [-86.6409, 36.02478], [-86.6409, 36.02475], [-86.64095, 36.0245], [-86.64095, 36.02449], [-86.64095, 36.02448], [-86.64096, 36.02448], [-86.64096, 36.02447], [-86.64096, 36.02447], [-86.64097, 36.02447], [-86.64098, 36.02446], [-86.64098, 36.02446], [-86.64098, 36.02446], [-86.64098, 36.02446], [-86.64099, 36.02445], [-86.641, 36.02445], [-86.64101, 36.02445], [-86.64101, 36.02445], [-86.64102, 36.02445], [-86.64102, 36.02445], [-86.64103, 36.02445], [-86.64111, 36.02446], [-86.64105, 36.02477], [-86.64105, 36.0248], [-86.64118, 36.02482], [-86.64132, 36.02483], [-86.64145, 36.02485], [-86.64158, 36.02487], [-86.64172, 36.02488], [-86.64185, 36.0249], [-86.64199, 36.02491], [-86.64212, 36.02493], [-86.64225, 36.02494], [-86.64226, 36.02491], [-86.64241, 36.02493], [-86.64248, 36.02494], [-86.64255, 36.02495], [-86.6426, 36.02496]]]}, "properties": {"NAME": "OLD FRANKLIN SUB PH 2", "RECORDEDDATE": 1663891200000, "INSTRUMENT": "PL-20220923 0105827"}}, {"type": "Feature", "geometry": {"type": "Polygon", "coordinates": [[[-86.64525, 36.02535], [-86.64529, 36.02536], [-86.64534, 36.02509], [-86.6454, 36.02509], [-86.6454, 36.02509], [-86.64545, 36.02509], [-86.64545, 36.02509], [-86.64551, 36.0251], [-86.64557, 36.0251], [-86.64557, 36.0251], [-86.64562, 36.02509], [-86.64562, 36.02509], [-86.64568, 36.02509], [-86.64573, 36.02508], [-86.64573, 36.02508], [-86.64578, 36.02508], [-86.64585, 36.02506], [-86.64601, 36.02504], [-86.64608, 36.02531], [-86.64621, 36.02528], [-86.64622, 36.02528], [-86.64622, 36.02528], [-86.64623, 36.02528], [-86.64623, 36.02527], [-86.64624, 36.02527], [-86.64624, 36.02527], [-86.64624, 36.02526], [-86.64621, 36.02514], [-86.64599, 36.02426], [-86.64597, 36.0242], [-86.64595, 36.02414], [-86.64591, 36.02408], [-86.64588, 36.02403], [-86.64583, 36.02398], [-86.645, 36.02391], [-86.64456, 36.02387], [-86.64443, 36.02386], [-86.64441, 36.02398], [-86.64454, 36.02402], [-86.64466, 36.02407], [-86.64479, 36.02411], [-86.64491, 36.02415], [-86.64503, 36.0242], [-86.64514, 36.02423], [-86.64516, 36.02424], [-86.64518, 36.02425], [-86.64519, 36.02425], [-86.6452, 36.02426], [-86.64523, 36.02427], [-86.64527, 36.02429], [-86.64528, 36.0243], [-86.64532, 36.02433], [-86.64536, 36.02436], [-86.6454, 36.0244], [-86.64541, 36.02441], [-86.64544, 36.02444], [-86.64546, 36.02448], [-86.64548, 36.0245], [-86.64549, 36.02453], [-86.6455, 36.02455], [-86.64551, 36.02459], [-86.64553, 36.02464], [-86.64553, 36.02468], [-86.64553, 36.0247], [-86.64553, 36.02472], [-86.64553, 36.02472], [-86.64553, 36.02472], [-86.64553, 36.02477], [-86.64552, 36.02481], [-86.64552, 36.02481], [-86.64551, 36.02485], [-86.64551, 36.02485], [-86.6455, 36.02489], [-86.6455, 36.02489], [-86.64548, 36.02493], [-86.64546, 36.02498], [-86.64507, 36.02484], [-86.645, 36.02498], [-86.64499, 36.025], [-86.64488, 36.0252], [-86.64488, 36.02521], [-86.64488, 36.02522], [-86.64487, 36.02523], [-86.64488, 36.02523], [-86.64488, 36.02524], [-86.64488, 36.02525], [-86.64489, 36.02526], [-86.64489, 36.02526], [-86.6449, 36.02527], [-86.64491, 36.02527], [-86.64492, 36.02527], [-86.64498, 36.02529], [-86.64504, 36.02531], [-86.64514, 36.02505], [-86.6452, 36.02506], [-86.6452, 36.02506], [-86.64525, 36.02507], [-86.64525, 36.02507], [-86.64531, 36.02508], [-86.64525, 36.02535]]]}, "properties": {"NAME": "OLD FRANKLIN SUB", "RECORDEDDATE": 1680048000000, "INSTRUMENT": "PL-20230329 0022832"}}, {"type": "Feature", "geometry": {"type": "Polygon", "coordinates": [[[-86.64301, 36.02527], [-86.64344, 36.02545], [-86.64345, 36.02545], [-86.64345, 36.02545], [-86.64369, 36.025], [-86.64355, 36.02495], [-86.6434, 36.02523], [-86.64326, 36.02518], [-86.64312, 36.02514], [-86.64298, 36.02509], [-86.64284, 36.02504], [-86.6427, 36.02499], [-86.64265, 36.02497], [-86.6426, 36.02496], [-86.64255, 36.02495], [-86.64248, 36.02494], [-86.64241, 36.02493], [-86.64226, 36.02491], [-86.64225, 36.02494], [-86.64212, 36.02493], [-86.64199, 36.02491], [-86.64185, 36.0249], [-86.64172, 36.02488], [-86.64158, 36.02487], [-86.64145, 36.02485], [-86.64132, 36.02483], [-86.64118, 36.02482], [-86.64105, 36.0248], [-86.64105, 36.02477], [-86.64111, 36.02446], [-86.64103, 36.02445], [-86.64102, 36.02445], [-86.64102, 36.02445], [-86.64101, 36.02445], [-86.64101, 36.02445], [-86.641, 36.02445], [-86.64099, 36.02445], [-86.64098, 36.02446], [-86.64098, 36.02446], [-86.64098, 36.02446], [-86.64098, 36.02446], [-86.64097, 36.02447], [-86.64096, 36.02447], [-86.64096, 36.02447], [-86.64096, 36.02448], [-86.64095, 36.02448], [-86.64095, 36.02449], [-86.64095, 36.0245], [-86.6409, 36.02475], [-86.6409, 36.02478], [-86.64073, 36.02476], [-86.64073, 36.02476], [-86.64031, 36.02471], [-86.64033, 36.0246], [-86.64035, 36.02449], [-86.64037, 36.02438], [-86.64039, 36.02427], [-86.64041, 36.02416], [-86.64043, 36.02405], [-86.64045, 36.02395], [-86.64047, 36.02384], [-86.64049, 36.02373], [-86.64051, 36.02362], [-86.64093, 36.02367], [-86.64096, 36.0237], [-86.64098, 36.02368], [-86.64101, 36.02367], [-86.64102, 36.02366], [-86.64105, 36.02365], [-86.64108, 36.02364], [-86.64111, 36.02364], [-86.64113, 36.02363], [-86.64117, 36.02364], [-86.64267, 36.02381], [-86.64278, 36.02383], [-86.6429, 36.02385], [-86.64297, 36.02387], [-86.64306, 36.02389], [-86.64315, 36.02391], [-86.64323, 36.02394], [-86.64369, 36.0241], [-86.64382, 36.02385], [-86.64398, 36.0239], [-86.64413, 36.02396], [-86.64416, 36.02389], [-86.64429, 36.02394], [-86.64441, 36.02398], [-86.64443, 36.02386], [-86.64421, 36.02384], [-86.64392, 36.02381], [-86.64365, 36.02379], [-86.64103, 36.02356], [-86.64038, 36.0235], [-86.64013, 36.02492], [-86.64012, 36.02502], [-86.64014, 36.02501], [-86.64021, 36.02496], [-86.64061, 36.02503], [-86.64151, 36.02509], [-86.64182, 36.02508], [-86.64222, 36.02513], [-86.6425, 36.02511], [-86.64279, 36.02518], [-86.64301, 36.02527]]]}, "properties": {"NAME": "OLD FRANKLIN PHASE 2 REV OF LOT 30", "RECORDEDDATE": 1686096000000, "INSTRUMENT": "PL-20230607 0043298"}}, {"type": "Feature", "geometry": {"type": "Polygon", "coordinates": [[[-86.5981, 36.04112], [-86.59794, 36.04196], [-86.59782, 36.04261], [-86.59908, 36.04271], [-86.59911, 36.04253], [-86.59933, 36.04138], [-86.59944, 36.0408], [-86.5994, 36.0408], [-86.59939, 36.0408], [-86.59939, 36.0408], [-86.59938, 36.0408], [-86.59933, 36.04081], [-86.59932, 36.04081], [-86.59928, 36.04082], [-86.59927, 36.04082], [-86.59918, 36.04083], [-86.59908, 36.04084], [-86.59899, 36.04085], [-86.59898, 36.04085], [-86.59883, 36.04087], [-86.59878, 36.04088], [-86.59872, 36.04088], [-86.59868, 36.04088], [-86.59861, 36.04088], [-86.59838, 36.04089], [-86.59815, 36.04089], [-86.5981, 36.04112]]]}, "properties": {"NAME": "HAYS HILL SUBDIVISION", "RECORDEDDATE": 1662940800000, "INSTRUMENT": "PL-20220912 0101938"}}, {"type": "Feature", "geometry": {"type": "Polygon", "coordinates": [[[-86.70248, 36.28403], [-86.70249, 36.2841], [-86.70249, 36.28411], [-86.70249, 36.28414], [-86.7025, 36.28418], [-86.70251, 36.28423], [-86.70251, 36.28423], [-86.70251, 36.28423], [-86.70253, 36.28442], [-86.70254, 36.28446], [-86.70254, 36.28446], [-86.70254, 36.28446], [-86.70254, 36.28446], [-86.70258, 36.28469], [-86.70258, 36.28469], [-86.70264, 36.28482], [-86.70273, 36.28523], [-86.70277, 36.28543], [-86.70303, 36.28535], [-86.7031, 36.28533], [-86.70318, 36.28531], [-86.7032, 36.2853], [-86.70326, 36.28528], [-86.70339, 36.28525], [-86.70357, 36.28519], [-86.70367, 36.28516], [-86.70374, 36.28514], [-86.70396, 36.28506], [-86.70428, 36.28494], [-86.70456, 36.28483], [-86.70456, 36.28479], [-86.70458, 36.2847], [-86.70462, 36.28438], [-86.70463, 36.28431], [-86.70466, 36.28414], [-86.70467, 36.28407], [-86.7047, 36.28383], [-86.70454, 36.28381], [-86.70453, 36.28381], [-86.7045, 36.28381], [-86.70434, 36.2838], [-86.70399, 36.28375], [-86.70399, 36.28375], [-86.70399, 36.28375], [-86.70398, 36.28375], [-86.70375, 36.28372], [-86.70366, 36.28371], [-86.70366, 36.28371], [-86.70353, 36.2837], [-86.70344, 36.28369], [-86.70324, 36.28367], [-86.70315, 36.28366], [-86.70315, 36.28366], [-86.70306, 36.28365], [-86.70304, 36.28365], [-86.70284, 36.28363], [-86.70265, 36.28361], [-86.70263, 36.28361], [-86.70241, 36.28359], [-86.70248, 36.28403]]]}, "properties": {"NAME": "MCMURTRY MEADOWS", "RECORDEDDATE": 433728000000, "INSTRUMENT": "PL-00005200 0000643"}}, {"type": "Feature", "geometry": {"type": "Polygon", "coordinates": [[[-86.61836, 36.08262], [-86.6183, 36.08277], [-86.61831, 36.0828], [-86.61831, 36.08283], [-86.61832, 36.08284], [-86.61832, 36.08292], [-86.61833, 36.08294], [-86.61833, 36.08295], [-86.61833, 36.08297], [-86.61833, 36.08298], [-86.61833, 36.08299], [-86.61833, 36.08301], [-86.61833, 36.08301], [-86.61833, 36.08306], [-86.61833, 36.08306], [-86.61832, 36.08311], [-86.61832, 36.08315], [-86.61828, 36.08335], [-86.61825, 36.08354], [-86.61821, 36.08373], [-86.61818, 36.08392], [-86.61814, 36.08411], [-86.61811, 36.0843], [-86.61807, 36.08449], [-86.61804, 36.08468], [-86.618, 36.08487], [-86.61797, 36.08506], [-86.61794, 36.08522], [-86.61791, 36.08541], [-86.61789, 36.08551], [-86.61786, 36.08566], [-86.61785, 36.08571], [-86.61857, 36.0858], [-86.61914, 36.08588], [-86.61959, 36.08515], [-86.62036, 36.08408], [-86.62042, 36.084], [-86.62123, 36.08287], [-86.62075, 36.08281], [-86.62073, 36.08281], [-86.62053, 36.08278], [-86.61932, 36.08263], [-86.61869, 36.08255], [-86.6184, 36.08252], [-86.61836, 36.08262]]]}, "properties": {"NAME": "BLUEWATER POINT", "RECORDEDDATE": 1606176000000, "INSTRUMENT": "PL-20201124 0137942"}}, {"type": "Feature", "geometry": {"type": "Polygon", "coordinates": [[[-86.85717, 36.1666], [-86.85719, 36.1666], [-86.8573, 36.16662], [-86.85739, 36.16664], [-86.85739, 36.16664], [-86.85748, 36.16666], [-86.85754, 36.16667], [-86.85756, 36.16668], [-86.85759, 36.16669], [-86.85761, 36.16667], [-86.85765, 36.16664], [-86.85773, 36.16658], [-86.85781, 36.1665], [-86.85788, 36.16642], [-86.85796, 36.16634], [-86.85804, 36.16625], [-86.85815, 36.16611], [-86.85819, 36.16606], [-86.85824, 36.166], [-86.85825, 36.16599], [-86.85824, 36.16584], [-86.85823, 36.1657], [-86.85826, 36.16566], [-86.85787, 36.16568], [-86.85753, 36.16569], [-86.85718, 36.1657], [-86.85716, 36.1657], [-86.85716, 36.16566], [-86.85714, 36.16524], [-86.85713, 36.16507], [-86.85708, 36.16414], [-86.8571, 36.16414], [-86.8577, 36.16412], [-86.85773, 36.16412], [-86.85776, 36.16413], [-86.85779, 36.16414], [-86.85782, 36.16415], [-86.85785, 36.16417], [-86.85787, 36.1642], [-86.85798, 36.16432], [-86.85798, 36.16432], [-86.85798, 36.16433], [-86.85798, 36.16433], [-86.85798, 36.16434], [-86.85798, 36.16434], [-86.85798, 36.16435], [-86.85806, 36.16444], [-86.85813, 36.1645], [-86.8582, 36.16455], [-86.85827, 36.16459], [-86.85832, 36.16444], [-86.85829, 36.16399], [-86.85815, 36.16209], [-86.85813, 36.16177], [-86.85804, 36.16177], [-86.85785, 36.16178], [-86.85742, 36.16179], [-86.85698, 36.16181], [-86.85697, 36.16181], [-86.85696, 36.16181], [-86.85696, 36.1617], [-86.85693, 36.16129], [-86.85695, 36.16129], [-86.85753, 36.16127], [-86.858, 36.16125], [-86.85801, 36.16125], [-86.85809, 36.16125], [-86.85818, 36.16124], [-86.85818, 36.16118], [-86.85815, 36.16076], [-86.85783, 36.16056], [-86.85739, 36.16057], [-86.85728, 36.16058], [-86.85715, 36.16058], [-86.85706, 36.16058], [-86.85698, 36.16059], [-86.85689, 36.16059], [-86.85688, 36.16059], [-86.85681, 36.16059], [-86.85667, 36.1606], [-86.85666, 36.1606], [-86.85652, 36.1606], [-86.85643, 36.16061], [-86.85635, 36.16061], [-86.85627, 36.16061], [-86.85618, 36.16061], [-86.8561, 36.16062], [-86.85601, 36.16062], [-86.85593, 36.16062], [-86.85584, 36.16063], [-86.85574, 36.16063], [-86.85564, 36.16063], [-86.85547, 36.16063], [-86.85535, 36.16063], [-86.85526, 36.16063], [-86.85518, 36.16064], [-86.8551, 36.16064], [-86.85501, 36.16064], [-86.85493, 36.16065], [-86.85484, 36.16065], [-86.85476, 36.16066], [-86.85467, 36.16066], [-86.85459, 36.16066], [-86.85451, 36.16066], [-86.85439, 36.16067], [-86.85421, 36.16068], [-86.85409, 36.16068], [-86.85401, 36.16068], [-86.85392, 36.16068], [-86.85384, 36.16069], [-86.85376, 36.16069], [-86.85367, 36.16069], [-86.85359, 36.1607], [-86.8535, 36.1607], [-86.85342, 36.1607], [-86.85333, 36.1607], [-86.85325, 36.16071], [-86.85313, 36.16071], [-86.85296, 36.16071], [-86.85284, 36.16072], [-86.85276, 36.16072], [-86.85267, 36.16072], [-86.85259, 36.16073], [-86.85251, 36.16073], [-86.85242, 36.16073], [-86.85234, 36.16074], [-86.85225, 36.16074], [-86.85219, 36.16074], [-86.85217, 36.16074], [-86.85215, 36.16074], [-86.85208, 36.16075], [-86.85201, 36.16075], [-86.852, 36.16075], [-86.85188, 36.16075], [-86.85171, 36.16076], [-86.85154, 36.16076], [-86.85142, 36.16077], [-86.85134, 36.16077], [-86.85126, 36.16078], [-86.85123, 36.16078], [-86.85117, 36.16078], [-86.85112, 36.16078], [-86.85111, 36.16078], [-86.85109, 36.16078], [-86.851, 36.16078], [-86.85092, 36.16079], [-86.85084, 36.16079], [-86.85077, 36.16079], [-86.85076, 36.16079], [-86.85067, 36.1608], [-86.85067, 36.1608], [-86.85058, 36.1608], [-86.85047, 36.1608], [-86.85029, 36.16081], [-86.85029, 36.16081], [-86.85016, 36.16082], [-86.85016, 36.16082], [-86.85007, 36.16082], [-86.85003, 36.16082], [-86.84999, 36.16082], [-86.84991, 36.16083], [-86.84982, 36.16083], [-86.84974, 36.16083], [-86.84965, 36.16084], [-86.84957, 36.16084], [-86.84949, 36.16084], [-86.8494, 36.16085], [-86.84932, 36.16085], [-86.8492, 36.16085], [-86.84887, 36.16087], [-86.84875, 36.16087], [-86.84868, 36.16088], [-86.84866, 36.16088], [-86.84858, 36.16088], [-86.84849, 36.16088], [-86.84841, 36.16089], [-86.84833, 36.16089], [-86.84824, 36.16089], [-86.84816, 36.16089], [-86.84807, 36.1609], [-86.84799, 36.1609], [-86.84791, 36.16091], [-86.8479, 36.16091], [-86.8479, 36.16091], [-86.8478, 36.16091], [-86.8477, 36.16091], [-86.8476, 36.16092], [-86.8475, 36.16092], [-86.84741, 36.16092], [-86.84737, 36.16092], [-86.84733, 36.16092], [-86.84724, 36.16093], [-86.84716, 36.16093], [-86.84707, 36.16093], [-86.84699, 36.16093], [-86.84691, 36.16094], [-86.84669, 36.16095], [-86.84653, 36.16095], [-86.84653, 36.16095], [-86.84636, 36.16096], [-86.84622, 36.16096], [-86.84614, 36.16096], [-86.84608, 36.16096], [-86.84605, 36.16096], [-86.84597, 36.16097], [-86.84594, 36.16097], [-86.84588, 36.16097], [-86.84579, 36.16097], [-86.84572, 36.16097], [-86.84564, 36.16097], [-86.84555, 36.16098], [-86.8455, 36.16098], [-86.84546, 36.16098], [-86.84538, 36.16098], [-86.84526, 36.16098], [-86.8451, 36.161], [-86.8451, 36.16101], [-86.8451, 36.16103], [-86.84511, 36.16122], [-86.84527, 36.16121], [-86.84528, 36.16121], [-86.84528, 36.16121], [-86.84528, 36.16125], [-86.84529, 36.16134], [-86.8453, 36.16149], [-86.8453, 36.16155], [-86.8453, 36.16157], [-86.8453, 36.16159], [-86.84531, 36.16163], [-86.84531, 36.16164], [-86.84531, 36.16165], [-86.84531, 36.1617], [-86.84531, 36.16172], [-86.84532, 36.16178], [-86.84532, 36.16179], [-86.84532, 36.16186], [-86.84534, 36.16209], [-86.84535, 36.1622], [-86.84536, 36.1622], [-86.84642, 36.16216], [-86.84643, 36.16216], [-86.84662, 36.1622], [-86.84666, 36.1622], [-86.84761, 36.16217], [-86.84762, 36.16217], [-86.84762, 36.16217], [-86.84763, 36.16218], [-86.84764, 36.16218], [-86.84785, 36.16231], [-86.84787, 36.16232], [-86.8484, 36.16219], [-86.84844, 36.16218], [-86.84844, 36.16218], [-86.84844, 36.16218], [-86.84844, 36.16218], [-86.84847, 36.16218], [-86.84847, 36.16218], [-86.84851, 36.16218], [-86.84852, 36.16218], [-86.84855, 36.16218], [-86.84859, 36.16218], [-86.84863, 36.16219], [-86.84863, 36.16219], [-86.84866, 36.1622], [-86.84866, 36.1622], [-86.8487, 36.16221], [-86.8487, 36.16221], [-86.8487, 36.16221], [-86.8487, 36.16221], [-86.84873, 36.16222], [-86.84897, 36.16233], [-86.84929, 36.16251], [-86.84929, 36.16251], [-86.84942, 36.16259], [-86.84943, 36.16259], [-86.85007, 36.16297], [-86.85012, 36.163], [-86.85017, 36.16304], [-86.85041, 36.16317], [-86.85056, 36.16326], [-86.85114, 36.1636], [-86.85164, 36.1639], [-86.85174, 36.16396], [-86.852, 36.16412], [-86.85231, 36.1643], [-86.8525, 36.16441], [-86.8525, 36.16441], [-86.85255, 36.16444], [-86.85303, 36.16472], [-86.85319, 36.16482], [-86.85396, 36.16527], [-86.854, 36.16529], [-86.85427, 36.16545], [-86.85483, 36.16579], [-86.85496, 36.16586], [-86.85551, 36.16619], [-86.85583, 36.16638], [-86.85592, 36.16642], [-86.85601, 36.16647], [-86.85601, 36.16646], [-86.85602, 36.16646], [-86.85604, 36.16647], [-86.85631, 36.16642], [-86.85717, 36.1666]], [[-86.85203, 36.16362], [-86.85203, 36.16362], [-86.85201, 36.16362], [-86.85198, 36.16362], [-86.85198, 36.16362], [-86.85198, 36.16362], [-86.85198, 36.16362], [-86.85195, 36.16363], [-86.85195, 36.16363], [-86.85192, 36.16364], [-86.85192, 36.16364], [-86.8519, 36.16365], [-86.8519, 36.16365], [-86.8519, 36.16365], [-86.8519, 36.16365], [-86.85187, 36.16367], [-86.85184, 36.16321], [-86.85201, 36.16321], [-86.85203, 36.16362]], [[-86.85197, 36.1625], [-86.8518, 36.1625], [-86.85178, 36.16209], [-86.85195, 36.16209], [-86.85197, 36.1625]], [[-86.85401, 36.16224], [-86.854, 36.16203], [-86.85419, 36.16202], [-86.85421, 36.16202], [-86.85422, 36.16202], [-86.85424, 36.16203], [-86.85425, 36.16204], [-86.85426, 36.16205], [-86.85427, 36.16205], [-86.85427, 36.16206], [-86.85428, 36.16208], [-86.85428, 36.16209], [-86.85429, 36.16223], [-86.8543, 36.16237], [-86.8543, 36.16238], [-86.8543, 36.16239], [-86.8543, 36.1624], [-86.85429, 36.1624], [-86.85429, 36.16241], [-86.85428, 36.16242], [-86.85427, 36.16242], [-86.85426, 36.16243], [-86.85424, 36.16243], [-86.85423, 36.16244], [-86.85402, 36.16244], [-86.85401, 36.16224]], [[-86.84872, 36.16199], [-86.84866, 36.16199], [-86.84864, 36.16199], [-86.84855, 36.16199], [-86.84847, 36.16199], [-86.84838, 36.162], [-86.8483, 36.162], [-86.84822, 36.162], [-86.84813, 36.16201], [-86.84805, 36.16201], [-86.84796, 36.16201], [-86.84784, 36.16202], [-86.84766, 36.16202], [-86.84754, 36.16203], [-86.84745, 36.16203], [-86.84737, 36.16203], [-86.84728, 36.16204], [-86.8472, 36.16204], [-86.84712, 36.16204], [-86.84703, 36.16205], [-86.84695, 36.16205], [-86.84686, 36.16205], [-86.84682, 36.16205], [-86.84678, 36.16206], [-86.84669, 36.16206], [-86.84659, 36.16206], [-86.84657, 36.16165], [-86.84667, 36.16165], [-86.84676, 36.16164], [-86.84684, 36.16164], [-86.84692, 36.16164], [-86.84701, 36.16163], [-86.84709, 36.16163], [-86.84718, 36.16163], [-86.84722, 36.16163], [-86.84726, 36.16163], [-86.84728, 36.16162], [-86.84728, 36.16156], [-86.84726, 36.16114], [-86.84734, 36.16114], [-86.84742, 36.16114], [-86.84751, 36.16114], [-86.84763, 36.16113], [-86.8478, 36.16112], [-86.84791, 36.16112], [-86.848, 36.16112], [-86.84808, 36.16111], [-86.84817, 36.16111], [-86.84825, 36.16111], [-86.84834, 36.16111], [-86.84842, 36.1611], [-86.84851, 36.1611], [-86.84859, 36.1611], [-86.84868, 36.16109], [-86.84876, 36.16109], [-86.84888, 36.16109], [-86.8489, 36.1615], [-86.84878, 36.1615], [-86.84874, 36.1615], [-86.8487, 36.1615], [-86.8487, 36.16157], [-86.84872, 36.16199]], [[-86.85192, 36.16139], [-86.8519, 36.16098], [-86.85203, 36.16097], [-86.85217, 36.16097], [-86.85217, 36.16102], [-86.85219, 36.16138], [-86.85205, 36.16139], [-86.85192, 36.16139], [-86.85192, 36.16139]]]}, "properties": {"NAME": "WEST NASH 2", "RECORDEDDATE": -2208988800000, "INSTRUMENT": "PL-00000057 0000172"}}, {"type": "Feature", "geometry": {"type": "Polygon", "coordinates": [[[-86.7087, 36.15734], [-86.7087, 36.15732], [-86.70869, 36.15731], [-86.70868, 36.1573], [-86.70867, 36.1573], [-86.70865, 36.15729], [-86.70864, 36.15729], [-86.70862, 36.15729], [-86.70861, 36.15729], [-86.70859, 36.15729], [-86.70808, 36.15744], [-86.70806, 36.15745], [-86.70761, 36.15758], [-86.70781, 36.15814], [-86.70777, 36.15841], [-86.70776, 36.15847], [-86.70773, 36.15867], [-86.70771, 36.15887], [-86.70769, 36.15903], [-86.70765, 36.15941], [-86.70785, 36.15943], [-86.70921, 36.15955], [-86.70921, 36.15951], [-86.70919, 36.15947], [-86.70918, 36.15943], [-86.70917, 36.15942], [-86.70917, 36.15942], [-86.70917, 36.15942], [-86.70917, 36.15942], [-86.70917, 36.15941], [-86.70912, 36.15933], [-86.70912, 36.15932], [-86.70904, 36.15918], [-86.70904, 36.15918], [-86.70899, 36.15909], [-86.70896, 36.15904], [-86.70896, 36.15904], [-86.70896, 36.15904], [-86.70896, 36.15904], [-86.70893, 36.15898], [-86.70893, 36.15897], [-86.70889, 36.15891], [-86.70886, 36.15886], [-86.70885, 36.15884], [-86.70885, 36.15884], [-86.70879, 36.15874], [-86.70879, 36.15873], [-86.70866, 36.15849], [-86.70863, 36.15845], [-86.70862, 36.1584], [-86.7086, 36.15835], [-86.70859, 36.1583], [-86.70859, 36.15825], [-86.70859, 36.15819], [-86.7086, 36.15814], [-86.70861, 36.15808], [-86.70871, 36.15776], [-86.70872, 36.15774], [-86.70873, 36.15773], [-86.70873, 36.1577], [-86.70874, 36.15767], [-86.70874, 36.15764], [-86.70874, 36.15758], [-86.70874, 36.15752], [-86.70873, 36.15746], [-86.70872, 36.1574], [-86.7087, 36.15734]]]}, "properties": {"NAME": "1908 LEBANON PIKE", "RECORDEDDATE": 1712880000000, "INSTRUMENT": "20240412 0026191"}}, {"type": "Feature", "geometry": {"type": "Polygon", "coordinates": [[[-86.66148, 36.0201], [-86.66147, 36.02012], [-86.66147, 36.02016], [-86.66142, 36.02049], [-86.66159, 36.0205], [-86.66172, 36.02052], [-86.66172, 36.02052], [-86.66177, 36.02052], [-86.66194, 36.02053], [-86.66211, 36.02054], [-86.66228, 36.02055], [-86.66246, 36.02055], [-86.66263, 36.02056], [-86.6628, 36.02057], [-86.66297, 36.02058], [-86.66351, 36.02061], [-86.66355, 36.02075], [-86.66362, 36.02076], [-86.66486, 36.02092], [-86.66496, 36.02029], [-86.66496, 36.02027], [-86.66496, 36.02021], [-86.66496, 36.02006], [-86.66496, 36.01997], [-86.66494, 36.0199], [-86.66493, 36.01983], [-86.6649, 36.01976], [-86.66488, 36.0197], [-86.66485, 36.01961], [-86.6648, 36.01952], [-86.6648, 36.01951], [-86.66475, 36.01941], [-86.66458, 36.01906], [-86.66452, 36.01893], [-86.66451, 36.01891], [-86.66447, 36.01883], [-86.66435, 36.01855], [-86.66432, 36.01846], [-86.6643, 36.01837], [-86.66428, 36.01828], [-86.66426, 36.01818], [-86.66426, 36.01817], [-86.66424, 36.01829], [-86.66393, 36.01839], [-86.66377, 36.01844], [-86.66361, 36.01849], [-86.66345, 36.01854], [-86.66303, 36.0178], [-86.66299, 36.01781], [-86.66272, 36.01792], [-86.66258, 36.01766], [-86.66239, 36.01732], [-86.66128, 36.01709], [-86.6614, 36.01742], [-86.66136, 36.01743], [-86.66136, 36.01743], [-86.66129, 36.01746], [-86.66122, 36.01749], [-86.66122, 36.01749], [-86.66122, 36.01749], [-86.66121, 36.01749], [-86.66121, 36.0175], [-86.66121, 36.0175], [-86.66116, 36.01753], [-86.66112, 36.01755], [-86.66112, 36.01755], [-86.66111, 36.01756], [-86.6611, 36.01757], [-86.66109, 36.01758], [-86.66107, 36.01759], [-86.66106, 36.0176], [-86.66105, 36.01761], [-86.66103, 36.01762], [-86.66102, 36.01763], [-86.66099, 36.01766], [-86.66097, 36.0177], [-86.66092, 36.01775], [-86.66092, 36.01776], [-86.6609, 36.01779], [-86.66088, 36.01783], [-86.66088, 36.01783], [-86.66086, 36.01788], [-86.66086, 36.01789], [-86.66085, 36.01791], [-86.66084, 36.01796], [-86.66083, 36.01802], [-86.66082, 36.01808], [-86.66123, 36.01812], [-86.66128, 36.01812], [-86.66138, 36.01813], [-86.66139, 36.01808], [-86.66168, 36.01811], [-86.66171, 36.01811], [-86.66171, 36.01811], [-86.66172, 36.01811], [-86.66173, 36.01812], [-86.66173, 36.01812], [-86.66174, 36.01812], [-86.66174, 36.01813], [-86.66175, 36.01814], [-86.66175, 36.01814], [-86.66175, 36.01815], [-86.66175, 36.01816], [-86.66174, 36.01823], [-86.66173, 36.01831], [-86.66172, 36.01839], [-86.66171, 36.01848], [-86.6617, 36.01857], [-86.66169, 36.01865], [-86.66168, 36.01869], [-86.66167, 36.01872], [-86.66166, 36.01884], [-86.66165, 36.01884], [-86.66164, 36.01888], [-86.66163, 36.01898], [-86.66164, 36.01898], [-86.66162, 36.0191], [-86.66161, 36.01918], [-86.66161, 36.01923], [-86.6616, 36.01925], [-86.66159, 36.01933], [-86.66158, 36.0194], [-86.66157, 36.0195], [-86.66156, 36.01959], [-86.66155, 36.01967], [-86.66154, 36.01974], [-86.66153, 36.01982], [-86.66152, 36.01989], [-86.6615, 36.02003], [-86.66149, 36.02003], [-86.66148, 36.0201]]]}, "properties": {"NAME": "CEDARS OF CANE RIDGE PH 1", "RECORDEDDATE": 1733443200000, "INSTRUMENT": "20241206 0095000"}}, {"type": "Feature", "geometry": {"type": "Polygon", "coordinates": [[[-86.65999, 36.02016], [-86.65986, 36.02089], [-86.65986, 36.0209], [-86.66079, 36.02097], [-86.66159, 36.02069], [-86.6617, 36.02065], [-86.66172, 36.02052], [-86.66159, 36.0205], [-86.66142, 36.02049], [-86.66147, 36.02016], [-86.66147, 36.02012], [-86.66148, 36.0201], [-86.66149, 36.02003], [-86.6615, 36.02003], [-86.66152, 36.01989], [-86.66153, 36.01982], [-86.66154, 36.01974], [-86.66155, 36.01967], [-86.66156, 36.01959], [-86.66157, 36.0195], [-86.66158, 36.0194], [-86.66159, 36.01933], [-86.6616, 36.01925], [-86.66161, 36.01923], [-86.66161, 36.01918], [-86.66162, 36.0191], [-86.66164, 36.01898], [-86.66163, 36.01898], [-86.66164, 36.01888], [-86.66165, 36.01884], [-86.66166, 36.01884], [-86.66167, 36.01872], [-86.66168, 36.01869], [-86.66169, 36.01865], [-86.6617, 36.01857], [-86.66171, 36.01848], [-86.66172, 36.01839], [-86.66173, 36.01831], [-86.66174, 36.01823], [-86.66175, 36.01816], [-86.66175, 36.01815], [-86.66175, 36.01814], [-86.66175, 36.01814], [-86.66174, 36.01813], [-86.66174, 36.01812], [-86.66173, 36.01812], [-86.66173, 36.01812], [-86.66172, 36.01811], [-86.66171, 36.01811], [-86.66171, 36.01811], [-86.66168, 36.01811], [-86.66139, 36.01808], [-86.66138, 36.01813], [-86.66128, 36.01812], [-86.66123, 36.01812], [-86.66082, 36.01808], [-86.66083, 36.01802], [-86.66084, 36.01796], [-86.66085, 36.01791], [-86.66086, 36.01789], [-86.66086, 36.01788], [-86.66088, 36.01783], [-86.66088, 36.01783], [-86.6609, 36.01779], [-86.66092, 36.01776], [-86.66092, 36.01775], [-86.66097, 36.0177], [-86.66099, 36.01766], [-86.66102, 36.01763], [-86.66103, 36.01762], [-86.66105, 36.01761], [-86.66106, 36.0176], [-86.66107, 36.01759], [-86.66109, 36.01758], [-86.6611, 36.01757], [-86.66111, 36.01756], [-86.66112, 36.01755], [-86.66112, 36.01755], [-86.66116, 36.01753], [-86.66121, 36.0175], [-86.66121, 36.0175], [-86.66121, 36.01749], [-86.66122, 36.01749], [-86.66122, 36.01749], [-86.66122, 36.01749], [-86.66129, 36.01746], [-86.66136, 36.01743], [-86.66136, 36.01743], [-86.6614, 36.01742], [-86.66128, 36.01709], [-86.66126, 36.01674], [-86.66126, 36.01674], [-86.65972, 36.01642], [-86.65932, 36.01634], [-86.65912, 36.0163], [-86.65876, 36.01622], [-86.65884, 36.01651], [-86.65888, 36.01668], [-86.65893, 36.01687], [-86.65895, 36.01696], [-86.65899, 36.0171], [-86.65902, 36.01724], [-86.65905, 36.01735], [-86.65906, 36.01738], [-86.65907, 36.01743], [-86.6591, 36.01757], [-86.65914, 36.0177], [-86.65917, 36.01784], [-86.65921, 36.01797], [-86.65924, 36.01811], [-86.65928, 36.01825], [-86.65931, 36.01839], [-86.65936, 36.01857], [-86.65941, 36.01877], [-86.65944, 36.01888], [-86.65946, 36.01899], [-86.65948, 36.01906], [-86.65971, 36.01909], [-86.65997, 36.01912], [-86.66008, 36.01913], [-86.66008, 36.01913], [-86.66017, 36.01914], [-86.66002, 36.02002], [-86.66002, 36.02003], [-86.66, 36.02015], [-86.65999, 36.02015], [-86.65999, 36.02016]]]}, "properties": {"NAME": "CEDARS OF CANE RIDGE PH 2", "RECORDEDDATE": 1776643200000, "INSTRUMENT": "PL-20260420 0032230"}}, {"type": "Feature", "geometry": {"type": "Polygon", "coordinates": [[[-86.7432, 36.2073], [-86.74319, 36.20735], [-86.74318, 36.20741], [-86.74316, 36.20752], [-86.74315, 36.2076], [-86.74315, 36.20761], [-86.74314, 36.20768], [-86.74314, 36.20772], [-86.74313, 36.20776], [-86.74313, 36.20778], [-86.74313, 36.20779], [-86.74312, 36.20781], [-86.74318, 36.20778], [-86.74332, 36.20769], [-86.7435, 36.20755], [-86.74363, 36.20746], [-86.74376, 36.20736], [-86.74384, 36.20729], [-86.74393, 36.20722], [-86.74395, 36.2071], [-86.74395, 36.20708], [-86.744, 36.20682], [-86.74401, 36.20673], [-86.74402, 36.20669], [-86.74404, 36.20669], [-86.74404, 36.20667], [-86.74406, 36.20654], [-86.74407, 36.20649], [-86.74409, 36.20637], [-86.74476, 36.20644], [-86.74481, 36.20639], [-86.74493, 36.20625], [-86.74499, 36.20619], [-86.74509, 36.20606], [-86.74514, 36.206], [-86.74522, 36.2059], [-86.74529, 36.20581], [-86.74419, 36.20569], [-86.74404, 36.20573], [-86.74384, 36.20571], [-86.74377, 36.2057], [-86.74364, 36.20569], [-86.74355, 36.20568], [-86.74343, 36.20566], [-86.74343, 36.20568], [-86.74339, 36.20598], [-86.74336, 36.20615], [-86.74336, 36.20615], [-86.74329, 36.20663], [-86.74329, 36.20664], [-86.74329, 36.20664], [-86.74328, 36.20675], [-86.74328, 36.20675], [-86.74328, 36.20675], [-86.74327, 36.20684], [-86.74325, 36.20698], [-86.74321, 36.2072], [-86.74321, 36.20723], [-86.7432, 36.20727], [-86.7432, 36.20727], [-86.7432, 36.2073]]]}, "properties": {"NAME": "C W WALLER SUB OF ANDERSON", "RECORDEDDATE": -1477958400000, "INSTRUMENT": "PL-00000547 0000006"}}, {"type": "Feature", "geometry": {"type": "Polygon", "coordinates": [[[-86.74078, 36.2075], [-86.7408, 36.2075], [-86.74094, 36.20753], [-86.741, 36.20754], [-86.74102, 36.20755], [-86.7411, 36.20757], [-86.7412, 36.20759], [-86.7412, 36.20759], [-86.74139, 36.20763], [-86.74144, 36.20764], [-86.74159, 36.20767], [-86.74177, 36.20771], [-86.74179, 36.20771], [-86.74194, 36.20774], [-86.74198, 36.20775], [-86.7421, 36.20778], [-86.74218, 36.2078], [-86.74231, 36.20782], [-86.74233, 36.20783], [-86.74243, 36.20785], [-86.7427, 36.2079], [-86.74276, 36.20791], [-86.7429, 36.20793], [-86.74313, 36.20779], [-86.74313, 36.20778], [-86.74313, 36.20776], [-86.74314, 36.20772], [-86.74314, 36.20768], [-86.74315, 36.20761], [-86.74315, 36.2076], [-86.74316, 36.20752], [-86.74318, 36.20741], [-86.74319, 36.20735], [-86.7432, 36.2073], [-86.7432, 36.20727], [-86.74316, 36.20727], [-86.74301, 36.20725], [-86.74281, 36.20724], [-86.7427, 36.20723], [-86.74262, 36.20722], [-86.74253, 36.20721], [-86.74242, 36.2072], [-86.7425, 36.20667], [-86.7425, 36.20667], [-86.7427, 36.20669], [-86.74289, 36.20671], [-86.743, 36.20672], [-86.74309, 36.20673], [-86.74328, 36.20675], [-86.74328, 36.20675], [-86.74329, 36.20664], [-86.74329, 36.20664], [-86.74329, 36.20663], [-86.74329, 36.20663], [-86.74313, 36.20661], [-86.74296, 36.20659], [-86.74302, 36.20612], [-86.74286, 36.2061], [-86.74269, 36.20608], [-86.74269, 36.20608], [-86.7427, 36.20604], [-86.74275, 36.20566], [-86.74276, 36.20561], [-86.74276, 36.2056], [-86.74259, 36.20558], [-86.74259, 36.20558], [-86.74243, 36.20556], [-86.74237, 36.20556], [-86.74228, 36.20555], [-86.7421, 36.20553], [-86.74176, 36.20549], [-86.74176, 36.20551], [-86.7417, 36.20592], [-86.74187, 36.20594], [-86.74203, 36.20596], [-86.74204, 36.2059], [-86.74221, 36.20592], [-86.74231, 36.20593], [-86.74238, 36.20594], [-86.74228, 36.20654], [-86.74211, 36.20652], [-86.74195, 36.2065], [-86.74195, 36.20649], [-86.74178, 36.20647], [-86.74161, 36.20645], [-86.74169, 36.20598], [-86.74155, 36.20596], [-86.74152, 36.20596], [-86.74135, 36.20594], [-86.74128, 36.20642], [-86.74111, 36.20641], [-86.74094, 36.20639], [-86.74102, 36.20589], [-86.74118, 36.2059], [-86.74135, 36.20592], [-86.74142, 36.20547], [-86.74142, 36.20546], [-86.74125, 36.20544], [-86.74108, 36.20543], [-86.74091, 36.20541], [-86.74074, 36.20539], [-86.74057, 36.20537], [-86.74041, 36.20536], [-86.74024, 36.20534], [-86.74007, 36.20532], [-86.73994, 36.20531], [-86.73988, 36.2057], [-86.73988, 36.2057], [-86.73987, 36.20575], [-86.73987, 36.20578], [-86.73987, 36.2058], [-86.7398, 36.20629], [-86.73976, 36.2064], [-86.73971, 36.2068], [-86.7397, 36.2068], [-86.73966, 36.20703], [-86.73962, 36.20725], [-86.73976, 36.20728], [-86.73985, 36.20678], [-86.73991, 36.20641], [-86.74008, 36.20643], [-86.74002, 36.2068], [-86.73993, 36.20732], [-86.74001, 36.20733], [-86.74013, 36.20736], [-86.7402, 36.20737], [-86.74028, 36.20739], [-86.7404, 36.20742], [-86.74044, 36.20743], [-86.7406, 36.20746], [-86.74061, 36.20746], [-86.74078, 36.2075]]]}, "properties": {"NAME": "WALLER SUB ANDERSON", "RECORDEDDATE": -1789171200000, "INSTRUMENT": "PL-00000421 0000035"}}, {"type": "Feature", "geometry": {"type": "Polygon", "coordinates": [[[-86.7425, 36.20667], [-86.74242, 36.2072], [-86.74253, 36.20721], [-86.74262, 36.20722], [-86.7427, 36.20723], [-86.74281, 36.20724], [-86.74301, 36.20725], [-86.74316, 36.20727], [-86.7432, 36.20727], [-86.7432, 36.20727], [-86.74321, 36.20723], [-86.74321, 36.2072], [-86.74325, 36.20698], [-86.74327, 36.20684], [-86.74328, 36.20675], [-86.74328, 36.20675], [-86.74309, 36.20673], [-86.743, 36.20672], [-86.74289, 36.20671], [-86.7427, 36.20669], [-86.7425, 36.20667], [-86.7425, 36.20667]]]}, "properties": {"NAME": "CAMPBELL SUB WALLER SUB ANDERSON", "RECORDEDDATE": -716601600000, "INSTRUMENT": "PL-00001424 0000005"}}, {"type": "Feature", "geometry": {"type": "Polygon", "coordinates": [[[-86.82483, 36.14777], [-86.82481, 36.14794], [-86.82511, 36.14798], [-86.82547, 36.14802], [-86.82569, 36.14805], [-86.82593, 36.14807], [-86.82617, 36.1481], [-86.82656, 36.14814], [-86.82673, 36.14816], [-86.82682, 36.14774], [-86.8268, 36.1476], [-86.8268, 36.1476], [-86.82685, 36.14738], [-86.82689, 36.14719], [-86.82689, 36.14719], [-86.82693, 36.14703], [-86.82693, 36.14701], [-86.82697, 36.14685], [-86.82697, 36.14683], [-86.82701, 36.14665], [-86.82701, 36.14664], [-86.82705, 36.14647], [-86.82705, 36.14646], [-86.82709, 36.14628], [-86.82711, 36.1462], [-86.82711, 36.14619], [-86.82714, 36.14609], [-86.82714, 36.14608], [-86.82717, 36.14595], [-86.82722, 36.14583], [-86.82726, 36.14571], [-86.82731, 36.1456], [-86.82737, 36.14546], [-86.82716, 36.1454], [-86.82708, 36.14538], [-86.82699, 36.14547], [-86.82697, 36.14547], [-86.82667, 36.14576], [-86.82663, 36.1458], [-86.82652, 36.14566], [-86.8265, 36.14564], [-86.8265, 36.14564], [-86.82647, 36.14563], [-86.82647, 36.14563], [-86.82645, 36.14561], [-86.82645, 36.14561], [-86.82642, 36.1456], [-86.82642, 36.1456], [-86.82642, 36.1456], [-86.82641, 36.14559], [-86.82641, 36.14559], [-86.82639, 36.14558], [-86.82644, 36.14545], [-86.8265, 36.14528], [-86.82652, 36.14522], [-86.82644, 36.14519], [-86.82644, 36.14519], [-86.82639, 36.1452], [-86.82639, 36.1452], [-86.82635, 36.1452], [-86.82626, 36.14521], [-86.82617, 36.14522], [-86.82612, 36.14523], [-86.82611, 36.14523], [-86.82595, 36.14525], [-86.8259, 36.14526], [-86.82587, 36.14527], [-86.82587, 36.14527], [-86.82585, 36.14527], [-86.82576, 36.14529], [-86.82566, 36.14531], [-86.82564, 36.14532], [-86.8256, 36.14533], [-86.82554, 36.14535], [-86.82552, 36.14535], [-86.82551, 36.14536], [-86.82549, 36.14536], [-86.82546, 36.14537], [-86.82541, 36.14538], [-86.8254, 36.14539], [-86.82533, 36.14541], [-86.82529, 36.14542], [-86.82518, 36.14546], [-86.82514, 36.14548], [-86.8251, 36.14577], [-86.82507, 36.146], [-86.82504, 36.1462], [-86.82501, 36.14641], [-86.82501, 36.14643], [-86.82498, 36.14661], [-86.82495, 36.14681], [-86.82492, 36.14702], [-86.82489, 36.14722], [-86.82487, 36.14742], [-86.82483, 36.14777]]]}, "properties": {"NAME": "ACKLEN HEIGHTS", "RECORDEDDATE": -613180800000, "INSTRUMENT": "PL-00001835 0000010"}}, {"type": "Feature", "geometry": {"type": "Polygon", "coordinates": [[[-86.8265, 36.14528], [-86.82644, 36.14545], [-86.82639, 36.14558], [-86.82641, 36.14559], [-86.82641, 36.14559], [-86.82642, 36.1456], [-86.82642, 36.1456], [-86.82642, 36.1456], [-86.82645, 36.14561], [-86.82645, 36.14561], [-86.82647, 36.14563], [-86.82647, 36.14563], [-86.8265, 36.14564], [-86.8265, 36.14564], [-86.82652, 36.14566], [-86.82663, 36.1458], [-86.82667, 36.14576], [-86.82697, 36.14547], [-86.82677, 36.14541], [-86.82676, 36.14541], [-86.82668, 36.14536], [-86.82673, 36.14527], [-86.82652, 36.14522], [-86.8265, 36.14528]]]}, "properties": {"NAME": "ACKLEN HEIGHTS RE-SUB LOTS 3 & 4", "RECORDEDDATE": 107568000000, "INSTRUMENT": "PL-00004595 0000193"}}, {"type": "Feature", "geometry": {"type": "Polygon", "coordinates": [[[-86.81979, 36.21113], [-86.81979, 36.21113], [-86.81979, 36.21113], [-86.81979, 36.21113], [-86.81979, 36.21113], [-86.81978, 36.21113], [-86.81978, 36.21113], [-86.81977, 36.21113], [-86.81977, 36.21113], [-86.81976, 36.21113], [-86.81975, 36.21113], [-86.81974, 36.21114], [-86.81974, 36.21114], [-86.81973, 36.21114], [-86.81972, 36.21114], [-86.8197, 36.21114], [-86.8197, 36.21114], [-86.81966, 36.21115], [-86.81965, 36.21115], [-86.81965, 36.21115], [-86.81963, 36.21116], [-86.81963, 36.21116], [-86.81963, 36.21116], [-86.81963, 36.21116], [-86.81961, 36.21116], [-86.8196, 36.21116], [-86.8196, 36.21116], [-86.81959, 36.21116], [-86.81958, 36.21117], [-86.81956, 36.21117], [-86.81952, 36.21118], [-86.81952, 36.21118], [-86.81947, 36.21119], [-86.81945, 36.21119], [-86.8194, 36.2112], [-86.81939, 36.2112], [-86.81938, 36.2112], [-86.81938, 36.2112], [-86.81936, 36.2112], [-86.81936, 36.2112], [-86.81935, 36.21121], [-86.81935, 36.21121], [-86.81935, 36.21121], [-86.81934, 36.21121], [-86.81933, 36.21121], [-86.81933, 36.21121], [-86.81933, 36.21121], [-86.81932, 36.21121], [-86.81929, 36.21122], [-86.81928, 36.21122], [-86.81921, 36.21123], [-86.81921, 36.21123], [-86.8192, 36.21123], [-86.81919, 36.21123], [-86.81918, 36.21123], [-86.81917, 36.21123], [-86.81917, 36.21123], [-86.81917, 36.21123], [-86.81917, 36.21123], [-86.81916, 36.21124], [-86.81906, 36.21125], [-86.81906, 36.21125], [-86.81905, 36.21125], [-86.81905, 36.21125], [-86.81905, 36.21125], [-86.81904, 36.21125], [-86.81904, 36.21125], [-86.81904, 36.21125], [-86.81903, 36.21125], [-86.81903, 36.21126], [-86.81903, 36.21126], [-86.81902, 36.21126], [-86.81902, 36.21126], [-86.81902, 36.21126], [-86.81902, 36.21126], [-86.81901, 36.21126], [-86.81901, 36.21126], [-86.819, 36.21126], [-86.819, 36.21126], [-86.81895, 36.21127], [-86.81895, 36.21127], [-86.81894, 36.21127], [-86.81893, 36.21127], [-86.81893, 36.21127], [-86.81892, 36.21127], [-86.81892, 36.21127], [-86.81892, 36.21127], [-86.81892, 36.21127], [-86.81887, 36.21128], [-86.81886, 36.21128], [-86.81886, 36.21128], [-86.81885, 36.21128], [-86.81883, 36.21128], [-86.81881, 36.21129], [-86.81875, 36.21129], [-86.81873, 36.2113], [-86.81871, 36.2113], [-86.81866, 36.21131], [-86.81861, 36.21131], [-86.81846, 36.21133], [-86.81839, 36.21134], [-86.81837, 36.21135], [-86.81836, 36.21135], [-86.81833, 36.21135], [-86.81833, 36.21135], [-86.81815, 36.21138], [-86.81812, 36.21138], [-86.81796, 36.21141], [-86.81795, 36.21141], [-86.81787, 36.21142], [-86.81785, 36.21143], [-86.81784, 36.21143], [-86.81783, 36.21143], [-86.8178, 36.21143], [-86.81779, 36.21143], [-86.81776, 36.21144], [-86.81772, 36.21144], [-86.81765, 36.21146], [-86.81764, 36.21146], [-86.81764, 36.21146], [-86.81764, 36.21146], [-86.81763, 36.21146], [-86.81763, 36.21146], [-86.81761, 36.21146], [-86.81761, 36.21146], [-86.81761, 36.21146], [-86.8176, 36.21146], [-86.8176, 36.21146], [-86.8176, 36.21147], [-86.8176, 36.21147], [-86.8176, 36.21147], [-86.8176, 36.21147], [-86.81759, 36.21147], [-86.81759, 36.21148], [-86.81759, 36.21148], [-86.81759, 36.21149], [-86.81758, 36.21149], [-86.81758, 36.21151], [-86.81756, 36.21155], [-86.81756, 36.21155], [-86.81755, 36.21157], [-86.8175, 36.21169], [-86.81745, 36.21181], [-86.8174, 36.21193], [-86.81736, 36.21205], [-86.81736, 36.21206], [-86.81736, 36.21206], [-86.81736, 36.21206], [-86.81736, 36.21207], [-86.81736, 36.21207], [-86.81736, 36.21208], [-86.81735, 36.21208], [-86.81735, 36.21209], [-86.81735, 36.21209], [-86.81735, 36.2121], [-86.81735, 36.2121], [-86.81735, 36.21211], [-86.81735, 36.21211], [-86.81735, 36.21211], [-86.81734, 36.21211], [-86.81734, 36.21212], [-86.81734, 36.21212], [-86.81734, 36.21212], [-86.81734, 36.21213], [-86.81734, 36.21213], [-86.81734, 36.21213], [-86.81734, 36.21213], [-86.81734, 36.21214], [-86.81734, 36.21214], [-86.81734, 36.21214], [-86.81734, 36.21214], [-86.81734, 36.21215], [-86.81734, 36.21215], [-86.81733, 36.21215], [-86.81733, 36.21216], [-86.81733, 36.21216], [-86.81733, 36.21216], [-86.81733, 36.21216], [-86.81733, 36.21217], [-86.81733, 36.21217], [-86.81733, 36.21217], [-86.81733, 36.21217], [-86.81733, 36.21218], [-86.81733, 36.21218], [-86.81733, 36.21219], [-86.81732, 36.21219], [-86.81732, 36.21219], [-86.81732, 36.2122], [-86.81732, 36.2122], [-86.81732, 36.21223], [-86.81731, 36.21223], [-86.81731, 36.21224], [-86.81731, 36.21224], [-86.81731, 36.21224], [-86.81731, 36.21224], [-86.81731, 36.21225], [-86.81731, 36.21225], [-86.81731, 36.21225], [-86.81731, 36.21225], [-86.81731, 36.21226], [-86.81731, 36.21226], [-86.81731, 36.21226], [-86.81731, 36.21227], [-86.81731, 36.21227], [-86.81731, 36.21227], [-86.8173, 36.21228], [-86.8173, 36.21228], [-86.8173, 36.21228], [-86.8173, 36.21228], [-86.8173, 36.21229], [-86.8173, 36.21229], [-86.8173, 36.2123], [-86.8173, 36.2123], [-86.81729, 36.21232], [-86.81729, 36.21233], [-86.81729, 36.21233], [-86.81729, 36.21234], [-86.81729, 36.21234], [-86.81729, 36.21235], [-86.81729, 36.21236], [-86.81729, 36.21236], [-86.81729, 36.21237], [-86.81729, 36.21237], [-86.81728, 36.21237], [-86.81728, 36.21238], [-86.81728, 36.21238], [-86.81728, 36.21238], [-86.81728, 36.21239], [-86.81728, 36.21239], [-86.81728, 36.21239], [-86.81728, 36.21239], [-86.81728, 36.2124], [-86.81728, 36.2124], [-86.81728, 36.2124], [-86.81728, 36.21241], [-86.81728, 36.21241], [-86.81728, 36.21241], [-86.81728, 36.21241], [-86.81728, 36.21242], [-86.81727, 36.21242], [-86.81727, 36.21242], [-86.81727, 36.21243], [-86.81727, 36.21243], [-86.81727, 36.21243], [-86.81727, 36.21244], [-86.81727, 36.21244], [-86.81727, 36.21244], [-86.81727, 36.21245], [-86.81727, 36.21245], [-86.81727, 36.21245], [-86.81727, 36.21246], [-86.81727, 36.21246], [-86.81727, 36.21247], [-86.81727, 36.21247], [-86.81727, 36.21247], [-86.81726, 36.21248], [-86.81726, 36.21249], [-86.81726, 36.21249], [-86.81726, 36.21249], [-86.81726, 36.21249], [-86.81726, 36.21249], [-86.81726, 36.2125], [-86.81726, 36.2125], [-86.81726, 36.2125], [-86.81726, 36.2125], [-86.81726, 36.2125], [-86.81726, 36.2125], [-86.81726, 36.2125], [-86.81726, 36.21251], [-86.81726, 36.21251], [-86.81726, 36.21251], [-86.81726, 36.21251], [-86.81726, 36.21251], [-86.81726, 36.21252], [-86.81726, 36.21252], [-86.81725, 36.21255], [-86.81725, 36.21256], [-86.81725, 36.21256], [-86.81725, 36.21257], [-86.81725, 36.21257], [-86.81724, 36.21263], [-86.81724, 36.21263], [-86.81724, 36.21263], [-86.81724, 36.21263], [-86.81724, 36.21263], [-86.81724, 36.21263], [-86.81724, 36.21263], [-86.81724, 36.21264], [-86.81724, 36.21264], [-86.81724, 36.21264], [-86.81724, 36.21265], [-86.81724, 36.21265], [-86.81724, 36.21265], [-86.81724, 36.21265], [-86.81724, 36.21265], [-86.81724, 36.21266], [-86.81724, 36.21266], [-86.81724, 36.21267], [-86.81724, 36.21268], [-86.81724, 36.21268], [-86.81724, 36.21269], [-86.81724, 36.21269], [-86.81724, 36.21269], [-86.81724, 36.2127], [-86.81724, 36.2127], [-86.81724, 36.21272], [-86.81724, 36.21272], [-86.81724, 36.21272], [-86.81724, 36.21273], [-86.81723, 36.21274], [-86.81723, 36.21274], [-86.81723, 36.21274], [-86.81723, 36.21274], [-86.81723, 36.21275], [-86.81723, 36.21275], [-86.81723, 36.21276], [-86.81723, 36.21276], [-86.81723, 36.21276], [-86.81723, 36.21276], [-86.81723, 36.21276], [-86.81723, 36.21276], [-86.81723, 36.21277], [-86.81723, 36.21277], [-86.81723, 36.21277], [-86.81723, 36.21278], [-86.81723, 36.21278], [-86.81723, 36.21278], [-86.81723, 36.21278], [-86.81723, 36.21278], [-86.81723, 36.21279], [-86.81723, 36.21279], [-86.81723, 36.21279], [-86.81723, 36.2128], [-86.81723, 36.2128], [-86.81723, 36.2128], [-86.81723, 36.2128], [-86.81723, 36.21281], [-86.81723, 36.21282], [-86.81723, 36.21282], [-86.81723, 36.21282], [-86.81723, 36.21282], [-86.81723, 36.21282], [-86.81723, 36.21283], [-86.81723, 36.21283], [-86.81723, 36.21283], [-86.81723, 36.21283], [-86.81723, 36.21283], [-86.81723, 36.21285], [-86.81723, 36.21286], [-86.81723, 36.21286], [-86.81723, 36.21286], [-86.81723, 36.21286], [-86.81723, 36.21287], [-86.81723, 36.21287], [-86.81723, 36.21287], [-86.81723, 36.21288], [-86.81723, 36.21289], [-86.81723, 36.21289], [-86.81723, 36.21298], [-86.81723, 36.21299], [-86.81723, 36.21299], [-86.81723, 36.21299], [-86.81723, 36.213], [-86.81723, 36.213], [-86.81723, 36.21301], [-86.81723, 36.21301], [-86.81723, 36.21301], [-86.81723, 36.21302], [-86.81723, 36.21302], [-86.81723, 36.21302], [-86.81723, 36.21303], [-86.81723, 36.21303], [-86.81723, 36.21304], [-86.81723, 36.21304], [-86.81723, 36.21304], [-86.81723, 36.21305], [-86.81723, 36.21305], [-86.81723, 36.21305], [-86.81723, 36.21306], [-86.81723, 36.21306], [-86.81723, 36.21306], [-86.81723, 36.21306], [-86.81723, 36.21307], [-86.81723, 36.21307], [-86.81723, 36.21307], [-86.81723, 36.21307], [-86.81723, 36.21308], [-86.81723, 36.21308], [-86.81723, 36.21308], [-86.81723, 36.21309], [-86.81723, 36.21309], [-86.81723, 36.21309], [-86.81723, 36.2131], [-86.81723, 36.21311], [-86.81723, 36.21311], [-86.81723, 36.21311], [-86.81723, 36.21312], [-86.81723, 36.21315], [-86.81723, 36.21315], [-86.81723, 36.21316], [-86.81723, 36.21317], [-86.81723, 36.21317], [-86.81723, 36.21318], [-86.81723, 36.21318], [-86.81723, 36.21318], [-86.81724, 36.21322], [-86.81724, 36.21323], [-86.81724, 36.21323], [-86.81724, 36.21323], [-86.81724, 36.21324], [-86.81724, 36.21324], [-86.81724, 36.21326], [-86.81724, 36.21326], [-86.81724, 36.21327], [-86.81724, 36.21327], [-86.81724, 36.21327], [-86.81724, 36.21327], [-86.81724, 36.21328], [-86.81724, 36.21328], [-86.81724, 36.21328], [-86.81725, 36.21328], [-86.81725, 36.21328], [-86.81801, 36.21307], [-86.81802, 36.21306], [-86.81803, 36.21306], [-86.81844, 36.21294], [-86.81846, 36.21294], [-86.81869, 36.21287], [-86.81899, 36.21279], [-86.81907, 36.21277], [-86.81941, 36.21267], [-86.8197, 36.21258], [-86.81986, 36.21254], [-86.8199, 36.21253], [-86.82011, 36.21247], [-86.82013, 36.21246], [-86.82019, 36.21245], [-86.82022, 36.21244], [-86.82027, 36.21242], [-86.82029, 36.21242], [-86.82029, 36.21242], [-86.82028, 36.21241], [-86.82028, 36.21241], [-86.82028, 36.2124], [-86.82003, 36.21173], [-86.8198, 36.21114], [-86.8198, 36.21114], [-86.8198, 36.21113], [-86.8198, 36.21113], [-86.8198, 36.21113], [-86.8198, 36.21113], [-86.81979, 36.21113]]]}, "properties": {"NAME": "STOKERS VILLAGE TOWNHOMES PH 1", "RECORDEDDATE": 1758240000000, "INSTRUMENT": "PL-20250919 0075013"}}, {"type": "Feature", "geometry": {"type": "Polygon", "coordinates": [[[-86.79001, 36.20805], [-86.7899, 36.20812], [-86.78988, 36.20813], [-86.78975, 36.20819], [-86.78962, 36.20825], [-86.78948, 36.2083], [-86.78934, 36.20835], [-86.7892, 36.20839], [-86.78906, 36.20842], [-86.78904, 36.20845], [-86.78912, 36.20865], [-86.78919, 36.20885], [-86.78925, 36.20905], [-86.78934, 36.20935], [-86.78934, 36.20935], [-86.79121, 36.20902], [-86.79121, 36.20901], [-86.79018, 36.20796], [-86.79001, 36.20805]]]}, "properties": {"NAME": "NORTH LIGHTS SP REV LT 1", "RECORDEDDATE": 1622505600000, "INSTRUMENT": "PL-20210601 0072970"}}, {"type": "Feature", "geometry": {"type": "Polygon", "coordinates": [[[-86.57937, 36.14952], [-86.5813, 36.14976], [-86.58168, 36.14981], [-86.58184, 36.14983], [-86.58298, 36.14998], [-86.58304, 36.1498], [-86.58315, 36.14948], [-86.58318, 36.14949], [-86.58395, 36.14972], [-86.58397, 36.14973], [-86.58398, 36.14973], [-86.58399, 36.14974], [-86.584, 36.14975], [-86.58401, 36.14976], [-86.58401, 36.14977], [-86.58402, 36.14979], [-86.58402, 36.1498], [-86.58402, 36.1498], [-86.58402, 36.14981], [-86.58406, 36.14954], [-86.58408, 36.14951], [-86.58417, 36.14904], [-86.57989, 36.14849], [-86.57972, 36.14847], [-86.57843, 36.1483], [-86.57841, 36.14839], [-86.57827, 36.14895], [-86.57816, 36.14936], [-86.57937, 36.14952]]]}, "properties": {"NAME": "THE PARK AT WILTSHIRE", "RECORDEDDATE": 1606176000000, "INSTRUMENT": "PL-20201124 0137712"}}, {"type": "Feature", "geometry": {"type": "Polygon", "coordinates": [[[-86.57764, 36.1518], [-86.57795, 36.15182], [-86.5781, 36.15183], [-86.58135, 36.15202], [-86.58229, 36.15208], [-86.58245, 36.15208], [-86.58458, 36.15221], [-86.58446, 36.15206], [-86.58439, 36.15198], [-86.58428, 36.15184], [-86.58419, 36.15174], [-86.58411, 36.15162], [-86.58407, 36.15155], [-86.58406, 36.15152], [-86.58389, 36.1515], [-86.5838, 36.15149], [-86.5838, 36.15152], [-86.58225, 36.15137], [-86.57909, 36.15104], [-86.57874, 36.151], [-86.57844, 36.15097], [-86.57812, 36.15094], [-86.5778, 36.1509], [-86.5778, 36.1509], [-86.57771, 36.15136], [-86.57764, 36.1518]]]}, "properties": {"NAME": "HARBORWOOD SUB", "RECORDEDDATE": 1651190400000, "INSTRUMENT": "PL-20220429 0050267"}}, {"type": "Feature", "geometry": {"type": "Polygon", "coordinates": [[[-86.72126, 36.27701], [-86.72126, 36.27706], [-86.72127, 36.27721], [-86.7221, 36.27735], [-86.7225, 36.27742], [-86.72272, 36.27745], [-86.72306, 36.2775], [-86.72352, 36.27758], [-86.72407, 36.27766], [-86.7246, 36.27775], [-86.72553, 36.27789], [-86.72562, 36.27788], [-86.7256, 36.27781], [-86.72559, 36.27773], [-86.72559, 36.27765], [-86.72559, 36.27757], [-86.72559, 36.27749], [-86.72561, 36.27735], [-86.72562, 36.27721], [-86.72564, 36.27704], [-86.72565, 36.27696], [-86.72582, 36.27697], [-86.72588, 36.27697], [-86.72593, 36.27578], [-86.72584, 36.27576], [-86.72582, 36.27576], [-86.72581, 36.27576], [-86.72571, 36.27575], [-86.72564, 36.27573], [-86.72553, 36.27572], [-86.72539, 36.2757], [-86.72306, 36.27551], [-86.72272, 36.27548], [-86.72258, 36.27547], [-86.72204, 36.27542], [-86.72204, 36.27542], [-86.72143, 36.27537], [-86.72143, 36.27537], [-86.7214, 36.27537], [-86.72139, 36.27537], [-86.72137, 36.27537], [-86.72136, 36.27538], [-86.72135, 36.27538], [-86.72134, 36.27539], [-86.72133, 36.2754], [-86.72132, 36.27541], [-86.72132, 36.27542], [-86.72132, 36.27542], [-86.72132, 36.27543], [-86.72131, 36.27544], [-86.72131, 36.27545], [-86.72131, 36.27546], [-86.72131, 36.27547], [-86.72131, 36.27548], [-86.72132, 36.27551], [-86.72134, 36.27558], [-86.72135, 36.27564], [-86.72136, 36.27571], [-86.72136, 36.27578], [-86.72136, 36.27589], [-86.72129, 36.27622], [-86.72127, 36.27632], [-86.72125, 36.27642], [-86.72124, 36.27653], [-86.72124, 36.27653], [-86.72125, 36.27654], [-86.72125, 36.27655], [-86.72125, 36.27656], [-86.72125, 36.27663], [-86.72125, 36.27673], [-86.72125, 36.2768], [-86.72125, 36.27681], [-86.72125, 36.27681], [-86.72126, 36.27701]]]}, "properties": {"NAME": "COARSEY FARMS", "RECORDEDDATE": 1683676800000, "INSTRUMENT": "PL-20230510 0034819"}}, {"type": "Feature", "geometry": {"type": "Polygon", "coordinates": [[[-86.76362, 36.28489], [-86.76382, 36.28541], [-86.76382, 36.28541], [-86.7641, 36.28614], [-86.76507, 36.28626], [-86.76578, 36.28634], [-86.76588, 36.28575], [-86.76591, 36.28561], [-86.76614, 36.28423], [-86.76632, 36.28313], [-86.76618, 36.28317], [-86.7634, 36.28383], [-86.76337, 36.2834], [-86.76314, 36.28342], [-86.76313, 36.28335], [-86.76311, 36.28324], [-86.76294, 36.28326], [-86.76298, 36.28346], [-86.76298, 36.28348], [-86.76285, 36.2835], [-86.76287, 36.28363], [-86.76289, 36.28376], [-86.76292, 36.28396], [-86.76298, 36.28403], [-86.76308, 36.28415], [-86.7631, 36.28418], [-86.76318, 36.28428], [-86.76339, 36.28422], [-86.7634, 36.28423], [-86.76357, 36.28468], [-86.76358, 36.28469], [-86.76358, 36.28469], [-86.76357, 36.28472], [-86.76357, 36.28473], [-86.76357, 36.28473], [-86.76356, 36.28474], [-86.76355, 36.28475], [-86.76354, 36.28476], [-86.76353, 36.28476], [-86.76353, 36.28476], [-86.76353, 36.28476], [-86.76353, 36.28476], [-86.76353, 36.28476], [-86.76352, 36.28477], [-86.76357, 36.2849], [-86.7636, 36.28489], [-86.76362, 36.28489], [-86.76362, 36.28489]]]}, "properties": {"NAME": "HERITAGE CREEK PH 5", "RECORDEDDATE": 1757635200000, "INSTRUMENT": "PL-20250912 0072906"}}, {"type": "Feature", "geometry": {"type": "Polygon", "coordinates": [[[-86.75996, 36.28573], [-86.7602, 36.28575], [-86.7603, 36.28576], [-86.76037, 36.28577], [-86.76037, 36.28577], [-86.76054, 36.28579], [-86.76058, 36.28579], [-86.76175, 36.2859], [-86.76198, 36.28592], [-86.76199, 36.28592], [-86.76231, 36.28594], [-86.76249, 36.28596], [-86.76267, 36.28598], [-86.76267, 36.28598], [-86.76273, 36.28598], [-86.76321, 36.28602], [-86.76322, 36.28602], [-86.7641, 36.28614], [-86.76382, 36.28541], [-86.76382, 36.28541], [-86.76362, 36.28489], [-86.76362, 36.28489], [-86.7636, 36.28489], [-86.76357, 36.2849], [-86.76352, 36.28477], [-86.76353, 36.28476], [-86.76353, 36.28476], [-86.76353, 36.28476], [-86.76353, 36.28476], [-86.76353, 36.28476], [-86.76354, 36.28476], [-86.76355, 36.28475], [-86.76356, 36.28474], [-86.76357, 36.28473], [-86.76357, 36.28473], [-86.76357, 36.28472], [-86.76358, 36.28469], [-86.76358, 36.28469], [-86.76357, 36.28468], [-86.7634, 36.28423], [-86.76339, 36.28422], [-86.76318, 36.28428], [-86.7631, 36.28418], [-86.76308, 36.28415], [-86.76298, 36.28403], [-86.76292, 36.28396], [-86.75973, 36.28485], [-86.75967, 36.28487], [-86.75962, 36.28488], [-86.75996, 36.28573]]]}, "properties": {"NAME": "HERITAGE CREEK PHASE 6", "RECORDEDDATE": 1759363200000, "INSTRUMENT": "PL-20251002 0078443"}}, {"type": "Feature", "geometry": {"type": "Polygon", "coordinates": [[[-86.60519, 36.06004], [-86.60564, 36.06015], [-86.60569, 36.06001], [-86.60573, 36.05988], [-86.60578, 36.05975], [-86.60586, 36.05951], [-86.60591, 36.05938], [-86.60595, 36.05925], [-86.606, 36.05912], [-86.60604, 36.05898], [-86.60609, 36.05885], [-86.60614, 36.05872], [-86.60618, 36.05859], [-86.60623, 36.05845], [-86.60627, 36.05832], [-86.60633, 36.05816], [-86.60649, 36.05771], [-86.60634, 36.05769], [-86.60631, 36.05768], [-86.60609, 36.05766], [-86.60593, 36.05764], [-86.60576, 36.05762], [-86.60559, 36.0576], [-86.60542, 36.05758], [-86.60526, 36.05755], [-86.60513, 36.05754], [-86.60508, 36.05753], [-86.60472, 36.05749], [-86.6045, 36.05746], [-86.6045, 36.05746], [-86.60438, 36.05745], [-86.60431, 36.0578], [-86.60439, 36.05781], [-86.60437, 36.05793], [-86.60431, 36.05827], [-86.60447, 36.05829], [-86.60464, 36.05831], [-86.60463, 36.05836], [-86.60458, 36.05863], [-86.60456, 36.05876], [-86.60442, 36.05875], [-86.6044, 36.05888], [-86.60439, 36.05898], [-86.60445, 36.05899], [-86.60435, 36.05968], [-86.6047, 36.05974], [-86.60468, 36.0598], [-86.6046, 36.06003], [-86.60499, 36.06011], [-86.60503, 36.06001], [-86.60519, 36.06004]]]}, "properties": {"NAME": "HAMILTON CHURCH MANOR PH2", "RECORDEDDATE": 1641254400000, "INSTRUMENT": "PL-20220104 0001231"}}, {"type": "Feature", "geometry": {"type": "MultiPolygon", "coordinates": [[[[-86.57015, 36.15161], [-86.57015, 36.15161], [-86.57015, 36.15161], [-86.57015, 36.15161], [-86.57015, 36.15161], [-86.57015, 36.15161], [-86.57015, 36.15161], [-86.57015, 36.15161], [-86.57015, 36.15161], [-86.57017, 36.15161], [-86.57017, 36.15161], [-86.57018, 36.15161], [-86.57018, 36.1516], [-86.57018, 36.1516], [-86.57018, 36.1516], [-86.57019, 36.1516], [-86.5702, 36.1516], [-86.57021, 36.15159], [-86.57022, 36.15158], [-86.57022, 36.15157], [-86.57023, 36.15156], [-86.57023, 36.15155], [-86.57024, 36.15151], [-86.57028, 36.15129], [-86.57, 36.15126], [-86.57, 36.15128], [-86.57, 36.15129], [-86.56995, 36.15159], [-86.57001, 36.1516], [-86.57014, 36.15161], [-86.57014, 36.15161], [-86.57014, 36.15161], [-86.57015, 36.15161], [-86.57015, 36.15161], [-86.57015, 36.15161]]], [[[-86.56992, 36.15182], [-86.56988, 36.15205], [-86.56988, 36.15208], [-86.57014, 36.1521], [-86.57019, 36.15185], [-86.57019, 36.15184], [-86.57018, 36.15183], [-86.57018, 36.15182], [-86.57018, 36.15181], [-86.57017, 36.1518], [-86.57017, 36.15179], [-86.57016, 36.15179], [-86.57015, 36.15178], [-86.57015, 36.15178], [-86.57015, 36.15178], [-86.57015, 36.15178], [-86.57015, 36.15178], [-86.57015, 36.15178], [-86.57015, 36.15178], [-86.57015, 36.15178], [-86.57014, 36.15178], [-86.57014, 36.15178], [-86.57014, 36.15178], [-86.57014, 36.15177], [-86.57014, 36.15177], [-86.57014, 36.15177], [-86.57014, 36.15177], [-86.57013, 36.15177], [-86.57013, 36.15177], [-86.57013, 36.15177], [-86.57013, 36.15177], [-86.57013, 36.15177], [-86.57013, 36.15177], [-86.57013, 36.15177], [-86.57013, 36.15177], [-86.57012, 36.15177], [-86.57012, 36.15177], [-86.57011, 36.15177], [-86.57007, 36.15176], [-86.56999, 36.15176], [-86.56993, 36.15175], [-86.56992, 36.15182]]]]}, "properties": {"NAME": "ASHTON PARK PH 5A", "RECORDEDDATE": 1738800000000, "INSTRUMENT": "20250206 0009126"}}, {"type": "Feature", "geometry": {"type": "Polygon", "coordinates": [[[-86.56727, 36.15101], [-86.56722, 36.15133], [-86.56705, 36.15145], [-86.56695, 36.15176], [-86.56694, 36.15179], [-86.56789, 36.15188], [-86.56988, 36.15208], [-86.56988, 36.15205], [-86.56992, 36.15182], [-86.56993, 36.15175], [-86.56994, 36.15167], [-86.56995, 36.15159], [-86.57, 36.15129], [-86.57, 36.15128], [-86.57, 36.15126], [-86.56949, 36.15121], [-86.56949, 36.15121], [-86.56933, 36.1512], [-86.56932, 36.1512], [-86.56797, 36.15106], [-86.5673, 36.151], [-86.5673, 36.151], [-86.56727, 36.15101]]]}, "properties": {"NAME": "ASHTON PARK PH 5B", "RECORDEDDATE": 1738800000000, "INSTRUMENT": "20250206 0009127"}}, {"type": "Feature", "geometry": {"type": "Polygon", "coordinates": [[[-86.58272, 36.18874], [-86.58274, 36.18874], [-86.58281, 36.18839], [-86.58281, 36.18839], [-86.58282, 36.18834], [-86.58283, 36.18828], [-86.58283, 36.18828], [-86.58289, 36.18793], [-86.5829, 36.18788], [-86.58298, 36.18751], [-86.58303, 36.18724], [-86.58306, 36.18708], [-86.58309, 36.18693], [-86.58311, 36.18679], [-86.58314, 36.18665], [-86.58317, 36.18652], [-86.58319, 36.1864], [-86.58321, 36.18629], [-86.58323, 36.18618], [-86.58326, 36.18604], [-86.58326, 36.18604], [-86.58327, 36.18597], [-86.58328, 36.18591], [-86.58328, 36.18591], [-86.58331, 36.18577], [-86.58332, 36.18575], [-86.58333, 36.18566], [-86.58334, 36.18561], [-86.58335, 36.18555], [-86.58337, 36.18548], [-86.58338, 36.18545], [-86.5834, 36.18534], [-86.5834, 36.18534], [-86.58342, 36.18523], [-86.58342, 36.1852], [-86.58344, 36.18512], [-86.58345, 36.18507], [-86.58346, 36.18501], [-86.58348, 36.18493], [-86.58348, 36.1849], [-86.5835, 36.1848], [-86.5835, 36.1848], [-86.58352, 36.18469], [-86.58353, 36.18466], [-86.58355, 36.18458], [-86.58356, 36.18453], [-86.58357, 36.18447], [-86.58358, 36.18439], [-86.5836, 36.18433], [-86.58366, 36.184], [-86.58366, 36.18399], [-86.58332, 36.18396], [-86.58332, 36.18396], [-86.58316, 36.18395], [-86.58283, 36.18392], [-86.58274, 36.18433], [-86.58274, 36.18434], [-86.58271, 36.18447], [-86.58268, 36.18461], [-86.58265, 36.18474], [-86.58262, 36.18484], [-86.58262, 36.18484], [-86.58262, 36.18488], [-86.58259, 36.18501], [-86.58257, 36.18515], [-86.58254, 36.18528], [-86.58252, 36.18542], [-86.58249, 36.18556], [-86.58247, 36.18569], [-86.58244, 36.18586], [-86.58242, 36.18595], [-86.58243, 36.18595], [-86.58242, 36.18599], [-86.58243, 36.18602], [-86.58244, 36.18605], [-86.58246, 36.18609], [-86.58247, 36.18613], [-86.58246, 36.18613], [-86.58246, 36.18614], [-86.58246, 36.18615], [-86.58245, 36.18615], [-86.58245, 36.18616], [-86.58245, 36.18622], [-86.58245, 36.18627], [-86.58244, 36.18633], [-86.58243, 36.18637], [-86.58232, 36.18694], [-86.58226, 36.18733], [-86.58219, 36.18773], [-86.58212, 36.18829], [-86.5821, 36.18842], [-86.58206, 36.18868], [-86.58272, 36.18874]], [[-86.58257, 36.18871], [-86.58245, 36.1887], [-86.58234, 36.18868], [-86.58222, 36.18867], [-86.58208, 36.18865], [-86.58213, 36.1884], [-86.58227, 36.18842], [-86.58239, 36.18843], [-86.5825, 36.18845], [-86.58258, 36.18846], [-86.58262, 36.18846], [-86.58257, 36.18871]], [[-86.58233, 36.18811], [-86.58245, 36.18812], [-86.58256, 36.18814], [-86.5827, 36.18815], [-86.58266, 36.18833], [-86.58266, 36.18835], [-86.58265, 36.18836], [-86.58264, 36.18837], [-86.58263, 36.18838], [-86.58262, 36.18838], [-86.5826, 36.18839], [-86.58259, 36.18839], [-86.58258, 36.18839], [-86.58256, 36.18839], [-86.58251, 36.18838], [-86.5824, 36.18837], [-86.58229, 36.18835], [-86.58214, 36.18833], [-86.58219, 36.18809], [-86.58233, 36.18811]]]}, "properties": {"NAME": "WEMBLEY PARK", "RECORDEDDATE": 1688688000000, "INSTRUMENT": "PL-20230707 0052042"}}, {"type": "Feature", "geometry": {"type": "Polygon", "coordinates": [[[-86.78436, 36.20534], [-86.78455, 36.20569], [-86.78457, 36.20568], [-86.78469, 36.20564], [-86.78482, 36.20559], [-86.78494, 36.20554], [-86.78505, 36.2055], [-86.78506, 36.2055], [-86.78518, 36.20545], [-86.78531, 36.2054], [-86.78542, 36.20536], [-86.78554, 36.20531], [-86.78567, 36.20526], [-86.7858, 36.20521], [-86.78591, 36.20517], [-86.78604, 36.20512], [-86.78615, 36.20507], [-86.78616, 36.20507], [-86.78628, 36.20502], [-86.78634, 36.205], [-86.7864, 36.20498], [-86.78652, 36.20493], [-86.78653, 36.20493], [-86.78665, 36.20488], [-86.78678, 36.20483], [-86.78694, 36.20477], [-86.78705, 36.20496], [-86.78712, 36.20507], [-86.78742, 36.2056], [-86.78757, 36.20557], [-86.78816, 36.20534], [-86.78819, 36.20533], [-86.7888, 36.20509], [-86.78891, 36.20505], [-86.78936, 36.20488], [-86.78935, 36.20487], [-86.78936, 36.20487], [-86.78938, 36.20486], [-86.7895, 36.20482], [-86.78983, 36.20469], [-86.78984, 36.20468], [-86.78978, 36.20456], [-86.78973, 36.20446], [-86.78968, 36.20437], [-86.7896, 36.20423], [-86.78953, 36.2041], [-86.78943, 36.20399], [-86.78944, 36.20398], [-86.78938, 36.20387], [-86.78933, 36.20377], [-86.78928, 36.20367], [-86.78922, 36.20357], [-86.78917, 36.20347], [-86.78912, 36.20336], [-86.78906, 36.20324], [-86.78905, 36.20324], [-86.78901, 36.20316], [-86.78897, 36.20309], [-86.78891, 36.20299], [-86.78886, 36.20289], [-86.7888, 36.20278], [-86.78837, 36.20295], [-86.78832, 36.20297], [-86.78765, 36.20322], [-86.78752, 36.20327], [-86.78691, 36.20351], [-86.78649, 36.20367], [-86.78638, 36.20347], [-86.78634, 36.20339], [-86.78627, 36.20327], [-86.7862, 36.20315], [-86.78613, 36.20303], [-86.78607, 36.20291], [-86.78593, 36.20267], [-86.78587, 36.20256], [-86.7858, 36.20244], [-86.78558, 36.20207], [-86.78552, 36.20195], [-86.78551, 36.20195], [-86.78551, 36.20194], [-86.78551, 36.20193], [-86.78551, 36.20192], [-86.78551, 36.20191], [-86.78551, 36.2019], [-86.7854, 36.2018], [-86.78528, 36.20185], [-86.78505, 36.20167], [-86.78495, 36.2016], [-86.78484, 36.20152], [-86.78475, 36.20145], [-86.78464, 36.20138], [-86.78454, 36.2013], [-86.78422, 36.20158], [-86.78414, 36.20151], [-86.78413, 36.2015], [-86.78409, 36.20146], [-86.78405, 36.20141], [-86.78401, 36.20137], [-86.78439, 36.20115], [-86.78447, 36.20124], [-86.78444, 36.20116], [-86.78427, 36.20096], [-86.78427, 36.20096], [-86.78422, 36.20091], [-86.78407, 36.20073], [-86.78383, 36.20046], [-86.78375, 36.20037], [-86.78352, 36.20005], [-86.78345, 36.19996], [-86.78317, 36.19958], [-86.78301, 36.19937], [-86.78299, 36.19939], [-86.78297, 36.1994], [-86.78295, 36.19942], [-86.78293, 36.19943], [-86.7829, 36.19943], [-86.78287, 36.19944], [-86.78284, 36.19945], [-86.78282, 36.19946], [-86.78279, 36.19948], [-86.78277, 36.1995], [-86.78275, 36.19953], [-86.78274, 36.19955], [-86.7827, 36.1996], [-86.78265, 36.19965], [-86.78255, 36.19974], [-86.78248, 36.19981], [-86.7824, 36.19987], [-86.78236, 36.1999], [-86.78231, 36.19993], [-86.78231, 36.19994], [-86.78229, 36.19995], [-86.78223, 36.19999], [-86.78219, 36.20004], [-86.78215, 36.20009], [-86.78212, 36.20012], [-86.7821, 36.20014], [-86.78207, 36.20016], [-86.78204, 36.20017], [-86.782, 36.20019], [-86.78196, 36.2002], [-86.78191, 36.20021], [-86.78178, 36.20025], [-86.78178, 36.20025], [-86.78177, 36.20025], [-86.78167, 36.20029], [-86.78157, 36.20032], [-86.78146, 36.20037], [-86.78142, 36.20038], [-86.78139, 36.2004], [-86.78131, 36.20043], [-86.78101, 36.20056], [-86.7809, 36.2006], [-86.7809, 36.20061], [-86.78088, 36.20069], [-86.78087, 36.20077], [-86.78095, 36.20083], [-86.78094, 36.20089], [-86.78218, 36.20079], [-86.78246, 36.20198], [-86.78259, 36.20427], [-86.7826, 36.20435], [-86.78266, 36.20457], [-86.78355, 36.20424], [-86.7836, 36.20422], [-86.78371, 36.20443], [-86.78391, 36.20476], [-86.78397, 36.20487], [-86.78426, 36.20538], [-86.78435, 36.20535], [-86.78435, 36.20535], [-86.78435, 36.20534], [-86.78436, 36.20534], [-86.78436, 36.20534]], [[-86.78533, 36.20485], [-86.78517, 36.20491], [-86.78497, 36.20456], [-86.78504, 36.20453], [-86.78513, 36.2045], [-86.78534, 36.20441], [-86.78554, 36.20476], [-86.78533, 36.20485]], [[-86.78477, 36.20458], [-86.78469, 36.20461], [-86.78454, 36.20467], [-86.78438, 36.20473], [-86.78423, 36.20478], [-86.78408, 36.20484], [-86.78393, 36.20458], [-86.78393, 36.20458], [-86.78392, 36.20457], [-86.78392, 36.20457], [-86.78392, 36.20456], [-86.78392, 36.20455], [-86.78392, 36.20455], [-86.78392, 36.20454], [-86.78392, 36.20453], [-86.78393, 36.20453], [-86.78393, 36.20453], [-86.78393, 36.20452], [-86.78394, 36.20452], [-86.78394, 36.20451], [-86.78402, 36.20448], [-86.78405, 36.20447], [-86.7842, 36.20441], [-86.78436, 36.20435], [-86.78451, 36.20428], [-86.78466, 36.20422], [-86.78481, 36.20416], [-86.78496, 36.2041], [-86.78512, 36.20404], [-86.78531, 36.20438], [-86.78528, 36.20439], [-86.78528, 36.20439], [-86.78515, 36.20444], [-86.785, 36.20449], [-86.78496, 36.20451], [-86.78493, 36.20452], [-86.78485, 36.20455], [-86.78485, 36.20455], [-86.78477, 36.20458]], [[-86.78475, 36.20407], [-86.7846, 36.20413], [-86.78445, 36.20419], [-86.7843, 36.20425], [-86.78415, 36.20431], [-86.78399, 36.20437], [-86.78392, 36.2044], [-86.78392, 36.2044], [-86.78392, 36.2044], [-86.78392, 36.2044], [-86.78391, 36.2044], [-86.78391, 36.2044], [-86.7839, 36.2044], [-86.78389, 36.2044], [-86.78389, 36.2044], [-86.78388, 36.20441], [-86.78388, 36.20441], [-86.78387, 36.2044], [-86.78385, 36.2044], [-86.78384, 36.2044], [-86.78383, 36.20439], [-86.78383, 36.20439], [-86.78382, 36.20438], [-86.78382, 36.20438], [-86.78381, 36.20437], [-86.78381, 36.20437], [-86.78381, 36.20436], [-86.78381, 36.20436], [-86.78364, 36.20406], [-86.78379, 36.204], [-86.78394, 36.20394], [-86.7841, 36.20388], [-86.78425, 36.20383], [-86.7844, 36.20377], [-86.78455, 36.20371], [-86.78471, 36.20365], [-86.78486, 36.20359], [-86.78501, 36.20353], [-86.78516, 36.20347], [-86.78532, 36.20341], [-86.78547, 36.20335], [-86.78562, 36.20329], [-86.78578, 36.20323], [-86.786, 36.20314], [-86.78601, 36.20314], [-86.78617, 36.20343], [-86.78618, 36.20344], [-86.78618, 36.20344], [-86.78618, 36.20345], [-86.78618, 36.20345], [-86.78618, 36.20346], [-86.78618, 36.20346], [-86.78618, 36.20347], [-86.78618, 36.20348], [-86.78618, 36.20348], [-86.78618, 36.20349], [-86.78617, 36.20349], [-86.78617, 36.2035], [-86.78616, 36.2035], [-86.78615, 36.20351], [-86.78614, 36.20352], [-86.78614, 36.20352], [-86.78613, 36.20352], [-86.78607, 36.20355], [-86.78597, 36.20359], [-86.78582, 36.20365], [-86.78567, 36.20371], [-86.78552, 36.20377], [-86.78536, 36.20383], [-86.78521, 36.20389], [-86.78506, 36.20395], [-86.78491, 36.20401], [-86.78475, 36.20407]], [[-86.78719, 36.20397], [-86.78739, 36.2039], [-86.78758, 36.20382], [-86.7876, 36.20385], [-86.78767, 36.20399], [-86.78778, 36.20416], [-86.78758, 36.20424], [-86.78741, 36.2043], [-86.7874, 36.20431], [-86.78738, 36.20427], [-86.78719, 36.20397]], [[-86.78786, 36.20475], [-86.78805, 36.20468], [-86.78823, 36.20461], [-86.78828, 36.20469], [-86.78834, 36.20479], [-86.7884, 36.20489], [-86.78822, 36.20496], [-86.78803, 36.20504], [-86.78797, 36.20494], [-86.78786, 36.20475]]]}, "properties": {"NAME": "SCRUGGS BROOKLYN HGTS", "RECORDEDDATE": -1863302400000, "INSTRUMENT": "PL-00000332 0000140"}}]}