{"type": "FeatureCollection", "features": [{"type": "Feature", "properties": {"op": "ACPF Spring Path", "st": "Pipeline (vacant / in development)", "ty": "Merchant-build / forward-flow (builds, sells to operator)", "mo": "2. Contractor (investor owns land, hires builder)", "lc": "Pipeline (being built now)", "own": "1104 RESIDENCES COMMUNITY ASSOCIATION, INC", "addr": "0 STARDUST LN", "apn": "174110D90200CO", "ac": 3.5, "acq": {"seller": "CRP/ECG OLD FRANKLIN, LLC", "buyer": "1104 RESIDENCES COMMUNITY ASSOCIATION, INC", "date": "01/24/2024", "price": 0, "url": "https://www.davidsonportal.com/gis/file.php?file=202401250004968"}}, "geometry": {"type": "Polygon", "coordinates": [[[-86.64344, 36.02545, 0], [-86.64345, 36.02545, 0], [-86.64369, 36.025, 0], [-86.64355, 36.02495, 0], [-86.6434, 36.02523, 0], [-86.64326, 36.02518, 0], [-86.64312, 36.02514, 0], [-86.64298, 36.02509, 0], [-86.64284, 36.02504, 0], [-86.6427, 36.02499, 0], [-86.64265, 36.02497, 0], [-86.6426, 36.02496, 0], [-86.64255, 36.02495, 0], [-86.64248, 36.02494, 0], [-86.64241, 36.02493, 0], [-86.64226, 36.02491, 0], [-86.64225, 36.02494, 0], [-86.64212, 36.02493, 0], [-86.64199, 36.02491, 0], [-86.64185, 36.0249, 0], [-86.64172, 36.02488, 0], [-86.64158, 36.02487, 0], [-86.64145, 36.02485, 0], [-86.64132, 36.02483, 0], [-86.64118, 36.02482, 0], [-86.64105, 36.0248, 0], [-86.6409, 36.02478, 0], [-86.64073, 36.02476, 0], [-86.64073, 36.02476, 0], [-86.64031, 36.02471, 0], [-86.64033, 36.0246, 0], [-86.64035, 36.02449, 0], [-86.64037, 36.02438, 0], [-86.64039, 36.02427, 0], [-86.64041, 36.02416, 0], [-86.64043, 36.02405, 0], [-86.64045, 36.02395, 0], [-86.64047, 36.02384, 0], [-86.64049, 36.02373, 0], [-86.64051, 36.02362, 0], [-86.64093, 36.02367, 0], [-86.64096, 36.0237, 0], [-86.64098, 36.02368, 0], [-86.64101, 36.02367, 0], [-86.64102, 36.02366, 0], [-86.64105, 36.02365, 0], [-86.64108, 36.02364, 0], [-86.64111, 36.02364, 0], [-86.64113, 36.02363, 0], [-86.64117, 36.02364, 0], [-86.64267, 36.02381, 0], [-86.64278, 36.02383, 0], [-86.6429, 36.02385, 0], [-86.64297, 36.02387, 0], [-86.64306, 36.02389, 0], [-86.64315, 36.02391, 0], [-86.64323, 36.02394, 0], [-86.64369, 36.0241, 0], [-86.64382, 36.02385, 0], [-86.64398, 36.0239, 0], [-86.64413, 36.02396, 0], [-86.64416, 36.02389, 0], [-86.64429, 36.02394, 0], [-86.64441, 36.02398, 0], [-86.64443, 36.02386, 0], [-86.64421, 36.02384, 0], [-86.64392, 36.02381, 0], [-86.64365, 36.02379, 0], [-86.64103, 36.02356, 0], [-86.64038, 36.0235, 0], [-86.64013, 36.02492, 0], [-86.64012, 36.02502, 0], [-86.64014, 36.02501, 0], [-86.64021, 36.02496, 0], [-86.64061, 36.02503, 0], [-86.64151, 36.02509, 0], [-86.64182, 36.02508, 0], [-86.64222, 36.02513, 0], [-86.6425, 36.02511, 0], [-86.64279, 36.02518, 0], [-86.64301, 36.02527, 0], [-86.64344, 36.02545, 0]]]}}, {"type": "Feature", "properties": {"op": "ACPF Spring Path", "st": "Pipeline (vacant / in development)", "ty": "Merchant-build / forward-flow (builds, sells to operator)", "mo": "2. Contractor (investor owns land, hires builder)", "lc": "Pipeline (being built now)", "own": "1104 RESIDENCES COMMUNITY ASSOCIATION, INC", "addr": "1101 SPRING PATH LN", "apn": "174110D90100CO", "ac": 2.5, "acq": {"seller": "CRP/ECG OLD FRANKLIN, LLC", "buyer": "1104 RESIDENCES COMMUNITY ASSOCIATION, INC", "date": "01/24/2024", "price": 0, "url": "https://www.davidsonportal.com/gis/file.php?file=202401250004968"}}, "geometry": {"type": "Polygon", "coordinates": [[[-86.64525, 36.02535, 0], [-86.64529, 36.02536, 0], [-86.64534, 36.02509, 0], [-86.6454, 36.02509, 0], [-86.6454, 36.02509, 0], [-86.64545, 36.02509, 0], [-86.64545, 36.02509, 0], [-86.64551, 36.0251, 0], [-86.64557, 36.0251, 0], [-86.64557, 36.0251, 0], [-86.64562, 36.02509, 0], [-86.64562, 36.02509, 0], [-86.64568, 36.02509, 0], [-86.64573, 36.02508, 0], [-86.64573, 36.02508, 0], [-86.64578, 36.02508, 0], [-86.64585, 36.02506, 0], [-86.64601, 36.02504, 0], [-86.64608, 36.02531, 0], [-86.64621, 36.02528, 0], [-86.64622, 36.02528, 0], [-86.64622, 36.02528, 0], [-86.64623, 36.02528, 0], [-86.64623, 36.02527, 0], [-86.64624, 36.02527, 0], [-86.64624, 36.02527, 0], [-86.64624, 36.02526, 0], [-86.64624, 36.02525, 0], [-86.64621, 36.02514, 0], [-86.64599, 36.02426, 0], [-86.64597, 36.0242, 0], [-86.64595, 36.02414, 0], [-86.64591, 36.02408, 0], [-86.64588, 36.02403, 0], [-86.64583, 36.02398, 0], [-86.645, 36.02391, 0], [-86.64456, 36.02387, 0], [-86.64443, 36.02386, 0], [-86.64441, 36.02398, 0], [-86.64454, 36.02402, 0], [-86.64466, 36.02407, 0], [-86.64479, 36.02411, 0], [-86.64491, 36.02415, 0], [-86.64503, 36.0242, 0], [-86.64514, 36.02423, 0], [-86.64516, 36.02424, 0], [-86.64518, 36.02425, 0], [-86.64519, 36.02425, 0], [-86.6452, 36.02426, 0], [-86.64523, 36.02427, 0], [-86.64527, 36.02429, 0], [-86.64528, 36.0243, 0], [-86.64532, 36.02433, 0], [-86.64536, 36.02436, 0], [-86.6454, 36.0244, 0], [-86.64541, 36.02441, 0], [-86.64544, 36.02444, 0], [-86.64546, 36.02448, 0], [-86.64548, 36.0245, 0], [-86.64549, 36.02453, 0], [-86.6455, 36.02455, 0], [-86.64551, 36.02459, 0], [-86.64553, 36.02464, 0], [-86.64553, 36.02468, 0], [-86.64553, 36.0247, 0], [-86.64553, 36.02472, 0], [-86.64553, 36.02472, 0], [-86.64553, 36.02477, 0], [-86.64552, 36.02481, 0], [-86.64552, 36.02481, 0], [-86.64551, 36.02485, 0], [-86.64551, 36.02485, 0], [-86.6455, 36.02489, 0], [-86.6455, 36.02489, 0], [-86.64548, 36.02493, 0], [-86.64546, 36.02498, 0], [-86.64507, 36.02484, 0], [-86.645, 36.02498, 0], [-86.64504, 36.02499, 0], [-86.64509, 36.02501, 0], [-86.64515, 36.02502, 0], [-86.64514, 36.02505, 0], [-86.6452, 36.02506, 0], [-86.6452, 36.02506, 0], [-86.64525, 36.02507, 0], [-86.64525, 36.02507, 0], [-86.64531, 36.02508, 0], [-86.64525, 36.02535, 0]]]}}, {"type": "Feature", "properties": {"op": "Brookfield (Cane Ridge)", "st": "Pipeline (vacant / in development)", "ty": "Land-bank / pre-development", "mo": "3. Partnership (builder presells to investor)", "lc": "Pipeline (being built now)", "own": "O.I.C. 115 BROOKFIELD COTTAGES", "addr": "115 B BROOKFIELD AVE", "apn": "129080B90000CO", "ac": 0.5, "acq": {"seller": "", "buyer": "O.I.C. 115 BROOKFIELD COTTAGES", "date": "04/15/2014", "price": 0, "url": "https://www.davidsonportal.com/gis/file.php?file=201404150031442"}}, "geometry": {"type": "Polygon", "coordinates": [[[-86.87397, 36.09304, 0], [-86.87435, 36.09317, 0], [-86.87457, 36.09273, 0], [-86.87425, 36.09262, 0], [-86.8742, 36.09261, 0], [-86.87397, 36.09304, 0]], [[-86.87443, 36.09274, 0], [-86.87441, 36.09279, 0], [-86.87449, 36.09282, 0], [-86.87439, 36.09303, 0], [-86.87433, 36.09301, 0], [-86.87433, 36.093, 0], [-86.87431, 36.093, 0], [-86.87434, 36.09294, 0], [-86.87435, 36.09294, 0], [-86.87436, 36.09292, 0], [-86.87433, 36.09291, 0], [-86.87433, 36.0929, 0], [-86.87429, 36.09288, 0], [-86.87437, 36.09272, 0], [-86.87443, 36.09274, 0]], [[-86.87414, 36.09294, 0], [-86.87412, 36.09293, 0], [-86.87412, 36.09294, 0], [-86.87407, 36.09292, 0], [-86.87418, 36.09271, 0], [-86.87426, 36.09274, 0], [-86.87428, 36.0927, 0], [-86.87434, 36.09272, 0], [-86.87426, 36.09287, 0], [-86.87422, 36.09286, 0], [-86.87421, 36.09287, 0], [-86.87418, 36.09286, 0], [-86.87417, 36.09288, 0], [-86.87417, 36.09288, 0], [-86.87414, 36.09294, 0]]]}}, {"type": "Feature", "properties": {"op": "Brookfield (Cane Ridge)", "st": "Pipeline (vacant / in development)", "ty": "Land-bank / pre-development", "mo": "3. Partnership (builder presells to investor)", "lc": "Pipeline (being built now)", "own": "O.I.C. BROOKFIELD CONDOMINIUMS", "addr": "4202 B HARDING PIKE", "apn": "103160G90000CO", "ac": 0.3, "acq": {"seller": "", "buyer": "O.I.C. BROOKFIELD CONDOMINIUMS", "date": "08/14/2017", "price": 0, "url": "https://www.davidsonportal.com/gis/file.php?book=00006976&page=0000887"}}, "geometry": {"type": "Polygon", "coordinates": [[[-86.83809, 36.13061, 0], [-86.83814, 36.13067, 0], [-86.83853, 36.13049, 0], [-86.83836, 36.13024, 0], [-86.83809, 36.13033, 0], [-86.838, 36.13036, 0], [-86.83799, 36.13037, 0], [-86.83798, 36.13037, 0], [-86.83797, 36.13038, 0], [-86.83797, 36.13039, 0], [-86.83796, 36.1304, 0], [-86.83796, 36.1304, 0], [-86.83796, 36.13041, 0], [-86.83796, 36.13042, 0], [-86.83796, 36.13042, 0], [-86.83797, 36.13043, 0], [-86.83797, 36.13044, 0], [-86.83809, 36.13061, 0]], [[-86.83841, 36.13044, 0], [-86.83832, 36.13048, 0], [-86.83824, 36.13052, 0], [-86.83815, 36.13055, 0], [-86.83812, 36.13051, 0], [-86.83811, 36.13051, 0], [-86.8381, 36.1305, 0], [-86.83808, 36.13046, 0], [-86.83809, 36.13046, 0], [-86.83807, 36.13043, 0], [-86.83812, 36.13041, 0], [-86.83812, 36.13041, 0], [-86.83816, 36.1304, 0], [-86.83817, 36.1304, 0], [-86.83821, 36.13038, 0], [-86.83821, 36.13039, 0], [-86.83827, 36.13037, 0], [-86.83827, 36.13038, 0], [-86.83829, 36.13038, 0], [-86.83828, 36.13037, 0], [-86.83831, 36.13036, 0], [-86.83832, 36.13036, 0], [-86.83832, 36.13036, 0], [-86.83833, 36.13037, 0], [-86.83835, 36.13036, 0], [-86.83841, 36.13044, 0]]]}}, {"type": "Feature", "properties": {"op": "CRP / ECG", "st": "Pipeline (vacant / in development)", "ty": "Merchant-build / forward-flow (builds, sells to operator)", "mo": "3. Partnership (builder presells to investor)", "lc": "Pipeline (being built now)", "own": "O.I.C. HOBSON PIKE TOWNHOUSES", "addr": "1798 SPRUCEDALE DR", "apn": "164140C90000CO", "ac": 10, "acq": {"seller": "", "buyer": "O.I.C. HOBSON PIKE TOWNHOUSES", "date": "06/27/2022", "price": 0, "url": "https://www.davidsonportal.com/gis/file.php?file=202207200083189"}}, "geometry": {"type": "Polygon", "coordinates": [[[-86.61159, 36.03996, 0], [-86.61161, 36.04014, 0], [-86.61167, 36.04013, 0], [-86.61181, 36.04007, 0], [-86.61231, 36.04002, 0], [-86.61249, 36.03995, 0], [-86.61275, 36.03997, 0], [-86.61302, 36.03989, 0], [-86.61349, 36.03998, 0], [-86.61354, 36.04002, 0], [-86.61423, 36.0395, 0], [-86.61388, 36.03833, 0], [-86.61325, 36.03828, 0], [-86.61304, 36.03826, 0], [-86.61296, 36.03826, 0], [-86.61288, 36.03825, 0], [-86.61248, 36.03821, 0], [-86.61192, 36.03816, 0], [-86.61192, 36.03842, 0], [-86.61202, 36.03865, 0], [-86.61161, 36.03867, 0], [-86.61162, 36.03951, 0], [-86.61163, 36.03971, 0], [-86.61151, 36.03994, 0], [-86.61159, 36.03996, 0]], [[-86.61184, 36.03979, 0], [-86.61169, 36.0398, 0], [-86.61168, 36.03974, 0], [-86.61167, 36.03968, 0], [-86.61167, 36.03963, 0], [-86.61166, 36.03957, 0], [-86.61166, 36.03951, 0], [-86.61181, 36.0395, 0], [-86.61182, 36.03956, 0], [-86.61182, 36.03962, 0], [-86.61183, 36.03967, 0], [-86.61184, 36.03973, 0], [-86.61184, 36.03979, 0]], [[-86.6124, 36.03971, 0], [-86.61239, 36.03966, 0], [-86.61238, 36.0396, 0], [-86.61237, 36.03955, 0], [-86.61236, 36.03949, 0], [-86.61235, 36.03943, 0], [-86.6125, 36.03941, 0], [-86.61251, 36.03947, 0], [-86.61252, 36.03953, 0], [-86.61253, 36.03958, 0], [-86.61254, 36.03964, 0], [-86.61255, 36.03969, 0], [-86.61256, 36.03975, 0], [-86.61241, 36.03977, 0], [-86.6124, 36.03971, 0]], [[-86.61275, 36.03938, 0], [-86.61272, 36.03933, 0], [-86.6127, 36.03928, 0], [-86.61267, 36.03922, 0], [-86.61265, 36.03917, 0], [-86.61262, 36.03911, 0], [-86.61277, 36.03907, 0], [-86.61279, 36.03912, 0], [-86.61282, 36.03918, 0], [-86.61284, 36.03923, 0], [-86.61287, 36.03928, 0], [-86.61289, 36.03933, 0], [-86.61292, 36.03939, 0], [-86.61278, 36.03944, 0], [-86.61275, 36.03938, 0]], [[-86.61314, 36.03914, 0], [-86.61313, 36.03908, 0], [-86.61311, 36.03902, 0], [-86.6131, 36.03897, 0], [-86.61309, 36.03891, 0], [-86.61307, 36.03885, 0], [-86.61322, 36.03883, 0], [-86.61324, 36.03889, 0], [-86.61325, 36.03895, 0], [-86.61326, 36.039, 0], [-86.61327, 36.03905, 0], [-86.61329, 36.03911, 0], [-86.6133, 36.03917, 0], [-86.61316, 36.0392, 0], [-86.61314, 36.03914, 0]], [[-86.61244, 36.0391, 0], [-86.61245, 36.03915, 0], [-86.61246, 36.03921, 0], [-86.61247, 36.03926, 0], [-86.61248, 36.03932, 0], [-86.61249, 36.03938, 0], [-86.61234, 36.0394, 0], [-86.61233, 36.03934, 0], [-86.61232, 36.03928, 0], [-86.61231, 36.03922, 0], [-86.6123, 36.03917, 0], [-86.61229, 36.03912, 0], [-86.61228, 36.03905, 0], [-86.61243, 36.03904, 0], [-86.61244, 36.0391, 0]], [[-86.61196, 36.03911, 0], [-86.61197, 36.03917, 0], [-86.61198, 36.03922, 0], [-86.61199, 36.03928, 0], [-86.612, 36.03933, 0], [-86.61201, 36.03939, 0], [-86.61186, 36.03941, 0], [-86.61185, 36.03935, 0], [-86.61184, 36.0393, 0], [-86.61183, 36.03924, 0], [-86.61182, 36.03918, 0], [-86.61181, 36.03913, 0], [-86.6118, 36.03907, 0], [-86.61195, 36.03905, 0], [-86.61196, 36.03911, 0]], [[-86.6118, 36.03904, 0], [-86.61179, 36.03898, 0], [-86.61178, 36.03893, 0], [-86.61177, 36.03887, 0], [-86.61176, 36.03881, 0], [-86.61175, 36.03876, 0], [-86.61174, 36.0387, 0], [-86.61189, 36.03868, 0], [-86.6119, 36.03874, 0], [-86.61191, 36.0388, 0], [-86.61192, 36.03885, 0], [-86.61193, 36.03891, 0], [-86.61194, 36.03896, 0], [-86.61196, 36.03902, 0], [-86.6118, 36.03904, 0]], [[-86.61226, 36.03896, 0], [-86.61225, 36.03891, 0], [-86.61224, 36.03885, 0], [-86.61223, 36.0388, 0], [-86.61222, 36.03875, 0], [-86.61221, 36.03868, 0], [-86.61236, 36.03866, 0], [-86.61237, 36.03873, 0], [-86.61238, 36.03878, 0], [-86.61239, 36.03883, 0], [-86.6124, 36.03889, 0], [-86.61241, 36.03895, 0], [-86.61242, 36.03901, 0], [-86.61227, 36.03903, 0], [-86.61226, 36.03896, 0]], [[-86.61308, 36.03867, 0], [-86.61308, 36.03861, 0], [-86.61307, 36.03856, 0], [-86.61307, 36.0385, 0], [-86.61307, 36.03844, 0], [-86.61323, 36.03844, 0], [-86.61323, 36.0385, 0], [-86.61323, 36.03855, 0], [-86.61323, 36.03861, 0], [-86.61323, 36.03867, 0], [-86.61323, 36.03873, 0], [-86.61324, 36.03879, 0], [-86.61308, 36.03879, 0], [-86.61308, 36.03873, 0], [-86.61308, 36.03867, 0]], [[-86.61284, 36.03847, 0], [-86.61276, 36.03846, 0], [-86.61269, 36.03845, 0], [-86.61262, 36.03845, 0], [-86.61255, 36.03844, 0], [-86.61248, 36.03843, 0], [-86.61241, 36.03843, 0], [-86.61243, 36.0383, 0], [-86.6125, 36.03831, 0], [-86.61257, 36.03832, 0], [-86.61264, 36.03832, 0], [-86.61271, 36.03833, 0], [-86.61278, 36.03834, 0], [-86.61285, 36.03835, 0], [-86.61284, 36.03847, 0]], [[-86.61238, 36.03843, 0], [-86.6123, 36.03842, 0], [-86.61223, 36.03842, 0], [-86.61216, 36.03842, 0], [-86.61209, 36.03842, 0], [-86.61202, 36.03841, 0], [-86.61194, 36.03841, 0], [-86.61195, 36.03829, 0], [-86.61203, 36.03829, 0], [-86.6121, 36.03829, 0], [-86.61217, 36.03829, 0], [-86.61224, 36.0383, 0], [-86.61231, 36.0383, 0], [-86.61239, 36.0383, 0], [-86.61238, 36.03843, 0]], [[-86.61276, 36.03876, 0], [-86.61276, 36.03881, 0], [-86.61276, 36.03887, 0], [-86.61276, 36.03892, 0], [-86.61277, 36.03898, 0], [-86.61277, 36.03904, 0], [-86.61262, 36.03904, 0], [-86.61261, 36.03898, 0], [-86.61261, 36.03893, 0], [-86.61261, 36.03888, 0], [-86.61261, 36.03882, 0], [-86.61261, 36.03876, 0], [-86.61261, 36.0387, 0], [-86.61276, 36.0387, 0], [-86.61276, 36.03876, 0]], [[-86.61337, 36.03917, 0], [-86.61341, 36.03922, 0], [-86.61346, 36.03927, 0], [-86.6135, 36.03931, 0], [-86.61354, 36.03936, 0], [-86.61358, 36.0394, 0], [-86.61363, 36.03945, 0], [-86.61351, 36.03953, 0], [-86.61346, 36.03948, 0], [-86.61342, 36.03943, 0], [-86.61338, 36.03939, 0], [-86.61334, 36.03934, 0], [-86.61329, 36.0393, 0], [-86.61325, 36.03925, 0], [-86.61337, 36.03917, 0]], [[-86.61288, 36.03951, 0], [-86.61289, 36.03957, 0], [-86.6129, 36.03962, 0], [-86.61291, 36.03968, 0], [-86.61292, 36.03974, 0], [-86.61276, 36.03975, 0], [-86.61275, 36.03969, 0], [-86.61275, 36.03964, 0], [-86.61274, 36.03958, 0], [-86.61273, 36.03953, 0], [-86.61272, 36.03946, 0], [-86.61288, 36.03945, 0], [-86.61288, 36.03951, 0]], [[-86.61334, 36.03968, 0], [-86.61339, 36.03964, 0], [-86.61344, 36.03959, 0], [-86.61355, 36.03968, 0], [-86.6135, 36.03972, 0], [-86.61345, 36.03977, 0], [-86.61334, 36.03968, 0]]]}}, {"type": "Feature", "properties": {"op": "CRP / ECG", "st": "Pipeline (vacant / in development)", "ty": "Merchant-build / forward-flow (builds, sells to operator)", "mo": "3. Partnership (builder presells to investor)", "lc": "Pipeline (being built now)", "own": "O.I.C. HOBSON PIKE TOWNHOUSES", "addr": "1665 HOBSON PIKE", "apn": "164140C90100CO", "ac": 6.2, "acq": {"seller": "", "buyer": "O.I.C. HOBSON PIKE TOWNHOUSES", "date": "06/27/2022", "price": 0, "url": "https://www.davidsonportal.com/gis/file.php?file=202207200083189"}}, "geometry": {"type": "Polygon", "coordinates": [[[-86.61033, 36.04016, 0], [-86.61033, 36.04016, 0], [-86.61031, 36.04022, 0], [-86.61031, 36.04022, 0], [-86.61028, 36.04028, 0], [-86.61025, 36.04033, 0], [-86.6104, 36.04036, 0], [-86.61057, 36.04032, 0], [-86.61065, 36.04021, 0], [-86.61078, 36.04016, 0], [-86.61105, 36.0402, 0], [-86.61117, 36.04016, 0], [-86.61161, 36.04014, 0], [-86.61159, 36.03996, 0], [-86.61151, 36.03994, 0], [-86.61163, 36.03971, 0], [-86.61162, 36.03951, 0], [-86.61161, 36.03867, 0], [-86.61202, 36.03865, 0], [-86.61192, 36.03842, 0], [-86.61192, 36.03816, 0], [-86.6119, 36.03815, 0], [-86.61134, 36.0381, 0], [-86.6114, 36.03774, 0], [-86.61097, 36.03749, 0], [-86.61085, 36.03806, 0], [-86.61082, 36.03833, 0], [-86.6107, 36.03885, 0], [-86.61051, 36.03966, 0], [-86.61048, 36.03975, 0], [-86.61048, 36.03975, 0], [-86.61046, 36.03983, 0], [-86.61046, 36.03983, 0], [-86.61043, 36.03992, 0], [-86.61043, 36.03992, 0], [-86.6104, 36.04001, 0], [-86.6104, 36.04001, 0], [-86.61036, 36.04009, 0], [-86.61036, 36.0401, 0], [-86.61036, 36.0401, 0], [-86.61033, 36.04016, 0]], [[-86.61073, 36.03993, 0], [-86.61072, 36.03988, 0], [-86.61071, 36.03982, 0], [-86.61071, 36.03976, 0], [-86.6107, 36.03971, 0], [-86.61069, 36.03965, 0], [-86.61068, 36.03959, 0], [-86.61083, 36.03957, 0], [-86.61084, 36.03964, 0], [-86.61085, 36.03969, 0], [-86.61086, 36.03975, 0], [-86.61086, 36.03981, 0], [-86.61087, 36.03986, 0], [-86.61088, 36.03992, 0], [-86.61073, 36.03993, 0]], [[-86.6114, 36.03952, 0], [-86.61139, 36.03946, 0], [-86.61139, 36.03941, 0], [-86.61139, 36.03935, 0], [-86.61139, 36.03929, 0], [-86.61139, 36.03923, 0], [-86.61153, 36.03923, 0], [-86.61154, 36.03929, 0], [-86.61154, 36.03935, 0], [-86.61154, 36.03941, 0], [-86.61154, 36.03946, 0], [-86.61154, 36.03951, 0], [-86.61155, 36.03958, 0], [-86.6114, 36.03958, 0], [-86.6114, 36.03952, 0]], [[-86.61107, 36.03928, 0], [-86.61108, 36.03933, 0], [-86.61108, 36.03939, 0], [-86.61108, 36.03944, 0], [-86.61108, 36.03951, 0], [-86.61093, 36.03951, 0], [-86.61093, 36.03945, 0], [-86.61092, 36.0394, 0], [-86.61092, 36.03934, 0], [-86.61092, 36.03928, 0], [-86.61092, 36.03922, 0], [-86.61091, 36.03916, 0], [-86.61107, 36.03916, 0], [-86.61107, 36.03922, 0], [-86.61107, 36.03928, 0]], [[-86.61138, 36.03914, 0], [-86.61138, 36.03909, 0], [-86.61138, 36.03903, 0], [-86.61138, 36.03897, 0], [-86.61152, 36.03897, 0], [-86.61153, 36.03903, 0], [-86.61153, 36.03909, 0], [-86.61153, 36.03914, 0], [-86.61153, 36.0392, 0], [-86.61138, 36.0392, 0], [-86.61138, 36.03914, 0]], [[-86.61107, 36.03901, 0], [-86.61107, 36.03907, 0], [-86.61107, 36.03913, 0], [-86.61091, 36.03914, 0], [-86.61091, 36.03907, 0], [-86.61091, 36.03902, 0], [-86.61091, 36.03896, 0], [-86.61091, 36.03891, 0], [-86.6109, 36.03885, 0], [-86.6109, 36.03879, 0], [-86.61106, 36.03879, 0], [-86.61106, 36.03885, 0], [-86.61106, 36.0389, 0], [-86.61106, 36.03896, 0], [-86.61107, 36.03901, 0]], [[-86.61137, 36.03888, 0], [-86.61137, 36.03883, 0], [-86.61137, 36.03877, 0], [-86.61137, 36.0387, 0], [-86.61151, 36.0387, 0], [-86.61152, 36.03876, 0], [-86.61152, 36.03882, 0], [-86.61152, 36.03887, 0], [-86.61152, 36.03893, 0], [-86.61137, 36.03894, 0], [-86.61137, 36.03888, 0]], [[-86.61132, 36.03987, 0], [-86.61135, 36.03981, 0], [-86.61138, 36.03977, 0], [-86.6114, 36.03971, 0], [-86.61143, 36.03966, 0], [-86.61146, 36.0396, 0], [-86.6116, 36.03965, 0], [-86.61157, 36.03971, 0], [-86.61155, 36.03976, 0], [-86.61152, 36.03981, 0], [-86.61149, 36.03986, 0], [-86.61146, 36.03992, 0], [-86.61132, 36.03987, 0]], [[-86.6119, 36.03844, 0], [-86.61183, 36.03844, 0], [-86.61176, 36.03845, 0], [-86.61169, 36.03845, 0], [-86.61162, 36.03845, 0], [-86.61155, 36.03846, 0], [-86.61149, 36.03846, 0], [-86.61141, 36.03846, 0], [-86.6114, 36.03834, 0], [-86.61148, 36.03834, 0], [-86.61155, 36.03833, 0], [-86.61161, 36.03833, 0], [-86.61168, 36.03833, 0], [-86.61175, 36.03832, 0], [-86.61182, 36.03832, 0], [-86.61189, 36.03832, 0], [-86.6119, 36.03844, 0]]]}}, {"type": "Feature", "properties": {"op": "CRP / ECG", "st": "Pipeline (vacant / in development)", "ty": "Merchant-build / forward-flow (builds, sells to operator)", "mo": "3. Partnership (builder presells to investor)", "lc": "Pipeline (being built now)", "own": "O.I.C. CHARLOTTE PARK TOWNHOMES AMENDED", "addr": "647 B VERNON AVE", "apn": "091053E90000CO", "ac": 4.1, "acq": {"seller": "", "buyer": "O.I.C. CHARLOTTE PARK TOWNHOMES AMENDED", "date": "07/07/2020", "price": 0, "url": "https://www.davidsonportal.com/gis/file.php?file=202007090074684"}}, "geometry": {"type": "MultiPolygon", "coordinates": [[[[-86.87049, 36.16044, 0], [-86.87049, 36.16044, 0], [-86.87049, 36.16043, 0], [-86.87063, 36.15964, 0], [-86.87031, 36.1596, 0], [-86.8702, 36.15959, 0], [-86.87003, 36.15957, 0], [-86.86986, 36.15955, 0], [-86.86966, 36.15953, 0], [-86.86949, 36.1595, 0], [-86.86929, 36.15948, 0], [-86.86911, 36.15946, 0], [-86.86894, 36.15944, 0], [-86.86889, 36.15943, 0], [-86.8689, 36.15944, 0], [-86.86888, 36.15957, 0], [-86.86883, 36.15984, 0], [-86.86881, 36.15984, 0], [-86.86817, 36.15976, 0], [-86.86816, 36.15985, 0], [-86.86833, 36.15987, 0], [-86.86831, 36.15994, 0], [-86.8683, 36.16002, 0], [-86.86828, 36.1601, 0], [-86.86827, 36.16018, 0], [-86.86835, 36.16019, 0], [-86.86836, 36.1601, 0], [-86.86838, 36.16003, 0], [-86.86839, 36.15995, 0], [-86.8684, 36.15988, 0], [-86.86859, 36.1599, 0], [-86.86857, 36.15997, 0], [-86.86856, 36.16005, 0], [-86.86855, 36.16013, 0], [-86.86853, 36.16021, 0], [-86.86864, 36.16022, 0], [-86.86866, 36.16014, 0], [-86.86867, 36.16006, 0], [-86.86869, 36.15999, 0], [-86.8687, 36.15992, 0], [-86.86888, 36.15994, 0], [-86.86887, 36.16001, 0], [-86.86886, 36.16008, 0], [-86.86884, 36.16016, 0], [-86.86883, 36.16024, 0], [-86.86926, 36.16029, 0], [-86.87049, 36.16044, 0]], [[-86.87031, 36.15997, 0], [-86.87029, 36.16005, 0], [-86.87028, 36.16012, 0], [-86.87026, 36.16021, 0], [-86.87027, 36.16021, 0], [-86.87036, 36.16022, 0], [-86.87045, 36.16023, 0], [-86.87043, 36.16035, 0], [-86.87034, 36.16034, 0], [-86.87025, 36.16033, 0], [-86.87016, 36.16031, 0], [-86.87018, 36.1602, 0], [-86.87009, 36.16019, 0], [-86.8701, 36.1601, 0], [-86.87012, 36.16003, 0], [-86.87013, 36.15995, 0], [-86.87015, 36.15987, 0], [-86.87017, 36.15972, 0], [-86.87038, 36.15975, 0], [-86.87046, 36.15976, 0], [-86.87053, 36.15977, 0], [-86.87051, 36.15991, 0], [-86.87044, 36.1599, 0], [-86.87035, 36.15989, 0], [-86.87032, 36.15989, 0], [-86.87031, 36.15997, 0]], [[-86.87006, 36.15986, 0], [-86.87005, 36.15994, 0], [-86.87003, 36.16002, 0], [-86.87002, 36.16009, 0], [-86.87001, 36.16018, 0], [-86.86998, 36.1603, 0], [-86.86983, 36.16028, 0], [-86.86974, 36.16027, 0], [-86.86953, 36.16025, 0], [-86.86955, 36.16012, 0], [-86.86957, 36.16004, 0], [-86.86958, 36.15996, 0], [-86.8696, 36.15989, 0], [-86.86961, 36.1598, 0], [-86.86964, 36.15966, 0], [-86.86982, 36.15968, 0], [-86.8699, 36.15969, 0], [-86.87009, 36.15972, 0], [-86.87006, 36.15986, 0]], [[-86.86939, 36.16023, 0], [-86.86928, 36.16021, 0], [-86.86919, 36.1602, 0], [-86.8691, 36.16019, 0], [-86.86892, 36.16017, 0], [-86.86894, 36.16005, 0], [-86.86896, 36.15995, 0], [-86.86914, 36.15997, 0], [-86.86912, 36.16007, 0], [-86.86921, 36.16008, 0], [-86.8693, 36.16009, 0], [-86.86931, 36.16001, 0], [-86.86932, 36.15993, 0], [-86.86934, 36.15986, 0], [-86.86935, 36.15977, 0], [-86.86927, 36.15976, 0], [-86.86918, 36.15975, 0], [-86.86916, 36.15984, 0], [-86.86899, 36.15982, 0], [-86.869, 36.15973, 0], [-86.86903, 36.15959, 0], [-86.8692, 36.15961, 0], [-86.86929, 36.15962, 0], [-86.86938, 36.15963, 0], [-86.86955, 36.15965, 0], [-86.86953, 36.15979, 0], [-86.86951, 36.15988, 0], [-86.8695, 36.15995, 0], [-86.86949, 36.16003, 0], [-86.86947, 36.16011, 0], [-86.86941, 36.1601, 0], [-86.86939, 36.16023, 0]]], [[[-86.86978, 36.15991, 0], [-86.86976, 36.15998, 0], [-86.86975, 36.16006, 0], [-86.86973, 36.16014, 0], [-86.86976, 36.16015, 0], [-86.86982, 36.16015, 0], [-86.86983, 36.16007, 0], [-86.86985, 36.15999, 0], [-86.86986, 36.15992, 0], [-86.86988, 36.15983, 0], [-86.86979, 36.15982, 0], [-86.86978, 36.15991, 0]]]]}}, {"type": "Feature", "properties": {"op": "CRP / ECG", "st": "Pipeline (vacant / in development)", "ty": "Merchant-build / forward-flow (builds, sells to operator)", "mo": "3. Partnership (builder presells to investor)", "lc": "Pipeline (being built now)", "own": "O.I.C. HILLSIDE FLATS", "addr": "500 B HILLSIDE CT", "apn": "105052A90000CO", "ac": 3.8, "acq": {"seller": "", "buyer": "O.I.C. HILLSIDE FLATS", "date": "11/21/2019", "price": 0, "url": "https://www.davidsonportal.com/gis/file.php?file=201911270122787"}}, "geometry": {"type": "Polygon", "coordinates": [[[-86.78171, 36.14089, 0], [-86.78172, 36.1409, 0], [-86.78173, 36.1409, 0], [-86.78173, 36.1409, 0], [-86.78174, 36.14091, 0], [-86.78178, 36.14092, 0], [-86.78179, 36.14092, 0], [-86.7818, 36.14092, 0], [-86.78181, 36.14092, 0], [-86.78181, 36.14093, 0], [-86.78184, 36.14093, 0], [-86.78184, 36.14093, 0], [-86.78185, 36.14093, 0], [-86.78186, 36.14093, 0], [-86.78254, 36.14098, 0], [-86.78254, 36.14102, 0], [-86.78353, 36.14109, 0], [-86.78353, 36.14109, 0], [-86.78353, 36.14111, 0], [-86.78353, 36.14111, 0], [-86.78364, 36.14058, 0], [-86.78374, 36.14007, 0], [-86.78336, 36.14007, 0], [-86.78329, 36.14007, 0], [-86.78321, 36.14006, 0], [-86.78313, 36.14005, 0], [-86.78304, 36.14003, 0], [-86.78296, 36.14001, 0], [-86.78277, 36.13995, 0], [-86.78276, 36.13995, 0], [-86.78275, 36.13995, 0], [-86.78274, 36.13995, 0], [-86.78272, 36.13995, 0], [-86.78271, 36.13996, 0], [-86.7827, 36.13996, 0], [-86.78269, 36.13997, 0], [-86.78265, 36.14002, 0], [-86.78261, 36.14006, 0], [-86.78257, 36.1401, 0], [-86.7825, 36.14016, 0], [-86.78244, 36.14022, 0], [-86.78236, 36.14028, 0], [-86.78231, 36.14031, 0], [-86.78225, 36.14036, 0], [-86.78218, 36.14039, 0], [-86.78205, 36.14047, 0], [-86.78198, 36.14052, 0], [-86.7819, 36.14057, 0], [-86.78183, 36.14062, 0], [-86.78176, 36.14068, 0], [-86.78171, 36.14073, 0], [-86.78166, 36.14078, 0], [-86.78161, 36.14083, 0], [-86.78162, 36.14084, 0], [-86.78165, 36.14086, 0], [-86.78166, 36.14087, 0], [-86.78167, 36.14087, 0], [-86.78171, 36.14089, 0]], [[-86.78327, 36.14089, 0], [-86.78297, 36.14087, 0], [-86.78297, 36.14086, 0], [-86.78285, 36.14086, 0], [-86.78285, 36.14088, 0], [-86.78278, 36.14088, 0], [-86.78278, 36.14087, 0], [-86.78263, 36.14086, 0], [-86.78263, 36.14087, 0], [-86.78255, 36.14087, 0], [-86.78255, 36.14085, 0], [-86.78251, 36.14085, 0], [-86.78251, 36.14086, 0], [-86.78243, 36.14086, 0], [-86.78243, 36.14085, 0], [-86.78223, 36.14084, 0], [-86.78223, 36.14085, 0], [-86.78203, 36.14084, 0], [-86.78203, 36.14083, 0], [-86.78199, 36.14082, 0], [-86.78199, 36.14084, 0], [-86.78187, 36.14083, 0], [-86.78187, 36.14074, 0], [-86.7819, 36.14074, 0], [-86.7819, 36.14072, 0], [-86.78189, 36.14072, 0], [-86.7819, 36.14063, 0], [-86.78202, 36.14064, 0], [-86.78202, 36.14065, 0], [-86.78209, 36.14065, 0], [-86.78209, 36.14068, 0], [-86.78212, 36.14068, 0], [-86.78215, 36.14066, 0], [-86.78215, 36.14063, 0], [-86.78221, 36.14063, 0], [-86.78222, 36.14054, 0], [-86.78221, 36.14054, 0], [-86.78221, 36.14051, 0], [-86.78259, 36.14026, 0], [-86.78259, 36.14023, 0], [-86.78263, 36.14023, 0], [-86.78263, 36.14018, 0], [-86.78267, 36.14018, 0], [-86.78267, 36.14019, 0], [-86.78271, 36.14019, 0], [-86.78271, 36.14021, 0], [-86.7828, 36.14022, 0], [-86.7828, 36.14015, 0], [-86.78272, 36.14015, 0], [-86.78272, 36.14012, 0], [-86.78274, 36.14013, 0], [-86.78274, 36.14009, 0], [-86.78271, 36.14009, 0], [-86.78271, 36.14004, 0], [-86.78288, 36.14005, 0], [-86.78288, 36.14005, 0], [-86.78292, 36.14005, 0], [-86.78292, 36.14006, 0], [-86.78301, 36.14006, 0], [-86.78301, 36.14008, 0], [-86.78304, 36.14008, 0], [-86.78304, 36.14007, 0], [-86.78309, 36.14007, 0], [-86.78309, 36.14008, 0], [-86.78313, 36.14008, 0], [-86.78313, 36.14007, 0], [-86.78332, 36.14008, 0], [-86.78332, 36.14009, 0], [-86.78336, 36.14009, 0], [-86.78336, 36.14008, 0], [-86.78338, 36.14008, 0], [-86.78353, 36.14009, 0], [-86.78353, 36.14008, 0], [-86.78357, 36.14008, 0], [-86.78357, 36.14008, 0], [-86.78366, 36.14009, 0], [-86.78366, 36.14008, 0], [-86.78371, 36.14008, 0], [-86.7837, 36.14018, 0], [-86.78368, 36.14018, 0], [-86.78367, 36.14032, 0], [-86.78365, 36.14032, 0], [-86.78364, 36.14045, 0], [-86.78359, 36.14045, 0], [-86.78356, 36.14073, 0], [-86.78355, 36.14073, 0], [-86.78354, 36.14086, 0], [-86.78328, 36.14085, 0], [-86.78327, 36.14089, 0]]]}}, {"type": "Feature", "properties": {"op": "CRP / ECG", "st": "Pipeline (vacant / in development)", "ty": "Merchant-build / forward-flow (builds, sells to operator)", "mo": "3. Partnership (builder presells to investor)", "lc": "Pipeline (being built now)", "own": "O.I.C. HAYS HILL TOWNHOMES", "addr": "0 HAYS RIDGE LN", "apn": "164160C90600CO", "ac": 1, "acq": {"seller": "", "buyer": "O.I.C. HAYS HILL TOWNHOMES", "date": "10/11/2022", "price": 0, "url": "https://www.davidsonportal.com/gis/file.php?file=202210120111827"}}, "geometry": {"type": "Polygon", "coordinates": [[[-86.59906, 36.04191, 0], [-86.59907, 36.04191, 0], [-86.59908, 36.04191, 0], [-86.59909, 36.04191, 0], [-86.5991, 36.04191, 0], [-86.59911, 36.0419, 0], [-86.59912, 36.04189, 0], [-86.59913, 36.04188, 0], [-86.59913, 36.04187, 0], [-86.59914, 36.04186, 0], [-86.59923, 36.04137, 0], [-86.59923, 36.04136, 0], [-86.59923, 36.04135, 0], [-86.59922, 36.04134, 0], [-86.59922, 36.04133, 0], [-86.59921, 36.04133, 0], [-86.59921, 36.04132, 0], [-86.5992, 36.04132, 0], [-86.59919, 36.04131, 0], [-86.59918, 36.04131, 0], [-86.59917, 36.04131, 0], [-86.59872, 36.04125, 0], [-86.59862, 36.04134, 0], [-86.59858, 36.04138, 0], [-86.59855, 36.04143, 0], [-86.59852, 36.04148, 0], [-86.59849, 36.04153, 0], [-86.59847, 36.04158, 0], [-86.59846, 36.04164, 0], [-86.59842, 36.04183, 0], [-86.59906, 36.04191, 0]], [[-86.59896, 36.04175, 0], [-86.59902, 36.04176, 0], [-86.599, 36.04188, 0], [-86.59893, 36.04188, 0], [-86.59887, 36.04187, 0], [-86.5988, 36.04186, 0], [-86.59874, 36.04185, 0], [-86.59876, 36.04173, 0], [-86.59882, 36.04174, 0], [-86.59889, 36.04174, 0], [-86.59896, 36.04175, 0]], [[-86.59866, 36.04171, 0], [-86.59872, 36.04172, 0], [-86.5987, 36.04185, 0], [-86.59863, 36.04184, 0], [-86.59857, 36.04183, 0], [-86.5985, 36.04182, 0], [-86.59844, 36.04182, 0], [-86.59846, 36.04169, 0], [-86.59852, 36.0417, 0], [-86.59859, 36.0417, 0], [-86.59866, 36.04171, 0]], [[-86.59899, 36.04171, 0], [-86.599, 36.04165, 0], [-86.59901, 36.0416, 0], [-86.59902, 36.04155, 0], [-86.59903, 36.04149, 0], [-86.59904, 36.04144, 0], [-86.59905, 36.04139, 0], [-86.5992, 36.04141, 0], [-86.59919, 36.04146, 0], [-86.59918, 36.04151, 0], [-86.59917, 36.04157, 0], [-86.59916, 36.04162, 0], [-86.59915, 36.04168, 0], [-86.59914, 36.04173, 0], [-86.59899, 36.04171, 0]], [[-86.59891, 36.04129, 0], [-86.59898, 36.0413, 0], [-86.59896, 36.04142, 0], [-86.59889, 36.04141, 0], [-86.59882, 36.0414, 0], [-86.59875, 36.04139, 0], [-86.59869, 36.04138, 0], [-86.59871, 36.04126, 0], [-86.59878, 36.04127, 0], [-86.59885, 36.04128, 0], [-86.59891, 36.04129, 0]]]}}, {"type": "Feature", "properties": {"op": "CRP / ECG", "st": "Pipeline (vacant / in development)", "ty": "Merchant-build / forward-flow (builds, sells to operator)", "mo": "3. Partnership (builder presells to investor)", "lc": "Pipeline (being built now)", "own": "O.I.C. HAYS HILL TOWNHOMES", "addr": "0 HAYS RIDGE LN", "apn": "164160C90300CO", "ac": 0.9, "acq": {"seller": "", "buyer": "O.I.C. HAYS HILL TOWNHOMES", "date": "10/11/2022", "price": 0, "url": "https://www.davidsonportal.com/gis/file.php?file=202210120111827"}}, "geometry": {"type": "Polygon", "coordinates": [[[-86.59782, 36.04261, 0], [-86.59908, 36.04271, 0], [-86.59911, 36.04253, 0], [-86.59847, 36.04245, 0], [-86.59843, 36.04244, 0], [-86.59839, 36.04243, 0], [-86.59835, 36.04242, 0], [-86.59831, 36.04239, 0], [-86.59828, 36.04237, 0], [-86.59825, 36.04234, 0], [-86.59822, 36.0423, 0], [-86.59821, 36.04226, 0], [-86.59819, 36.04222, 0], [-86.59819, 36.04218, 0], [-86.59819, 36.04213, 0], [-86.5982, 36.0421, 0], [-86.59807, 36.04208, 0], [-86.59805, 36.04208, 0], [-86.59803, 36.04208, 0], [-86.59802, 36.04207, 0], [-86.598, 36.04206, 0], [-86.59799, 36.04205, 0], [-86.59798, 36.04203, 0], [-86.59797, 36.04201, 0], [-86.59796, 36.042, 0], [-86.59796, 36.04198, 0], [-86.59796, 36.04196, 0], [-86.59794, 36.04196, 0], [-86.59782, 36.04261, 0]]]}}, {"type": "Feature", "properties": {"op": "CRP / ECG", "st": "Pipeline (vacant / in development)", "ty": "Merchant-build / forward-flow (builds, sells to operator)", "mo": "3. Partnership (builder presells to investor)", "lc": "Pipeline (being built now)", "own": "O.I.C. ELLIOTT SCHOOL CONDOMINIUMS AMEND", "addr": "601 B MADISON ST", "apn": "082130K90000CO", "ac": 0.8, "acq": {"seller": "", "buyer": "O.I.C. ELLIOTT SCHOOL CONDOMINIUMS AMEND", "date": "05/27/2021", "price": 0, "url": "https://www.davidsonportal.com/gis/file.php?file=202106030074528"}}, "geometry": {"type": "Polygon", "coordinates": [[[-86.78914, 36.17438, 0], [-86.78944, 36.1743, 0], [-86.7897, 36.17424, 0], [-86.78974, 36.17423, 0], [-86.78978, 36.17422, 0], [-86.78952, 36.17382, 0], [-86.78952, 36.17382, 0], [-86.78949, 36.17383, 0], [-86.78919, 36.1739, 0], [-86.78899, 36.17395, 0], [-86.78897, 36.17395, 0], [-86.78896, 36.17396, 0], [-86.78895, 36.17397, 0], [-86.78894, 36.17398, 0], [-86.78893, 36.17399, 0], [-86.78893, 36.174, 0], [-86.78893, 36.17401, 0], [-86.78893, 36.17401, 0], [-86.78893, 36.17402, 0], [-86.78893, 36.17403, 0], [-86.78893, 36.17404, 0], [-86.78894, 36.17405, 0], [-86.78914, 36.17438, 0]], [[-86.78923, 36.17434, 0], [-86.7892, 36.17427, 0], [-86.78922, 36.17427, 0], [-86.7892, 36.17419, 0], [-86.78918, 36.17419, 0], [-86.78917, 36.17416, 0], [-86.78916, 36.17413, 0], [-86.78915, 36.1741, 0], [-86.78916, 36.1741, 0], [-86.78914, 36.17402, 0], [-86.78911, 36.17403, 0], [-86.78909, 36.17396, 0], [-86.78919, 36.17394, 0], [-86.78919, 36.17393, 0], [-86.78921, 36.17393, 0], [-86.78923, 36.174, 0], [-86.78926, 36.17408, 0], [-86.78928, 36.17407, 0], [-86.78931, 36.17416, 0], [-86.78929, 36.17417, 0], [-86.78929, 36.17417, 0], [-86.78932, 36.17424, 0], [-86.78935, 36.17432, 0], [-86.78933, 36.17432, 0], [-86.78933, 36.17432, 0], [-86.78923, 36.17434, 0]], [[-86.78925, 36.17392, 0], [-86.78927, 36.17391, 0], [-86.78928, 36.17391, 0], [-86.78937, 36.17389, 0], [-86.7894, 36.17396, 0], [-86.78928, 36.17399, 0], [-86.78925, 36.17392, 0]], [[-86.78944, 36.17408, 0], [-86.78943, 36.17406, 0], [-86.78932, 36.17409, 0], [-86.7893, 36.17404, 0], [-86.78942, 36.17401, 0], [-86.78954, 36.17398, 0], [-86.78956, 36.17403, 0], [-86.78957, 36.17403, 0], [-86.78958, 36.17404, 0], [-86.78956, 36.17405, 0], [-86.78944, 36.17408, 0], [-86.78944, 36.17409, 0], [-86.7895, 36.17408, 0], [-86.78957, 36.17406, 0], [-86.78959, 36.17412, 0], [-86.78952, 36.17414, 0], [-86.78947, 36.17415, 0], [-86.78941, 36.17416, 0], [-86.78936, 36.17417, 0], [-86.78935, 36.17418, 0], [-86.78933, 36.17412, 0], [-86.78933, 36.17412, 0], [-86.78932, 36.17411, 0], [-86.78938, 36.17409, 0], [-86.78944, 36.17408, 0]], [[-86.78936, 36.17423, 0], [-86.78939, 36.17423, 0], [-86.78948, 36.1742, 0], [-86.78951, 36.17427, 0], [-86.78943, 36.17429, 0], [-86.78941, 36.1743, 0], [-86.78942, 36.1743, 0], [-86.78939, 36.17431, 0], [-86.78936, 36.17423, 0]]]}}, {"type": "Feature", "properties": {"op": "CRP / ECG", "st": "Pipeline (vacant / in development)", "ty": "Merchant-build / forward-flow (builds, sells to operator)", "mo": "3. Partnership (builder presells to investor)", "lc": "Pipeline (being built now)", "own": "O.I.C. CHELSEA CONDOMINIUMS", "addr": "1900 B 12TH AVE S", "apn": "105091H90000CO", "ac": 0.8, "acq": {"seller": "", "buyer": "O.I.C. CHELSEA CONDOMINIUMS", "date": "11/19/2018", "price": 0, "url": "https://www.davidsonportal.com/gis/file.php?file=201811190113627"}}, "geometry": {"type": "Polygon", "coordinates": [[[-86.78845, 36.13478, 0], [-86.78846, 36.13478, 0], [-86.78847, 36.13478, 0], [-86.78848, 36.13479, 0], [-86.78872, 36.13481, 0], [-86.78873, 36.13481, 0], [-86.78874, 36.13481, 0], [-86.78875, 36.13481, 0], [-86.78877, 36.1348, 0], [-86.78878, 36.1348, 0], [-86.78879, 36.13479, 0], [-86.7888, 36.13478, 0], [-86.7888, 36.13477, 0], [-86.78881, 36.13476, 0], [-86.78881, 36.13475, 0], [-86.78881, 36.13473, 0], [-86.78879, 36.13454, 0], [-86.78876, 36.13435, 0], [-86.78872, 36.13398, 0], [-86.78871, 36.13397, 0], [-86.78871, 36.13396, 0], [-86.7887, 36.13395, 0], [-86.7887, 36.13394, 0], [-86.78869, 36.13393, 0], [-86.78867, 36.13393, 0], [-86.78866, 36.13392, 0], [-86.78864, 36.13392, 0], [-86.78838, 36.1339, 0], [-86.78837, 36.1339, 0], [-86.78836, 36.1339, 0], [-86.78835, 36.1339, 0], [-86.78834, 36.1339, 0], [-86.78833, 36.13391, 0], [-86.78833, 36.13391, 0], [-86.78832, 36.13392, 0], [-86.78832, 36.13392, 0], [-86.78832, 36.13393, 0], [-86.78832, 36.13394, 0], [-86.78832, 36.13394, 0], [-86.78832, 36.13395, 0], [-86.78837, 36.13431, 0], [-86.78838, 36.13436, 0], [-86.78844, 36.13475, 0], [-86.78844, 36.13476, 0], [-86.78844, 36.13476, 0], [-86.78844, 36.13477, 0], [-86.78845, 36.13477, 0], [-86.78845, 36.13478, 0]], [[-86.78872, 36.13463, 0], [-86.78873, 36.13471, 0], [-86.78872, 36.13471, 0], [-86.78872, 36.13472, 0], [-86.78863, 36.13473, 0], [-86.78862, 36.13464, 0], [-86.78861, 36.13459, 0], [-86.78869, 36.13458, 0], [-86.78869, 36.13458, 0], [-86.78871, 36.13458, 0], [-86.78872, 36.13463, 0]], [[-86.7886, 36.13469, 0], [-86.7886, 36.13471, 0], [-86.78851, 36.13472, 0], [-86.7885, 36.1347, 0], [-86.78849, 36.13465, 0], [-86.78849, 36.13461, 0], [-86.78849, 36.13459, 0], [-86.78848, 36.13456, 0], [-86.78848, 36.13452, 0], [-86.78847, 36.13447, 0], [-86.78847, 36.13446, 0], [-86.78846, 36.13442, 0], [-86.78845, 36.13437, 0], [-86.78845, 36.13432, 0], [-86.78844, 36.13428, 0], [-86.78844, 36.13427, 0], [-86.78843, 36.13422, 0], [-86.78843, 36.13419, 0], [-86.78842, 36.13416, 0], [-86.78841, 36.1341, 0], [-86.7885, 36.13409, 0], [-86.78852, 36.13408, 0], [-86.78852, 36.13406, 0], [-86.78852, 36.13405, 0], [-86.78852, 36.13404, 0], [-86.78849, 36.13404, 0], [-86.7885, 36.13407, 0], [-86.78848, 36.13407, 0], [-86.78848, 36.13406, 0], [-86.78841, 36.13407, 0], [-86.7884, 36.13401, 0], [-86.7884, 36.13399, 0], [-86.78851, 36.13398, 0], [-86.78851, 36.134, 0], [-86.78861, 36.13399, 0], [-86.78862, 36.13399, 0], [-86.78862, 36.13398, 0], [-86.78866, 36.13398, 0], [-86.78869, 36.13414, 0], [-86.78865, 36.13414, 0], [-86.78865, 36.13418, 0], [-86.78866, 36.13424, 0], [-86.78868, 36.13434, 0], [-86.78869, 36.1344, 0], [-86.7887, 36.13446, 0], [-86.78871, 36.13453, 0], [-86.78867, 36.13453, 0], [-86.7886, 36.13454, 0], [-86.78859, 36.13454, 0], [-86.7886, 36.13458, 0], [-86.7886, 36.13464, 0], [-86.78859, 36.13464, 0], [-86.7886, 36.13469, 0]]]}}, {"type": "Feature", "properties": {"op": "CRP / ECG", "st": "Pipeline (vacant / in development)", "ty": "Merchant-build / forward-flow (builds, sells to operator)", "mo": "3. Partnership (builder presells to investor)", "lc": "Pipeline (being built now)", "own": "O.I.C. 7TH AND MADISON ", "addr": "608 B MADISON ST", "apn": "082130I90000CO", "ac": 0.7, "acq": {"seller": "", "buyer": "O.I.C. 7TH AND MADISON ", "date": "03/02/2018", "price": 0, "url": "https://www.davidsonportal.com/gis/file.php?file=201803020020097"}}, "geometry": {"type": "Polygon", "coordinates": [[[-86.79012, 36.17478, 0], [-86.79065, 36.17456, 0], [-86.7905, 36.17433, 0], [-86.79042, 36.1742, 0], [-86.79042, 36.1742, 0], [-86.79042, 36.1742, 0], [-86.78984, 36.17434, 0], [-86.78984, 36.17435, 0], [-86.78997, 36.17455, 0], [-86.79006, 36.17469, 0], [-86.79012, 36.17478, 0]], [[-86.79026, 36.1747, 0], [-86.79015, 36.17475, 0], [-86.79011, 36.1747, 0], [-86.7901, 36.1747, 0], [-86.79009, 36.17468, 0], [-86.79011, 36.17467, 0], [-86.79008, 36.17462, 0], [-86.79007, 36.17462, 0], [-86.79005, 36.1746, 0], [-86.79018, 36.17455, 0], [-86.79019, 36.17457, 0], [-86.79019, 36.17457, 0], [-86.79023, 36.17462, 0], [-86.79021, 36.17463, 0], [-86.79023, 36.17465, 0], [-86.79022, 36.17465, 0], [-86.79026, 36.1747, 0]], [[-86.79037, 36.1746, 0], [-86.79038, 36.17459, 0], [-86.79034, 36.17454, 0], [-86.79039, 36.17452, 0], [-86.79036, 36.17447, 0], [-86.79051, 36.17441, 0], [-86.79053, 36.17443, 0], [-86.79051, 36.17444, 0], [-86.79053, 36.17446, 0], [-86.79051, 36.17447, 0], [-86.79052, 36.17449, 0], [-86.79053, 36.17449, 0], [-86.79055, 36.17452, 0], [-86.79053, 36.17453, 0], [-86.79054, 36.17455, 0], [-86.79055, 36.17454, 0], [-86.79057, 36.17458, 0], [-86.7904, 36.17465, 0], [-86.79037, 36.1746, 0]], [[-86.78997, 36.17451, 0], [-86.78994, 36.17446, 0], [-86.78995, 36.17445, 0], [-86.7899, 36.17438, 0], [-86.78996, 36.17436, 0], [-86.78997, 36.17436, 0], [-86.79, 36.17435, 0], [-86.79, 36.17436, 0], [-86.79004, 36.17435, 0], [-86.7901, 36.17432, 0], [-86.7901, 36.17433, 0], [-86.79013, 36.17432, 0], [-86.79014, 36.17433, 0], [-86.79017, 36.17431, 0], [-86.79024, 36.17443, 0], [-86.79017, 36.17445, 0], [-86.79017, 36.17445, 0], [-86.79012, 36.17447, 0], [-86.79011, 36.17446, 0], [-86.79004, 36.17448, 0], [-86.79004, 36.17448, 0], [-86.78997, 36.17451, 0]], [[-86.79018, 36.1743, 0], [-86.79021, 36.17429, 0], [-86.79022, 36.1743, 0], [-86.79025, 36.17429, 0], [-86.79025, 36.17428, 0], [-86.79028, 36.17427, 0], [-86.79028, 36.17428, 0], [-86.79032, 36.17427, 0], [-86.79032, 36.17427, 0], [-86.79037, 36.17425, 0], [-86.79037, 36.17426, 0], [-86.79037, 36.17426, 0], [-86.79038, 36.17427, 0], [-86.79042, 36.17425, 0], [-86.79047, 36.17434, 0], [-86.7905, 36.17439, 0], [-86.79043, 36.17442, 0], [-86.7904, 36.17437, 0], [-86.79039, 36.17438, 0], [-86.79039, 36.17438, 0], [-86.79032, 36.17441, 0], [-86.79032, 36.1744, 0], [-86.79026, 36.17442, 0], [-86.79018, 36.1743, 0]]]}}, {"type": "Feature", "properties": {"op": "CRP / ECG", "st": "Pipeline (vacant / in development)", "ty": "Merchant-build / forward-flow (builds, sells to operator)", "mo": "3. Partnership (builder presells to investor)", "lc": "Pipeline (being built now)", "own": "O.I.C. HAYS HILL TOWNHOMES", "addr": "201 HAYS RIDGE LN", "apn": "164160C90100CO", "ac": 0.5, "acq": {"seller": "", "buyer": "O.I.C. HAYS HILL TOWNHOMES", "date": "10/11/2022", "price": 0, "url": "https://www.davidsonportal.com/gis/file.php?file=202210120111827"}}, "geometry": {"type": "Polygon", "coordinates": [[[-86.59919, 36.04124, 0], [-86.59921, 36.04125, 0], [-86.59923, 36.04126, 0], [-86.59925, 36.04127, 0], [-86.59927, 36.04128, 0], [-86.59928, 36.04129, 0], [-86.59929, 36.04131, 0], [-86.5993, 36.04132, 0], [-86.59931, 36.04134, 0], [-86.59931, 36.04136, 0], [-86.59931, 36.04138, 0], [-86.59933, 36.04138, 0], [-86.59944, 36.0408, 0], [-86.5994, 36.0408, 0], [-86.59939, 36.0408, 0], [-86.59939, 36.0408, 0], [-86.59938, 36.0408, 0], [-86.59933, 36.04081, 0], [-86.59932, 36.04081, 0], [-86.59928, 36.04082, 0], [-86.59927, 36.04082, 0], [-86.59918, 36.04083, 0], [-86.59908, 36.04084, 0], [-86.59899, 36.04085, 0], [-86.59898, 36.04085, 0], [-86.59897, 36.04086, 0], [-86.59896, 36.04086, 0], [-86.59896, 36.04086, 0], [-86.59895, 36.04086, 0], [-86.59895, 36.04087, 0], [-86.59895, 36.04087, 0], [-86.59895, 36.04087, 0], [-86.59894, 36.04088, 0], [-86.59894, 36.04089, 0], [-86.59894, 36.04089, 0], [-86.59894, 36.0409, 0], [-86.59894, 36.04094, 0], [-86.59893, 36.04097, 0], [-86.59893, 36.041, 0], [-86.59891, 36.04104, 0], [-86.59889, 36.04108, 0], [-86.59887, 36.04111, 0], [-86.59884, 36.04114, 0], [-86.59878, 36.04119, 0], [-86.59919, 36.04124, 0]], [[-86.59926, 36.04106, 0], [-86.59923, 36.0412, 0], [-86.59915, 36.04119, 0], [-86.59917, 36.04105, 0], [-86.59926, 36.04106, 0]], [[-86.59915, 36.04106, 0], [-86.59912, 36.04118, 0], [-86.59904, 36.04117, 0], [-86.59906, 36.04104, 0], [-86.59915, 36.04106, 0]], [[-86.59893, 36.04116, 0], [-86.59895, 36.04103, 0], [-86.59903, 36.04104, 0], [-86.599, 36.04117, 0], [-86.59893, 36.04116, 0]]]}}, {"type": "Feature", "properties": {"op": "CRP / ECG", "st": "Pipeline (vacant / in development)", "ty": "Merchant-build / forward-flow (builds, sells to operator)", "mo": "3. Partnership (builder presells to investor)", "lc": "Pipeline (being built now)", "own": "O.I.C. HAYS HILL TOWNHOMES", "addr": "0 HAYS RIDGE LN", "apn": "164160C90500CO", "ac": 0.5, "acq": {"seller": "", "buyer": "O.I.C. HAYS HILL TOWNHOMES", "date": "10/11/2022", "price": 0, "url": "https://www.davidsonportal.com/gis/file.php?file=202210120111827"}}, "geometry": {"type": "Polygon", "coordinates": [[[-86.59859, 36.04232, 0], [-86.59904, 36.04238, 0], [-86.59911, 36.04201, 0], [-86.59911, 36.04201, 0], [-86.59911, 36.042, 0], [-86.59911, 36.042, 0], [-86.59911, 36.04199, 0], [-86.5991, 36.04199, 0], [-86.5991, 36.04199, 0], [-86.59909, 36.04198, 0], [-86.59909, 36.04198, 0], [-86.59909, 36.04198, 0], [-86.59908, 36.04198, 0], [-86.59866, 36.04193, 0], [-86.59859, 36.04232, 0]], [[-86.59904, 36.0423, 0], [-86.59903, 36.04235, 0], [-86.59887, 36.04233, 0], [-86.59888, 36.04228, 0], [-86.5989, 36.04222, 0], [-86.59891, 36.04216, 0], [-86.59892, 36.04211, 0], [-86.59893, 36.04205, 0], [-86.59894, 36.04199, 0], [-86.59909, 36.04201, 0], [-86.59908, 36.04207, 0], [-86.59907, 36.04212, 0], [-86.59906, 36.04218, 0], [-86.59905, 36.04224, 0], [-86.59904, 36.0423, 0]], [[-86.59877, 36.04226, 0], [-86.59876, 36.04232, 0], [-86.59861, 36.0423, 0], [-86.59862, 36.04224, 0], [-86.59863, 36.04218, 0], [-86.59864, 36.04213, 0], [-86.59866, 36.04207, 0], [-86.59867, 36.04201, 0], [-86.59868, 36.04196, 0], [-86.59883, 36.04198, 0], [-86.59882, 36.04203, 0], [-86.59881, 36.04209, 0], [-86.5988, 36.04215, 0], [-86.59878, 36.04221, 0], [-86.59877, 36.04226, 0]]]}}, {"type": "Feature", "properties": {"op": "CRP / ECG", "st": "Pipeline (vacant / in development)", "ty": "Merchant-build / forward-flow (builds, sells to operator)", "mo": "3. Partnership (builder presells to investor)", "lc": "Pipeline (being built now)", "own": "O.I.C. HAYS HILL TOWNHOMES", "addr": "236 B HAYS RIDGE LN", "apn": "164160C90200CO", "ac": 0.5, "acq": {"seller": "", "buyer": "O.I.C. HAYS HILL TOWNHOMES", "date": "10/11/2022", "price": 3771300, "url": "https://www.davidsonportal.com/gis/file.php?file=202210120111827"}}, "geometry": {"type": "Polygon", "coordinates": [[[-86.59802, 36.04197, 0], [-86.59803, 36.04198, 0], [-86.59803, 36.04199, 0], [-86.59803, 36.042, 0], [-86.59804, 36.04201, 0], [-86.59805, 36.04202, 0], [-86.59805, 36.04202, 0], [-86.59806, 36.04203, 0], [-86.59807, 36.04203, 0], [-86.59808, 36.04203, 0], [-86.59821, 36.04205, 0], [-86.59829, 36.04162, 0], [-86.59831, 36.04155, 0], [-86.59833, 36.04149, 0], [-86.59836, 36.04143, 0], [-86.59839, 36.04137, 0], [-86.59843, 36.04132, 0], [-86.59848, 36.04127, 0], [-86.5985, 36.04125, 0], [-86.59852, 36.04123, 0], [-86.59824, 36.04119, 0], [-86.59823, 36.04119, 0], [-86.59822, 36.04119, 0], [-86.59821, 36.04119, 0], [-86.5982, 36.04119, 0], [-86.59819, 36.0412, 0], [-86.59818, 36.04121, 0], [-86.59818, 36.04122, 0], [-86.59817, 36.04123, 0], [-86.59817, 36.04124, 0], [-86.59803, 36.04197, 0], [-86.59802, 36.04197, 0], [-86.59802, 36.04197, 0]], [[-86.59821, 36.04193, 0], [-86.59819, 36.04199, 0], [-86.59804, 36.04197, 0], [-86.59806, 36.04191, 0], [-86.59807, 36.04185, 0], [-86.59808, 36.0418, 0], [-86.59809, 36.04174, 0], [-86.59824, 36.04176, 0], [-86.59823, 36.04181, 0], [-86.59822, 36.04187, 0], [-86.59821, 36.04193, 0]], [[-86.59826, 36.04168, 0], [-86.59825, 36.04174, 0], [-86.59809, 36.04172, 0], [-86.5981, 36.04166, 0], [-86.59812, 36.0416, 0], [-86.59813, 36.04154, 0], [-86.59814, 36.04149, 0], [-86.59829, 36.04151, 0], [-86.59828, 36.04157, 0], [-86.59827, 36.04162, 0], [-86.59826, 36.04168, 0]], [[-86.59831, 36.04143, 0], [-86.59829, 36.04149, 0], [-86.59814, 36.04147, 0], [-86.59816, 36.04141, 0], [-86.59817, 36.04135, 0], [-86.59818, 36.04129, 0], [-86.59819, 36.04124, 0], [-86.59834, 36.04126, 0], [-86.59833, 36.04131, 0], [-86.59832, 36.04137, 0], [-86.59831, 36.04143, 0]]]}}, {"type": "Feature", "properties": {"op": "CRP / ECG", "st": "Pipeline (vacant / in development)", "ty": "Merchant-build / forward-flow (builds, sells to operator)", "mo": "3. Partnership (builder presells to investor)", "lc": "Pipeline (being built now)", "own": "O.I.C. HAYS HILL TOWNHOMES", "addr": "200 HAYS RIDGE LN", "apn": "164160C90000CO", "ac": 0.4, "acq": {"seller": "", "buyer": "O.I.C. HAYS HILL TOWNHOMES", "date": "10/11/2022", "price": 0, "url": "https://www.davidsonportal.com/gis/file.php?file=202210120111827"}}, "geometry": {"type": "Polygon", "coordinates": [[[-86.5981, 36.04112, 0], [-86.59858, 36.04118, 0], [-86.59868, 36.04108, 0], [-86.59871, 36.04105, 0], [-86.59873, 36.04102, 0], [-86.59874, 36.04099, 0], [-86.59875, 36.04096, 0], [-86.59876, 36.04092, 0], [-86.59876, 36.04092, 0], [-86.59876, 36.04091, 0], [-86.59876, 36.04091, 0], [-86.59875, 36.0409, 0], [-86.59875, 36.0409, 0], [-86.59875, 36.04089, 0], [-86.59874, 36.04089, 0], [-86.59874, 36.04089, 0], [-86.59873, 36.04088, 0], [-86.59872, 36.04088, 0], [-86.59872, 36.04088, 0], [-86.59868, 36.04088, 0], [-86.59861, 36.04088, 0], [-86.59838, 36.04089, 0], [-86.59815, 36.04089, 0], [-86.5981, 36.04112, 0]], [[-86.59863, 36.041, 0], [-86.5986, 36.04112, 0], [-86.59852, 36.04111, 0], [-86.59854, 36.04099, 0], [-86.59863, 36.041, 0]], [[-86.59841, 36.0411, 0], [-86.59843, 36.04097, 0], [-86.59852, 36.04098, 0], [-86.59849, 36.04111, 0], [-86.59841, 36.0411, 0]], [[-86.5983, 36.04109, 0], [-86.59832, 36.04096, 0], [-86.5984, 36.04097, 0], [-86.59838, 36.0411, 0], [-86.5983, 36.04109, 0]], [[-86.59818, 36.04107, 0], [-86.59821, 36.04094, 0], [-86.59829, 36.04095, 0], [-86.59826, 36.04108, 0], [-86.59818, 36.04107, 0]]]}}, {"type": "Feature", "properties": {"op": "CRP / ECG", "st": "Current (built home)", "ty": "Merchant-build / forward-flow (builds, sells to operator)", "mo": "3. Partnership (builder presells to investor)", "lc": "Exit (built, sold to market)", "own": "O.I.C. 1000 DIVISION STREET CONDOMINIUMS", "addr": "1002 B DIVISION ST", "apn": "093132A90000CO", "ac": 0.3, "acq": {"seller": "", "buyer": "O.I.C. 1000 DIVISION STREET CONDOMINIUMS", "date": "09/26/2016", "price": 0, "url": "https://www.davidsonportal.com/gis/file.php?file=201609280102220"}}, "geometry": {"type": "Polygon", "coordinates": [[[-86.78249, 36.1512, 0], [-86.78249, 36.1512, 0], [-86.7825, 36.1512, 0], [-86.78263, 36.15121, 0], [-86.78275, 36.15122, 0], [-86.78286, 36.15123, 0], [-86.78294, 36.15124, 0], [-86.78299, 36.15124, 0], [-86.78299, 36.15124, 0], [-86.78299, 36.15124, 0], [-86.783, 36.15117, 0], [-86.78301, 36.15113, 0], [-86.783, 36.15113, 0], [-86.78293, 36.15113, 0], [-86.78291, 36.15113, 0], [-86.78291, 36.15112, 0], [-86.78292, 36.1511, 0], [-86.78289, 36.1511, 0], [-86.78289, 36.15112, 0], [-86.78288, 36.15115, 0], [-86.78278, 36.15114, 0], [-86.78264, 36.15113, 0], [-86.78263, 36.15113, 0], [-86.78263, 36.1511, 0], [-86.78263, 36.15107, 0], [-86.7826, 36.15107, 0], [-86.7826, 36.15109, 0], [-86.7826, 36.15111, 0], [-86.78258, 36.1511, 0], [-86.7825, 36.1511, 0], [-86.7825, 36.15113, 0], [-86.78249, 36.1512, 0]]]}}, {"type": "Feature", "properties": {"op": "CRP / ECG", "st": "Pipeline (vacant / in development)", "ty": "Merchant-build / forward-flow (builds, sells to operator)", "mo": "3. Partnership (builder presells to investor)", "lc": "Pipeline (being built now)", "own": "O.I.C. HAYS HILL TOWNHOMES", "addr": "0 HAYS RIDGE LN", "apn": "164160C90400CO", "ac": 0.2, "acq": {"seller": "", "buyer": "O.I.C. HAYS HILL TOWNHOMES", "date": "10/11/2022", "price": 0, "url": "https://www.davidsonportal.com/gis/file.php?file=202210120111827"}}, "geometry": {"type": "Polygon", "coordinates": [[[-86.59836, 36.04215, 0], [-86.59836, 36.04218, 0], [-86.59836, 36.0422, 0], [-86.59837, 36.04222, 0], [-86.59838, 36.04224, 0], [-86.59839, 36.04226, 0], [-86.59841, 36.04228, 0], [-86.59843, 36.04229, 0], [-86.59845, 36.0423, 0], [-86.59847, 36.04231, 0], [-86.5985, 36.04231, 0], [-86.59852, 36.04231, 0], [-86.5986, 36.04192, 0], [-86.59841, 36.04189, 0], [-86.59836, 36.04213, 0], [-86.59836, 36.04215, 0]], [[-86.59854, 36.04211, 0], [-86.59853, 36.04217, 0], [-86.59838, 36.04215, 0], [-86.59839, 36.04209, 0], [-86.5984, 36.04204, 0], [-86.59841, 36.04198, 0], [-86.59842, 36.04193, 0], [-86.59857, 36.04195, 0], [-86.59856, 36.042, 0], [-86.59855, 36.04206, 0], [-86.59854, 36.04211, 0]]]}}, {"type": "Feature", "properties": {"op": "Century Communities", "st": "Pipeline (vacant / in development)", "ty": "Merchant-build / forward-flow (builds, sells to operator)", "mo": "3. Partnership (builder presells to investor)", "lc": "Pipeline (being built now)", "own": "O.I.C.  STOKERS VILLAGE TOWNHOMES", "addr": "3035 B STOKERS LN", "apn": "070020H90100CO", "ac": 1.9, "acq": {"seller": "", "buyer": "O.I.C.  STOKERS VILLAGE TOWNHOMES", "date": "09/23/2025", "price": 0, "url": "https://www.davidsonportal.com/gis/file.php?file=202509250076706"}}, "geometry": {"type": "Polygon", "coordinates": [[[-86.81729, 36.21256, 0], [-86.81729, 36.21257, 0], [-86.8173, 36.21258, 0], [-86.81731, 36.21258, 0], [-86.81732, 36.21259, 0], [-86.81732, 36.21259, 0], [-86.81733, 36.21259, 0], [-86.81733, 36.21259, 0], [-86.81734, 36.21259, 0], [-86.81734, 36.2126, 0], [-86.81735, 36.2126, 0], [-86.81735, 36.2126, 0], [-86.81735, 36.2126, 0], [-86.81737, 36.2126, 0], [-86.81747, 36.21261, 0], [-86.81753, 36.21261, 0], [-86.81755, 36.21261, 0], [-86.81756, 36.21261, 0], [-86.81758, 36.21261, 0], [-86.81759, 36.2126, 0], [-86.81761, 36.21259, 0], [-86.81762, 36.21258, 0], [-86.81763, 36.21257, 0], [-86.81764, 36.21255, 0], [-86.81764, 36.21254, 0], [-86.81769, 36.2122, 0], [-86.8177, 36.21215, 0], [-86.81772, 36.2121, 0], [-86.8178, 36.21187, 0], [-86.81782, 36.21183, 0], [-86.81785, 36.2118, 0], [-86.81788, 36.21177, 0], [-86.81792, 36.21174, 0], [-86.81796, 36.21172, 0], [-86.818, 36.2117, 0], [-86.81805, 36.2117, 0], [-86.81848, 36.21163, 0], [-86.81892, 36.21157, 0], [-86.81893, 36.21157, 0], [-86.81898, 36.21156, 0], [-86.81903, 36.21155, 0], [-86.81914, 36.21152, 0], [-86.81915, 36.21152, 0], [-86.81916, 36.21151, 0], [-86.81917, 36.21151, 0], [-86.81918, 36.2115, 0], [-86.81919, 36.21148, 0], [-86.8192, 36.21147, 0], [-86.8192, 36.21146, 0], [-86.8192, 36.21145, 0], [-86.8192, 36.21143, 0], [-86.8192, 36.21142, 0], [-86.81919, 36.21139, 0], [-86.81918, 36.21136, 0], [-86.81917, 36.21133, 0], [-86.81917, 36.21131, 0], [-86.81916, 36.2113, 0], [-86.81915, 36.21129, 0], [-86.81913, 36.21127, 0], [-86.81912, 36.21127, 0], [-86.8191, 36.21126, 0], [-86.81904, 36.21127, 0], [-86.81903, 36.21127, 0], [-86.81903, 36.21127, 0], [-86.81891, 36.21129, 0], [-86.81882, 36.2113, 0], [-86.8188, 36.2113, 0], [-86.81843, 36.21135, 0], [-86.8184, 36.21136, 0], [-86.81787, 36.21144, 0], [-86.81763, 36.21147, 0], [-86.81763, 36.21148, 0], [-86.81762, 36.21148, 0], [-86.81761, 36.21148, 0], [-86.81759, 36.2115, 0], [-86.81759, 36.2115, 0], [-86.81758, 36.2115, 0], [-86.81758, 36.21151, 0], [-86.81758, 36.21151, 0], [-86.81755, 36.21156, 0], [-86.81755, 36.21158, 0], [-86.81749, 36.2117, 0], [-86.81744, 36.21183, 0], [-86.81739, 36.21196, 0], [-86.81735, 36.21209, 0], [-86.81732, 36.21223, 0], [-86.81729, 36.21236, 0], [-86.81726, 36.2125, 0], [-86.81726, 36.2125, 0], [-86.81726, 36.21251, 0], [-86.81726, 36.21251, 0], [-86.81726, 36.21251, 0], [-86.81726, 36.21252, 0], [-86.81726, 36.21252, 0], [-86.81727, 36.21253, 0], [-86.81727, 36.21254, 0], [-86.81727, 36.21255, 0], [-86.81727, 36.21255, 0], [-86.81728, 36.21255, 0], [-86.81728, 36.21255, 0], [-86.81728, 36.21256, 0], [-86.81728, 36.21256, 0], [-86.81729, 36.21256, 0]], [[-86.8176, 36.21251, 0], [-86.81759, 36.21257, 0], [-86.81738, 36.21255, 0], [-86.81738, 36.21252, 0], [-86.81741, 36.21252, 0], [-86.81741, 36.21249, 0], [-86.81741, 36.21247, 0], [-86.81739, 36.21247, 0], [-86.81739, 36.21243, 0], [-86.81742, 36.21243, 0], [-86.81742, 36.21241, 0], [-86.8174, 36.2124, 0], [-86.81741, 36.21237, 0], [-86.81743, 36.21237, 0], [-86.81743, 36.21234, 0], [-86.81741, 36.21234, 0], [-86.81741, 36.21231, 0], [-86.81744, 36.21231, 0], [-86.81744, 36.21229, 0], [-86.81742, 36.21229, 0], [-86.81742, 36.21225, 0], [-86.81763, 36.21227, 0], [-86.81762, 36.21233, 0], [-86.81761, 36.21239, 0], [-86.81761, 36.21245, 0], [-86.8176, 36.21251, 0]], [[-86.81764, 36.21219, 0], [-86.81763, 36.21225, 0], [-86.81744, 36.21222, 0], [-86.81745, 36.21219, 0], [-86.81743, 36.21218, 0], [-86.81744, 36.21215, 0], [-86.81746, 36.21215, 0], [-86.81746, 36.21213, 0], [-86.81744, 36.21212, 0], [-86.81745, 36.21209, 0], [-86.81748, 36.2121, 0], [-86.81748, 36.21207, 0], [-86.81746, 36.21207, 0], [-86.81747, 36.21203, 0], [-86.8175, 36.21204, 0], [-86.8175, 36.21201, 0], [-86.81748, 36.21201, 0], [-86.81749, 36.21198, 0], [-86.81769, 36.21201, 0], [-86.81767, 36.21207, 0], [-86.81766, 36.21213, 0], [-86.81764, 36.21219, 0]], [[-86.81773, 36.21193, 0], [-86.81771, 36.21199, 0], [-86.81751, 36.21194, 0], [-86.81752, 36.21191, 0], [-86.81754, 36.21191, 0], [-86.81755, 36.21189, 0], [-86.81756, 36.21186, 0], [-86.81754, 36.21186, 0], [-86.81755, 36.21182, 0], [-86.81757, 36.21183, 0], [-86.81758, 36.2118, 0], [-86.81756, 36.2118, 0], [-86.81758, 36.21177, 0], [-86.8176, 36.21177, 0], [-86.81761, 36.21175, 0], [-86.81758, 36.21174, 0], [-86.8176, 36.21171, 0], [-86.81779, 36.21176, 0], [-86.81777, 36.21181, 0], [-86.81775, 36.21187, 0], [-86.81773, 36.21193, 0]], [[-86.81807, 36.21164, 0], [-86.81799, 36.21165, 0], [-86.81797, 36.21151, 0], [-86.818, 36.21151, 0], [-86.81799, 36.21149, 0], [-86.81804, 36.21148, 0], [-86.81804, 36.2115, 0], [-86.81807, 36.2115, 0], [-86.81807, 36.21148, 0], [-86.81811, 36.21147, 0], [-86.81811, 36.21149, 0], [-86.81814, 36.21149, 0], [-86.81814, 36.21147, 0], [-86.81818, 36.21146, 0], [-86.81819, 36.21148, 0], [-86.81822, 36.21148, 0], [-86.81821, 36.21146, 0], [-86.81825, 36.21145, 0], [-86.81826, 36.21147, 0], [-86.81829, 36.21147, 0], [-86.81829, 36.21145, 0], [-86.81833, 36.21144, 0], [-86.81833, 36.21146, 0], [-86.81836, 36.21146, 0], [-86.81836, 36.21144, 0], [-86.8184, 36.21143, 0], [-86.81844, 36.21159, 0], [-86.81836, 36.2116, 0], [-86.81829, 36.21161, 0], [-86.81822, 36.21162, 0], [-86.81814, 36.21163, 0], [-86.81807, 36.21164, 0]], [[-86.81854, 36.21158, 0], [-86.81847, 36.21159, 0], [-86.81844, 36.21144, 0], [-86.81847, 36.21144, 0], [-86.81847, 36.21142, 0], [-86.81851, 36.21142, 0], [-86.81851, 36.21143, 0], [-86.81855, 36.21143, 0], [-86.81854, 36.21141, 0], [-86.81858, 36.2114, 0], [-86.81859, 36.21143, 0], [-86.81862, 36.21142, 0], [-86.81862, 36.2114, 0], [-86.81866, 36.2114, 0], [-86.81866, 36.21142, 0], [-86.81869, 36.21141, 0], [-86.81869, 36.21139, 0], [-86.81873, 36.21139, 0], [-86.81873, 36.21141, 0], [-86.81877, 36.2114, 0], [-86.81876, 36.21138, 0], [-86.8188, 36.21138, 0], [-86.81881, 36.2114, 0], [-86.81884, 36.21139, 0], [-86.81884, 36.21137, 0], [-86.81888, 36.21137, 0], [-86.81891, 36.21153, 0], [-86.81884, 36.21154, 0], [-86.81876, 36.21155, 0], [-86.81869, 36.21156, 0], [-86.81862, 36.21157, 0], [-86.81854, 36.21158, 0]], [[-86.81904, 36.2115, 0], [-86.81897, 36.21152, 0], [-86.81892, 36.21138, 0], [-86.81895, 36.21137, 0], [-86.81894, 36.21136, 0], [-86.81898, 36.21135, 0], [-86.81899, 36.21136, 0], [-86.81902, 36.21135, 0], [-86.81901, 36.21134, 0], [-86.81905, 36.21133, 0], [-86.81911, 36.21148, 0], [-86.81904, 36.2115, 0]]]}}, {"type": "Feature", "properties": {"op": "Century Communities", "st": "Pipeline (vacant / in development)", "ty": "Merchant-build / forward-flow (builds, sells to operator)", "mo": "3. Partnership (builder presells to investor)", "lc": "Pipeline (being built now)", "own": "O.I.C. STOKERS VILLAGE TOWNHOMES", "addr": "3631 B BUENA VISTA PIKE", "apn": "070020H90000CO", "ac": 0.7, "acq": {"seller": "", "buyer": "O.I.C. STOKERS VILLAGE TOWNHOMES", "date": "09/23/2025", "price": 0, "url": "https://www.davidsonportal.com/gis/file.php?file=202509250076706"}}, "geometry": {"type": "Polygon", "coordinates": [[[-86.81723, 36.21312, 0], [-86.81724, 36.21321, 0], [-86.81724, 36.21323, 0], [-86.81724, 36.21326, 0], [-86.81724, 36.21327, 0], [-86.81725, 36.21328, 0], [-86.81725, 36.21328, 0], [-86.81725, 36.21328, 0], [-86.81801, 36.21307, 0], [-86.81802, 36.21306, 0], [-86.81805, 36.21281, 0], [-86.8178, 36.21279, 0], [-86.81778, 36.21279, 0], [-86.81777, 36.21279, 0], [-86.81775, 36.21279, 0], [-86.81774, 36.2128, 0], [-86.81772, 36.2128, 0], [-86.81771, 36.21281, 0], [-86.8177, 36.21283, 0], [-86.81769, 36.21284, 0], [-86.81769, 36.21285, 0], [-86.81768, 36.21287, 0], [-86.81768, 36.21315, 0], [-86.81759, 36.21315, 0], [-86.8176, 36.21284, 0], [-86.81759, 36.21283, 0], [-86.81759, 36.21281, 0], [-86.81758, 36.2128, 0], [-86.81757, 36.21279, 0], [-86.81756, 36.21278, 0], [-86.81755, 36.21277, 0], [-86.81753, 36.21276, 0], [-86.81752, 36.21276, 0], [-86.8175, 36.21276, 0], [-86.81746, 36.21276, 0], [-86.81735, 36.21275, 0], [-86.81733, 36.21275, 0], [-86.81731, 36.21275, 0], [-86.81729, 36.21276, 0], [-86.81728, 36.21276, 0], [-86.81726, 36.21278, 0], [-86.81725, 36.21279, 0], [-86.81724, 36.2128, 0], [-86.81723, 36.21282, 0], [-86.81723, 36.21283, 0], [-86.81723, 36.21283, 0], [-86.81723, 36.21283, 0], [-86.81723, 36.21283, 0], [-86.81723, 36.21284, 0], [-86.81723, 36.21287, 0], [-86.81723, 36.21287, 0], [-86.81723, 36.21287, 0], [-86.81723, 36.21288, 0], [-86.81723, 36.21289, 0], [-86.81723, 36.2129, 0], [-86.81723, 36.2129, 0], [-86.81723, 36.21294, 0], [-86.81723, 36.21294, 0], [-86.81723, 36.21295, 0], [-86.81723, 36.21297, 0], [-86.81723, 36.21298, 0], [-86.81723, 36.21298, 0], [-86.81723, 36.21299, 0], [-86.81723, 36.213, 0], [-86.81723, 36.21301, 0], [-86.81723, 36.21301, 0], [-86.81723, 36.21303, 0], [-86.81723, 36.21304, 0], [-86.81723, 36.21305, 0], [-86.81723, 36.21309, 0], [-86.81723, 36.2131, 0], [-86.81723, 36.21311, 0], [-86.81723, 36.21312, 0]], [[-86.81792, 36.21294, 0], [-86.81792, 36.21296, 0], [-86.81795, 36.21296, 0], [-86.81795, 36.213, 0], [-86.81774, 36.213, 0], [-86.81774, 36.21294, 0], [-86.81774, 36.21288, 0], [-86.81775, 36.21282, 0], [-86.81795, 36.21282, 0], [-86.81795, 36.21285, 0], [-86.81793, 36.21285, 0], [-86.81792, 36.21288, 0], [-86.81792, 36.21291, 0], [-86.81795, 36.21291, 0], [-86.81795, 36.21294, 0], [-86.81792, 36.21294, 0]], [[-86.81754, 36.21308, 0], [-86.81754, 36.21314, 0], [-86.81736, 36.21314, 0], [-86.81736, 36.21311, 0], [-86.81733, 36.21311, 0], [-86.81733, 36.21308, 0], [-86.81736, 36.21308, 0], [-86.81736, 36.21305, 0], [-86.81733, 36.21305, 0], [-86.81734, 36.21302, 0], [-86.81736, 36.21302, 0], [-86.81736, 36.21299, 0], [-86.81734, 36.21299, 0], [-86.81734, 36.21296, 0], [-86.81736, 36.21296, 0], [-86.81736, 36.21293, 0], [-86.81734, 36.21293, 0], [-86.81734, 36.2129, 0], [-86.81736, 36.2129, 0], [-86.81736, 36.21287, 0], [-86.81734, 36.21287, 0], [-86.81734, 36.21284, 0], [-86.81736, 36.21284, 0], [-86.81736, 36.21281, 0], [-86.81734, 36.21281, 0], [-86.81734, 36.21278, 0], [-86.81754, 36.21278, 0], [-86.81754, 36.21283, 0], [-86.81754, 36.2129, 0], [-86.81754, 36.21296, 0], [-86.81754, 36.21302, 0], [-86.81754, 36.21308, 0]]]}}, {"type": "Feature", "properties": {"op": "Century Communities", "st": "Pipeline (vacant / in development)", "ty": "Merchant-build / forward-flow (builds, sells to operator)", "mo": "3. Partnership (builder presells to investor)", "lc": "Pipeline (being built now)", "own": "O.I.C.  STOKERS VILLAGE TOWNHOMES", "addr": "1327 B STUBBLEFIELD ALY", "apn": "070020H90200CO", "ac": 0.7, "acq": {"seller": "", "buyer": "O.I.C.  STOKERS VILLAGE TOWNHOMES", "date": "09/23/2025", "price": 0, "url": "https://www.davidsonportal.com/gis/file.php?file=202509250076706"}}, "geometry": {"type": "Polygon", "coordinates": [[[-86.8178, 36.21212, 0], [-86.81779, 36.21216, 0], [-86.81778, 36.21221, 0], [-86.81778, 36.21222, 0], [-86.81778, 36.21223, 0], [-86.81778, 36.21224, 0], [-86.81778, 36.21225, 0], [-86.81779, 36.21226, 0], [-86.81779, 36.21227, 0], [-86.8178, 36.21228, 0], [-86.8179, 36.21205, 0], [-86.81814, 36.21209, 0], [-86.81817, 36.21202, 0], [-86.81898, 36.2119, 0], [-86.81892, 36.21174, 0], [-86.8189, 36.21172, 0], [-86.81889, 36.2117, 0], [-86.81888, 36.21169, 0], [-86.81887, 36.21168, 0], [-86.81886, 36.21167, 0], [-86.81884, 36.21166, 0], [-86.81882, 36.21166, 0], [-86.81881, 36.21166, 0], [-86.81879, 36.21166, 0], [-86.81843, 36.21171, 0], [-86.81806, 36.21177, 0], [-86.81803, 36.21177, 0], [-86.818, 36.21178, 0], [-86.81797, 36.2118, 0], [-86.81794, 36.21182, 0], [-86.81792, 36.21184, 0], [-86.8179, 36.21187, 0], [-86.81789, 36.21189, 0], [-86.8178, 36.21212, 0]], [[-86.81821, 36.21194, 0], [-86.81818, 36.21195, 0], [-86.81818, 36.21197, 0], [-86.81814, 36.21197, 0], [-86.81811, 36.21181, 0], [-86.81818, 36.2118, 0], [-86.81825, 36.21179, 0], [-86.81833, 36.21178, 0], [-86.8184, 36.21177, 0], [-86.81847, 36.21176, 0], [-86.81851, 36.21192, 0], [-86.81846, 36.21192, 0], [-86.81846, 36.2119, 0], [-86.81843, 36.21191, 0], [-86.8184, 36.21191, 0], [-86.81841, 36.21193, 0], [-86.81836, 36.21194, 0], [-86.81836, 36.21192, 0], [-86.81833, 36.21192, 0], [-86.81833, 36.21194, 0], [-86.81828, 36.21195, 0], [-86.81828, 36.21193, 0], [-86.81825, 36.21193, 0], [-86.81826, 36.21195, 0], [-86.81821, 36.21196, 0], [-86.81821, 36.21194, 0]], [[-86.81861, 36.21188, 0], [-86.81858, 36.21189, 0], [-86.81859, 36.2119, 0], [-86.81854, 36.21191, 0], [-86.81851, 36.21175, 0], [-86.81858, 36.21174, 0], [-86.81865, 36.21173, 0], [-86.81872, 36.21172, 0], [-86.8188, 36.21171, 0], [-86.81883, 36.21185, 0], [-86.8188, 36.21186, 0], [-86.8188, 36.21187, 0], [-86.81876, 36.21188, 0], [-86.81875, 36.21186, 0], [-86.81873, 36.21186, 0], [-86.81873, 36.21188, 0], [-86.81869, 36.21189, 0], [-86.81868, 36.21187, 0], [-86.81866, 36.21188, 0], [-86.81866, 36.21189, 0], [-86.81862, 36.2119, 0], [-86.81861, 36.21188, 0]]]}}, {"type": "Feature", "properties": {"op": "Century Communities", "st": "Pipeline (vacant / in development)", "ty": "Merchant-build / forward-flow (builds, sells to operator)", "mo": "3. Partnership (builder presells to investor)", "lc": "Pipeline (being built now)", "own": "O.I.C. STOKERS VILLAGE TOWNHOMES", "addr": "1206 B LYMEWOOD GRV", "apn": "070020H90300CO", "ac": 0.2, "acq": {"seller": "", "buyer": "O.I.C. STOKERS VILLAGE TOWNHOMES", "date": "09/23/2025", "price": 0, "url": "https://www.davidsonportal.com/gis/file.php?file=202509250076706"}}, "geometry": {"type": "Polygon", "coordinates": [[[-86.819, 36.21172, 0], [-86.81908, 36.21191, 0], [-86.81937, 36.21183, 0], [-86.81929, 36.21164, 0], [-86.81928, 36.21163, 0], [-86.81927, 36.21161, 0], [-86.81925, 36.2116, 0], [-86.81924, 36.21159, 0], [-86.81922, 36.21159, 0], [-86.8192, 36.21158, 0], [-86.81918, 36.21159, 0], [-86.81916, 36.21159, 0], [-86.81906, 36.21162, 0], [-86.81905, 36.21162, 0], [-86.81904, 36.21163, 0], [-86.81903, 36.21163, 0], [-86.81902, 36.21164, 0], [-86.81901, 36.21165, 0], [-86.819, 36.21167, 0], [-86.819, 36.21168, 0], [-86.819, 36.21169, 0], [-86.819, 36.21171, 0], [-86.819, 36.21172, 0]], [[-86.81927, 36.21178, 0], [-86.81928, 36.2118, 0], [-86.8193, 36.2118, 0], [-86.81931, 36.21183, 0], [-86.81912, 36.21188, 0], [-86.8191, 36.21182, 0], [-86.81908, 36.21176, 0], [-86.81905, 36.2117, 0], [-86.81903, 36.21165, 0], [-86.8192, 36.21161, 0], [-86.81921, 36.21163, 0], [-86.81923, 36.21163, 0], [-86.81924, 36.21166, 0], [-86.81923, 36.21166, 0], [-86.81924, 36.21168, 0], [-86.81926, 36.21168, 0], [-86.81927, 36.21171, 0], [-86.81925, 36.21172, 0], [-86.81926, 36.21174, 0], [-86.81928, 36.21174, 0], [-86.8193, 36.21177, 0], [-86.81927, 36.21178, 0]]]}}, {"type": "Feature", "properties": {"op": "Crescent BTR", "st": "Pipeline (vacant / in development)", "ty": "Land-bank / pre-development", "mo": "3. Partnership (builder presells to investor)", "lc": "Pipeline (being built now)", "own": "O.I.C. HARMON WEST MEADE", "addr": "1200 BLUESTAR BND", "apn": "114120B90000CO", "ac": 28.6, "acq": {"seller": "", "buyer": "O.I.C. HARMON WEST MEADE", "date": "04/26/2024", "price": 0, "url": "https://www.davidsonportal.com/gis/file.php?file=202405130035139"}}, "geometry": {"type": "Polygon", "coordinates": [[[-86.92093, 36.11137, 0], [-86.92116, 36.11105, 0], [-86.92178, 36.11017, 0], [-86.92155, 36.10986, 0], [-86.9214, 36.10915, 0], [-86.9222, 36.10913, 0], [-86.92216, 36.10911, 0], [-86.92171, 36.10892, 0], [-86.92156, 36.10871, 0], [-86.92156, 36.10846, 0], [-86.92226, 36.10847, 0], [-86.92223, 36.10821, 0], [-86.92222, 36.10807, 0], [-86.92229, 36.10807, 0], [-86.92227, 36.10794, 0], [-86.92224, 36.10767, 0], [-86.92138, 36.10773, 0], [-86.92123, 36.10746, 0], [-86.92123, 36.10746, 0], [-86.92115, 36.10746, 0], [-86.92107, 36.10746, 0], [-86.92107, 36.10746, 0], [-86.92084, 36.10744, 0], [-86.91864, 36.10721, 0], [-86.91864, 36.10721, 0], [-86.91822, 36.1102, 0], [-86.9182, 36.11032, 0], [-86.91901, 36.11024, 0], [-86.91932, 36.11063, 0], [-86.91946, 36.1107, 0], [-86.9199, 36.11093, 0], [-86.92002, 36.11099, 0], [-86.92093, 36.11137, 0]], [[-86.92067, 36.11071, 0], [-86.92061, 36.11076, 0], [-86.92056, 36.11082, 0], [-86.92051, 36.11087, 0], [-86.92045, 36.11092, 0], [-86.9204, 36.11098, 0], [-86.92035, 36.11103, 0], [-86.92023, 36.11096, 0], [-86.92028, 36.11091, 0], [-86.92034, 36.11085, 0], [-86.92039, 36.1108, 0], [-86.92044, 36.11075, 0], [-86.9205, 36.11069, 0], [-86.92055, 36.11064, 0], [-86.92067, 36.11071, 0]], [[-86.92008, 36.11068, 0], [-86.92015, 36.11072, 0], [-86.92021, 36.11076, 0], [-86.9201, 36.11087, 0], [-86.92004, 36.11083, 0], [-86.91997, 36.11079, 0], [-86.91991, 36.11075, 0], [-86.92002, 36.11064, 0], [-86.92008, 36.11068, 0]], [[-86.91987, 36.11072, 0], [-86.91981, 36.11069, 0], [-86.91975, 36.11065, 0], [-86.91969, 36.11061, 0], [-86.91963, 36.11058, 0], [-86.91973, 36.11046, 0], [-86.91979, 36.1105, 0], [-86.91985, 36.11054, 0], [-86.91991, 36.11057, 0], [-86.91997, 36.11061, 0], [-86.91987, 36.11072, 0]], [[-86.91958, 36.11054, 0], [-86.91952, 36.1105, 0], [-86.91946, 36.11047, 0], [-86.9194, 36.11043, 0], [-86.91934, 36.11039, 0], [-86.91944, 36.11028, 0], [-86.9195, 36.11032, 0], [-86.91956, 36.11035, 0], [-86.91962, 36.11039, 0], [-86.91968, 36.11043, 0], [-86.91958, 36.11054, 0]], [[-86.9198, 36.11032, 0], [-86.91974, 36.11029, 0], [-86.91969, 36.11025, 0], [-86.91962, 36.11021, 0], [-86.91972, 36.1101, 0], [-86.91979, 36.11014, 0], [-86.91985, 36.11017, 0], [-86.9199, 36.11021, 0], [-86.91996, 36.11025, 0], [-86.91986, 36.11036, 0], [-86.9198, 36.11032, 0]], [[-86.91957, 36.11018, 0], [-86.91949, 36.11017, 0], [-86.91941, 36.11016, 0], [-86.91932, 36.11015, 0], [-86.91935, 36.11001, 0], [-86.91943, 36.11001, 0], [-86.91952, 36.11002, 0], [-86.9196, 36.11003, 0], [-86.91957, 36.11018, 0]], [[-86.92008, 36.11028, 0], [-86.92017, 36.11028, 0], [-86.92025, 36.11028, 0], [-86.92033, 36.11028, 0], [-86.92033, 36.11043, 0], [-86.92025, 36.11043, 0], [-86.92017, 36.11043, 0], [-86.92008, 36.11043, 0], [-86.92008, 36.11028, 0]], [[-86.9204, 36.11041, 0], [-86.92055, 36.11033, 0], [-86.92059, 36.11039, 0], [-86.92064, 36.11045, 0], [-86.92068, 36.11051, 0], [-86.92053, 36.11058, 0], [-86.92049, 36.11052, 0], [-86.92044, 36.11047, 0], [-86.9204, 36.11041, 0]], [[-86.92011, 36.10955, 0], [-86.9201, 36.10962, 0], [-86.92009, 36.10969, 0], [-86.91994, 36.10967, 0], [-86.91995, 36.1096, 0], [-86.91996, 36.10953, 0], [-86.91997, 36.10946, 0], [-86.91998, 36.1094, 0], [-86.91999, 36.10933, 0], [-86.92014, 36.10934, 0], [-86.92013, 36.10941, 0], [-86.92012, 36.10948, 0], [-86.92011, 36.10955, 0]], [[-86.91913, 36.10955, 0], [-86.91906, 36.10958, 0], [-86.919, 36.1096, 0], [-86.91893, 36.10963, 0], [-86.91885, 36.1095, 0], [-86.91893, 36.10947, 0], [-86.91899, 36.10945, 0], [-86.91906, 36.10943, 0], [-86.91913, 36.1094, 0], [-86.9192, 36.10953, 0], [-86.91913, 36.10955, 0]], [[-86.91945, 36.10952, 0], [-86.91946, 36.10945, 0], [-86.91947, 36.10938, 0], [-86.91948, 36.10931, 0], [-86.91949, 36.10924, 0], [-86.91951, 36.10918, 0], [-86.91952, 36.10911, 0], [-86.91966, 36.10912, 0], [-86.91965, 36.10919, 0], [-86.91964, 36.10926, 0], [-86.91963, 36.10932, 0], [-86.91962, 36.10939, 0], [-86.9196, 36.10946, 0], [-86.91959, 36.10953, 0], [-86.91945, 36.10952, 0]], [[-86.91888, 36.10936, 0], [-86.91874, 36.10935, 0], [-86.91875, 36.10928, 0], [-86.91876, 36.10921, 0], [-86.91877, 36.10914, 0], [-86.91878, 36.10907, 0], [-86.91879, 36.109, 0], [-86.91894, 36.10901, 0], [-86.91893, 36.10908, 0], [-86.91892, 36.10915, 0], [-86.91891, 36.10922, 0], [-86.9189, 36.10929, 0], [-86.91888, 36.10936, 0]], [[-86.91919, 36.10899, 0], [-86.9192, 36.10892, 0], [-86.91921, 36.10886, 0], [-86.91922, 36.1088, 0], [-86.91923, 36.10875, 0], [-86.9194, 36.10876, 0], [-86.91939, 36.10882, 0], [-86.91938, 36.10888, 0], [-86.91937, 36.10894, 0], [-86.91936, 36.109, 0], [-86.91919, 36.10899, 0]], [[-86.91899, 36.10879, 0], [-86.91898, 36.10885, 0], [-86.91897, 36.10891, 0], [-86.91896, 36.10897, 0], [-86.91879, 36.10896, 0], [-86.9188, 36.10889, 0], [-86.91881, 36.10883, 0], [-86.91882, 36.10877, 0], [-86.91883, 36.10872, 0], [-86.919, 36.10873, 0], [-86.91899, 36.10879, 0]], [[-86.91958, 36.10873, 0], [-86.91959, 36.10866, 0], [-86.91973, 36.10867, 0], [-86.91972, 36.10874, 0], [-86.91971, 36.10881, 0], [-86.9197, 36.10888, 0], [-86.91969, 36.10895, 0], [-86.91968, 36.10902, 0], [-86.91967, 36.10908, 0], [-86.91952, 36.10907, 0], [-86.91953, 36.109, 0], [-86.91954, 36.10894, 0], [-86.91955, 36.10887, 0], [-86.91957, 36.1088, 0], [-86.91958, 36.10873, 0]], [[-86.92014, 36.10887, 0], [-86.92019, 36.10881, 0], [-86.92025, 36.10876, 0], [-86.9203, 36.1087, 0], [-86.92036, 36.10865, 0], [-86.92041, 36.1086, 0], [-86.92053, 36.10867, 0], [-86.92048, 36.10873, 0], [-86.92042, 36.10878, 0], [-86.92037, 36.10884, 0], [-86.92031, 36.10889, 0], [-86.92026, 36.10894, 0], [-86.92014, 36.10887, 0]], [[-86.92092, 36.10859, 0], [-86.92084, 36.10858, 0], [-86.92075, 36.10857, 0], [-86.92078, 36.10843, 0], [-86.92086, 36.10844, 0], [-86.92094, 36.10844, 0], [-86.92103, 36.10845, 0], [-86.921, 36.10859, 0], [-86.92092, 36.10859, 0]], [[-86.92058, 36.10849, 0], [-86.92057, 36.10856, 0], [-86.92042, 36.10855, 0], [-86.92043, 36.10848, 0], [-86.92044, 36.10841, 0], [-86.92045, 36.10834, 0], [-86.92046, 36.10827, 0], [-86.92047, 36.1082, 0], [-86.92063, 36.10822, 0], [-86.92061, 36.10829, 0], [-86.9206, 36.10835, 0], [-86.92059, 36.10842, 0], [-86.92058, 36.10849, 0]], [[-86.91982, 36.10823, 0], [-86.91981, 36.10828, 0], [-86.9198, 36.10834, 0], [-86.9198, 36.1084, 0], [-86.91979, 36.10846, 0], [-86.91962, 36.10845, 0], [-86.91963, 36.10838, 0], [-86.91964, 36.10832, 0], [-86.91965, 36.10827, 0], [-86.91966, 36.10821, 0], [-86.91982, 36.10823, 0]], [[-86.91928, 36.10823, 0], [-86.91937, 36.10824, 0], [-86.91945, 36.10824, 0], [-86.91942, 36.10839, 0], [-86.91934, 36.10838, 0], [-86.91926, 36.10837, 0], [-86.91918, 36.10836, 0], [-86.9192, 36.10822, 0], [-86.91928, 36.10823, 0]], [[-86.91913, 36.10836, 0], [-86.91905, 36.10835, 0], [-86.91897, 36.10834, 0], [-86.91888, 36.10833, 0], [-86.91891, 36.10819, 0], [-86.91899, 36.1082, 0], [-86.91907, 36.10821, 0], [-86.91916, 36.10821, 0], [-86.91913, 36.10836, 0]], [[-86.92048, 36.10817, 0], [-86.9205, 36.1081, 0], [-86.92051, 36.10803, 0], [-86.92052, 36.10796, 0], [-86.92053, 36.10789, 0], [-86.92054, 36.10782, 0], [-86.92069, 36.10784, 0], [-86.92068, 36.10791, 0], [-86.92067, 36.10798, 0], [-86.92066, 36.10805, 0], [-86.92065, 36.10812, 0], [-86.92063, 36.10818, 0], [-86.92048, 36.10817, 0]], [[-86.91987, 36.10789, 0], [-86.91986, 36.10796, 0], [-86.91985, 36.10803, 0], [-86.91984, 36.1081, 0], [-86.91983, 36.10817, 0], [-86.91968, 36.10816, 0], [-86.91969, 36.10809, 0], [-86.9197, 36.10802, 0], [-86.91971, 36.10795, 0], [-86.91972, 36.10788, 0], [-86.91973, 36.10781, 0], [-86.91988, 36.10782, 0], [-86.91987, 36.10789, 0]], [[-86.91932, 36.10797, 0], [-86.91941, 36.10798, 0], [-86.91949, 36.10799, 0], [-86.91946, 36.10813, 0], [-86.91938, 36.10812, 0], [-86.9193, 36.10812, 0], [-86.91922, 36.10811, 0], [-86.91924, 36.10797, 0], [-86.91932, 36.10797, 0]], [[-86.91917, 36.1081, 0], [-86.91909, 36.10809, 0], [-86.919, 36.10809, 0], [-86.91892, 36.10808, 0], [-86.91894, 36.10794, 0], [-86.91903, 36.10794, 0], [-86.91911, 36.10795, 0], [-86.91919, 36.10796, 0], [-86.91917, 36.1081, 0]], [[-86.92055, 36.1078, 0], [-86.92056, 36.10773, 0], [-86.92057, 36.10766, 0], [-86.92058, 36.10759, 0], [-86.92059, 36.10752, 0], [-86.9206, 36.10745, 0], [-86.92075, 36.10747, 0], [-86.92074, 36.10753, 0], [-86.92073, 36.1076, 0], [-86.92072, 36.10767, 0], [-86.92071, 36.10774, 0], [-86.9207, 36.10781, 0], [-86.92055, 36.1078, 0]], [[-86.91993, 36.10752, 0], [-86.91992, 36.10759, 0], [-86.91991, 36.10765, 0], [-86.9199, 36.10772, 0], [-86.91989, 36.10779, 0], [-86.91974, 36.10778, 0], [-86.91975, 36.10771, 0], [-86.91976, 36.10764, 0], [-86.91977, 36.10757, 0], [-86.91978, 36.1075, 0], [-86.91979, 36.10743, 0], [-86.91995, 36.10745, 0], [-86.91993, 36.10752, 0]], [[-86.91937, 36.10765, 0], [-86.91945, 36.10766, 0], [-86.91954, 36.10767, 0], [-86.91951, 36.10781, 0], [-86.91943, 36.1078, 0], [-86.91935, 36.10779, 0], [-86.91927, 36.10778, 0], [-86.91929, 36.10764, 0], [-86.91937, 36.10765, 0]], [[-86.91922, 36.10778, 0], [-86.91913, 36.10777, 0], [-86.91905, 36.10776, 0], [-86.91897, 36.10775, 0], [-86.91899, 36.10761, 0], [-86.91908, 36.10762, 0], [-86.91916, 36.10763, 0], [-86.91924, 36.10764, 0], [-86.91922, 36.10778, 0]], [[-86.91958, 36.10757, 0], [-86.91951, 36.10756, 0], [-86.91944, 36.10755, 0], [-86.91936, 36.10755, 0], [-86.91929, 36.10754, 0], [-86.91931, 36.1074, 0], [-86.91939, 36.10741, 0], [-86.91946, 36.10742, 0], [-86.91953, 36.10742, 0], [-86.9196, 36.10743, 0], [-86.91958, 36.10757, 0]], [[-86.9192, 36.10753, 0], [-86.91913, 36.10753, 0], [-86.91906, 36.10752, 0], [-86.91898, 36.10751, 0], [-86.91891, 36.1075, 0], [-86.91893, 36.10737, 0], [-86.91901, 36.10737, 0], [-86.91908, 36.10738, 0], [-86.91915, 36.10739, 0], [-86.91922, 36.1074, 0], [-86.9192, 36.10753, 0]], [[-86.92115, 36.10777, 0], [-86.92107, 36.10776, 0], [-86.921, 36.10776, 0], [-86.92093, 36.10775, 0], [-86.92094, 36.10761, 0], [-86.92102, 36.10762, 0], [-86.92109, 36.10763, 0], [-86.92117, 36.10763, 0], [-86.92124, 36.10764, 0], [-86.92122, 36.10778, 0], [-86.92115, 36.10777, 0]], [[-86.92101, 36.10801, 0], [-86.92093, 36.108, 0], [-86.92085, 36.108, 0], [-86.92087, 36.10785, 0], [-86.92095, 36.10786, 0], [-86.92103, 36.10787, 0], [-86.92112, 36.10788, 0], [-86.92109, 36.10802, 0], [-86.92101, 36.10801, 0]], [[-86.92117, 36.10788, 0], [-86.92125, 36.10789, 0], [-86.92133, 36.1079, 0], [-86.92142, 36.10791, 0], [-86.92139, 36.10805, 0], [-86.92131, 36.10804, 0], [-86.92123, 36.10803, 0], [-86.92115, 36.10803, 0], [-86.92117, 36.10788, 0]], [[-86.92165, 36.10812, 0], [-86.92182, 36.10814, 0], [-86.92181, 36.1082, 0], [-86.92181, 36.10821, 0], [-86.9218, 36.10826, 0], [-86.92179, 36.10832, 0], [-86.92178, 36.10838, 0], [-86.92161, 36.10836, 0], [-86.92162, 36.1083, 0], [-86.92163, 36.10824, 0], [-86.92164, 36.10821, 0], [-86.92164, 36.10818, 0], [-86.92165, 36.10812, 0]], [[-86.92119, 36.10822, 0], [-86.92128, 36.10822, 0], [-86.92136, 36.10823, 0], [-86.92133, 36.10837, 0], [-86.92125, 36.10837, 0], [-86.92117, 36.10836, 0], [-86.92109, 36.10835, 0], [-86.92111, 36.10821, 0], [-86.92119, 36.10822, 0]], [[-86.92104, 36.10835, 0], [-86.92096, 36.10834, 0], [-86.92088, 36.10833, 0], [-86.9208, 36.10832, 0], [-86.92082, 36.10818, 0], [-86.9209, 36.10819, 0], [-86.92099, 36.10819, 0], [-86.92107, 36.1082, 0], [-86.92104, 36.10835, 0]], [[-86.92107, 36.10846, 0], [-86.92115, 36.10847, 0], [-86.92122, 36.10847, 0], [-86.92129, 36.10848, 0], [-86.92136, 36.10849, 0], [-86.92134, 36.10863, 0], [-86.92127, 36.10862, 0], [-86.9212, 36.10861, 0], [-86.92113, 36.1086, 0], [-86.92105, 36.1086, 0], [-86.92107, 36.10846, 0]], [[-86.92004, 36.10902, 0], [-86.92005, 36.10895, 0], [-86.92021, 36.10897, 0], [-86.9202, 36.10903, 0], [-86.92019, 36.1091, 0], [-86.92017, 36.10917, 0], [-86.92016, 36.10924, 0], [-86.92015, 36.10931, 0], [-86.92, 36.1093, 0], [-86.92001, 36.10923, 0], [-86.92002, 36.10916, 0], [-86.92003, 36.10909, 0], [-86.92004, 36.10902, 0]], [[-86.92049, 36.1092, 0], [-86.92041, 36.10919, 0], [-86.92033, 36.10918, 0], [-86.92035, 36.10904, 0], [-86.92043, 36.10905, 0], [-86.92052, 36.10906, 0], [-86.9206, 36.10907, 0], [-86.92058, 36.1092, 0], [-86.92049, 36.1092, 0]], [[-86.92063, 36.10907, 0], [-86.9207, 36.10908, 0], [-86.92078, 36.10909, 0], [-86.92085, 36.10909, 0], [-86.92092, 36.1091, 0], [-86.9209, 36.10924, 0], [-86.92083, 36.10923, 0], [-86.92076, 36.10922, 0], [-86.92068, 36.10922, 0], [-86.92061, 36.10921, 0], [-86.92063, 36.10907, 0]], [[-86.92031, 36.10929, 0], [-86.9204, 36.1093, 0], [-86.92048, 36.10931, 0], [-86.92056, 36.10931, 0], [-86.92054, 36.10946, 0], [-86.92046, 36.10945, 0], [-86.92037, 36.10944, 0], [-86.92029, 36.10943, 0], [-86.92031, 36.10929, 0]], [[-86.92059, 36.10932, 0], [-86.92067, 36.10933, 0], [-86.92075, 36.10933, 0], [-86.92084, 36.10934, 0], [-86.92081, 36.10948, 0], [-86.92073, 36.10948, 0], [-86.92065, 36.10947, 0], [-86.92057, 36.10946, 0], [-86.92059, 36.10932, 0]], [[-86.91934, 36.10912, 0], [-86.91933, 36.10918, 0], [-86.91933, 36.10924, 0], [-86.91932, 36.1093, 0], [-86.91915, 36.10929, 0], [-86.91916, 36.10922, 0], [-86.91917, 36.10916, 0], [-86.91917, 36.1091, 0], [-86.91918, 36.10904, 0], [-86.91935, 36.10906, 0], [-86.91934, 36.10912, 0]]]}}, {"type": "Feature", "properties": {"op": "Kennedy Lewis (KLLB)", "st": "Pipeline (vacant / in development)", "ty": "Land-bank / pre-development", "mo": "3. Partnership (builder presells to investor)", "lc": "Pipeline (being built now)", "own": "O.I.C. CITY VISTA TOWNHOMES", "addr": "11 LUCILE ST", "apn": "071100N90000CO", "ac": 14, "acq": {"seller": "", "buyer": "O.I.C. CITY VISTA TOWNHOMES", "date": "05/07/2024", "price": 0, "url": "https://www.davidsonportal.com/gis/file.php?file=202405090034179"}}, "geometry": {"type": "Polygon", "coordinates": [[[-86.77521, 36.19992, 0], [-86.7753, 36.19993, 0], [-86.77536, 36.19976, 0], [-86.77579, 36.19979, 0], [-86.7758, 36.19968, 0], [-86.77575, 36.19951, 0], [-86.77567, 36.19924, 0], [-86.77552, 36.19923, 0], [-86.77552, 36.1992, 0], [-86.77566, 36.19921, 0], [-86.77559, 36.19898, 0], [-86.77559, 36.19883, 0], [-86.77559, 36.19843, 0], [-86.77556, 36.198, 0], [-86.77544, 36.19725, 0], [-86.77544, 36.19724, 0], [-86.77542, 36.19711, 0], [-86.77536, 36.19687, 0], [-86.77535, 36.19687, 0], [-86.77492, 36.19682, 0], [-86.77483, 36.19681, 0], [-86.77474, 36.19681, 0], [-86.77466, 36.19681, 0], [-86.77457, 36.19681, 0], [-86.77447, 36.19682, 0], [-86.77437, 36.19682, 0], [-86.77426, 36.19682, 0], [-86.77416, 36.19681, 0], [-86.77411, 36.19697, 0], [-86.77406, 36.1971, 0], [-86.77404, 36.19717, 0], [-86.77402, 36.19723, 0], [-86.77397, 36.19736, 0], [-86.77393, 36.1975, 0], [-86.77388, 36.19763, 0], [-86.77384, 36.19776, 0], [-86.77382, 36.19783, 0], [-86.77379, 36.19789, 0], [-86.77375, 36.19803, 0], [-86.77371, 36.19816, 0], [-86.77367, 36.1983, 0], [-86.77364, 36.1984, 0], [-86.77363, 36.19843, 0], [-86.77358, 36.19856, 0], [-86.77358, 36.19856, 0], [-86.77358, 36.19856, 0], [-86.77353, 36.19869, 0], [-86.77353, 36.19869, 0], [-86.77353, 36.19869, 0], [-86.77352, 36.19872, 0], [-86.77351, 36.19875, 0], [-86.77346, 36.19889, 0], [-86.7732, 36.19971, 0], [-86.77521, 36.19992, 0]], [[-86.77384, 36.19978, 0], [-86.77377, 36.19976, 0], [-86.77368, 36.19975, 0], [-86.7736, 36.19973, 0], [-86.77352, 36.19971, 0], [-86.77344, 36.1997, 0], [-86.77347, 36.19958, 0], [-86.77355, 36.1996, 0], [-86.77364, 36.19962, 0], [-86.77371, 36.19963, 0], [-86.7738, 36.19965, 0], [-86.77387, 36.19967, 0], [-86.77384, 36.19978, 0]], [[-86.77419, 36.19962, 0], [-86.77412, 36.19961, 0], [-86.77405, 36.19959, 0], [-86.77399, 36.19958, 0], [-86.77403, 36.19947, 0], [-86.77409, 36.19948, 0], [-86.77416, 36.1995, 0], [-86.77422, 36.19951, 0], [-86.77429, 36.19952, 0], [-86.77425, 36.19963, 0], [-86.77419, 36.19962, 0]], [[-86.77391, 36.19948, 0], [-86.77389, 36.19953, 0], [-86.77376, 36.1995, 0], [-86.77379, 36.1994, 0], [-86.77381, 36.19935, 0], [-86.77383, 36.19929, 0], [-86.77396, 36.19932, 0], [-86.77394, 36.19937, 0], [-86.77393, 36.19943, 0], [-86.77391, 36.19948, 0]], [[-86.77371, 36.19932, 0], [-86.77369, 36.19938, 0], [-86.77368, 36.19943, 0], [-86.77366, 36.19948, 0], [-86.77352, 36.19945, 0], [-86.77354, 36.1994, 0], [-86.77355, 36.19935, 0], [-86.77357, 36.19929, 0], [-86.77359, 36.19924, 0], [-86.77373, 36.19927, 0], [-86.77371, 36.19932, 0]], [[-86.77384, 36.19925, 0], [-86.77386, 36.1992, 0], [-86.77387, 36.19915, 0], [-86.77389, 36.1991, 0], [-86.77391, 36.19904, 0], [-86.77392, 36.19899, 0], [-86.77406, 36.19901, 0], [-86.77404, 36.19907, 0], [-86.77402, 36.19912, 0], [-86.77401, 36.19917, 0], [-86.77399, 36.19923, 0], [-86.77398, 36.19928, 0], [-86.77384, 36.19925, 0]], [[-86.77381, 36.19902, 0], [-86.77379, 36.19907, 0], [-86.77377, 36.19913, 0], [-86.77376, 36.19917, 0], [-86.77374, 36.19923, 0], [-86.7736, 36.19921, 0], [-86.77362, 36.19915, 0], [-86.77363, 36.1991, 0], [-86.77365, 36.19904, 0], [-86.77367, 36.19899, 0], [-86.77369, 36.19893, 0], [-86.77382, 36.19897, 0], [-86.77381, 36.19902, 0]], [[-86.77393, 36.19894, 0], [-86.77395, 36.19889, 0], [-86.77397, 36.19884, 0], [-86.77398, 36.19879, 0], [-86.774, 36.19873, 0], [-86.77414, 36.19876, 0], [-86.77412, 36.19881, 0], [-86.7741, 36.19887, 0], [-86.77409, 36.19892, 0], [-86.77407, 36.19897, 0], [-86.77393, 36.19894, 0]], [[-86.77388, 36.19876, 0], [-86.77387, 36.19882, 0], [-86.77385, 36.19887, 0], [-86.77383, 36.19893, 0], [-86.7737, 36.1989, 0], [-86.77372, 36.19884, 0], [-86.77373, 36.19879, 0], [-86.77375, 36.19874, 0], [-86.77377, 36.19869, 0], [-86.7739, 36.19871, 0], [-86.77388, 36.19876, 0]], [[-86.77483, 36.19872, 0], [-86.77477, 36.19871, 0], [-86.7747, 36.19869, 0], [-86.77474, 36.19858, 0], [-86.7748, 36.1986, 0], [-86.77486, 36.19861, 0], [-86.77493, 36.19862, 0], [-86.775, 36.19864, 0], [-86.77506, 36.19865, 0], [-86.77503, 36.19876, 0], [-86.77497, 36.19875, 0], [-86.7749, 36.19873, 0], [-86.77483, 36.19872, 0]], [[-86.77463, 36.19868, 0], [-86.77457, 36.19867, 0], [-86.7745, 36.19865, 0], [-86.77443, 36.19864, 0], [-86.77436, 36.19863, 0], [-86.7743, 36.19861, 0], [-86.77423, 36.1986, 0], [-86.77427, 36.19849, 0], [-86.77434, 36.1985, 0], [-86.7744, 36.19851, 0], [-86.77447, 36.19853, 0], [-86.77453, 36.19854, 0], [-86.7746, 36.19856, 0], [-86.77467, 36.19857, 0], [-86.77463, 36.19868, 0]], [[-86.77416, 36.19859, 0], [-86.7741, 36.19857, 0], [-86.77403, 36.19856, 0], [-86.77396, 36.19855, 0], [-86.7739, 36.19853, 0], [-86.77383, 36.19852, 0], [-86.77387, 36.19841, 0], [-86.77393, 36.19842, 0], [-86.774, 36.19843, 0], [-86.77407, 36.19845, 0], [-86.77413, 36.19846, 0], [-86.7742, 36.19847, 0], [-86.77416, 36.19859, 0]], [[-86.77456, 36.19846, 0], [-86.77449, 36.19845, 0], [-86.77443, 36.19843, 0], [-86.77436, 36.19842, 0], [-86.77429, 36.19841, 0], [-86.77433, 36.19829, 0], [-86.7744, 36.19831, 0], [-86.77446, 36.19832, 0], [-86.77453, 36.19834, 0], [-86.7746, 36.19835, 0], [-86.77466, 36.19836, 0], [-86.77463, 36.19848, 0], [-86.77456, 36.19846, 0]], [[-86.77423, 36.19839, 0], [-86.77417, 36.19838, 0], [-86.7741, 36.19837, 0], [-86.77403, 36.19835, 0], [-86.77397, 36.19834, 0], [-86.7739, 36.19833, 0], [-86.77394, 36.19822, 0], [-86.774, 36.19823, 0], [-86.77406, 36.19824, 0], [-86.77413, 36.19826, 0], [-86.7742, 36.19827, 0], [-86.77427, 36.19828, 0], [-86.77423, 36.19839, 0]], [[-86.77456, 36.19823, 0], [-86.77449, 36.19822, 0], [-86.77442, 36.19821, 0], [-86.77436, 36.19819, 0], [-86.77439, 36.19808, 0], [-86.77446, 36.19809, 0], [-86.77453, 36.1981, 0], [-86.77459, 36.19812, 0], [-86.77466, 36.19813, 0], [-86.77463, 36.19824, 0], [-86.77456, 36.19823, 0]], [[-86.7743, 36.19818, 0], [-86.77423, 36.19816, 0], [-86.77417, 36.19815, 0], [-86.7741, 36.19813, 0], [-86.77404, 36.19812, 0], [-86.77398, 36.19811, 0], [-86.77401, 36.198, 0], [-86.77407, 36.19801, 0], [-86.77413, 36.19802, 0], [-86.7742, 36.19804, 0], [-86.77427, 36.19805, 0], [-86.77434, 36.19807, 0], [-86.7743, 36.19818, 0]], [[-86.77462, 36.19803, 0], [-86.77455, 36.19802, 0], [-86.77448, 36.19801, 0], [-86.77442, 36.198, 0], [-86.77435, 36.19798, 0], [-86.77438, 36.19787, 0], [-86.77445, 36.19788, 0], [-86.77452, 36.19789, 0], [-86.77459, 36.19791, 0], [-86.77465, 36.19792, 0], [-86.77472, 36.19793, 0], [-86.77469, 36.19805, 0], [-86.77462, 36.19803, 0]], [[-86.7743, 36.19797, 0], [-86.77423, 36.19796, 0], [-86.77417, 36.19794, 0], [-86.7741, 36.19793, 0], [-86.77403, 36.19792, 0], [-86.77406, 36.19781, 0], [-86.77413, 36.19782, 0], [-86.7742, 36.19784, 0], [-86.77426, 36.19785, 0], [-86.77433, 36.19787, 0], [-86.7743, 36.19797, 0]], [[-86.77523, 36.19782, 0], [-86.77523, 36.19776, 0], [-86.77523, 36.19769, 0], [-86.77537, 36.19769, 0], [-86.77537, 36.19775, 0], [-86.77537, 36.19782, 0], [-86.77538, 36.19788, 0], [-86.77538, 36.19795, 0], [-86.77538, 36.19801, 0], [-86.77524, 36.19801, 0], [-86.77524, 36.19795, 0], [-86.77524, 36.19789, 0], [-86.77523, 36.19782, 0]], [[-86.77483, 36.19796, 0], [-86.7749, 36.19797, 0], [-86.77497, 36.19799, 0], [-86.77503, 36.198, 0], [-86.77499, 36.19811, 0], [-86.77493, 36.1981, 0], [-86.77486, 36.19809, 0], [-86.77479, 36.19807, 0], [-86.77473, 36.19806, 0], [-86.77477, 36.19795, 0], [-86.77483, 36.19796, 0]], [[-86.77525, 36.19806, 0], [-86.77539, 36.19805, 0], [-86.77539, 36.19812, 0], [-86.7754, 36.19819, 0], [-86.7754, 36.19825, 0], [-86.7754, 36.19832, 0], [-86.7754, 36.19838, 0], [-86.77527, 36.19839, 0], [-86.77526, 36.19833, 0], [-86.77526, 36.19826, 0], [-86.77526, 36.19819, 0], [-86.77525, 36.19812, 0], [-86.77525, 36.19806, 0]], [[-86.77479, 36.19839, 0], [-86.77486, 36.19841, 0], [-86.77492, 36.19842, 0], [-86.77499, 36.19843, 0], [-86.77505, 36.19844, 0], [-86.77502, 36.19855, 0], [-86.77496, 36.19854, 0], [-86.77489, 36.19853, 0], [-86.77483, 36.19852, 0], [-86.77476, 36.1985, 0], [-86.77469, 36.19849, 0], [-86.77473, 36.19838, 0], [-86.77479, 36.19839, 0]], [[-86.77528, 36.19849, 0], [-86.77528, 36.19843, 0], [-86.77541, 36.19842, 0], [-86.77542, 36.19849, 0], [-86.77542, 36.19856, 0], [-86.77542, 36.19862, 0], [-86.77542, 36.19868, 0], [-86.77542, 36.19875, 0], [-86.77529, 36.19876, 0], [-86.77528, 36.19869, 0], [-86.77528, 36.19862, 0], [-86.77528, 36.19856, 0], [-86.77528, 36.19849, 0]], [[-86.77478, 36.19816, 0], [-86.77484, 36.19817, 0], [-86.77491, 36.19818, 0], [-86.77498, 36.1982, 0], [-86.77504, 36.19821, 0], [-86.775, 36.19832, 0], [-86.77494, 36.1983, 0], [-86.77488, 36.19829, 0], [-86.77481, 36.19828, 0], [-86.77475, 36.19826, 0], [-86.77468, 36.19825, 0], [-86.77472, 36.19814, 0], [-86.77478, 36.19816, 0]], [[-86.77458, 36.19896, 0], [-86.77459, 36.19891, 0], [-86.77461, 36.19886, 0], [-86.77474, 36.19888, 0], [-86.77473, 36.19894, 0], [-86.77471, 36.19899, 0], [-86.77469, 36.19904, 0], [-86.77468, 36.1991, 0], [-86.77454, 36.19907, 0], [-86.77456, 36.19902, 0], [-86.77458, 36.19896, 0]], [[-86.77523, 36.19887, 0], [-86.77536, 36.1989, 0], [-86.77534, 36.19896, 0], [-86.77532, 36.19902, 0], [-86.7753, 36.19909, 0], [-86.77528, 36.19915, 0], [-86.77526, 36.19921, 0], [-86.77524, 36.19928, 0], [-86.77511, 36.19925, 0], [-86.77513, 36.19919, 0], [-86.77515, 36.19912, 0], [-86.77517, 36.19906, 0], [-86.77519, 36.199, 0], [-86.77521, 36.19893, 0], [-86.77523, 36.19887, 0]], [[-86.7749, 36.19919, 0], [-86.77489, 36.19923, 0], [-86.77487, 36.19929, 0], [-86.77485, 36.19935, 0], [-86.77483, 36.1994, 0], [-86.77482, 36.19945, 0], [-86.77468, 36.19943, 0], [-86.7747, 36.19937, 0], [-86.77472, 36.19932, 0], [-86.77474, 36.19926, 0], [-86.77475, 36.1992, 0], [-86.77477, 36.19916, 0], [-86.7749, 36.19919, 0]], [[-86.77505, 36.19942, 0], [-86.77507, 36.19935, 0], [-86.77509, 36.19929, 0], [-86.77522, 36.19932, 0], [-86.7752, 36.19938, 0], [-86.77519, 36.19945, 0], [-86.77516, 36.19951, 0], [-86.77515, 36.19958, 0], [-86.77513, 36.19964, 0], [-86.77511, 36.19971, 0], [-86.77497, 36.19968, 0], [-86.77499, 36.19961, 0], [-86.77501, 36.19955, 0], [-86.77503, 36.19949, 0], [-86.77505, 36.19942, 0]], [[-86.7748, 36.19949, 0], [-86.77479, 36.19955, 0], [-86.77477, 36.1996, 0], [-86.77476, 36.19966, 0], [-86.77474, 36.19971, 0], [-86.77461, 36.19968, 0], [-86.77462, 36.19963, 0], [-86.77464, 36.19958, 0], [-86.77465, 36.19952, 0], [-86.77467, 36.19947, 0], [-86.7748, 36.19949, 0]], [[-86.77456, 36.1995, 0], [-86.77454, 36.19955, 0], [-86.77452, 36.1996, 0], [-86.77451, 36.19966, 0], [-86.77437, 36.19963, 0], [-86.77438, 36.19957, 0], [-86.7744, 36.19952, 0], [-86.77442, 36.19947, 0], [-86.77443, 36.19941, 0], [-86.77457, 36.19944, 0], [-86.77456, 36.1995, 0]], [[-86.77465, 36.19919, 0], [-86.77464, 36.19925, 0], [-86.77462, 36.19929, 0], [-86.7746, 36.19935, 0], [-86.77458, 36.1994, 0], [-86.77445, 36.19937, 0], [-86.77446, 36.19932, 0], [-86.77448, 36.19927, 0], [-86.7745, 36.19922, 0], [-86.77452, 36.19916, 0], [-86.77453, 36.19911, 0], [-86.77467, 36.19914, 0], [-86.77465, 36.19919, 0]], [[-86.77478, 36.19912, 0], [-86.77479, 36.19906, 0], [-86.77481, 36.19901, 0], [-86.77483, 36.19896, 0], [-86.77484, 36.1989, 0], [-86.77498, 36.19893, 0], [-86.77497, 36.19899, 0], [-86.77495, 36.19904, 0], [-86.77493, 36.19909, 0], [-86.77492, 36.19915, 0], [-86.77478, 36.19912, 0]], [[-86.77457, 36.19769, 0], [-86.7745, 36.19769, 0], [-86.77443, 36.19769, 0], [-86.77436, 36.19769, 0], [-86.7743, 36.19769, 0], [-86.77423, 36.19769, 0], [-86.77416, 36.19769, 0], [-86.77416, 36.19756, 0], [-86.77423, 36.19756, 0], [-86.77429, 36.19756, 0], [-86.77436, 36.19756, 0], [-86.77443, 36.19756, 0], [-86.7745, 36.19756, 0], [-86.77457, 36.19756, 0], [-86.77457, 36.19769, 0]], [[-86.77494, 36.19768, 0], [-86.77487, 36.19768, 0], [-86.7748, 36.19768, 0], [-86.77474, 36.19768, 0], [-86.77467, 36.19768, 0], [-86.77467, 36.19756, 0], [-86.77474, 36.19756, 0], [-86.7748, 36.19756, 0], [-86.77487, 36.19756, 0], [-86.77494, 36.19756, 0], [-86.775, 36.19756, 0], [-86.77501, 36.19768, 0], [-86.77494, 36.19768, 0]], [[-86.77457, 36.19748, 0], [-86.7745, 36.19748, 0], [-86.77443, 36.19748, 0], [-86.77436, 36.19748, 0], [-86.77429, 36.19748, 0], [-86.77423, 36.19748, 0], [-86.77423, 36.19737, 0], [-86.77429, 36.19737, 0], [-86.77436, 36.19737, 0], [-86.77443, 36.19737, 0], [-86.7745, 36.19736, 0], [-86.77457, 36.19736, 0], [-86.77457, 36.19748, 0]], [[-86.77466, 36.19736, 0], [-86.77472, 36.19736, 0], [-86.77479, 36.19736, 0], [-86.77486, 36.19736, 0], [-86.77492, 36.19736, 0], [-86.77499, 36.19736, 0], [-86.77499, 36.19747, 0], [-86.77493, 36.19748, 0], [-86.77486, 36.19748, 0], [-86.77479, 36.19748, 0], [-86.77473, 36.19748, 0], [-86.77466, 36.19748, 0], [-86.77466, 36.19736, 0]], [[-86.77477, 36.1971, 0], [-86.77481, 36.1971, 0], [-86.77485, 36.1971, 0], [-86.77491, 36.1971, 0], [-86.77498, 36.1971, 0], [-86.77498, 36.19712, 0], [-86.77498, 36.19721, 0], [-86.77498, 36.19721, 0], [-86.77491, 36.19721, 0], [-86.77485, 36.19721, 0], [-86.77478, 36.19721, 0], [-86.77471, 36.19721, 0], [-86.77471, 36.19718, 0], [-86.77471, 36.1971, 0], [-86.77477, 36.1971, 0]], [[-86.77438, 36.1971, 0], [-86.77445, 36.1971, 0], [-86.77446, 36.1971, 0], [-86.77452, 36.1971, 0], [-86.77459, 36.1971, 0], [-86.77463, 36.1971, 0], [-86.77466, 36.1971, 0], [-86.77466, 36.19718, 0], [-86.77466, 36.19721, 0], [-86.77459, 36.19721, 0], [-86.77452, 36.19721, 0], [-86.77445, 36.19721, 0], [-86.77438, 36.19721, 0], [-86.77432, 36.19721, 0], [-86.77432, 36.19715, 0], [-86.77432, 36.1971, 0], [-86.77438, 36.1971, 0]], [[-86.77477, 36.19686, 0], [-86.77484, 36.19686, 0], [-86.77485, 36.19686, 0], [-86.7749, 36.19686, 0], [-86.77497, 36.19686, 0], [-86.77497, 36.19701, 0], [-86.7749, 36.19701, 0], [-86.77484, 36.19701, 0], [-86.77482, 36.19701, 0], [-86.77477, 36.19702, 0], [-86.7747, 36.19702, 0], [-86.7747, 36.19686, 0], [-86.77477, 36.19686, 0]], [[-86.7745, 36.19686, 0], [-86.77452, 36.19686, 0], [-86.77459, 36.19686, 0], [-86.77459, 36.19701, 0], [-86.77452, 36.19701, 0], [-86.77448, 36.19701, 0], [-86.77445, 36.19701, 0], [-86.77439, 36.19701, 0], [-86.77439, 36.19686, 0], [-86.77445, 36.19686, 0], [-86.7745, 36.19686, 0]]]}}, {"type": "Feature", "properties": {"op": "KSSK", "st": "Pipeline (vacant / in development)", "ty": "Merchant-build / forward-flow (builds, sells to operator)", "mo": "2. Contractor (investor owns land, hires builder)", "lc": "Pipeline (being built now)", "own": "O.I.C. WILDWOOD HEIGHTS", "addr": "401 B WILDWOOD HTS", "apn": "071020L90000CO", "ac": 1.8, "acq": {"seller": "", "buyer": "O.I.C. WILDWOOD HEIGHTS", "date": "03/11/2025", "price": 0, "url": "https://www.davidsonportal.com/gis/file.php?file=202503110018495"}}, "geometry": {"type": "Polygon", "coordinates": [[[-86.77912, 36.20883, 0], [-86.77912, 36.20883, 0], [-86.77997, 36.20871, 0], [-86.78064, 36.20861, 0], [-86.78057, 36.20821, 0], [-86.78053, 36.20822, 0], [-86.77991, 36.20831, 0], [-86.77918, 36.20841, 0], [-86.77919, 36.2083, 0], [-86.77923, 36.20801, 0], [-86.77889, 36.20808, 0], [-86.77897, 36.20835, 0], [-86.77912, 36.20883, 0]], [[-86.77957, 36.20875, 0], [-86.7795, 36.20876, 0], [-86.77943, 36.20877, 0], [-86.77936, 36.20878, 0], [-86.77929, 36.20879, 0], [-86.77922, 36.2088, 0], [-86.77915, 36.20881, 0], [-86.77913, 36.20873, 0], [-86.77911, 36.20864, 0], [-86.7791, 36.20865, 0], [-86.77908, 36.20854, 0], [-86.77915, 36.20853, 0], [-86.77916, 36.20856, 0], [-86.77917, 36.20864, 0], [-86.77919, 36.20863, 0], [-86.7792, 36.2087, 0], [-86.77927, 36.20869, 0], [-86.77934, 36.20868, 0], [-86.77941, 36.20867, 0], [-86.77948, 36.20866, 0], [-86.77955, 36.20865, 0], [-86.77957, 36.20875, 0]], [[-86.77932, 36.20854, 0], [-86.77932, 36.2085, 0], [-86.77931, 36.20845, 0], [-86.77929, 36.2084, 0], [-86.77939, 36.20839, 0], [-86.7794, 36.20844, 0], [-86.77941, 36.20848, 0], [-86.77942, 36.20853, 0], [-86.77943, 36.20858, 0], [-86.77934, 36.20859, 0], [-86.77932, 36.20854, 0]], [[-86.7795, 36.20851, 0], [-86.77949, 36.20847, 0], [-86.77948, 36.20843, 0], [-86.77947, 36.20838, 0], [-86.77957, 36.20837, 0], [-86.77958, 36.20842, 0], [-86.77959, 36.20846, 0], [-86.7796, 36.2085, 0], [-86.77961, 36.20855, 0], [-86.77951, 36.20856, 0], [-86.7795, 36.20851, 0]], [[-86.77969, 36.20849, 0], [-86.77968, 36.20844, 0], [-86.77967, 36.2084, 0], [-86.77966, 36.20835, 0], [-86.77975, 36.20834, 0], [-86.77976, 36.20839, 0], [-86.77977, 36.20843, 0], [-86.77978, 36.20847, 0], [-86.77979, 36.20852, 0], [-86.7797, 36.20854, 0], [-86.77969, 36.20849, 0]], [[-86.77986, 36.20846, 0], [-86.77985, 36.20842, 0], [-86.77985, 36.20838, 0], [-86.77984, 36.20833, 0], [-86.77991, 36.20832, 0], [-86.77993, 36.20831, 0], [-86.77994, 36.20836, 0], [-86.77995, 36.20841, 0], [-86.77996, 36.20845, 0], [-86.77997, 36.2085, 0], [-86.77994, 36.2085, 0], [-86.77987, 36.20851, 0], [-86.77986, 36.20846, 0]], [[-86.78005, 36.20844, 0], [-86.78004, 36.20839, 0], [-86.78003, 36.20835, 0], [-86.78002, 36.2083, 0], [-86.78011, 36.20829, 0], [-86.78012, 36.20834, 0], [-86.78013, 36.20838, 0], [-86.78014, 36.20842, 0], [-86.78015, 36.20847, 0], [-86.78006, 36.20848, 0], [-86.78005, 36.20844, 0]], [[-86.78022, 36.20841, 0], [-86.78022, 36.20837, 0], [-86.78021, 36.20832, 0], [-86.7802, 36.20827, 0], [-86.78029, 36.20826, 0], [-86.7803, 36.20831, 0], [-86.78031, 36.20836, 0], [-86.78032, 36.2084, 0], [-86.78033, 36.20845, 0], [-86.78023, 36.20846, 0], [-86.78022, 36.20841, 0]], [[-86.78041, 36.20839, 0], [-86.7804, 36.20834, 0], [-86.78039, 36.2083, 0], [-86.78039, 36.20825, 0], [-86.78048, 36.20824, 0], [-86.78049, 36.20829, 0], [-86.7805, 36.20833, 0], [-86.7805, 36.20837, 0], [-86.78051, 36.20842, 0], [-86.78042, 36.20843, 0], [-86.78041, 36.20839, 0]], [[-86.78051, 36.20851, 0], [-86.78054, 36.20861, 0], [-86.78047, 36.20862, 0], [-86.7804, 36.20863, 0], [-86.78033, 36.20864, 0], [-86.78025, 36.20865, 0], [-86.78018, 36.20866, 0], [-86.78011, 36.20867, 0], [-86.78004, 36.20868, 0], [-86.78002, 36.20858, 0], [-86.78009, 36.20857, 0], [-86.78016, 36.20856, 0], [-86.78023, 36.20855, 0], [-86.7803, 36.20854, 0], [-86.78037, 36.20853, 0], [-86.78044, 36.20852, 0], [-86.78051, 36.20851, 0]], [[-86.78002, 36.20868, 0], [-86.77997, 36.20869, 0], [-86.77995, 36.20869, 0], [-86.77988, 36.2087, 0], [-86.77981, 36.20871, 0], [-86.77974, 36.20872, 0], [-86.77967, 36.20873, 0], [-86.7796, 36.20874, 0], [-86.77958, 36.20864, 0], [-86.77964, 36.20863, 0], [-86.77972, 36.20862, 0], [-86.77979, 36.20861, 0], [-86.77985, 36.2086, 0], [-86.77993, 36.20859, 0], [-86.77995, 36.20859, 0], [-86.78, 36.20858, 0], [-86.78002, 36.20868, 0]], [[-86.77908, 36.20832, 0], [-86.7791, 36.20839, 0], [-86.77903, 36.2084, 0], [-86.77901, 36.20834, 0], [-86.779, 36.20829, 0], [-86.77899, 36.20829, 0], [-86.77897, 36.20818, 0], [-86.77896, 36.20819, 0], [-86.77894, 36.20808, 0], [-86.77901, 36.20807, 0], [-86.77903, 36.20818, 0], [-86.77904, 36.20818, 0], [-86.77906, 36.20828, 0], [-86.77907, 36.20828, 0], [-86.77908, 36.20832, 0]]]}}, {"type": "Feature", "properties": {"op": "KSSK", "st": "Pipeline (vacant / in development)", "ty": "Merchant-build / forward-flow (builds, sells to operator)", "mo": "2. Contractor (investor owns land, hires builder)", "lc": "Pipeline (being built now)", "own": "O.I.C. HAMPTON CORNER", "addr": "1609 B HAMPTON ST", "apn": "071020C90000CO", "ac": 0.7, "acq": {"seller": "", "buyer": "O.I.C. HAMPTON CORNER", "date": "06/13/2023", "price": 0, "url": "https://www.davidsonportal.com/gis/file.php?file=202307060051591"}}, "geometry": {"type": "Polygon", "coordinates": [[[-86.77898, 36.21037, 0], [-86.77899, 36.21037, 0], [-86.77899, 36.21037, 0], [-86.779, 36.21037, 0], [-86.77901, 36.21037, 0], [-86.77902, 36.21037, 0], [-86.7794, 36.21032, 0], [-86.77929, 36.20995, 0], [-86.77925, 36.20982, 0], [-86.77922, 36.20971, 0], [-86.77922, 36.20971, 0], [-86.77921, 36.20971, 0], [-86.77882, 36.20979, 0], [-86.77882, 36.20979, 0], [-86.77881, 36.20979, 0], [-86.77881, 36.20979, 0], [-86.77881, 36.20979, 0], [-86.7788, 36.2098, 0], [-86.7788, 36.2098, 0], [-86.7788, 36.2098, 0], [-86.7788, 36.20981, 0], [-86.7788, 36.20981, 0], [-86.7788, 36.20982, 0], [-86.7788, 36.20982, 0], [-86.77896, 36.21034, 0], [-86.77896, 36.21035, 0], [-86.77897, 36.21036, 0], [-86.77897, 36.21036, 0], [-86.77898, 36.21037, 0]], [[-86.77934, 36.21029, 0], [-86.77922, 36.21032, 0], [-86.7792, 36.21025, 0], [-86.77932, 36.21023, 0], [-86.77934, 36.21029, 0]], [[-86.77917, 36.21017, 0], [-86.7793, 36.21014, 0], [-86.77932, 36.21021, 0], [-86.77919, 36.21023, 0], [-86.77917, 36.21017, 0]], [[-86.77915, 36.21009, 0], [-86.77927, 36.21006, 0], [-86.77929, 36.21013, 0], [-86.77917, 36.21015, 0], [-86.77915, 36.21009, 0]], [[-86.77912, 36.21001, 0], [-86.77925, 36.20998, 0], [-86.77927, 36.21004, 0], [-86.77914, 36.21007, 0], [-86.77912, 36.21001, 0]], [[-86.7791, 36.20992, 0], [-86.77922, 36.2099, 0], [-86.77924, 36.20996, 0], [-86.77912, 36.20998, 0], [-86.7791, 36.20992, 0]], [[-86.77907, 36.20984, 0], [-86.7792, 36.20981, 0], [-86.77922, 36.20988, 0], [-86.77909, 36.2099, 0], [-86.77907, 36.20984, 0]], [[-86.77905, 36.20975, 0], [-86.77917, 36.20973, 0], [-86.77919, 36.20979, 0], [-86.77907, 36.20982, 0], [-86.77905, 36.20975, 0]]]}}, {"type": "Feature", "properties": {"op": "KSSK", "st": "Pipeline (vacant / in development)", "ty": "Merchant-build / forward-flow (builds, sells to operator)", "mo": "2. Contractor (investor owns land, hires builder)", "lc": "Pipeline (being built now)", "own": "O.I.C. CONDOS AT HAMPTON CORNER", "addr": "2416 B BRICK CHURCH PIKE", "apn": "071020E90000CO", "ac": 0, "acq": {"seller": "", "buyer": "O.I.C. CONDOS AT HAMPTON CORNER", "date": "08/01/2023", "price": 0, "url": "https://www.davidsonportal.com/gis/file.php?file=202308080061433"}}, "geometry": {"type": "Polygon", "coordinates": [[[-86.77844, 36.21021, 0], [-86.77851, 36.21045, 0], [-86.77885, 36.2104, 0], [-86.77886, 36.2104, 0], [-86.77887, 36.21039, 0], [-86.77887, 36.21039, 0], [-86.77888, 36.21038, 0], [-86.77888, 36.21038, 0], [-86.77889, 36.21038, 0], [-86.77889, 36.21037, 0], [-86.77889, 36.21037, 0], [-86.77889, 36.21036, 0], [-86.77889, 36.21036, 0], [-86.77889, 36.21035, 0], [-86.77889, 36.21035, 0], [-86.77882, 36.21012, 0], [-86.77881, 36.21013, 0], [-86.77844, 36.21021, 0]], [[-86.77859, 36.21031, 0], [-86.77864, 36.2103, 0], [-86.77869, 36.21029, 0], [-86.77872, 36.21028, 0], [-86.77873, 36.21029, 0], [-86.77873, 36.21029, 0], [-86.77879, 36.21028, 0], [-86.77882, 36.21036, 0], [-86.77872, 36.21038, 0], [-86.77867, 36.21039, 0], [-86.77862, 36.2104, 0], [-86.77854, 36.21042, 0], [-86.77851, 36.21033, 0], [-86.77859, 36.21032, 0], [-86.77859, 36.21031, 0]], [[-86.77858, 36.21028, 0], [-86.7785, 36.2103, 0], [-86.77848, 36.21022, 0], [-86.77856, 36.2102, 0], [-86.77861, 36.21019, 0], [-86.77866, 36.21018, 0], [-86.77876, 36.21016, 0], [-86.77878, 36.21025, 0], [-86.77874, 36.21025, 0], [-86.77872, 36.21026, 0], [-86.77872, 36.21027, 0], [-86.77868, 36.21027, 0], [-86.77864, 36.21028, 0], [-86.77858, 36.21029, 0], [-86.77858, 36.21028, 0]]]}}, {"type": "Feature", "properties": {"op": "Madison Nashville Trinity", "st": "Pipeline (vacant / in development)", "ty": "Land-bank / pre-development", "mo": "2. Contractor (investor owns land, hires builder)", "lc": "Pipeline (being built now)", "own": "O.I.C. MADISON TRINITY", "addr": "901 HAGGARD ST", "apn": "071060A90000CO", "ac": 4.7, "acq": {"seller": "", "buyer": "O.I.C. MADISON TRINITY", "date": "07/15/2025", "price": 0, "url": "https://www.davidsonportal.com/gis/file.php?file=202507220057986"}}, "geometry": {"type": "Polygon", "coordinates": [[[-86.78302, 36.20821, 0], [-86.78356, 36.20821, 0], [-86.78358, 36.20814, 0], [-86.78361, 36.208, 0], [-86.78376, 36.20755, 0], [-86.78376, 36.20753, 0], [-86.78376, 36.20751, 0], [-86.78376, 36.2075, 0], [-86.78375, 36.20748, 0], [-86.78374, 36.20747, 0], [-86.78373, 36.20746, 0], [-86.78372, 36.20745, 0], [-86.78371, 36.20744, 0], [-86.78369, 36.20743, 0], [-86.78367, 36.20743, 0], [-86.7825, 36.20719, 0], [-86.7825, 36.20719, 0], [-86.78198, 36.20708, 0], [-86.78182, 36.20705, 0], [-86.78166, 36.20702, 0], [-86.78161, 36.20735, 0], [-86.78176, 36.20737, 0], [-86.78163, 36.20818, 0], [-86.78171, 36.20817, 0], [-86.78191, 36.20814, 0], [-86.78207, 36.20812, 0], [-86.78209, 36.20815, 0], [-86.78233, 36.20819, 0], [-86.78235, 36.20807, 0], [-86.78249, 36.2081, 0], [-86.78249, 36.2081, 0], [-86.78273, 36.20815, 0], [-86.78297, 36.2082, 0], [-86.78302, 36.20821, 0]], [[-86.78331, 36.20809, 0], [-86.7833, 36.20813, 0], [-86.78318, 36.2081, 0], [-86.78319, 36.20806, 0], [-86.7832, 36.20802, 0], [-86.78322, 36.20798, 0], [-86.78323, 36.20793, 0], [-86.78324, 36.20789, 0], [-86.78326, 36.20785, 0], [-86.78327, 36.20781, 0], [-86.78328, 36.20777, 0], [-86.7833, 36.20773, 0], [-86.78342, 36.20775, 0], [-86.78341, 36.2078, 0], [-86.7834, 36.20784, 0], [-86.78338, 36.20788, 0], [-86.78337, 36.20792, 0], [-86.78335, 36.20796, 0], [-86.78334, 36.208, 0], [-86.78333, 36.20804, 0], [-86.78331, 36.20809, 0]], [[-86.78296, 36.20805, 0], [-86.78295, 36.2081, 0], [-86.78282, 36.20807, 0], [-86.78283, 36.20803, 0], [-86.78284, 36.20798, 0], [-86.78286, 36.20794, 0], [-86.78287, 36.2079, 0], [-86.78288, 36.20786, 0], [-86.7829, 36.20782, 0], [-86.78291, 36.20777, 0], [-86.78292, 36.20773, 0], [-86.78294, 36.20769, 0], [-86.78295, 36.20765, 0], [-86.78308, 36.20768, 0], [-86.78307, 36.20772, 0], [-86.78305, 36.20776, 0], [-86.78304, 36.2078, 0], [-86.78303, 36.20784, 0], [-86.78301, 36.20789, 0], [-86.783, 36.20793, 0], [-86.78299, 36.20797, 0], [-86.78297, 36.20801, 0], [-86.78296, 36.20805, 0]], [[-86.7827, 36.208, 0], [-86.78268, 36.20804, 0], [-86.78255, 36.20801, 0], [-86.78257, 36.20797, 0], [-86.78258, 36.20793, 0], [-86.7826, 36.20789, 0], [-86.78261, 36.20785, 0], [-86.78262, 36.2078, 0], [-86.78264, 36.20776, 0], [-86.78265, 36.20772, 0], [-86.78266, 36.20768, 0], [-86.78268, 36.20764, 0], [-86.78269, 36.2076, 0], [-86.78282, 36.20762, 0], [-86.7828, 36.20766, 0], [-86.78279, 36.20771, 0], [-86.78278, 36.20775, 0], [-86.78276, 36.20779, 0], [-86.78275, 36.20783, 0], [-86.78274, 36.20787, 0], [-86.78272, 36.20792, 0], [-86.78271, 36.20796, 0], [-86.7827, 36.208, 0]], [[-86.78235, 36.20793, 0], [-86.78234, 36.20797, 0], [-86.78222, 36.20794, 0], [-86.78223, 36.2079, 0], [-86.78224, 36.20786, 0], [-86.78226, 36.20782, 0], [-86.78227, 36.20777, 0], [-86.78228, 36.20773, 0], [-86.7823, 36.20769, 0], [-86.78231, 36.20765, 0], [-86.78232, 36.20761, 0], [-86.78234, 36.20756, 0], [-86.78235, 36.20752, 0], [-86.78248, 36.20755, 0], [-86.78246, 36.20759, 0], [-86.78245, 36.20763, 0], [-86.78244, 36.20768, 0], [-86.78242, 36.20772, 0], [-86.78241, 36.20776, 0], [-86.78239, 36.2078, 0], [-86.78238, 36.20784, 0], [-86.78237, 36.20788, 0], [-86.78235, 36.20793, 0]], [[-86.78208, 36.20791, 0], [-86.78207, 36.20795, 0], [-86.78195, 36.20792, 0], [-86.78196, 36.20788, 0], [-86.78197, 36.20784, 0], [-86.78199, 36.2078, 0], [-86.782, 36.20776, 0], [-86.78202, 36.20772, 0], [-86.78203, 36.20767, 0], [-86.78204, 36.20763, 0], [-86.78206, 36.20759, 0], [-86.78207, 36.20755, 0], [-86.78208, 36.20751, 0], [-86.7821, 36.20747, 0], [-86.78222, 36.20749, 0], [-86.78221, 36.20754, 0], [-86.78219, 36.20758, 0], [-86.78218, 36.20762, 0], [-86.78217, 36.20766, 0], [-86.78215, 36.2077, 0], [-86.78214, 36.20774, 0], [-86.78213, 36.20778, 0], [-86.78211, 36.20783, 0], [-86.7821, 36.20787, 0], [-86.78208, 36.20791, 0]], [[-86.78291, 36.20747, 0], [-86.78286, 36.20746, 0], [-86.7828, 36.20745, 0], [-86.78275, 36.20744, 0], [-86.7827, 36.20742, 0], [-86.78265, 36.20741, 0], [-86.78259, 36.2074, 0], [-86.78254, 36.20739, 0], [-86.78249, 36.20738, 0], [-86.78252, 36.20728, 0], [-86.78258, 36.20729, 0], [-86.78263, 36.2073, 0], [-86.78268, 36.20731, 0], [-86.78273, 36.20732, 0], [-86.78279, 36.20733, 0], [-86.78284, 36.20734, 0], [-86.78289, 36.20735, 0], [-86.78294, 36.20736, 0], [-86.78299, 36.20738, 0], [-86.78305, 36.20739, 0], [-86.7831, 36.2074, 0], [-86.78315, 36.20741, 0], [-86.7832, 36.20742, 0], [-86.78326, 36.20743, 0], [-86.78331, 36.20744, 0], [-86.78336, 36.20745, 0], [-86.78341, 36.20747, 0], [-86.78347, 36.20748, 0], [-86.78352, 36.20749, 0], [-86.78357, 36.2075, 0], [-86.78354, 36.2076, 0], [-86.78348, 36.20759, 0], [-86.78343, 36.20758, 0], [-86.78338, 36.20757, 0], [-86.78333, 36.20756, 0], [-86.78327, 36.20755, 0], [-86.78322, 36.20754, 0], [-86.78317, 36.20752, 0], [-86.78312, 36.20751, 0], [-86.78307, 36.2075, 0], [-86.78301, 36.20749, 0], [-86.78296, 36.20748, 0], [-86.78291, 36.20747, 0]], [[-86.78242, 36.20725, 0], [-86.78247, 36.20726, 0], [-86.78244, 36.20737, 0], [-86.78239, 36.20736, 0], [-86.78233, 36.20735, 0], [-86.78228, 36.20733, 0], [-86.78223, 36.20732, 0], [-86.78218, 36.20731, 0], [-86.78213, 36.2073, 0], [-86.78208, 36.20729, 0], [-86.78203, 36.20728, 0], [-86.78197, 36.20727, 0], [-86.78201, 36.20716, 0], [-86.78206, 36.20718, 0], [-86.78211, 36.20719, 0], [-86.78216, 36.2072, 0], [-86.78221, 36.20721, 0], [-86.78227, 36.20722, 0], [-86.78232, 36.20723, 0], [-86.78237, 36.20724, 0], [-86.78242, 36.20725, 0]]]}}, {"type": "Feature", "properties": {"op": "RSD West Trinity", "st": "Pipeline (vacant / in development)", "ty": "Land-bank / pre-development", "mo": "2. Contractor (investor owns land, hires builder)", "lc": "Pipeline (being built now)", "own": "O.I.C. TEMPO AT MILL CREEK AMENDED", "addr": "1738 LEBANON PIKE", "apn": "094120C90000CO", "ac": 7, "acq": {"seller": "", "buyer": "O.I.C. TEMPO AT MILL CREEK AMENDED", "date": "11/14/2023", "price": 0, "url": "https://www.davidsonportal.com/gis/file.php?file=202311160089398"}}, "geometry": {"type": "Polygon", "coordinates": [[[-86.71568, 36.15503, 0], [-86.71592, 36.1551, 0], [-86.71602, 36.1543, 0], [-86.71603, 36.15422, 0], [-86.71606, 36.15395, 0], [-86.71611, 36.15357, 0], [-86.71572, 36.15353, 0], [-86.71552, 36.15354, 0], [-86.71533, 36.15356, 0], [-86.71514, 36.15359, 0], [-86.71495, 36.15363, 0], [-86.71476, 36.15367, 0], [-86.71476, 36.15368, 0], [-86.71459, 36.15372, 0], [-86.71442, 36.15377, 0], [-86.71425, 36.15382, 0], [-86.71409, 36.15388, 0], [-86.71393, 36.15394, 0], [-86.71377, 36.15401, 0], [-86.71361, 36.15409, 0], [-86.71346, 36.15417, 0], [-86.71329, 36.15426, 0], [-86.71313, 36.15436, 0], [-86.71407, 36.1544, 0], [-86.71409, 36.15486, 0], [-86.71421, 36.15487, 0], [-86.71427, 36.15488, 0], [-86.71493, 36.15496, 0], [-86.71501, 36.15496, 0], [-86.71551, 36.15501, 0], [-86.71567, 36.15503, 0], [-86.71568, 36.15503, 0]], [[-86.7152, 36.1548, 0], [-86.71519, 36.15486, 0], [-86.71504, 36.15486, 0], [-86.71504, 36.1548, 0], [-86.71505, 36.15474, 0], [-86.71505, 36.15469, 0], [-86.71505, 36.15463, 0], [-86.71506, 36.15458, 0], [-86.71521, 36.15458, 0], [-86.71521, 36.15464, 0], [-86.7152, 36.15469, 0], [-86.7152, 36.15475, 0], [-86.7152, 36.1548, 0]], [[-86.71491, 36.15469, 0], [-86.71491, 36.15475, 0], [-86.71476, 36.15474, 0], [-86.71476, 36.15468, 0], [-86.71477, 36.15463, 0], [-86.71477, 36.15458, 0], [-86.71477, 36.15452, 0], [-86.71492, 36.15452, 0], [-86.71492, 36.15458, 0], [-86.71491, 36.15464, 0], [-86.71491, 36.15469, 0]], [[-86.7146, 36.15468, 0], [-86.7146, 36.15473, 0], [-86.71445, 36.15473, 0], [-86.71445, 36.15467, 0], [-86.71445, 36.15462, 0], [-86.71446, 36.15456, 0], [-86.71446, 36.15451, 0], [-86.71461, 36.15451, 0], [-86.71461, 36.15457, 0], [-86.7146, 36.15462, 0], [-86.7146, 36.15468, 0]], [[-86.71506, 36.15455, 0], [-86.71506, 36.15449, 0], [-86.71506, 36.15444, 0], [-86.71507, 36.15438, 0], [-86.71507, 36.15433, 0], [-86.71523, 36.15433, 0], [-86.71522, 36.15439, 0], [-86.71522, 36.15444, 0], [-86.71522, 36.1545, 0], [-86.71521, 36.15455, 0], [-86.71506, 36.15455, 0]], [[-86.71493, 36.15443, 0], [-86.71492, 36.15449, 0], [-86.71477, 36.15448, 0], [-86.71478, 36.15443, 0], [-86.71478, 36.15437, 0], [-86.71478, 36.15432, 0], [-86.71493, 36.15432, 0], [-86.71493, 36.15438, 0], [-86.71493, 36.15443, 0]], [[-86.71462, 36.15442, 0], [-86.71461, 36.15447, 0], [-86.71446, 36.15447, 0], [-86.71447, 36.15441, 0], [-86.71447, 36.15436, 0], [-86.71447, 36.1543, 0], [-86.71462, 36.15431, 0], [-86.71462, 36.15436, 0], [-86.71462, 36.15442, 0]], [[-86.71412, 36.1543, 0], [-86.71407, 36.15432, 0], [-86.71399, 36.15422, 0], [-86.71404, 36.15419, 0], [-86.7141, 36.15416, 0], [-86.71416, 36.15413, 0], [-86.71422, 36.1541, 0], [-86.7143, 36.15421, 0], [-86.71424, 36.15424, 0], [-86.71418, 36.15427, 0], [-86.71412, 36.1543, 0]], [[-86.71375, 36.15421, 0], [-86.71369, 36.15424, 0], [-86.71361, 36.15414, 0], [-86.71367, 36.15411, 0], [-86.71373, 36.15408, 0], [-86.71378, 36.15405, 0], [-86.71384, 36.15402, 0], [-86.71392, 36.15412, 0], [-86.71386, 36.15415, 0], [-86.71381, 36.15418, 0], [-86.71375, 36.15421, 0]], [[-86.71402, 36.15408, 0], [-86.71397, 36.15411, 0], [-86.71389, 36.154, 0], [-86.71394, 36.15397, 0], [-86.714, 36.15394, 0], [-86.71406, 36.15391, 0], [-86.71414, 36.15402, 0], [-86.71408, 36.15405, 0], [-86.71402, 36.15408, 0]], [[-86.71429, 36.15397, 0], [-86.71422, 36.15398, 0], [-86.71419, 36.15386, 0], [-86.71426, 36.15385, 0], [-86.71432, 36.15384, 0], [-86.71439, 36.15383, 0], [-86.71442, 36.15394, 0], [-86.71435, 36.15396, 0], [-86.71429, 36.15397, 0]], [[-86.71452, 36.1539, 0], [-86.71445, 36.15391, 0], [-86.71441, 36.15379, 0], [-86.71448, 36.15378, 0], [-86.71455, 36.15377, 0], [-86.71462, 36.15375, 0], [-86.71465, 36.15387, 0], [-86.71458, 36.15388, 0], [-86.71452, 36.1539, 0]], [[-86.71448, 36.1541, 0], [-86.71449, 36.15404, 0], [-86.71464, 36.15405, 0], [-86.71463, 36.15411, 0], [-86.71463, 36.15416, 0], [-86.71463, 36.15422, 0], [-86.71463, 36.15427, 0], [-86.71447, 36.15426, 0], [-86.71448, 36.15421, 0], [-86.71448, 36.15415, 0], [-86.71448, 36.1541, 0]], [[-86.7148, 36.15411, 0], [-86.7148, 36.15406, 0], [-86.71495, 36.15406, 0], [-86.71495, 36.15412, 0], [-86.71494, 36.15417, 0], [-86.71494, 36.15423, 0], [-86.71494, 36.15428, 0], [-86.71479, 36.15428, 0], [-86.71479, 36.15422, 0], [-86.71479, 36.15417, 0], [-86.7148, 36.15411, 0]], [[-86.71509, 36.15412, 0], [-86.71509, 36.15407, 0], [-86.71524, 36.15408, 0], [-86.71524, 36.15413, 0], [-86.71524, 36.15418, 0], [-86.71523, 36.15424, 0], [-86.71523, 36.1543, 0], [-86.71507, 36.15429, 0], [-86.71508, 36.15423, 0], [-86.71508, 36.15418, 0], [-86.71509, 36.15412, 0]]]}}, {"type": "Feature", "properties": {"op": "RSD West Trinity", "st": "Pipeline (vacant / in development)", "ty": "Land-bank / pre-development", "mo": "2. Contractor (investor owns land, hires builder)", "lc": "Pipeline (being built now)", "own": "O.I.C. SKYVUE", "addr": "843 W TRINITY LN", "apn": "070080J90000CO", "ac": 5.6, "acq": {"seller": "", "buyer": "O.I.C. SKYVUE", "date": "11/14/2022", "price": 0, "url": "https://www.davidsonportal.com/gis/file.php?file=202304110026397"}}, "geometry": {"type": "Polygon", "coordinates": [[[-86.80119, 36.20835, 0], [-86.8013, 36.20834, 0], [-86.8014, 36.20833, 0], [-86.8015, 36.20833, 0], [-86.80235, 36.20835, 0], [-86.80236, 36.20835, 0], [-86.80237, 36.20835, 0], [-86.80237, 36.20835, 0], [-86.80238, 36.20835, 0], [-86.80239, 36.20834, 0], [-86.80239, 36.20834, 0], [-86.8024, 36.20833, 0], [-86.8024, 36.20832, 0], [-86.8024, 36.20831, 0], [-86.80242, 36.20807, 0], [-86.80242, 36.20805, 0], [-86.80242, 36.20801, 0], [-86.80241, 36.20798, 0], [-86.8024, 36.20793, 0], [-86.80239, 36.20789, 0], [-86.80237, 36.20786, 0], [-86.80236, 36.20784, 0], [-86.8023, 36.20775, 0], [-86.80227, 36.20769, 0], [-86.80225, 36.20763, 0], [-86.80222, 36.20756, 0], [-86.80221, 36.2075, 0], [-86.8022, 36.20743, 0], [-86.8022, 36.20737, 0], [-86.8022, 36.2073, 0], [-86.8022, 36.20729, 0], [-86.80219, 36.20728, 0], [-86.80219, 36.20727, 0], [-86.80218, 36.20727, 0], [-86.80217, 36.20726, 0], [-86.80216, 36.20725, 0], [-86.80215, 36.20725, 0], [-86.80214, 36.20725, 0], [-86.80213, 36.20725, 0], [-86.80004, 36.20723, 0], [-86.80003, 36.2076, 0], [-86.80001, 36.20812, 0], [-86.80092, 36.20815, 0], [-86.80121, 36.20816, 0], [-86.80119, 36.20835, 0]], [[-86.80226, 36.20825, 0], [-86.80225, 36.20831, 0], [-86.80219, 36.20831, 0], [-86.80212, 36.20831, 0], [-86.80205, 36.20831, 0], [-86.80198, 36.20831, 0], [-86.80199, 36.20819, 0], [-86.80206, 36.20819, 0], [-86.80212, 36.20819, 0], [-86.80219, 36.20819, 0], [-86.80226, 36.20819, 0], [-86.80226, 36.20813, 0], [-86.80217, 36.20813, 0], [-86.80217, 36.20807, 0], [-86.80233, 36.20807, 0], [-86.80232, 36.20813, 0], [-86.80233, 36.20813, 0], [-86.80232, 36.20825, 0], [-86.80226, 36.20825, 0]], [[-86.80195, 36.20819, 0], [-86.80195, 36.20831, 0], [-86.80188, 36.20831, 0], [-86.80181, 36.2083, 0], [-86.80174, 36.2083, 0], [-86.80168, 36.2083, 0], [-86.80168, 36.20818, 0], [-86.80175, 36.20818, 0], [-86.80182, 36.20818, 0], [-86.80188, 36.20819, 0], [-86.80195, 36.20819, 0]], [[-86.80158, 36.20818, 0], [-86.80165, 36.20818, 0], [-86.80164, 36.2083, 0], [-86.80158, 36.2083, 0], [-86.80151, 36.20829, 0], [-86.80144, 36.20829, 0], [-86.80137, 36.20829, 0], [-86.80131, 36.20829, 0], [-86.80131, 36.20817, 0], [-86.80137, 36.20817, 0], [-86.80144, 36.20817, 0], [-86.80151, 36.20817, 0], [-86.80158, 36.20818, 0]], [[-86.80158, 36.20795, 0], [-86.80165, 36.20795, 0], [-86.80164, 36.20807, 0], [-86.80157, 36.20807, 0], [-86.80151, 36.20807, 0], [-86.80144, 36.20807, 0], [-86.80137, 36.20806, 0], [-86.80131, 36.20806, 0], [-86.80131, 36.20794, 0], [-86.80137, 36.20794, 0], [-86.80144, 36.20795, 0], [-86.80151, 36.20795, 0], [-86.80158, 36.20795, 0]], [[-86.80118, 36.20794, 0], [-86.80125, 36.20794, 0], [-86.80124, 36.20806, 0], [-86.80117, 36.20806, 0], [-86.80111, 36.20806, 0], [-86.80104, 36.20806, 0], [-86.80097, 36.20805, 0], [-86.8009, 36.20805, 0], [-86.80091, 36.20793, 0], [-86.80097, 36.20793, 0], [-86.80104, 36.20794, 0], [-86.80111, 36.20794, 0], [-86.80118, 36.20794, 0]], [[-86.8008, 36.20793, 0], [-86.80087, 36.20793, 0], [-86.80087, 36.20805, 0], [-86.8008, 36.20805, 0], [-86.80073, 36.20805, 0], [-86.80067, 36.20805, 0], [-86.8006, 36.20804, 0], [-86.80053, 36.20804, 0], [-86.80054, 36.20792, 0], [-86.8006, 36.20792, 0], [-86.80067, 36.20793, 0], [-86.80074, 36.20793, 0], [-86.8008, 36.20793, 0]], [[-86.80043, 36.20792, 0], [-86.8005, 36.20793, 0], [-86.80049, 36.20805, 0], [-86.80043, 36.20804, 0], [-86.80036, 36.20804, 0], [-86.80029, 36.20804, 0], [-86.80022, 36.20804, 0], [-86.80016, 36.20804, 0], [-86.80016, 36.20792, 0], [-86.80023, 36.20792, 0], [-86.80029, 36.20792, 0], [-86.80036, 36.20792, 0], [-86.80043, 36.20792, 0]], [[-86.80167, 36.20792, 0], [-86.80173, 36.2079, 0], [-86.80179, 36.20787, 0], [-86.80185, 36.20785, 0], [-86.80188, 36.2079, 0], [-86.80194, 36.20787, 0], [-86.802, 36.20798, 0], [-86.80194, 36.20801, 0], [-86.80192, 36.20796, 0], [-86.80186, 36.20798, 0], [-86.8018, 36.208, 0], [-86.80173, 36.20803, 0], [-86.80167, 36.20792, 0]], [[-86.80214, 36.20787, 0], [-86.80211, 36.20782, 0], [-86.80225, 36.20777, 0], [-86.80228, 36.20782, 0], [-86.80231, 36.20787, 0], [-86.80233, 36.20791, 0], [-86.8022, 36.20796, 0], [-86.80217, 36.20792, 0], [-86.80214, 36.20787, 0]], [[-86.8022, 36.20768, 0], [-86.80223, 36.20773, 0], [-86.80209, 36.20778, 0], [-86.80206, 36.20773, 0], [-86.80203, 36.20768, 0], [-86.80201, 36.20763, 0], [-86.80198, 36.20758, 0], [-86.80211, 36.20753, 0], [-86.80214, 36.20758, 0], [-86.80217, 36.20763, 0], [-86.8022, 36.20768, 0]], [[-86.80178, 36.20765, 0], [-86.80185, 36.20765, 0], [-86.80184, 36.20777, 0], [-86.80178, 36.20777, 0], [-86.80171, 36.20777, 0], [-86.80164, 36.20777, 0], [-86.80157, 36.20777, 0], [-86.8015, 36.20777, 0], [-86.80151, 36.20764, 0], [-86.80158, 36.20765, 0], [-86.80164, 36.20765, 0], [-86.80171, 36.20765, 0], [-86.80178, 36.20765, 0]], [[-86.80147, 36.20764, 0], [-86.80147, 36.20776, 0], [-86.8014, 36.20776, 0], [-86.80133, 36.20776, 0], [-86.80127, 36.20776, 0], [-86.80127, 36.2077, 0], [-86.8012, 36.20769, 0], [-86.8012, 36.20757, 0], [-86.80121, 36.20757, 0], [-86.80121, 36.20752, 0], [-86.80136, 36.20752, 0], [-86.80136, 36.20758, 0], [-86.80127, 36.20758, 0], [-86.80127, 36.20764, 0], [-86.80134, 36.20764, 0], [-86.8014, 36.20764, 0], [-86.80147, 36.20764, 0]], [[-86.80087, 36.20775, 0], [-86.80081, 36.20775, 0], [-86.8008, 36.20764, 0], [-86.80087, 36.20763, 0], [-86.80094, 36.20763, 0], [-86.801, 36.20763, 0], [-86.801, 36.20757, 0], [-86.80092, 36.20757, 0], [-86.80092, 36.20751, 0], [-86.80106, 36.20751, 0], [-86.80106, 36.20757, 0], [-86.80107, 36.20757, 0], [-86.80107, 36.20768, 0], [-86.801, 36.20769, 0], [-86.801, 36.20775, 0], [-86.80094, 36.20775, 0], [-86.80087, 36.20775, 0]], [[-86.80033, 36.20775, 0], [-86.80027, 36.20775, 0], [-86.80026, 36.20769, 0], [-86.80019, 36.20769, 0], [-86.80019, 36.20757, 0], [-86.80019, 36.20757, 0], [-86.80019, 36.20752, 0], [-86.80034, 36.20752, 0], [-86.80034, 36.20757, 0], [-86.80026, 36.20757, 0], [-86.80026, 36.20764, 0], [-86.80032, 36.20763, 0], [-86.80039, 36.20763, 0], [-86.80046, 36.20763, 0], [-86.80047, 36.20775, 0], [-86.8004, 36.20775, 0], [-86.80033, 36.20775, 0]], [[-86.8007, 36.20763, 0], [-86.80077, 36.20763, 0], [-86.80077, 36.20775, 0], [-86.8007, 36.20775, 0], [-86.80063, 36.20775, 0], [-86.80057, 36.20775, 0], [-86.8005, 36.20775, 0], [-86.8005, 36.20763, 0], [-86.80057, 36.20763, 0], [-86.80063, 36.20763, 0], [-86.8007, 36.20763, 0]], [[-86.80205, 36.20737, 0], [-86.80211, 36.20737, 0], [-86.80211, 36.20749, 0], [-86.80204, 36.20749, 0], [-86.80204, 36.20745, 0], [-86.80197, 36.20745, 0], [-86.80191, 36.20745, 0], [-86.80184, 36.20745, 0], [-86.80177, 36.20744, 0], [-86.80171, 36.20744, 0], [-86.80164, 36.20744, 0], [-86.80164, 36.20732, 0], [-86.80171, 36.20732, 0], [-86.80178, 36.20733, 0], [-86.80184, 36.20733, 0], [-86.80191, 36.20733, 0], [-86.80198, 36.20733, 0], [-86.80205, 36.20733, 0], [-86.80205, 36.20737, 0]], [[-86.80153, 36.20732, 0], [-86.8016, 36.20732, 0], [-86.8016, 36.20744, 0], [-86.80153, 36.20744, 0], [-86.80146, 36.20744, 0], [-86.80139, 36.20744, 0], [-86.80133, 36.20744, 0], [-86.80126, 36.20743, 0], [-86.80119, 36.20743, 0], [-86.80119, 36.20731, 0], [-86.80126, 36.20731, 0], [-86.80133, 36.20731, 0], [-86.8014, 36.20732, 0], [-86.80146, 36.20732, 0], [-86.80153, 36.20732, 0]], [[-86.80022, 36.20744, 0], [-86.80015, 36.20744, 0], [-86.80015, 36.20732, 0], [-86.80022, 36.20731, 0], [-86.80029, 36.20731, 0], [-86.80035, 36.20731, 0], [-86.80042, 36.20731, 0], [-86.80048, 36.20731, 0], [-86.80056, 36.20731, 0], [-86.80062, 36.20731, 0], [-86.80063, 36.20743, 0], [-86.80056, 36.20743, 0], [-86.80049, 36.20743, 0], [-86.80042, 36.20744, 0], [-86.80035, 36.20744, 0], [-86.80029, 36.20744, 0], [-86.80022, 36.20744, 0]], [[-86.801, 36.20731, 0], [-86.80107, 36.20731, 0], [-86.80107, 36.20743, 0], [-86.80101, 36.20743, 0], [-86.80094, 36.20743, 0], [-86.80087, 36.20743, 0], [-86.80081, 36.20743, 0], [-86.80074, 36.20743, 0], [-86.80067, 36.20743, 0], [-86.80067, 36.20731, 0], [-86.80074, 36.20731, 0], [-86.8008, 36.20731, 0], [-86.80087, 36.20731, 0], [-86.80094, 36.20731, 0], [-86.801, 36.20731, 0]]]}}, {"type": "Feature", "properties": {"op": "RSD West Trinity", "st": "Pipeline (vacant / in development)", "ty": "Land-bank / pre-development", "mo": "2. Contractor (investor owns land, hires builder)", "lc": "Pipeline (being built now)", "own": "O.I.C.  SKYVUE", "addr": "100 C HILLSIDE COTTAGE LN", "apn": "070080J90100CO", "ac": 0.6, "acq": {"seller": "", "buyer": "O.I.C.  SKYVUE", "date": "11/14/2022", "price": 0, "url": "https://www.davidsonportal.com/gis/file.php?file=202304110026397"}}, "geometry": {"type": "Polygon", "coordinates": [[[-86.80117, 36.20871, 0], [-86.80237, 36.20874, 0], [-86.80239, 36.20856, 0], [-86.80239, 36.20856, 0], [-86.80238, 36.20855, 0], [-86.80238, 36.20854, 0], [-86.80238, 36.20854, 0], [-86.80237, 36.20853, 0], [-86.80237, 36.20853, 0], [-86.80236, 36.20852, 0], [-86.80235, 36.20852, 0], [-86.80234, 36.20852, 0], [-86.80234, 36.20852, 0], [-86.80149, 36.2085, 0], [-86.80141, 36.2085, 0], [-86.80132, 36.2085, 0], [-86.80123, 36.20851, 0], [-86.80118, 36.20852, 0], [-86.80117, 36.20871, 0]], [[-86.80223, 36.20857, 0], [-86.80229, 36.20857, 0], [-86.80229, 36.20869, 0], [-86.80222, 36.20868, 0], [-86.80216, 36.20868, 0], [-86.80209, 36.20868, 0], [-86.80202, 36.20868, 0], [-86.80195, 36.20868, 0], [-86.80196, 36.20856, 0], [-86.80202, 36.20856, 0], [-86.80209, 36.20856, 0], [-86.80216, 36.20856, 0], [-86.80223, 36.20857, 0]], [[-86.80186, 36.20856, 0], [-86.80192, 36.20856, 0], [-86.80192, 36.20868, 0], [-86.80185, 36.20868, 0], [-86.80179, 36.20868, 0], [-86.80172, 36.20868, 0], [-86.80165, 36.20868, 0], [-86.80158, 36.20867, 0], [-86.80159, 36.20856, 0], [-86.80165, 36.20856, 0], [-86.80172, 36.20856, 0], [-86.80179, 36.20856, 0], [-86.80186, 36.20856, 0]], [[-86.80148, 36.20855, 0], [-86.80155, 36.20855, 0], [-86.80155, 36.20867, 0], [-86.80148, 36.20867, 0], [-86.80141, 36.20867, 0], [-86.80135, 36.20867, 0], [-86.80128, 36.20867, 0], [-86.80121, 36.20867, 0], [-86.80122, 36.20855, 0], [-86.80128, 36.20855, 0], [-86.80135, 36.20855, 0], [-86.80142, 36.20855, 0], [-86.80148, 36.20855, 0]]]}}, {"type": "Feature", "properties": {"op": "RSD West Trinity", "st": "Pipeline (vacant / in development)", "ty": "Land-bank / pre-development", "mo": "2. Contractor (investor owns land, hires builder)", "lc": "Pipeline (being built now)", "own": "O.I.C. AXIS27", "addr": "516 B 27TH AVE N", "apn": "092100M90100CO", "ac": 0.5, "acq": {"seller": "", "buyer": "O.I.C. AXIS27", "date": "02/27/2019", "price": 0, "url": "https://www.davidsonportal.com/gis/file.php?file=201903010019076"}}, "geometry": {"type": "Polygon", "coordinates": [[[-86.81685, 36.15674, 0], [-86.81706, 36.15676, 0], [-86.81726, 36.15678, 0], [-86.81731, 36.15632, 0], [-86.8171, 36.1563, 0], [-86.8169, 36.15628, 0], [-86.81685, 36.15674, 0]], [[-86.81707, 36.15651, 0], [-86.81706, 36.15656, 0], [-86.81706, 36.15662, 0], [-86.81705, 36.15667, 0], [-86.81705, 36.15673, 0], [-86.8169, 36.15672, 0], [-86.8169, 36.15666, 0], [-86.81691, 36.15661, 0], [-86.81691, 36.15655, 0], [-86.81692, 36.1565, 0], [-86.81692, 36.15644, 0], [-86.81693, 36.15639, 0], [-86.81701, 36.15639, 0], [-86.81701, 36.15634, 0], [-86.8171, 36.15635, 0], [-86.81716, 36.15635, 0], [-86.81723, 36.15636, 0], [-86.81722, 36.15648, 0], [-86.81715, 36.15647, 0], [-86.81716, 36.1564, 0], [-86.81709, 36.1564, 0], [-86.81708, 36.1564, 0], [-86.81708, 36.15645, 0], [-86.81707, 36.15651, 0]]]}}, {"type": "Feature", "properties": {"op": "RSD West Trinity", "st": "Pipeline (vacant / in development)", "ty": "Land-bank / pre-development", "mo": "2. Contractor (investor owns land, hires builder)", "lc": "Pipeline (being built now)", "own": "O.I.C. MELODY AT MILL CREEK", "addr": "1978 C OMOHUNDRO DR", "apn": "095090B90000CO", "ac": null, "acq": {"seller": "", "buyer": "O.I.C. MELODY AT MILL CREEK AMENDED", "date": "12/08/2023", "price": 2600000, "url": "https://www.davidsonportal.com/gis/file.php?file=202404150026798"}}, "geometry": {"type": "Polygon", "coordinates": [[[-86.70777, 36.15841, 0], [-86.70798, 36.15844, 0], [-86.70859, 36.1583, 0], [-86.70859, 36.15825, 0], [-86.70859, 36.15819, 0], [-86.7086, 36.15814, 0], [-86.70861, 36.15808, 0], [-86.70871, 36.15776, 0], [-86.70872, 36.15774, 0], [-86.70873, 36.15773, 0], [-86.70873, 36.1577, 0], [-86.70874, 36.15767, 0], [-86.70874, 36.15764, 0], [-86.70874, 36.15758, 0], [-86.70874, 36.15752, 0], [-86.70873, 36.15746, 0], [-86.70872, 36.1574, 0], [-86.7087, 36.15734, 0], [-86.7087, 36.15732, 0], [-86.70869, 36.15731, 0], [-86.70868, 36.1573, 0], [-86.70867, 36.1573, 0], [-86.70865, 36.15729, 0], [-86.70864, 36.15729, 0], [-86.70862, 36.15729, 0], [-86.70861, 36.15729, 0], [-86.70859, 36.15729, 0], [-86.70808, 36.15744, 0], [-86.70806, 36.15745, 0], [-86.70761, 36.15758, 0], [-86.70781, 36.15814, 0], [-86.70777, 36.15841, 0]], [[-86.70811, 36.15823, 0], [-86.70818, 36.15823, 0], [-86.70816, 36.15835, 0], [-86.70809, 36.15834, 0], [-86.70802, 36.15834, 0], [-86.70795, 36.15833, 0], [-86.70789, 36.15832, 0], [-86.7079, 36.1582, 0], [-86.70797, 36.15821, 0], [-86.70804, 36.15822, 0], [-86.70811, 36.15823, 0]], [[-86.70833, 36.1583, 0], [-86.70826, 36.15832, 0], [-86.70822, 36.15821, 0], [-86.70828, 36.15819, 0], [-86.70835, 36.15817, 0], [-86.70841, 36.15816, 0], [-86.70848, 36.15814, 0], [-86.70852, 36.15826, 0], [-86.70845, 36.15827, 0], [-86.70839, 36.15829, 0], [-86.70833, 36.1583, 0]], [[-86.70807, 36.158, 0], [-86.70814, 36.15801, 0], [-86.70813, 36.15813, 0], [-86.70805, 36.15812, 0], [-86.70799, 36.15811, 0], [-86.70792, 36.15811, 0], [-86.70785, 36.1581, 0], [-86.70787, 36.15798, 0], [-86.70794, 36.15799, 0], [-86.70801, 36.158, 0], [-86.70807, 36.158, 0]], [[-86.70857, 36.158, 0], [-86.70855, 36.15805, 0], [-86.70841, 36.15802, 0], [-86.70843, 36.15797, 0], [-86.70844, 36.15791, 0], [-86.70846, 36.15786, 0], [-86.70848, 36.15781, 0], [-86.70862, 36.15783, 0], [-86.7086, 36.15789, 0], [-86.70859, 36.15794, 0], [-86.70857, 36.158, 0]], [[-86.70793, 36.1579, 0], [-86.70787, 36.15792, 0], [-86.70782, 36.1578, 0], [-86.70788, 36.15778, 0], [-86.70795, 36.15776, 0], [-86.70801, 36.15774, 0], [-86.70807, 36.15773, 0], [-86.70814, 36.15771, 0], [-86.7082, 36.15769, 0], [-86.70826, 36.1578, 0], [-86.70819, 36.15782, 0], [-86.70812, 36.15784, 0], [-86.70806, 36.15786, 0], [-86.708, 36.15788, 0], [-86.70793, 36.1579, 0]], [[-86.70777, 36.15769, 0], [-86.7077, 36.15771, 0], [-86.70765, 36.1576, 0], [-86.70772, 36.15758, 0], [-86.70778, 36.15756, 0], [-86.70785, 36.15755, 0], [-86.70791, 36.15753, 0], [-86.70797, 36.15751, 0], [-86.70803, 36.15761, 0], [-86.70796, 36.15763, 0], [-86.7079, 36.15765, 0], [-86.70783, 36.15767, 0], [-86.70777, 36.15769, 0]], [[-86.70812, 36.15759, 0], [-86.70806, 36.15761, 0], [-86.70801, 36.15749, 0], [-86.70807, 36.15748, 0], [-86.70814, 36.15746, 0], [-86.7082, 36.15744, 0], [-86.70826, 36.15742, 0], [-86.70833, 36.1574, 0], [-86.70838, 36.15751, 0], [-86.70832, 36.15753, 0], [-86.70825, 36.15755, 0], [-86.70819, 36.15757, 0], [-86.70812, 36.15759, 0]], [[-86.70847, 36.15742, 0], [-86.70845, 36.15736, 0], [-86.70859, 36.15732, 0], [-86.70861, 36.15737, 0], [-86.70864, 36.15743, 0], [-86.70866, 36.15748, 0], [-86.70869, 36.15753, 0], [-86.70855, 36.15757, 0], [-86.70852, 36.15752, 0], [-86.7085, 36.15747, 0], [-86.70847, 36.15742, 0]], [[-86.70853, 36.15767, 0], [-86.70854, 36.15762, 0], [-86.70868, 36.15765, 0], [-86.70867, 36.1577, 0], [-86.70865, 36.15776, 0], [-86.70863, 36.15781, 0], [-86.70849, 36.15778, 0], [-86.70851, 36.15772, 0], [-86.70853, 36.15767, 0]]]}}, {"type": "Feature", "properties": {"op": "VineBrook (VB TAH)", "st": "Pipeline (vacant / in development)", "ty": "Merchant-build / forward-flow (builds, sells to operator)", "mo": "4. One-off sale (operator buys finished homes)", "lc": "Pipeline (being built now)", "own": "O.I.C. HAMILTON CROSSING TOWNHOMES", "addr": "900 B HAMILTON CROSSING SQ", "apn": "149160A90000CO", "ac": 15.8, "acq": {"seller": "O.I.C. HAMILTON CROSSING TOWNHOMES", "buyer": "VB TAH, LLC", "date": "12/12/2025", "price": 24500000, "url": "https://www.davidsonportal.com/gis/file.php?file=202512300103700"}}, "geometry": {"type": "Polygon", "coordinates": [[[-86.63291, 36.06588, 0], [-86.63307, 36.06574, 0], [-86.63337, 36.06394, 0], [-86.6327, 36.06387, 0], [-86.63274, 36.06363, 0], [-86.63286, 36.06292, 0], [-86.63353, 36.06299, 0], [-86.63357, 36.06274, 0], [-86.63381, 36.06141, 0], [-86.63395, 36.0605, 0], [-86.63395, 36.06049, 0], [-86.63316, 36.06119, 0], [-86.63253, 36.06184, 0], [-86.63132, 36.06299, 0], [-86.63132, 36.06299, 0], [-86.63133, 36.063, 0], [-86.63138, 36.06304, 0], [-86.63143, 36.06309, 0], [-86.63148, 36.06315, 0], [-86.63152, 36.06321, 0], [-86.63156, 36.06327, 0], [-86.63159, 36.06333, 0], [-86.63162, 36.0634, 0], [-86.63164, 36.06347, 0], [-86.63165, 36.06353, 0], [-86.63166, 36.06359, 0], [-86.63166, 36.06366, 0], [-86.63166, 36.06373, 0], [-86.63165, 36.0638, 0], [-86.63163, 36.06387, 0], [-86.63161, 36.06393, 0], [-86.63158, 36.064, 0], [-86.63155, 36.06406, 0], [-86.63134, 36.06442, 0], [-86.63133, 36.06445, 0], [-86.63115, 36.06471, 0], [-86.63104, 36.06485, 0], [-86.63102, 36.06487, 0], [-86.63165, 36.06547, 0], [-86.63167, 36.06549, 0], [-86.63201, 36.06525, 0], [-86.63206, 36.06471, 0], [-86.63255, 36.06462, 0], [-86.63291, 36.06588, 0]], [[-86.63229, 36.06459, 0], [-86.63222, 36.06461, 0], [-86.63215, 36.06462, 0], [-86.63209, 36.06463, 0], [-86.63202, 36.06465, 0], [-86.63199, 36.06455, 0], [-86.63206, 36.06454, 0], [-86.63212, 36.06453, 0], [-86.63219, 36.06451, 0], [-86.63226, 36.0645, 0], [-86.63229, 36.06459, 0]], [[-86.63146, 36.06459, 0], [-86.63142, 36.06463, 0], [-86.63139, 36.06468, 0], [-86.63135, 36.06473, 0], [-86.63131, 36.06478, 0], [-86.63128, 36.06483, 0], [-86.63124, 36.06487, 0], [-86.63114, 36.06482, 0], [-86.63118, 36.06478, 0], [-86.63122, 36.06473, 0], [-86.63125, 36.06468, 0], [-86.63129, 36.06463, 0], [-86.63132, 36.06458, 0], [-86.63136, 36.06454, 0], [-86.63146, 36.06459, 0]], [[-86.63185, 36.06486, 0], [-86.63197, 36.06487, 0], [-86.63196, 36.06492, 0], [-86.63196, 36.06498, 0], [-86.63195, 36.06504, 0], [-86.63195, 36.06509, 0], [-86.63194, 36.06515, 0], [-86.63182, 36.06514, 0], [-86.63183, 36.06509, 0], [-86.63183, 36.06503, 0], [-86.63184, 36.06497, 0], [-86.63185, 36.06491, 0], [-86.63185, 36.06486, 0]], [[-86.63138, 36.06499, 0], [-86.63142, 36.06503, 0], [-86.63147, 36.06507, 0], [-86.63151, 36.06511, 0], [-86.63155, 36.06515, 0], [-86.63159, 36.0652, 0], [-86.63164, 36.06524, 0], [-86.63154, 36.0653, 0], [-86.6315, 36.06526, 0], [-86.63146, 36.06522, 0], [-86.63142, 36.06518, 0], [-86.63138, 36.06514, 0], [-86.63133, 36.06509, 0], [-86.63129, 36.06505, 0], [-86.63125, 36.06501, 0], [-86.63134, 36.06495, 0], [-86.63138, 36.06499, 0]], [[-86.63167, 36.06529, 0], [-86.63172, 36.06525, 0], [-86.63178, 36.06521, 0], [-86.63182, 36.06518, 0], [-86.6319, 36.06525, 0], [-86.63185, 36.06528, 0], [-86.6318, 36.06532, 0], [-86.63175, 36.06536, 0], [-86.6317, 36.0654, 0], [-86.63165, 36.06543, 0], [-86.63157, 36.06536, 0], [-86.63162, 36.06532, 0], [-86.63167, 36.06529, 0]], [[-86.63231, 36.06453, 0], [-86.6323, 36.06447, 0], [-86.63228, 36.06442, 0], [-86.63227, 36.06436, 0], [-86.63226, 36.06431, 0], [-86.63237, 36.06429, 0], [-86.63238, 36.06434, 0], [-86.6324, 36.0644, 0], [-86.63241, 36.06445, 0], [-86.63242, 36.06451, 0], [-86.63244, 36.06456, 0], [-86.63232, 36.06458, 0], [-86.63231, 36.06453, 0]], [[-86.63156, 36.06437, 0], [-86.63154, 36.06442, 0], [-86.63151, 36.06447, 0], [-86.6314, 36.06443, 0], [-86.63143, 36.06438, 0], [-86.63145, 36.06433, 0], [-86.63148, 36.06428, 0], [-86.6315, 36.06423, 0], [-86.63161, 36.06427, 0], [-86.63159, 36.06432, 0], [-86.63156, 36.06437, 0]], [[-86.63188, 36.06426, 0], [-86.63195, 36.06424, 0], [-86.63201, 36.06423, 0], [-86.63208, 36.06421, 0], [-86.63214, 36.0642, 0], [-86.63221, 36.06419, 0], [-86.63227, 36.06417, 0], [-86.6323, 36.06427, 0], [-86.63223, 36.06428, 0], [-86.63217, 36.06429, 0], [-86.6321, 36.06431, 0], [-86.63204, 36.06432, 0], [-86.63197, 36.06434, 0], [-86.6319, 36.06435, 0], [-86.63188, 36.06426, 0]], [[-86.63163, 36.06423, 0], [-86.63152, 36.06419, 0], [-86.63155, 36.06414, 0], [-86.63158, 36.06408, 0], [-86.6316, 36.06403, 0], [-86.63163, 36.06398, 0], [-86.63174, 36.06402, 0], [-86.63171, 36.06407, 0], [-86.63169, 36.06412, 0], [-86.63166, 36.06417, 0], [-86.63163, 36.06423, 0]], [[-86.63183, 36.06368, 0], [-86.63182, 36.06373, 0], [-86.63181, 36.06378, 0], [-86.6318, 36.06383, 0], [-86.63178, 36.06389, 0], [-86.63177, 36.06394, 0], [-86.63165, 36.06392, 0], [-86.63167, 36.06387, 0], [-86.63168, 36.06381, 0], [-86.63169, 36.06376, 0], [-86.63171, 36.06371, 0], [-86.63172, 36.06366, 0], [-86.63183, 36.06368, 0]], [[-86.63179, 36.06347, 0], [-86.6318, 36.06352, 0], [-86.63181, 36.06357, 0], [-86.63177, 36.06358, 0], [-86.6317, 36.06359, 0], [-86.6317, 36.06358, 0], [-86.63169, 36.06353, 0], [-86.63168, 36.06348, 0], [-86.63167, 36.06343, 0], [-86.63179, 36.06341, 0], [-86.63179, 36.06347, 0]], [[-86.632, 36.06341, 0], [-86.63204, 36.06337, 0], [-86.63207, 36.06332, 0], [-86.63211, 36.06327, 0], [-86.63214, 36.06323, 0], [-86.63218, 36.06318, 0], [-86.63221, 36.06314, 0], [-86.63231, 36.06319, 0], [-86.63228, 36.06323, 0], [-86.63224, 36.06328, 0], [-86.63221, 36.06332, 0], [-86.63218, 36.06337, 0], [-86.63214, 36.06342, 0], [-86.6321, 36.06346, 0], [-86.632, 36.06341, 0]], [[-86.63172, 36.06315, 0], [-86.63174, 36.0632, 0], [-86.63176, 36.06325, 0], [-86.63178, 36.06331, 0], [-86.63167, 36.06333, 0], [-86.63164, 36.06328, 0], [-86.63162, 36.06323, 0], [-86.6316, 36.06318, 0], [-86.63158, 36.06313, 0], [-86.6317, 36.0631, 0], [-86.63172, 36.06315, 0]], [[-86.63223, 36.06311, 0], [-86.63227, 36.06306, 0], [-86.6323, 36.06302, 0], [-86.63234, 36.06297, 0], [-86.63237, 36.06293, 0], [-86.63247, 36.06298, 0], [-86.63244, 36.06302, 0], [-86.6324, 36.06307, 0], [-86.63236, 36.06311, 0], [-86.63233, 36.06316, 0], [-86.63223, 36.06311, 0]], [[-86.63202, 36.06297, 0], [-86.63199, 36.06302, 0], [-86.63196, 36.06306, 0], [-86.63185, 36.06301, 0], [-86.63189, 36.06296, 0], [-86.63192, 36.06292, 0], [-86.63196, 36.06287, 0], [-86.63199, 36.06283, 0], [-86.63203, 36.06278, 0], [-86.63206, 36.06274, 0], [-86.63216, 36.06279, 0], [-86.63213, 36.06283, 0], [-86.63209, 36.06288, 0], [-86.63206, 36.06293, 0], [-86.63202, 36.06297, 0]], [[-86.63209, 36.0627, 0], [-86.63213, 36.06266, 0], [-86.63218, 36.06262, 0], [-86.63222, 36.06257, 0], [-86.63226, 36.06253, 0], [-86.63235, 36.06259, 0], [-86.63231, 36.06263, 0], [-86.63227, 36.06268, 0], [-86.63223, 36.06272, 0], [-86.63218, 36.06276, 0], [-86.63209, 36.0627, 0]], [[-86.63229, 36.06251, 0], [-86.63234, 36.06247, 0], [-86.63238, 36.06243, 0], [-86.63243, 36.06239, 0], [-86.63247, 36.06235, 0], [-86.63256, 36.06241, 0], [-86.63251, 36.06245, 0], [-86.63247, 36.06249, 0], [-86.63242, 36.06253, 0], [-86.63237, 36.06257, 0], [-86.63229, 36.06251, 0]], [[-86.63255, 36.06232, 0], [-86.63261, 36.0623, 0], [-86.63267, 36.06227, 0], [-86.63273, 36.06225, 0], [-86.63279, 36.06222, 0], [-86.63285, 36.0622, 0], [-86.6329, 36.06229, 0], [-86.63284, 36.06231, 0], [-86.63278, 36.06234, 0], [-86.63272, 36.06236, 0], [-86.63266, 36.06238, 0], [-86.6326, 36.06241, 0], [-86.63255, 36.06232, 0]], [[-86.63292, 36.0622, 0], [-86.63298, 36.06219, 0], [-86.63305, 36.06217, 0], [-86.63311, 36.06216, 0], [-86.63318, 36.06215, 0], [-86.63324, 36.06214, 0], [-86.63331, 36.06213, 0], [-86.63338, 36.06212, 0], [-86.6334, 36.06221, 0], [-86.63334, 36.06223, 0], [-86.63327, 36.06224, 0], [-86.6332, 36.06225, 0], [-86.63314, 36.06226, 0], [-86.63307, 36.06227, 0], [-86.63301, 36.06228, 0], [-86.63294, 36.06229, 0], [-86.63292, 36.0622, 0]], [[-86.63287, 36.06255, 0], [-86.63294, 36.06253, 0], [-86.633, 36.06252, 0], [-86.63306, 36.0625, 0], [-86.63313, 36.06248, 0], [-86.63317, 36.06257, 0], [-86.6331, 36.06259, 0], [-86.63304, 36.06261, 0], [-86.63298, 36.06263, 0], [-86.63291, 36.06265, 0], [-86.63285, 36.06267, 0], [-86.63279, 36.06268, 0], [-86.63275, 36.06259, 0], [-86.63281, 36.06257, 0], [-86.63287, 36.06255, 0]], [[-86.63273, 36.06272, 0], [-86.63269, 36.06276, 0], [-86.63264, 36.0628, 0], [-86.63259, 36.06284, 0], [-86.63255, 36.06288, 0], [-86.63251, 36.06292, 0], [-86.63242, 36.06286, 0], [-86.63246, 36.06282, 0], [-86.63251, 36.06278, 0], [-86.63255, 36.06274, 0], [-86.6326, 36.0627, 0], [-86.63264, 36.06266, 0], [-86.63273, 36.06272, 0]]]}}]}