{"type":"FeatureCollection","features":[{"type":"Feature","geometry":{"type":"Point","coordinates":[-86.597458,36.052192]},"properties":{"apn":"164070B02500CO","address":"1184 ALCOVE WAY, ANTIOCH, TN  37013","year_built":2023,"owner":"FKH SFR Q LP","operator":"Cerberus Capital"}},{"type":"Feature","geometry":{"type":"Point","coordinates":[-86.743428,36.104641]},"properties":{"apn":"119130F00200CO","address":"463 B RADNOR ST, NASHVILLE, TN  37211","year_built":2021,"owner":"GAY BRENT & WENDY","operator":""}},{"type":"Feature","geometry":{"type":"Point","coordinates":[-86.811687,36.171491]},"properties":{"apn":"08115003800","address":"1407 22ND AVE N, NASHVILLE, TN  37208","year_built":2022,"owner":"SMITH THOMAS HENRY III","operator":""}},{"type":"Feature","geometry":{"type":"Point","coordinates":[-86.588857,36.054066]},"properties":{"apn":"164080C05900CO","address":"309 BIRCHCLAY PT N, ANTIOCH, TN  37013","year_built":2012,"owner":"PR BORROWER 27 LLC","operator":"Pretium Partners (Goldman Sachs)"}},{"type":"Feature","geometry":{"type":"Point","coordinates":[-86.588568,36.054501]},"properties":{"apn":"164080C05200CO","address":"617 SOUTHBEACH CV, ANTIOCH, TN  37013","year_built":2011,"owner":"PR BORROWER 27 LLC","operator":"Pretium Partners (Goldman Sachs)"}},{"type":"Feature","geometry":{"type":"Point","coordinates":[-86.828723,36.100049]},"properties":{"apn":"13101008200","address":"2301 CASTLEMAN DR, NASHVILLE, TN  37215","year_built":2012,"owner":"MCMANUS HOLLY T REV TR & MCMANUS TIMOTHY M REV TR","operator":""}},{"type":"Feature","geometry":{"type":"Point","coordinates":[-86.777967,36.212721]},"properties":{"apn":"07102011000","address":"460 ROGER WILLIAMS AVE, NASHVILLE, TN  37207","year_built":2023,"owner":"PASTERNAK CHASE R & AMES HALLE","operator":""}},{"type":"Feature","geometry":{"type":"Point","coordinates":[-86.865281,36.147772]},"properties":{"apn":"09113033500","address":"6000 LENOX AVE, NASHVILLE, TN  37209","year_built":2016,"owner":"GREER RESIDENTIAL PROPERTIES SERIES LLC","operator":""}},{"type":"Feature","geometry":{"type":"Point","coordinates":[-86.716381,36.125695]},"properties":{"apn":"119040A00200CO","address":"309 A WIMPOLE DR, NASHVILLE, TN  37211","year_built":2018,"owner":"SCHWERDT WESTON","operator":""}},{"type":"Feature","geometry":{"type":"Point","coordinates":[-86.669174,35.985738]},"properties":{"apn":"186040A21600CO","address":"613 WESTCOTT LN, NOLENSVILLE, TN  37135","year_built":2014,"owner":"SHEARER GREGORY & MARTHA","operator":""}},{"type":"Feature","geometry":{"type":"Point","coordinates":[-86.588789,36.032427]},"properties":{"apn":"17508003500","address":"3921 ROCK CREEK DR, ANTIOCH, TN  37013","year_built":2015,"owner":"DOUSMAN GROUP LLC","operator":""}},{"type":"Feature","geometry":{"type":"Point","coordinates":[-86.700156,36.023153]},"properties":{"apn":"173100A06800CO","address":"6404 SUNNYWOOD DR, ANTIOCH, TN  37013","year_built":2013,"owner":"NGUYEN JASON H & VU VY TUONG LIVING TRUST","operator":""}},{"type":"Feature","geometry":{"type":"Point","coordinates":[-86.815992,36.210742]},"properties":{"apn":"070020C00200CO","address":"2821 OLD BUENA VISTA RD, NASHVILLE, TN  37218","year_built":2022,"owner":"GUTIERREZ & TAYLOR COMMUNITY PROPERTY TRUST","operator":""}},{"type":"Feature","geometry":{"type":"Point","coordinates":[-86.727052,36.200505]},"properties":{"apn":"072111R00200CO","address":"2177 ROCK CITY ST, NASHVILLE, TN  37216","year_built":2020,"owner":"CLOVER LEAF PROPERTIES LLC","operator":""}},{"type":"Feature","geometry":{"type":"Point","coordinates":[-86.652884,36.018098]},"properties":{"apn":"182020C00900CO","address":"4113 CHAMBORD DR, ANTIOCH, TN  37013","year_built":2022,"owner":"SFR JV 3 PROPERTY LLC","operator":"Blackstone (+ Home Partners)"}},{"type":"Feature","geometry":{"type":"Point","coordinates":[-86.684608,35.995543]},"properties":{"apn":"181150A01500CO","address":"426 PORTSDALE DR, BRENTWOOD, TN  37027","year_built":2022,"owner":"YADAV FAMILY REV TRUST","operator":""}},{"type":"Feature","geometry":{"type":"Point","coordinates":[-86.639622,36.080284]},"properties":{"apn":"149040B00200CO","address":"2562 WILLOWBRANCH DR, NASHVILLE, TN  37217","year_built":2017,"owner":"ARMM ASSET CO 2 LLC","operator":"Amherst Group"}},{"type":"Feature","geometry":{"type":"Point","coordinates":[-86.813854,36.165647]},"properties":{"apn":"092020L00300CO","address":"2416 C ALBION ST, NASHVILLE, TN  37208","year_built":2023,"owner":"MITCH KINDER DEVELOPMENT LLC","operator":""}},{"type":"Feature","geometry":{"type":"Point","coordinates":[-86.626389,36.171856]},"properties":{"apn":"086130A10900CO","address":"6013 BLACKBERRY RIDGE LN, HERMITAGE, TN  37076","year_built":2020,"owner":"COFFMAN BOBBY & ANNE MARIE LIV TRUST","operator":""}},{"type":"Feature","geometry":{"type":"Point","coordinates":[-86.768398,36.250214]},"properties":{"apn":"050070A16000CO","address":"4317 SKYRIDGE DR, NASHVILLE, TN  37207","year_built":2022,"owner":"PROGRESS RESIDENTIAL BORROWER 16 LLC","operator":"Pretium Partners (Goldman Sachs)"}},{"type":"Feature","geometry":{"type":"Point","coordinates":[-86.667814,35.992718]},"properties":{"apn":"187010B04700CO","address":"124 BUCKFAST LN, ANTIOCH, TN  37013","year_built":2022,"owner":"FOKAM REV LIVING TRUST","operator":""}},{"type":"Feature","geometry":{"type":"Point","coordinates":[-86.794014,36.157821]},"properties":{"apn":"092120C00100CO","address":"208 A MCMILLIN ST, NASHVILLE, TN  37203","year_built":2022,"owner":"NUVOLE INVESTMENTS LLC","operator":""}},{"type":"Feature","geometry":{"type":"Point","coordinates":[-86.793951,36.157867]},"properties":{"apn":"092120C00400CO","address":"208 D MCMILLIN ST, NASHVILLE, TN  37203","year_built":2022,"owner":"NUVOLE INVESTMENTS LLC","operator":""}},{"type":"Feature","geometry":{"type":"Point","coordinates":[-86.793995,36.157907]},"properties":{"apn":"092120C00300CO","address":"208 C MCMILLIN ST, NASHVILLE, TN  37203","year_built":2022,"owner":"NUVOLE INVESTMENTS LLC","operator":""}},{"type":"Feature","geometry":{"type":"Point","coordinates":[-86.794059,36.157863]},"properties":{"apn":"092120C00200CO","address":"208 B MCMILLIN ST, NASHVILLE, TN  37203","year_built":2022,"owner":"NUVOLE INVESTMENTS LLC","operator":""}},{"type":"Feature","geometry":{"type":"Point","coordinates":[-87.002386,36.009313]},"properties":{"apn":"17800002000","address":"9170 HESTER BEASLEY RD, NASHVILLE, TN  37221","year_built":2012,"owner":"TRACELAND FARM LP","operator":""}},{"type":"Feature","geometry":{"type":"Point","coordinates":[-86.949357,36.143092]},"properties":{"apn":"10100000600","address":"7383 RIVER ROAD PIKE, NASHVILLE, TN  37209","year_built":2022,"owner":"PAGE CAROLYN CHRISTINE","operator":""}},{"type":"Feature","geometry":{"type":"Point","coordinates":[-86.682301,36.035142]},"properties":{"apn":"173040A40200CO","address":"1309 NAPA PT E, ANTIOCH, TN  37013","year_built":2015,"owner":"EBOCHWA CHRISTIAN & LAMBERT ETABO ETAL","operator":""}},{"type":"Feature","geometry":{"type":"Point","coordinates":[-86.672377,36.076655]},"properties":{"apn":"148080B04200CO","address":"4872 TERRAGON TRL, ANTIOCH, TN  37013","year_built":2022,"owner":"GIRGIS GAMEL","operator":""}},{"type":"Feature","geometry":{"type":"Point","coordinates":[-86.798668,36.16884]},"properties":{"apn":"09204011000","address":"1212 JACKSON ST, NASHVILLE, TN  37208","year_built":2023,"owner":"BARNES WENFORD & NETTIE REV TRUST","operator":""}},{"type":"Feature","geometry":{"type":"Point","coordinates":[-86.980999,36.061404]},"properties":{"apn":"14100018800","address":"7945 RIVER FORK DR, NASHVILLE, TN  37221","year_built":2021,"owner":"MOORE HOMES LLC","operator":""}},{"type":"Feature","geometry":{"type":"Point","coordinates":[-86.759684,36.143709]},"properties":{"apn":"10504015700","address":"1256 THOMAS ST, NASHVILLE, TN  37210","year_built":2022,"owner":"1256 THOMAS STREET LLC","operator":""}},{"type":"Feature","geometry":{"type":"Point","coordinates":[-86.693869,36.011678]},"properties":{"apn":"181020B02100CO","address":"6705 SUNNYWOOD DR, NASHVILLE, TN  37211","year_built":2015,"owner":"LINDSEY KARI LYNNE LIVING TRUST","operator":""}},{"type":"Feature","geometry":{"type":"Point","coordinates":[-86.588204,36.054374]},"properties":{"apn":"164080C06300CO","address":"325 BIRCHCLAY PT N, ANTIOCH, TN  37013","year_built":2012,"owner":"PR BORROWER 26 LLC","operator":"Pretium Partners (Goldman Sachs)"}},{"type":"Feature","geometry":{"type":"Point","coordinates":[-86.588367,36.054285]},"properties":{"apn":"164080C06200CO","address":"321 BIRCHCLAY PT N, ANTIOCH, TN  37013","year_built":2012,"owner":"PR BORROWER 26 LLC","operator":"Pretium Partners (Goldman Sachs)"}},{"type":"Feature","geometry":{"type":"Point","coordinates":[-86.587789,36.054013]},"properties":{"apn":"164080C06600CO","address":"320 BIRCHCLAY PT N, ANTIOCH, TN  37013","year_built":2011,"owner":"PR BORROWER 26 LLC","operator":"Pretium Partners (Goldman Sachs)"}},{"type":"Feature","geometry":{"type":"Point","coordinates":[-86.850707,36.162336]},"properties":{"apn":"09107004100","address":"5200 B LOUISIANA AVE, NASHVILLE, TN  37209","year_built":2017,"owner":"MITCHELL FAMILY REV LIVING TRUST","operator":""}},{"type":"Feature","geometry":{"type":"Point","coordinates":[-86.850608,36.16234]},"properties":{"apn":"09107045600","address":"5200 A LOUISIANA AVE, NASHVILLE, TN  37209","year_built":2017,"owner":"MITCHELL FAMILY REV LIVING TRUST","operator":""}},{"type":"Feature","geometry":{"type":"Point","coordinates":[-86.683887,36.000629]},"properties":{"apn":"181110E01800CO","address":"9689 KAPLAN AVE, BRENTWOOD, TN  37027","year_built":2022,"owner":"WANG YUTIEN TERRY","operator":""}},{"type":"Feature","geometry":{"type":"Point","coordinates":[-86.808895,36.170524]},"properties":{"apn":"08115064000","address":"1818 F SCOVEL ST, NASHVILLE, TN  37208","year_built":2020,"owner":"Q & Q ZL FAMILY TRUST","operator":""}},{"type":"Feature","geometry":{"type":"Point","coordinates":[-86.808731,36.170546]},"properties":{"apn":"08115064200","address":"1818 D SCOVEL ST, NASHVILLE, TN  37208","year_built":2020,"owner":"Q & Q ZL FAMILY TRUST","operator":""}},{"type":"Feature","geometry":{"type":"Point","coordinates":[-86.71995,36.318869]},"properties":{"apn":"025080A15300CO","address":"449 KILLARNEY PARK, GOODLETTSVILLE, TN  37072","year_built":2021,"owner":"SARABA REAL ESTATE CO INC","operator":""}},{"type":"Feature","geometry":{"type":"Point","coordinates":[-86.850502,36.155616]},"properties":{"apn":"09111049200","address":"5202 B GEORGIA AVE, NASHVILLE, TN  37209","year_built":2023,"owner":"GRAND GOLDEN DRAGON ENTERPRISE INC","operator":""}},{"type":"Feature","geometry":{"type":"Point","coordinates":[-86.811442,36.161403]},"properties":{"apn":"09207043900","address":"2322 BATAVIA ST, NASHVILLE, TN  37208","year_built":2021,"owner":"MARA ROBERT G","operator":""}},{"type":"Feature","geometry":{"type":"Point","coordinates":[-86.619177,36.164826]},"properties":{"apn":"097020A11800CO","address":"1673 STONEWATER DR, HERMITAGE, TN  37076","year_built":2012,"owner":"JOSEPH DELAINA","operator":""}},{"type":"Feature","geometry":{"type":"Point","coordinates":[-86.766538,36.136451]},"properties":{"apn":"105112D00500CO","address":"1614 MARSHALL HOLLOW DR, NASHVILLE, TN  37203","year_built":2020,"owner":"ANDREWS RENTAL PROPERTIES LLC","operator":""}},{"type":"Feature","geometry":{"type":"Point","coordinates":[-86.829317,36.124653]},"properties":{"apn":"11701020700","address":"3700 WOODLAWN DR, NASHVILLE, TN  37215","year_built":2022,"owner":"IVANOV ANDREY","operator":""}},{"type":"Feature","geometry":{"type":"Point","coordinates":[-86.991659,36.077067]},"properties":{"apn":"141050A54200CO","address":"2056 LEEDS LN, NASHVILLE, TN  37221","year_built":2016,"owner":"TUBBS MORGAN A","operator":""}},{"type":"Feature","geometry":{"type":"Point","coordinates":[-86.956414,36.268125]},"properties":{"apn":"03600001600","address":"0 HIGDON RD, JOELTON, TN  37080","year_built":2023,"owner":"CARTER LANCE T","operator":""}},{"type":"Feature","geometry":{"type":"Point","coordinates":[-86.7995,36.173635]},"properties":{"apn":"08116012000","address":"1219 11TH AVE N, NASHVILLE, TN  37208","year_built":2023,"owner":"ARTEAGA EMMA","operator":""}},{"type":"Feature","geometry":{"type":"Point","coordinates":[-86.813932,36.165637]},"properties":{"apn":"092020L00400CO","address":"2416 D ALBION ST, NASHVILLE, TN  37208","year_built":2023,"owner":"DEAS II LLC PMB149","operator":""}},{"type":"Feature","geometry":{"type":"Point","coordinates":[-86.662969,35.987686]},"properties":{"apn":"187090A29100CO","address":"3000 LANARK DR, NOLENSVILLE, TN  37135","year_built":2018,"owner":"SWANSON TENNESSEE COMMUNITY PROPERTY TRUST THE","operator":""}},{"type":"Feature","geometry":{"type":"Point","coordinates":[-86.945072,36.11338]},"properties":{"apn":"11400003400","address":"0 OLD CHARLOTTE PIKE, NASHVILLE, TN  37209","year_built":2022,"owner":"PAULSON FAMILY REVOCABLE LIVING TRUST THE","operator":""}},{"type":"Feature","geometry":{"type":"Point","coordinates":[-86.992556,36.0687]},"properties":{"apn":"141050A05000CO","address":"217 AVONDALE PARK BLVD, NASHVILLE, TN  37221","year_built":2011,"owner":"PRUTHI SUMIT & DEEPTI","operator":""}},{"type":"Feature","geometry":{"type":"Point","coordinates":[-86.684082,35.995121]},"properties":{"apn":"181150A02400CO","address":"448 PORTSDALE DR, BRENTWOOD, TN  37027","year_built":2022,"owner":"BRANDT GREGORY S REV TRUST & ROSEMARY L REV TRUST","operator":""}},{"type":"Feature","geometry":{"type":"Point","coordinates":[-86.631843,36.233514]},"properties":{"apn":"063040A01200CO","address":"1540 STOKLEY LN, OLD HICKORY, TN  37138","year_built":2016,"owner":"BROWN FAMILY TRUST THE","operator":""}},{"type":"Feature","geometry":{"type":"Point","coordinates":[-86.628719,36.172364]},"properties":{"apn":"086130A20600CO","address":"3609 HOGGETT FORD RD, HERMITAGE, TN  37076","year_built":2020,"owner":"SOUTHERN CAPSTONE PROPERTIES LLC","operator":""}},{"type":"Feature","geometry":{"type":"Point","coordinates":[-86.810317,36.189415]},"properties":{"apn":"08103015900","address":"2218 14TH AVE N, NASHVILLE, TN  37208","year_built":2023,"owner":"ADIKESAVAN DINESH","operator":""}},{"type":"Feature","geometry":{"type":"Point","coordinates":[-86.662844,35.982835]},"properties":{"apn":"187090A12400CO","address":"4096 LIBERTON WAY, NOLENSVILLE, TN  37135","year_built":2017,"owner":"BROWN PARKER ANDREW & HADLEY","operator":""}},{"type":"Feature","geometry":{"type":"Point","coordinates":[-86.639755,36.080277]},"properties":{"apn":"149030I00100CO","address":"2560 WILLOWBRANCH DR, NASHVILLE, TN  37217","year_built":2016,"owner":"ARMM ASSETS 2 LLC","operator":"Amherst Group / Main Street Renewal"}},{"type":"Feature","geometry":{"type":"Point","coordinates":[-86.711495,36.019279]},"properties":{"apn":"172160A01600CO","address":"3730 SHANE POINT PL, NASHVILLE, TN  37211","year_built":2011,"owner":"HINSON ALICIA","operator":""}},{"type":"Feature","geometry":{"type":"Point","coordinates":[-86.853725,36.15938]},"properties":{"apn":"09106031600","address":"5409 KENTUCKY AVE, NASHVILLE, TN  37209","year_built":2015,"owner":"HAN TONG","operator":""}},{"type":"Feature","geometry":{"type":"Point","coordinates":[-86.767669,36.273917]},"properties":{"apn":"041030A10400CO","address":"1278 GOODMORNING DR, NASHVILLE, TN  37207","year_built":2017,"owner":"MUSIC CITY LEGACY TRUST","operator":""}},{"type":"Feature","geometry":{"type":"Point","coordinates":[-86.861013,36.265578]},"properties":{"apn":"03900022500","address":"4320 STENBERG RD, WHITES CREEK, TN  37189","year_built":2023,"owner":"MUSIC CITY LEGACY TRUST","operator":""}},{"type":"Feature","geometry":{"type":"Point","coordinates":[-86.818548,36.159888]},"properties":{"apn":"09206051000","address":"714 28TH AVE N, NASHVILLE, TN  37208","year_built":2020,"owner":"NEW HORIZON ASSET MANAGER LLC","operator":"Amherst Group / Main Street Renewal"}},{"type":"Feature","geometry":{"type":"Point","coordinates":[-86.819213,36.159966]},"properties":{"apn":"09206037100","address":"721 28TH AVE N, NASHVILLE, TN  37208","year_built":2018,"owner":"NEW HORIZON ASSET MANAGER LLC","operator":"Amherst Group / Main Street Renewal"}},{"type":"Feature","geometry":{"type":"Point","coordinates":[-86.810444,36.161537]},"properties":{"apn":"09207043400","address":"2226 BATAVIA ST, NASHVILLE, TN  37208","year_built":2019,"owner":"NEW HORIZON ASSET MANAGER LLC","operator":"Amherst Group / Main Street Renewal"}},{"type":"Feature","geometry":{"type":"Point","coordinates":[-86.846255,36.069156]},"properties":{"apn":"14400011000","address":"19 BANCROFT PL, NASHVILLE, TN  37215","year_built":2021,"owner":"BBCR LLC","operator":""}},{"type":"Feature","geometry":{"type":"Point","coordinates":[-86.98533,36.091084]},"properties":{"apn":"12700003600","address":"0 HIGHWAY 70, NASHVILLE, TN  37221","year_built":2016,"owner":"ASHFORD RUSSELL P & SARAH","operator":""}},{"type":"Feature","geometry":{"type":"Point","coordinates":[-86.889282,36.102795]},"properties":{"apn":"11515009600","address":"235 ROBIN HILL RD, NASHVILLE, TN  37205","year_built":2023,"owner":"235 ROBIN HILL ROAD TRUST","operator":""}},{"type":"Feature","geometry":{"type":"Point","coordinates":[-86.833529,36.145903]},"properties":{"apn":"10304048000","address":"3825 LOOKOUT DR, NASHVILLE, TN  37209","year_built":2015,"owner":"PIGOTT SHARON MCREDMOND LIVING TRUST","operator":""}},{"type":"Feature","geometry":{"type":"Point","coordinates":[-86.771402,36.034182]},"properties":{"apn":"171020C02100CO","address":"6016 OPUS ST, BRENTWOOD, TN  37027","year_built":2023,"owner":"KASHYAP VIDWATH & MAITRA SARBANI","operator":""}},{"type":"Feature","geometry":{"type":"Point","coordinates":[-86.908427,36.240215]},"properties":{"apn":"04700017300","address":"5535 OLD HICKORY BLVD, NASHVILLE, TN  37218","year_built":2020,"owner":"5535 OLD HICKORY BLVD LLC","operator":""}},{"type":"Feature","geometry":{"type":"Point","coordinates":[-86.888778,36.100163]},"properties":{"apn":"12903002400","address":"6324 E VALLEY RD, NASHVILLE, TN  37205","year_built":2023,"owner":"CMC 401K PSP","operator":""}},{"type":"Feature","geometry":{"type":"Point","coordinates":[-86.794705,36.095611]},"properties":{"apn":"131080Z01600CO","address":"1345 DUNCANWOOD CT, NASHVILLE, TN  37204","year_built":2023,"owner":"NATIONS KELLI & ARMOUR JOHN","operator":""}},{"type":"Feature","geometry":{"type":"Point","coordinates":[-86.58835,36.05495]},"properties":{"apn":"164080C04900CO","address":"605 SOUTHBEACH CV, ANTIOCH, TN  37013","year_built":2016,"owner":"NGUYEN-MAI REVOCABLE LIVING TRUST","operator":""}},{"type":"Feature","geometry":{"type":"Point","coordinates":[-86.813223,36.049712]},"properties":{"apn":"159060B00900CO","address":"1618 WINDY RIDGE DR, BRENTWOOD, TN  37027","year_built":2017,"owner":"GARRISON W LEWIS JR & SHARI L","operator":""}},{"type":"Feature","geometry":{"type":"Point","coordinates":[-86.667532,35.993367]},"properties":{"apn":"187010B02300CO","address":"4219 CAMDALE DR, ANTIOCH, TN  37013","year_built":2023,"owner":"CREST MFLP LLC","operator":""}},{"type":"Feature","geometry":{"type":"Point","coordinates":[-86.667286,35.993717]},"properties":{"apn":"187010B08600CO","address":"4303 BICKNELL LN, ANTIOCH, TN  37013","year_built":2023,"owner":"CREST MFLP LLC","operator":""}},{"type":"Feature","geometry":{"type":"Point","coordinates":[-86.667275,35.993826]},"properties":{"apn":"187010B08400CO","address":"4307 BICKNELL LN, ANTIOCH, TN  37013","year_built":2023,"owner":"CREST MFLP LLC","operator":""}},{"type":"Feature","geometry":{"type":"Point","coordinates":[-86.66798,35.993202]},"properties":{"apn":"187010B03600CO","address":"4024 ORSMAN LN, ANTIOCH, TN  37013","year_built":2023,"owner":"CREST MFLP LLC","operator":""}},{"type":"Feature","geometry":{"type":"Point","coordinates":[-86.667473,35.99334]},"properties":{"apn":"187010B02200CO","address":"4217 CAMDALE DR, ANTIOCH, TN  37013","year_built":2023,"owner":"CREST MFLP LLC","operator":""}},{"type":"Feature","geometry":{"type":"Point","coordinates":[-86.667412,35.993315]},"properties":{"apn":"187010B02100CO","address":"4215 CAMDALE DR, ANTIOCH, TN  37013","year_built":2023,"owner":"CREST MFLP LLC","operator":""}},{"type":"Feature","geometry":{"type":"Point","coordinates":[-86.622111,36.172248]},"properties":{"apn":"086130A05700CO","address":"4048 MAGNOLIA FARMS DR, HERMITAGE, TN  37076","year_built":2019,"owner":"BIANCHI TRIVENEE AUGUST TRUST","operator":""}},{"type":"Feature","geometry":{"type":"Point","coordinates":[-86.692395,36.253406]},"properties":{"apn":"05202026800","address":"409 RANDY RD, MADISON, TN  37115","year_built":2018,"owner":"SYNCED PROPERTIES LLC","operator":""}},{"type":"Feature","geometry":{"type":"Point","coordinates":[-86.759703,36.14348]},"properties":{"apn":"10504015500","address":"1266 THOMAS ST, NASHVILLE, TN  37210","year_built":2018,"owner":"FLOYD CHRISTOPHER SR & FLOYD JONI ETAL","operator":""}},{"type":"Feature","geometry":{"type":"Point","coordinates":[-86.741055,36.098014]},"properties":{"apn":"13306002100","address":"420 VERITAS ST, NASHVILLE, TN  37211","year_built":2021,"owner":"MARLIN LAURA E REVOCABLE TRUST","operator":""}},{"type":"Feature","geometry":{"type":"Point","coordinates":[-86.809586,36.065823]},"properties":{"apn":"14500016500","address":"5250 GRANNY WHITE TRCE, NASHVILLE, TN  37220","year_built":2021,"owner":"GRANNY WHITE TRACE TRUST","operator":""}},{"type":"Feature","geometry":{"type":"Point","coordinates":[-86.68077,35.990722]},"properties":{"apn":"186030A03300CO","address":"817 BOLTON DR, NOLENSVILLE, TN  37135","year_built":2021,"owner":"KENZO LLC-817 BOLTON DR SERIES P S","operator":""}},{"type":"Feature","geometry":{"type":"Point","coordinates":[-86.9911,36.07672]},"properties":{"apn":"141050A70500CO","address":"2044 LEEDS LN, NASHVILLE, TN  37221","year_built":2016,"owner":"6649 VALLEYPARK DRIVE TRUST","operator":""}},{"type":"Feature","geometry":{"type":"Point","coordinates":[-86.812255,36.082474]},"properties":{"apn":"13115007400","address":"301 MOUNTAINSIDE DR, NASHVILLE, TN  37215","year_built":2023,"owner":"1306 HILDRETH DR LLC","operator":""}},{"type":"Feature","geometry":{"type":"Point","coordinates":[-86.761361,36.206907]},"properties":{"apn":"071081B00200CO","address":"318 C DUKE ST, NASHVILLE, TN  37207","year_built":2023,"owner":"ROOP TYLER & ZIMMERMAN JULIANNE MARY","operator":""}},{"type":"Feature","geometry":{"type":"Point","coordinates":[-86.612365,35.983319]},"properties":{"apn":"188100A31900CO","address":"1020 STONELEIGH LN, NOLENSVILLE, TN  37135","year_built":2022,"owner":"SFR JV-HD 2024-1 BORROWER LLC","operator":"Blackstone (+ Home Partners)"}},{"type":"Feature","geometry":{"type":"Point","coordinates":[-86.760479,36.126188]},"properties":{"apn":"105160Q00100CO","address":"517 A SOUTHERN TURF DR, NASHVILLE, TN  37211","year_built":2020,"owner":"HAGER ROBERT & LAURA","operator":""}},{"type":"Feature","geometry":{"type":"Point","coordinates":[-86.687704,36.261938]},"properties":{"apn":"04315009700","address":"109 FARRIS AVE, MADISON, TN  37115","year_built":2023,"owner":"FOX MADELINE MARGARET & HATCHELL WILLIAM BAILEY","operator":""}},{"type":"Feature","geometry":{"type":"Point","coordinates":[-86.65238,36.17337]},"properties":{"apn":"085140B00900CO","address":"2963 JENRY DR, NASHVILLE, TN  37214","year_built":2019,"owner":"DONEGAN HEATHER & KRISTOPHER","operator":""}},{"type":"Feature","geometry":{"type":"Point","coordinates":[-86.624207,36.2221]},"properties":{"apn":"06409029600","address":"4223 WOODS ST, OLD HICKORY, TN  37138","year_built":2011,"owner":"FRIEDMAN JACK H","operator":""}},{"type":"Feature","geometry":{"type":"Point","coordinates":[-86.66727,35.993881]},"properties":{"apn":"187010B08300CO","address":"4309 BICKNELL LN, ANTIOCH, TN  37013","year_built":2023,"owner":"DOEBELE JAMES & ANNA","operator":""}},{"type":"Feature","geometry":{"type":"Point","coordinates":[-86.58986,36.033914]},"properties":{"apn":"175040B09000CO","address":"504 GILROY CT, ANTIOCH, TN  37013","year_built":2023,"owner":"KOLSHI'S INVESTMENT LLC","operator":""}},{"type":"Feature","geometry":{"type":"Point","coordinates":[-86.680066,36.279059]},"properties":{"apn":"043040A02300CO","address":"743 RIVER LANDING WAY, OLD HICKORY, TN  37138","year_built":2015,"owner":"BROOKS JULIE & PATRICK LIVING TRUST","operator":""}},{"type":"Feature","geometry":{"type":"Point","coordinates":[-86.642988,36.024922]},"properties":{"apn":"174110D01600CO","address":"1228 SPRING PATH LN, ANTIOCH, TN  37013","year_built":2023,"owner":"ACPF SPRING PATH ANTIOCH LLC","operator":""}},{"type":"Feature","geometry":{"type":"Point","coordinates":[-86.643408,36.025068]},"properties":{"apn":"174110D01300CO","address":"1216 SPRING PATH LN, ANTIOCH, TN  37013","year_built":2023,"owner":"ACPF SPRING PATH ANTIOCH LLC","operator":""}},{"type":"Feature","geometry":{"type":"Point","coordinates":[-86.643268,36.025019]},"properties":{"apn":"174110D01400CO","address":"1220 SPRING PATH LN, ANTIOCH, TN  37013","year_built":2023,"owner":"ACPF SPRING PATH ANTIOCH LLC","operator":""}},{"type":"Feature","geometry":{"type":"Point","coordinates":[-86.643128,36.02497]},"properties":{"apn":"174110D01500CO","address":"1224 SPRING PATH LN, ANTIOCH, TN  37013","year_built":2023,"owner":"ACPF SPRING PATH ANTIOCH LLC","operator":""}},{"type":"Feature","geometry":{"type":"Point","coordinates":[-86.640689,36.023807]},"properties":{"apn":"174110D03900CO","address":"604 STARDUST LN, ANTIOCH, TN  37013","year_built":2023,"owner":"ACPF SPRING PATH ANTIOCH LLC","operator":""}},{"type":"Feature","geometry":{"type":"Point","coordinates":[-86.64065,36.024024]},"properties":{"apn":"174110D03700CO","address":"612 STARDUST LN, ANTIOCH, TN  37013","year_built":2023,"owner":"ACPF SPRING PATH ANTIOCH LLC","operator":""}},{"type":"Feature","geometry":{"type":"Point","coordinates":[-86.640611,36.024242]},"properties":{"apn":"174110D03500CO","address":"620 STARDUST LN, ANTIOCH, TN  37013","year_built":2023,"owner":"ACPF SPRING PATH ANTIOCH LLC","operator":""}},{"type":"Feature","geometry":{"type":"Point","coordinates":[-86.640592,36.024351]},"properties":{"apn":"174110D03400CO","address":"624 STARDUST LN, ANTIOCH, TN  37013","year_built":2023,"owner":"ACPF SPRING PATH ANTIOCH LLC","operator":""}},{"type":"Feature","geometry":{"type":"Point","coordinates":[-86.640533,36.024677]},"properties":{"apn":"174110D03100CO","address":"636 STARDUST LN, ANTIOCH, TN  37013","year_built":2023,"owner":"ACPF SPRING PATH ANTIOCH LLC","operator":""}},{"type":"Feature","geometry":{"type":"Point","coordinates":[-86.645012,36.025145]},"properties":{"apn":"174110D10000CO","address":"1125 SPRING PATH LN, ANTIOCH, TN  37013","year_built":2023,"owner":"ACPF SPRING PATH ANTIOCH LLC","operator":""}},{"type":"Feature","geometry":{"type":"Point","coordinates":[-86.668095,35.992992]},"properties":{"apn":"187010B04000CO","address":"4016 ORSMAN LN, ANTIOCH, TN  37013","year_built":2023,"owner":"BANALA RAJSINDHURI","operator":""}},{"type":"Feature","geometry":{"type":"Point","coordinates":[-86.543361,36.112505]},"properties":{"apn":"12400001800","address":"0 PUGH RD, HERMITAGE, TN  37076","year_built":2013,"owner":"REID LOGAN J","operator":""}},{"type":"Feature","geometry":{"type":"Point","coordinates":[-86.58982,36.177002]},"properties":{"apn":"086120D06400CO","address":"7369 BLUE GABLE RD, HERMITAGE, TN  37076","year_built":2023,"owner":"CHARAN PRADEEP & MAREDDY VAMSI KRISHNA REDDY","operator":""}},{"type":"Feature","geometry":{"type":"Point","coordinates":[-86.713607,36.213399]},"properties":{"apn":"07204044500","address":"1428 MCALPINE AVE, NASHVILLE, TN  37216","year_built":2023,"owner":"DUCKWORTH MICHAEL & SHERILYN","operator":""}},{"type":"Feature","geometry":{"type":"Point","coordinates":[-86.745726,36.168471]},"properties":{"apn":"09401029100","address":"603 VILLAGE CT, NASHVILLE, TN  37206","year_built":2023,"owner":"ASHLAND RENTALS LLC","operator":""}},{"type":"Feature","geometry":{"type":"Point","coordinates":[-86.744787,36.380603]},"properties":{"apn":"00700005500","address":"2346 BAKER STATION RD, GOODLETTSVILLE, TN  37072","year_built":2021,"owner":"TRC STRATEGIC REALTY LLC","operator":""}},{"type":"Feature","geometry":{"type":"Point","coordinates":[-86.807944,36.179539]},"properties":{"apn":"08111035100","address":"1739 14TH AVE N, NASHVILLE, TN  37208","year_built":2023,"owner":"HARRIS MARIANNE WILSON & ALLEN CHADWICK","operator":""}},{"type":"Feature","geometry":{"type":"Point","coordinates":[-86.854847,36.161568]},"properties":{"apn":"09106047500","address":"5505 B LOUISIANA AVE, NASHVILLE, TN  37209","year_built":2023,"owner":"KHAN ASAD","operator":""}},{"type":"Feature","geometry":{"type":"Point","coordinates":[-86.823437,36.161647]},"properties":{"apn":"09205036500","address":"915 B 31ST AVE N, NASHVILLE, TN  37209","year_built":2023,"owner":"SCHENKEL DOUGLAS L","operator":""}},{"type":"Feature","geometry":{"type":"Point","coordinates":[-86.846647,36.158513]},"properties":{"apn":"09107051200","address":"4903 B MICHIGAN AVE, NASHVILLE, TN  37209","year_built":2022,"owner":"AKG CAPITAL PARTNERS LAREDO LLC","operator":""}},{"type":"Feature","geometry":{"type":"Point","coordinates":[-86.653894,36.018143]},"properties":{"apn":"182020C00200CO","address":"3224 HASKELL LN, ANTIOCH, TN  37013","year_built":2021,"owner":"KAMEL KAMEL & NASEM AMANY","operator":""}},{"type":"Feature","geometry":{"type":"Point","coordinates":[-86.66804,35.993093]},"properties":{"apn":"187010B03800CO","address":"4020 ORSMAN LN, ANTIOCH, TN  37013","year_built":2023,"owner":"BANALA RAKSHA","operator":""}},{"type":"Feature","geometry":{"type":"Point","coordinates":[-86.749097,36.164525]},"properties":{"apn":"09401024200","address":"906 S 13TH ST, NASHVILLE, TN  37206","year_built":2023,"owner":"KIM ELISSA","operator":""}},{"type":"Feature","geometry":{"type":"Point","coordinates":[-86.659596,36.005159]},"properties":{"apn":"18200016900","address":"13899 OLD HICKORY BLVD, ANTIOCH, TN  37013","year_built":2018,"owner":"RODRIGUEZ JESUS ESPARAZA & GARCIA ERIKA DIAZ","operator":""}},{"type":"Feature","geometry":{"type":"Point","coordinates":[-86.969649,36.033594]},"properties":{"apn":"169030A01400CO","address":"2228 WINTHROP WAY, NASHVILLE, TN  37221","year_built":2023,"owner":"MPF & RJF 2022 TENANCY BY THE ENTIRETY TRUST","operator":""}},{"type":"Feature","geometry":{"type":"Point","coordinates":[-86.642764,36.191072]},"properties":{"apn":"085040A35600CO","address":"5178 MOUNTAINBROOK CIR, HERMITAGE, TN  37076","year_built":2017,"owner":"SAGGARS ERIC & MELISSA A","operator":""}},{"type":"Feature","geometry":{"type":"Point","coordinates":[-86.725821,36.192892]},"properties":{"apn":"07215034700","address":"101 MCKENNELL DR, NASHVILLE, TN  37206","year_built":2011,"owner":"THOMAS ROBERT BRUCE & ROSKE ROXANNE TRUST","operator":""}},{"type":"Feature","geometry":{"type":"Point","coordinates":[-86.646303,36.271267]},"properties":{"apn":"044070B00200CO","address":"17 MAGNOLIA SHRS, OLD HICKORY, TN  37138","year_built":2021,"owner":"AWOYODE ROTIMI CLEMENT & SUSANNA OLUWAL","operator":""}},{"type":"Feature","geometry":{"type":"Point","coordinates":[-86.763005,36.197604]},"properties":{"apn":"07111054400","address":"1408 C LISCHEY AVE, NASHVILLE, TN  37207","year_built":2023,"owner":"Z1 LLC","operator":""}},{"type":"Feature","geometry":{"type":"Point","coordinates":[-86.706889,36.279985]},"properties":{"apn":"04301001600","address":"117 ELMORE AVE, MADISON, TN  37115","year_built":2018,"owner":"SPANN SARAH & JOSIAH","operator":""}},{"type":"Feature","geometry":{"type":"Point","coordinates":[-86.589846,36.03553]},"properties":{"apn":"175040B02500CO","address":"4554 ROCKLAND TRL, ANTIOCH, TN  37013","year_built":2023,"owner":"SHEHATA WAEL","operator":""}},{"type":"Feature","geometry":{"type":"Point","coordinates":[-86.684525,36.001902]},"properties":{"apn":"181110D10700CO","address":"1060 INDIGO ALY, BRENTWOOD, TN  37027","year_built":2023,"owner":"GOLDEN SUN REAL ESTATE HODLINGS LLC","operator":""}},{"type":"Feature","geometry":{"type":"Point","coordinates":[-86.842173,36.155905]},"properties":{"apn":"09112032400","address":"4518 GEORGIA AVE, NASHVILLE, TN  37209","year_built":2016,"owner":"LEE MICHELLE","operator":""}},{"type":"Feature","geometry":{"type":"Point","coordinates":[-86.589571,36.17747]},"properties":{"apn":"086120D10000CO","address":"7356 BLUE GABLE RD, HERMITAGE, TN  37076","year_built":2023,"owner":"REESHA DENISE","operator":""}},{"type":"Feature","geometry":{"type":"Point","coordinates":[-86.780698,36.356707]},"properties":{"apn":"01100021300","address":"0 GREER RD, GOODLETTSVILLE, TN  37072","year_built":2018,"owner":"GEBERS JUDY ELLEN REVOCABLE LIVING TRUST ETAL","operator":""}},{"type":"Feature","geometry":{"type":"Point","coordinates":[-86.722987,36.073132]},"properties":{"apn":"147070E00100CO","address":"4309 OLD GOINS RD, NASHVILLE, TN  37211","year_built":2020,"owner":"L A TRUST","operator":""}},{"type":"Feature","geometry":{"type":"Point","coordinates":[-86.722853,36.073127]},"properties":{"apn":"147070E00200CO","address":"4311 OLD GOINS RD, NASHVILLE, TN  37211","year_built":2020,"owner":"L A TRUST","operator":""}},{"type":"Feature","geometry":{"type":"Point","coordinates":[-86.786487,36.204731]},"properties":{"apn":"07105029800","address":"1800 MEADE AVE, NASHVILLE, TN  37207","year_built":2023,"owner":"OLESHANSKY BRYNA & MODY PERCEUS","operator":""}},{"type":"Feature","geometry":{"type":"Point","coordinates":[-86.78079,36.251281]},"properties":{"apn":"050020C10000CO","address":"2648 THORNTON GROVE BLVD, NASHVILLE, TN  37207","year_built":2021,"owner":"ADAMS BRIAN SCOTT & CHUNG HYUNJIN","operator":""}},{"type":"Feature","geometry":{"type":"Point","coordinates":[-86.661815,35.983362]},"properties":{"apn":"187090A09000CO","address":"4826 KINTORE DR, NOLENSVILLE, TN  37135","year_built":2023,"owner":"DRAHMAN LYNNE A & CHRISTOPHER RICHARD","operator":""}},{"type":"Feature","geometry":{"type":"Point","coordinates":[-86.823667,36.145801]},"properties":{"apn":"10401032800","address":"409 MCADOO AVE, NASHVILLE, TN  37205","year_built":2023,"owner":"MANDY PROPERTIES LLC","operator":""}},{"type":"Feature","geometry":{"type":"Point","coordinates":[-86.590849,36.177302]},"properties":{"apn":"086120D07000CO","address":"7393 BLUE GABLE RD, HERMITAGE, TN  37076","year_built":2023,"owner":"SFR FUND VI BORROWER LLC","operator":"Pretium Partners (Goldman Sachs)"}},{"type":"Feature","geometry":{"type":"Point","coordinates":[-86.590522,36.177155]},"properties":{"apn":"086120D06800CO","address":"7385 BLUE GABLE RD, HERMITAGE, TN  37076","year_built":2023,"owner":"SFR FUND VI BORROWER LLC","operator":"Pretium Partners (Goldman Sachs)"}},{"type":"Feature","geometry":{"type":"Point","coordinates":[-86.644392,36.024159]},"properties":{"apn":"174110D09100CO","address":"540 STARDUST LN, ANTIOCH, TN  37013","year_built":2023,"owner":"ACPF SPRING PATH ANTIOCH LLC","operator":""}},{"type":"Feature","geometry":{"type":"Point","coordinates":[-86.689595,36.258129]},"properties":{"apn":"05203019400","address":"408 A FARRIS AVE, MADISON, TN  37115","year_built":2022,"owner":"PMC FAMILY TRUST & MEP FAMILY TRUST","operator":""}},{"type":"Feature","geometry":{"type":"Point","coordinates":[-86.568839,36.148494]},"properties":{"apn":"110020C03400CO","address":"848 ASHTON PARK WAY, MOUNT JULIET, TN  37122","year_built":2023,"owner":"BAGDE NIKHIL & DAS ANKANA","operator":""}},{"type":"Feature","geometry":{"type":"Point","coordinates":[-86.593187,36.176567]},"properties":{"apn":"086120D07900CO","address":"7024 EVANS HILL WAY, HERMITAGE, TN  37076","year_built":2023,"owner":"SFR FUND VI BORROWER LLC","operator":"Pretium Partners (Goldman Sachs)"}},{"type":"Feature","geometry":{"type":"Point","coordinates":[-86.646541,36.272042]},"properties":{"apn":"044070B00500CO","address":"29 MAGNOLIA SHRS, OLD HICKORY, TN  37138","year_built":2022,"owner":"MCCARVER REVOCABLE LIVING TRUST THE","operator":""}},{"type":"Feature","geometry":{"type":"Point","coordinates":[-86.728242,36.339385]},"properties":{"apn":"01807006200","address":"507 MATHES CT, GOODLETTSVILLE, TN  37072","year_built":2015,"owner":"HAMPTON FAMILY REVOCABLE LIVING TRUST","operator":""}},{"type":"Feature","geometry":{"type":"Point","coordinates":[-86.656588,36.070502]},"properties":{"apn":"149150A43400CO","address":"1765 BRIDGECREST DR, ANTIOCH, TN  37013","year_built":2016,"owner":"SFVR JV-2 2023-1 BORROWER LLC","operator":"Blackstone (+ Home Partners)"}},{"type":"Feature","geometry":{"type":"Point","coordinates":[-86.597564,36.049297]},"properties":{"apn":"164070B00300CO","address":"3722 PIN HOOK RD, ANTIOCH, TN  37013","year_built":2023,"owner":"MIDTOWN REALTY LLC","operator":""}},{"type":"Feature","geometry":{"type":"Point","coordinates":[-86.597969,36.049345]},"properties":{"apn":"164070B00200CO","address":"3720 PIN HOOK RD, ANTIOCH, TN  37013","year_built":2023,"owner":"MIDTOWN REALTY LLC","operator":""}},{"type":"Feature","geometry":{"type":"Point","coordinates":[-86.598165,36.04936]},"properties":{"apn":"164070B00100CO","address":"3716 PIN HOOK RD, ANTIOCH, TN  37013","year_built":2023,"owner":"MIDTOWN REALTY LLC","operator":""}},{"type":"Feature","geometry":{"type":"Point","coordinates":[-86.806907,36.109257]},"properties":{"apn":"11711011500","address":"1760 HILLMONT DR, NASHVILLE, TN  37215","year_built":2022,"owner":"BREEN EDWARD D & LYNN M","operator":""}},{"type":"Feature","geometry":{"type":"Point","coordinates":[-86.597067,36.051743]},"properties":{"apn":"164070B02100CO","address":"1168 ALCOVE WAY, ANTIOCH, TN  37013","year_built":2023,"owner":"MIDTOWN REALTY LLC","operator":""}},{"type":"Feature","geometry":{"type":"Point","coordinates":[-86.597122,36.051884]},"properties":{"apn":"164070B02200CO","address":"1172 ALCOVE WAY, ANTIOCH, TN  37013","year_built":2023,"owner":"MIDTOWN REALTY LLC","operator":""}},{"type":"Feature","geometry":{"type":"Point","coordinates":[-86.597213,36.052012]},"properties":{"apn":"164070B02300CO","address":"1176 ALCOVE WAY, ANTIOCH, TN  37013","year_built":2023,"owner":"MIDTOWN REALTY LLC","operator":""}},{"type":"Feature","geometry":{"type":"Point","coordinates":[-86.597629,36.051623]},"properties":{"apn":"164070B02800CO","address":"1161 ALCOVE WAY, ANTIOCH, TN  37013","year_built":2023,"owner":"MIDTOWN REALTY LLC","operator":""}},{"type":"Feature","geometry":{"type":"Point","coordinates":[-86.597649,36.051488]},"properties":{"apn":"164070B02900CO","address":"1157 ALCOVE WAY, ANTIOCH, TN  37013","year_built":2023,"owner":"MIDTOWN REALTY LLC","operator":""}},{"type":"Feature","geometry":{"type":"Point","coordinates":[-86.597992,36.049645]},"properties":{"apn":"164070B04100CO","address":"1105 ALCOVE WAY, ANTIOCH, TN  37013","year_built":2023,"owner":"MIDTOWN REALTY LLC","operator":""}},{"type":"Feature","geometry":{"type":"Point","coordinates":[-86.683075,35.995296]},"properties":{"apn":"181150A10200CO","address":"822 ERVIE ALY, BRENTWOOD, TN  37027","year_built":2022,"owner":"GRIFFIN AUSTIN CHARLES & LARRY & JEANNE","operator":""}},{"type":"Feature","geometry":{"type":"Point","coordinates":[-86.661935,35.982999]},"properties":{"apn":"187090A08700CO","address":"4832 KINTORE DR, NOLENSVILLE, TN  37135","year_built":2022,"owner":"SIMPSON SEAN & CRYSTAL","operator":""}},{"type":"Feature","geometry":{"type":"Point","coordinates":[-86.680612,35.990999]},"properties":{"apn":"186030A01300CO","address":"725 CHARD LN, NOLENSVILLE, TN  37135","year_built":2022,"owner":"KANDAALA SESHA SNEHITHA & SINGARAYAKONDA ARUN KUMAR","operator":""}},{"type":"Feature","geometry":{"type":"Point","coordinates":[-86.744066,36.178332]},"properties":{"apn":"08309036500","address":"1417 FOREST AVE, NASHVILLE, TN  37206","year_built":2023,"owner":"RIEDEL ROBERT REVOCABLE LIVING TRUST THE","operator":""}},{"type":"Feature","geometry":{"type":"Point","coordinates":[-86.682971,35.99547]},"properties":{"apn":"181150A10500CO","address":"814 ERVIE ALY, BRENTWOOD, TN  37027","year_built":2022,"owner":"SUMMERS JEFFREY CHRISTIAN & MONICA LEE","operator":""}},{"type":"Feature","geometry":{"type":"Point","coordinates":[-86.776629,36.195107]},"properties":{"apn":"071142F00100CO","address":"1203 B BRICK CHURCH PIKE, NASHVILLE, TN  37207","year_built":2023,"owner":"KINDER JAMIE & JASON & SHARP BRITTON","operator":""}},{"type":"Feature","geometry":{"type":"Point","coordinates":[-86.841405,36.155335]},"properties":{"apn":"09112036100","address":"611 45TH AVE N, NASHVILLE, TN  37209","year_built":2022,"owner":"CAVANARY INTERESTS LLC","operator":""}},{"type":"Feature","geometry":{"type":"Point","coordinates":[-86.841401,36.155267]},"properties":{"apn":"09112011800","address":"609 45TH AVE N, NASHVILLE, TN  37209","year_built":2022,"owner":"CAVANARY INTERESTS LLC","operator":""}},{"type":"Feature","geometry":{"type":"Point","coordinates":[-86.662068,35.982737]},"properties":{"apn":"187090A08500CO","address":"8331 MIDDLEWICK LN, NOLENSVILLE, TN  37135","year_built":2023,"owner":"WILLIAMS MICHAEL JUSTIN & HELEN M","operator":""}},{"type":"Feature","geometry":{"type":"Point","coordinates":[-86.776643,36.195054]},"properties":{"apn":"071142F00200CO","address":"1203 A BRICK CHURCH PIKE, NASHVILLE, TN  37207","year_built":2023,"owner":"GOLDBERG WESLEY & KRISTEN","operator":""}},{"type":"Feature","geometry":{"type":"Point","coordinates":[-86.603539,36.05612]},"properties":{"apn":"164070A13500CO","address":"1908 BROOKSHINE PRT, ANTIOCH, TN  37013","year_built":2015,"owner":"BEBAWY EMAD & BAWI MAHA","operator":""}},{"type":"Feature","geometry":{"type":"Point","coordinates":[-86.667487,35.993075]},"properties":{"apn":"187010B03100CO","address":"4124 MEWS LN, ANTIOCH, TN  37013","year_built":2023,"owner":"CREST MFLP LLC","operator":""}},{"type":"Feature","geometry":{"type":"Point","coordinates":[-86.667075,35.993259]},"properties":{"apn":"187010B01700CO","address":"4207 CAMDALE DR, ANTIOCH, TN  37013","year_built":2022,"owner":"CREST MFLP LLC","operator":""}},{"type":"Feature","geometry":{"type":"Point","coordinates":[-86.667143,35.993264]},"properties":{"apn":"187010B01800CO","address":"4209 CAMDALE DR, ANTIOCH, TN  37013","year_built":2023,"owner":"CREST MFLP LLC","operator":""}},{"type":"Feature","geometry":{"type":"Point","coordinates":[-86.667702,35.993455]},"properties":{"apn":"187010B02500CO","address":"4223 CAMDALE DR, ANTIOCH, TN  37013","year_built":2023,"owner":"CREST MFLP LLC","operator":""}},{"type":"Feature","geometry":{"type":"Point","coordinates":[-86.66774,35.993523]},"properties":{"apn":"187010B02600CO","address":"4225 CAMDALE DR, ANTIOCH, TN  37013","year_built":2023,"owner":"CREST MFLP LLC","operator":""}},{"type":"Feature","geometry":{"type":"Point","coordinates":[-86.667776,35.99357]},"properties":{"apn":"187010B02700CO","address":"4227 CAMDALE DR, ANTIOCH, TN  37013","year_built":2023,"owner":"CREST MFLP LLC","operator":""}},{"type":"Feature","geometry":{"type":"Point","coordinates":[-86.667808,35.993618]},"properties":{"apn":"187010B02800CO","address":"4229 CAMDALE DR, ANTIOCH, TN  37013","year_built":2023,"owner":"CREST MFLP LLC","operator":""}},{"type":"Feature","geometry":{"type":"Point","coordinates":[-86.66784,35.993666]},"properties":{"apn":"187010B02900CO","address":"4231 CAMDALE DR, ANTIOCH, TN  37013","year_built":2023,"owner":"CREST MFLP LLC","operator":""}},{"type":"Feature","geometry":{"type":"Point","coordinates":[-86.667878,35.993723]},"properties":{"apn":"187010B03000CO","address":"4233 CAMDALE DR, ANTIOCH, TN  37013","year_built":2023,"owner":"CREST MFLP LLC","operator":""}},{"type":"Feature","geometry":{"type":"Point","coordinates":[-86.667557,35.993105]},"properties":{"apn":"187010B03200CO","address":"4122 MEWS LN, ANTIOCH, TN  37013","year_built":2023,"owner":"CREST MFLP LLC","operator":""}},{"type":"Feature","geometry":{"type":"Point","coordinates":[-86.667616,35.993131]},"properties":{"apn":"187010B03300CO","address":"4120 MEWS LN, ANTIOCH, TN  37013","year_built":2023,"owner":"CREST MFLP LLC","operator":""}},{"type":"Feature","geometry":{"type":"Point","coordinates":[-86.667676,35.993158]},"properties":{"apn":"187010B03400CO","address":"4118 MEWS LN, ANTIOCH, TN  37013","year_built":2023,"owner":"CREST MFLP LLC","operator":""}},{"type":"Feature","geometry":{"type":"Point","coordinates":[-86.667746,35.993188]},"properties":{"apn":"187010B03500CO","address":"4116 MEWS LN, ANTIOCH, TN  37013","year_built":2023,"owner":"CREST MFLP LLC","operator":""}},{"type":"Feature","geometry":{"type":"Point","coordinates":[-86.648753,36.006079]},"properties":{"apn":"182060B05200CO","address":"9261 THOMASON TRL, ANTIOCH, TN  37013","year_built":2023,"owner":"KIM KI SUNG & MIN YEON SOOK KIM","operator":""}},{"type":"Feature","geometry":{"type":"Point","coordinates":[-86.749201,36.169971]},"properties":{"apn":"08313024600","address":"515 S 12TH ST, NASHVILLE, TN  37206","year_built":2023,"owner":"HESSEVICK KENNETH J","operator":""}},{"type":"Feature","geometry":{"type":"Point","coordinates":[-86.605304,36.057755]},"properties":{"apn":"164030E02000CO","address":"2128 POSTINGS PT, ANTIOCH, TN  37013","year_built":2023,"owner":"ESKANDER AYMAN & IBRAHIM NAGWA M","operator":""}},{"type":"Feature","geometry":{"type":"Point","coordinates":[-86.68196,36.295221]},"properties":{"apn":"034070B02300CO","address":"2505 VAL MARIE DR, MADISON, TN  37115","year_built":2016,"owner":"FELTON-ROBERTSON JOINT REVOCABLE TRUST","operator":""}},{"type":"Feature","geometry":{"type":"Point","coordinates":[-86.682951,36.250025]},"properties":{"apn":"05207014300","address":"111 A SANITARIUM RD, MADISON, TN  37115","year_built":2022,"owner":"LOPEZ CHARLES","operator":""}},{"type":"Feature","geometry":{"type":"Point","coordinates":[-86.604473,36.057657]},"properties":{"apn":"164030E02300CO","address":"2144 POSTINGS PT, ANTIOCH, TN  37013","year_built":2023,"owner":"ESKANDER AYMAN & IBRAHIM NAGWA M","operator":""}},{"type":"Feature","geometry":{"type":"Point","coordinates":[-86.649073,36.022774]},"properties":{"apn":"174110A48200CO","address":"1416 OHARA DR, ANTIOCH, TN  37013","year_built":2013,"owner":"SAEED FOUAD","operator":""}},{"type":"Feature","geometry":{"type":"Point","coordinates":[-86.605803,36.057882]},"properties":{"apn":"164030E01700CO","address":"2116 POSTINGS PT, ANTIOCH, TN  37013","year_built":2023,"owner":"PATHAK SANJOG & TIWARI SWETA","operator":""}},{"type":"Feature","geometry":{"type":"Point","coordinates":[-86.723458,36.198876]},"properties":{"apn":"07211041000","address":"1806 RIVERSIDE DR, NASHVILLE, TN  37216","year_built":2023,"owner":"ENTIN AMANDA ROSE & ABRAMSON WILLIAM TRICE","operator":""}},{"type":"Feature","geometry":{"type":"Point","coordinates":[-86.76697,36.249418]},"properties":{"apn":"050070A05800CO","address":"4368 SKYRIDGE DR, NASHVILLE, TN  37207","year_built":2022,"owner":"MUNIZ DANIELLE & MENDOZA ALEXANDER C & TERRI","operator":""}},{"type":"Feature","geometry":{"type":"Point","coordinates":[-86.766074,36.141925]},"properties":{"apn":"105072J00100CO","address":"420 HUMPHREYS ST, NASHVILLE, TN  37203","year_built":2023,"owner":"EARLS MARTHA & ROBERT","operator":""}},{"type":"Feature","geometry":{"type":"Point","coordinates":[-86.758758,36.363027]},"properties":{"apn":"01100013000","address":"3331 FREEMAN HOLLOW RD, GOODLETTSVILLE, TN  37072","year_built":2020,"owner":"STIFFLER DAVID E & STEPHANIE I","operator":""}},{"type":"Feature","geometry":{"type":"Point","coordinates":[-86.672672,35.986243]},"properties":{"apn":"186040A13300CO","address":"8829 IVYMOUNT LN, NOLENSVILLE, TN  37135","year_built":2012,"owner":"BLAINE TRUST","operator":""}},{"type":"Feature","geometry":{"type":"Point","coordinates":[-86.586995,36.180479]},"properties":{"apn":"086120D02400CO","address":"1713 EVANS HILL CT, HERMITAGE, TN  37076","year_built":2022,"owner":"WHITE DANIEL","operator":""}},{"type":"Feature","geometry":{"type":"Point","coordinates":[-86.645962,36.025185]},"properties":{"apn":"174110D10500CO","address":"1105 SPRING PATH LN, ANTIOCH, TN  37013","year_built":2022,"owner":"ACPF SPRING PATH ANTIOCH LLC","operator":""}},{"type":"Feature","geometry":{"type":"Point","coordinates":[-86.645319,36.02484]},"properties":{"apn":"174110D09900CO","address":"508 STARDUST LN, ANTIOCH, TN  37013","year_built":2023,"owner":"ACPF SPRING PATH ANTIOCH LLC","operator":""}},{"type":"Feature","geometry":{"type":"Point","coordinates":[-86.64534,36.024649]},"properties":{"apn":"174110D09800CO","address":"512 STARDUST LN, ANTIOCH, TN  37013","year_built":2022,"owner":"ACPF SPRING PATH ANTIOCH LLC","operator":""}},{"type":"Feature","geometry":{"type":"Point","coordinates":[-86.645217,36.024456]},"properties":{"apn":"174110D09700CO","address":"516 STARDUST LN, ANTIOCH, TN  37013","year_built":2022,"owner":"ACPF SPRING PATH ANTIOCH LLC","operator":""}},{"type":"Feature","geometry":{"type":"Point","coordinates":[-86.64503,36.024372]},"properties":{"apn":"174110D09600CO","address":"520 STARDUST LN, ANTIOCH, TN  37013","year_built":2022,"owner":"ACPF SPRING PATH ANTIOCH LLC","operator":""}},{"type":"Feature","geometry":{"type":"Point","coordinates":[-86.644516,36.024202]},"properties":{"apn":"174110D09200CO","address":"536 STARDUST LN, ANTIOCH, TN  37013","year_built":2022,"owner":"ACPF SPRING PATH ANTIOCH LLC","operator":""}},{"type":"Feature","geometry":{"type":"Point","coordinates":[-86.644814,36.024794]},"properties":{"apn":"174110D06400CO","address":"511 STARDUST LN, ANTIOCH, TN  37013","year_built":2022,"owner":"ACPF SPRING PATH ANTIOCH LLC","operator":""}},{"type":"Feature","geometry":{"type":"Point","coordinates":[-86.644683,36.025042]},"properties":{"apn":"174110D06300CO","address":"1201 SPRING PATH LN, ANTIOCH, TN  37013","year_built":2023,"owner":"ACPF SPRING PATH ANTIOCH LLC","operator":""}},{"type":"Feature","geometry":{"type":"Point","coordinates":[-86.644094,36.025306]},"properties":{"apn":"174110D01200CO","address":"1208 SPRING PATH LN, ANTIOCH, TN  37013","year_built":2022,"owner":"ACPF SPRING PATH ANTIOCH LLC","operator":""}},{"type":"Feature","geometry":{"type":"Point","coordinates":[-86.644234,36.025355]},"properties":{"apn":"174110D01100CO","address":"1204 SPRING PATH LN, ANTIOCH, TN  37013","year_built":2022,"owner":"ACPF SPRING PATH ANTIOCH LLC","operator":""}},{"type":"Feature","geometry":{"type":"Point","coordinates":[-86.770369,36.030783]},"properties":{"apn":"171070B00900CO","address":"231 JONES PKWY, BRENTWOOD, TN  37027","year_built":2014,"owner":"BRICKER TODD SUCCESSOR TRUSTEE","operator":""}},{"type":"Feature","geometry":{"type":"Point","coordinates":[-86.604915,36.057677]},"properties":{"apn":"164030E02200CO","address":"2136 POSTINGS PT, ANTIOCH, TN  37013","year_built":2023,"owner":"ABOUSALEEB SAMEH & ABDELMALEK MARIAM","operator":""}},{"type":"Feature","geometry":{"type":"Point","coordinates":[-86.895874,36.384494]},"properties":{"apn":"00400022600","address":"8442 WHITES CREEK PIKE, JOELTON, TN  37080","year_built":2019,"owner":"HOBGOOD AUSTIN","operator":""}},{"type":"Feature","geometry":{"type":"Point","coordinates":[-86.653912,36.018007]},"properties":{"apn":"182020C00300CO","address":"3228 HASKELL LN, ANTIOCH, TN  37013","year_built":2021,"owner":"SFR JV-HD TL BORROWER B LLC","operator":"Blackstone (+ Home Partners)"}},{"type":"Feature","geometry":{"type":"Point","coordinates":[-86.661912,35.98272]},"properties":{"apn":"187090A08600CO","address":"8333 MIDDLEWICK LN, NOLENSVILLE, TN  37135","year_built":2022,"owner":"WHITTED MICHAEL L & MARGARET A","operator":""}},{"type":"Feature","geometry":{"type":"Point","coordinates":[-86.848044,36.225455]},"properties":{"apn":"058070A04100CO","address":"1213 ARROYO DR, NASHVILLE, TN  37218","year_built":2023,"owner":"CAHILL JENNIFER B & PETER T","operator":""}},{"type":"Feature","geometry":{"type":"Point","coordinates":[-86.924146,36.084363]},"properties":{"apn":"128160C04200CO","address":"7157 STILL SPRING HOLLOW DR, NASHVILLE, TN  37221","year_built":2023,"owner":"RYAN DANIEL SCOTT JR & MOLLY ELLIOTT","operator":""}},{"type":"Feature","geometry":{"type":"Point","coordinates":[-86.690777,36.020935]},"properties":{"apn":"173140A03500CO","address":"1100 PARKLAWN DR, NASHVILLE, TN  37211","year_built":2023,"owner":"MOHAMED IBRAHIM","operator":""}},{"type":"Feature","geometry":{"type":"Point","coordinates":[-86.767819,36.249598]},"properties":{"apn":"050070A05200CO","address":"4344 SKYRIDGE DR, NASHVILLE, TN  37207","year_built":2022,"owner":"BHATT FAMILY TRUST","operator":""}},{"type":"Feature","geometry":{"type":"Point","coordinates":[-86.722302,36.073422]},"properties":{"apn":"14707015400","address":"4326 OLD GOINS RD, NASHVILLE, TN  37211","year_built":2022,"owner":"RIAD ANDRAWES","operator":""}},{"type":"Feature","geometry":{"type":"Point","coordinates":[-86.605996,36.058616]},"properties":{"apn":"164030E01200CO","address":"2713 SPARROWGAP TRL, ANTIOCH, TN  37013","year_built":2022,"owner":"YACOUB NADY & NASRALLA EMAD","operator":""}},{"type":"Feature","geometry":{"type":"Point","coordinates":[-86.837745,36.093043]},"properties":{"apn":"13008011800","address":"2210 HARDING PL, NASHVILLE, TN  37215","year_built":2023,"owner":"MMB FAMILY TRUST","operator":""}},{"type":"Feature","geometry":{"type":"Point","coordinates":[-86.605104,36.058206]},"properties":{"apn":"164030E03300CO","address":"2131 POSTINGS PT, ANTIOCH, TN  37013","year_built":2022,"owner":"ISSA AYAD & KORAEEL SUHA","operator":""}},{"type":"Feature","geometry":{"type":"Point","coordinates":[-86.644502,36.024683]},"properties":{"apn":"174110D06600CO","address":"519 STARDUST LN, ANTIOCH, TN  37013","year_built":2022,"owner":"ACPF SPRING PATH ANTIOCH LLC","operator":""}},{"type":"Feature","geometry":{"type":"Point","coordinates":[-86.644347,36.024629]},"properties":{"apn":"174110D06700CO","address":"523 STARDUST LN, ANTIOCH, TN  37013","year_built":2022,"owner":"ACPF SPRING PATH ANTIOCH LLC","operator":""}},{"type":"Feature","geometry":{"type":"Point","coordinates":[-86.644191,36.024575]},"properties":{"apn":"174110D06800CO","address":"527 STARDUST LN, ANTIOCH, TN  37013","year_built":2022,"owner":"ACPF SPRING PATH ANTIOCH LLC","operator":""}},{"type":"Feature","geometry":{"type":"Point","coordinates":[-86.644641,36.024246]},"properties":{"apn":"174110D09300CO","address":"532 STARDUST LN, ANTIOCH, TN  37013","year_built":2022,"owner":"ACPF SPRING PATH ANTIOCH LLC","operator":""}},{"type":"Feature","geometry":{"type":"Point","coordinates":[-86.644765,36.024289]},"properties":{"apn":"174110D09400CO","address":"528 STARDUST LN, ANTIOCH, TN  37013","year_built":2022,"owner":"ACPF SPRING PATH ANTIOCH LLC","operator":""}},{"type":"Feature","geometry":{"type":"Point","coordinates":[-86.642355,36.048257]},"properties":{"apn":"163070A08400CO","address":"1933 WILD OAKS CT, ANTIOCH, TN  37013","year_built":2014,"owner":"PATEL BHARTI C & 1933 WILD OAKS COURT TRUST","operator":""}},{"type":"Feature","geometry":{"type":"Point","coordinates":[-86.64489,36.024332]},"properties":{"apn":"174110D09500CO","address":"524 STARDUST LN, ANTIOCH, TN  37013","year_built":2022,"owner":"ACPF SPRING PATH ANTIOCH LLC","operator":""}},{"type":"Feature","geometry":{"type":"Point","coordinates":[-86.644658,36.024737]},"properties":{"apn":"174110D06500CO","address":"515 STARDUST LN, ANTIOCH, TN  37013","year_built":2022,"owner":"ACPF SPRING PATH ANTIOCH LLC","operator":""}},{"type":"Feature","geometry":{"type":"Point","coordinates":[-86.644654,36.0255]},"properties":{"apn":"174110D00800CO","address":"1136 SPRING PATH LN, ANTIOCH, TN  37013","year_built":2022,"owner":"ACPF SPRING PATH ANTIOCH LLC","operator":""}},{"type":"Feature","geometry":{"type":"Point","coordinates":[-86.644799,36.025554]},"properties":{"apn":"174110D00700CO","address":"1132 SPRING PATH LN, ANTIOCH, TN  37013","year_built":2022,"owner":"ACPF SPRING PATH ANTIOCH LLC","operator":""}},{"type":"Feature","geometry":{"type":"Point","coordinates":[-86.644058,36.024827]},"properties":{"apn":"174110D05900CO","address":"1217 SPRING PATH LN, ANTIOCH, TN  37013","year_built":2022,"owner":"ACPF SPRING PATH ANTIOCH LLC","operator":""}},{"type":"Feature","geometry":{"type":"Point","coordinates":[-86.644214,36.024881]},"properties":{"apn":"174110D06000CO","address":"1213 SPRING PATH LN, ANTIOCH, TN  37013","year_built":2022,"owner":"ACPF SPRING PATH ANTIOCH LLC","operator":""}},{"type":"Feature","geometry":{"type":"Point","coordinates":[-86.644525,36.024989]},"properties":{"apn":"174110D06200CO","address":"1205 SPRING PATH LN, ANTIOCH, TN  37013","year_built":2022,"owner":"ACPF SPRING PATH ANTIOCH LLC","operator":""}},{"type":"Feature","geometry":{"type":"Point","coordinates":[-86.644369,36.024935]},"properties":{"apn":"174110D06100CO","address":"1209 SPRING PATH LN, ANTIOCH, TN  37013","year_built":2022,"owner":"ACPF SPRING PATH ANTIOCH LLC","operator":""}},{"type":"Feature","geometry":{"type":"Point","coordinates":[-86.644514,36.025452]},"properties":{"apn":"174110D00900CO","address":"1140 SPRING PATH LN, ANTIOCH, TN  37013","year_built":2022,"owner":"ACPF SPRING PATH ANTIOCH LLC","operator":""}},{"type":"Feature","geometry":{"type":"Point","coordinates":[-86.644374,36.025403]},"properties":{"apn":"174110D01000CO","address":"1200 SPRING PATH LN, ANTIOCH, TN  37013","year_built":2022,"owner":"ACPF SPRING PATH ANTIOCH LLC","operator":""}},{"type":"Feature","geometry":{"type":"Point","coordinates":[-86.654419,36.057945]},"properties":{"apn":"163020A07800CO","address":"4932 ELLEN WAY, ANTIOCH, TN  37013","year_built":2023,"owner":"OMAR ABDULQADER","operator":""}},{"type":"Feature","geometry":{"type":"Point","coordinates":[-86.653869,36.058293]},"properties":{"apn":"163020A07700CO","address":"4929 ELLEN WAY, ANTIOCH, TN  37013","year_built":2023,"owner":"OMAR ABDULQADER","operator":""}},{"type":"Feature","geometry":{"type":"Point","coordinates":[-86.654594,36.058123]},"properties":{"apn":"163020A07900CO","address":"4928 ELLEN WAY, ANTIOCH, TN  37013","year_built":2023,"owner":"OMAR ABDULQADER","operator":""}},{"type":"Feature","geometry":{"type":"Point","coordinates":[-86.653995,36.058474]},"properties":{"apn":"163020A07600CO","address":"4925 ELLEN WAY, ANTIOCH, TN  37013","year_built":2023,"owner":"OMAR ABDULQADER","operator":""}},{"type":"Feature","geometry":{"type":"Point","coordinates":[-86.767436,36.249996]},"properties":{"apn":"050070A15300CO","address":"4345 SKYRIDGE DR, NASHVILLE, TN  37207","year_built":2022,"owner":"BRADEN TAMIKA","operator":""}},{"type":"Feature","geometry":{"type":"Point","coordinates":[-86.665086,36.027878]},"properties":{"apn":"174090B06400CO","address":"96 LIGHTWOOD DR, ANTIOCH, TN  37013","year_built":2022,"owner":"BARKER KIMBERLY & JANES JEREMY","operator":""}},{"type":"Feature","geometry":{"type":"Point","coordinates":[-86.648829,36.004824]},"properties":{"apn":"182060B07200CO","address":"196 PARKER DR, ANTIOCH, TN  37013","year_built":2022,"owner":"SHETTY JAYASHREE & KUMBLE MILIND","operator":""}},{"type":"Feature","geometry":{"type":"Point","coordinates":[-86.76716,36.249934]},"properties":{"apn":"050070A15100CO","address":"4353 SKYRIDGE DR, NASHVILLE, TN  37207","year_built":2022,"owner":"BHALLA EKTA & SANDEEP","operator":""}},{"type":"Feature","geometry":{"type":"Point","coordinates":[-86.768489,36.24975]},"properties":{"apn":"050070A04700CO","address":"4324 SKYRIDGE DR, NASHVILLE, TN  37207","year_built":2022,"owner":"BHATT SHRUTHI N","operator":""}},{"type":"Feature","geometry":{"type":"Point","coordinates":[-86.682241,36.000889]},"properties":{"apn":"181110D02800CO","address":"9649 KAPLAN AVE, BRENTWOOD, TN  37027","year_built":2023,"owner":"REGENT HOMES LLC","operator":""}},{"type":"Feature","geometry":{"type":"Point","coordinates":[-86.946519,36.180812]},"properties":{"apn":"07800011800","address":"7995 RIVER ROAD PIKE, NASHVILLE, TN  37209","year_built":2020,"owner":"RIVER ROAD FARM FARM TRUST","operator":""}},{"type":"Feature","geometry":{"type":"Point","coordinates":[-86.680683,35.990996]},"properties":{"apn":"186030A01200CO","address":"723 CHARD LN, NOLENSVILLE, TN  37135","year_built":2022,"owner":"723 CHARD LANE LLC","operator":""}},{"type":"Feature","geometry":{"type":"Point","coordinates":[-86.97764,36.098605]},"properties":{"apn":"113140A00900CO","address":"7650 CHIPMUNK LN, NASHVILLE, TN  37221","year_built":2022,"owner":"ROBB WALTER THEODORE","operator":""}},{"type":"Feature","geometry":{"type":"Point","coordinates":[-86.747444,36.178571]},"properties":{"apn":"08309009700","address":"1209 FOREST AVE, NASHVILLE, TN  37206","year_built":2016,"owner":"MILLER KAITLIN JANE & FEBLES BRENNEN MATTHEW","operator":""}},{"type":"Feature","geometry":{"type":"Point","coordinates":[-86.749072,36.122348]},"properties":{"apn":"119010R00100CO","address":"2200 AUSTIN AVE, NASHVILLE, TN  37210","year_built":2019,"owner":"GKB LLC","operator":""}},{"type":"Feature","geometry":{"type":"Point","coordinates":[-86.749078,36.122296]},"properties":{"apn":"119010R00200CO","address":"2204 AUSTIN AVE, NASHVILLE, TN  37210","year_built":2019,"owner":"GKB LLC","operator":""}},{"type":"Feature","geometry":{"type":"Point","coordinates":[-86.645669,36.025644]},"properties":{"apn":"174110D00200CO","address":"1112 SPRING PATH LN, ANTIOCH, TN  37013","year_built":2022,"owner":"ACPF SPRING PATH ANTIOCH LLC","operator":""}},{"type":"Feature","geometry":{"type":"Point","coordinates":[-86.645852,36.025626]},"properties":{"apn":"174110D00100CO","address":"1108 SPRING PATH LN, ANTIOCH, TN  37013","year_built":2022,"owner":"ACPF SPRING PATH ANTIOCH LLC","operator":""}},{"type":"Feature","geometry":{"type":"Point","coordinates":[-86.645493,36.025666]},"properties":{"apn":"174110D00300CO","address":"1116 SPRING PATH LN, ANTIOCH, TN  37013","year_built":2022,"owner":"ACPF SPRING PATH ANTIOCH LLC","operator":""}},{"type":"Feature","geometry":{"type":"Point","coordinates":[-86.645324,36.025658]},"properties":{"apn":"174110D00400CO","address":"1120 SPRING PATH LN, ANTIOCH, TN  37013","year_built":2022,"owner":"ACPF SPRING PATH ANTIOCH LLC","operator":""}},{"type":"Feature","geometry":{"type":"Point","coordinates":[-86.645412,36.025234]},"properties":{"apn":"174110D10200CO","address":"1117 SPRING PATH LN, ANTIOCH, TN  37013","year_built":2022,"owner":"ACPF SPRING PATH ANTIOCH LLC","operator":""}},{"type":"Feature","geometry":{"type":"Point","coordinates":[-86.645605,36.025236]},"properties":{"apn":"174110D10300CO","address":"1113 SPRING PATH LN, ANTIOCH, TN  37013","year_built":2022,"owner":"ACPF SPRING PATH ANTIOCH LLC","operator":""}},{"type":"Feature","geometry":{"type":"Point","coordinates":[-86.645122,36.025634]},"properties":{"apn":"174110D00500CO","address":"1124 SPRING PATH LN, ANTIOCH, TN  37013","year_built":2022,"owner":"ACPF SPRING PATH ANTIOCH LLC","operator":""}},{"type":"Feature","geometry":{"type":"Point","coordinates":[-86.644956,36.025599]},"properties":{"apn":"174110D00600CO","address":"1128 SPRING PATH LN, ANTIOCH, TN  37013","year_built":2022,"owner":"ACPF SPRING PATH ANTIOCH LLC","operator":""}},{"type":"Feature","geometry":{"type":"Point","coordinates":[-86.64579,36.025216]},"properties":{"apn":"174110D10400CO","address":"1109 SPRING PATH LN, ANTIOCH, TN  37013","year_built":2022,"owner":"ACPF SPRING PATH ANTIOCH LLC","operator":""}},{"type":"Feature","geometry":{"type":"Point","coordinates":[-86.645185,36.025205]},"properties":{"apn":"174110D10100CO","address":"1121 SPRING PATH LN, ANTIOCH, TN  37013","year_built":2022,"owner":"ACPF SPRING PATH ANTIOCH LLC","operator":""}},{"type":"Feature","geometry":{"type":"Point","coordinates":[-86.683693,35.995299]},"properties":{"apn":"181150A07000CO","address":"449 PORTSDALE DR, BRENTWOOD, TN  37027","year_built":2022,"owner":"INKLEY SCOTT RUSSELL III & SCOTT RUSSELL JR","operator":""}},{"type":"Feature","geometry":{"type":"Point","coordinates":[-86.666861,35.993245]},"properties":{"apn":"187010B01400CO","address":"4201 CAMDALE DR, ANTIOCH, TN  37013","year_built":2022,"owner":"KEMP TROY & ALEESHA","operator":""}},{"type":"Feature","geometry":{"type":"Point","coordinates":[-86.649734,36.016095]},"properties":{"apn":"182020C05800CO","address":"2543 HASKELL DR, ANTIOCH, TN  37013","year_built":2022,"owner":"FABUNMI AYODELE & OMOLOLA","operator":""}},{"type":"Feature","geometry":{"type":"Point","coordinates":[-86.648027,36.00569]},"properties":{"apn":"182060B04800CO","address":"1016 CROSSINGS RIDGE DR, ANTIOCH, TN  37013","year_built":2022,"owner":"AKINTUNDE & AKINTOMIWA O","operator":""}},{"type":"Feature","geometry":{"type":"Point","coordinates":[-86.59088,36.067796]},"properties":{"apn":"150120B22100CO","address":"5120 KENSAL DR, ANTIOCH, TN  37013","year_built":2018,"owner":"SFR AQUISITIONS 4 LLC","operator":"Blackstone (+ Home Partners)"}},{"type":"Feature","geometry":{"type":"Point","coordinates":[-86.591032,36.181218]},"properties":{"apn":"086120D00300CO","address":"4948 MYRA DR, HERMITAGE, TN  37076","year_built":2022,"owner":"LAMCO TN ASSET CO 1 LLC","operator":"Amherst Group"}},{"type":"Feature","geometry":{"type":"Point","coordinates":[-86.648224,36.005723]},"properties":{"apn":"182060B04900CO","address":"1012 CROSSINGS RIDGE DR, ANTIOCH, TN  37013","year_built":2022,"owner":"MCMAHON RYAN DENNIS & SHAW KIRSTEN NICOLE","operator":""}},{"type":"Feature","geometry":{"type":"Point","coordinates":[-86.621074,36.050108]},"properties":{"apn":"164100A32600CO","address":"2136 PINEGLEN CT, ANTIOCH, TN  37013","year_built":2011,"owner":"MCH SFR PROPERTY OWNER 1B LLC","operator":"KKR & Co."}},{"type":"Feature","geometry":{"type":"Point","coordinates":[-86.782476,36.252567]},"properties":{"apn":"050020E13200CO","address":"2736 THORNTON GROVE BLVD, NASHVILLE, TN  37207","year_built":2022,"owner":"SALLINGER VAUGHAN & TAYLOR","operator":""}},{"type":"Feature","geometry":{"type":"Point","coordinates":[-86.782615,36.252817]},"properties":{"apn":"050020E13000CO","address":"2744 THORNTON GROVE BLVD, NASHVILLE, TN  37207","year_built":2022,"owner":"ZELAYA TAYLOR","operator":""}},{"type":"Feature","geometry":{"type":"Point","coordinates":[-86.647996,36.069661]},"properties":{"apn":"149110A22400CO","address":"3130 BROMLEY WAY, ANTIOCH, TN  37013","year_built":2022,"owner":"SHEHATA WAEL","operator":""}},{"type":"Feature","geometry":{"type":"Point","coordinates":[-86.991583,36.073146]},"properties":{"apn":"141050A30900CO","address":"673 WOLFEBORO LN, NASHVILLE, TN  37221","year_built":2010,"owner":"MARTIN RICHARD T","operator":""}},{"type":"Feature","geometry":{"type":"Point","coordinates":[-86.666917,35.993637]},"properties":{"apn":"187010B08900CO","address":"851 WESTCOTT LN, ANTIOCH, TN  37013","year_built":2022,"owner":"BANALA SUDHEER","operator":""}},{"type":"Feature","geometry":{"type":"Point","coordinates":[-86.589248,36.180282]},"properties":{"apn":"086120D01600CO","address":"4892 MYRA DR, HERMITAGE, TN  37076","year_built":2022,"owner":"WOOD SCOTT DANIEL","operator":""}},{"type":"Feature","geometry":{"type":"Point","coordinates":[-86.719438,36.31802]},"properties":{"apn":"025080A08800CO","address":"417 S DOWNS CIR, GOODLETTSVILLE, TN  37072","year_built":2021,"owner":"FEE DAVID G","operator":""}},{"type":"Feature","geometry":{"type":"Point","coordinates":[-86.664542,36.027798]},"properties":{"apn":"174090B06600CO","address":"101 LIGHTWOOD DR, ANTIOCH, TN  37013","year_built":2022,"owner":"KROMJONG JON","operator":""}},{"type":"Feature","geometry":{"type":"Point","coordinates":[-86.666925,35.99357]},"properties":{"apn":"187010B08800CO","address":"849 WESTCOTT LN, ANTIOCH, TN  37013","year_built":2022,"owner":"RINEHART MOLLY ELIZABETH","operator":""}},{"type":"Feature","geometry":{"type":"Point","coordinates":[-86.683285,36.001423]},"properties":{"apn":"181110E06500CO","address":"8112 WARBLER WAY, BRENTWOOD, TN  37027","year_built":2022,"owner":"AMBERRIDGE HOLDINGS GP","operator":""}},{"type":"Feature","geometry":{"type":"Point","coordinates":[-86.683564,36.001323]},"properties":{"apn":"181110E06300CO","address":"8104 WARBLER WAY, BRENTWOOD, TN  37027","year_built":2022,"owner":"SHEARER CORY W & WILLIAM A & CAROL","operator":""}},{"type":"Feature","geometry":{"type":"Point","coordinates":[-86.768756,36.249811]},"properties":{"apn":"050070A04500CO","address":"4316 SKYRIDGE DR, NASHVILLE, TN  37207","year_built":2022,"owner":"BAKSHI PUJA & PUNEET","operator":""}},{"type":"Feature","geometry":{"type":"Point","coordinates":[-86.683622,35.994823]},"properties":{"apn":"181150A03300CO","address":"468 PORTSDALE DR, BRENTWOOD, TN  37027","year_built":2022,"owner":"TABELISMA EBENEZER A & MALOU MORA & KEZIAH MORA","operator":""}},{"type":"Feature","geometry":{"type":"Point","coordinates":[-86.697087,36.259673]},"properties":{"apn":"043140B02900CO","address":"2320 FRANCO RD, MADISON, TN  37115","year_built":2022,"owner":"BNTR SFR OWNER LLC","operator":"Brookfield / Nuveen"}},{"type":"Feature","geometry":{"type":"Point","coordinates":[-86.696912,36.259768]},"properties":{"apn":"043140B02800CO","address":"2316 FRANCO RD, MADISON, TN  37115","year_built":2022,"owner":"BNTR SFR OWNER LLC","operator":"Brookfield / Nuveen"}},{"type":"Feature","geometry":{"type":"Point","coordinates":[-86.864602,36.1028]},"properties":{"apn":"13001022200","address":"120 C LINCOLN CT, NASHVILLE, TN  37205","year_built":2023,"owner":"ASHLAND RENTALS LLC","operator":""}},{"type":"Feature","geometry":{"type":"Point","coordinates":[-86.863262,36.102962]},"properties":{"apn":"13002018500","address":"106 B LAFAYETTE CT, NASHVILLE, TN  37205","year_built":2022,"owner":"ASHLAND RENTALS LLC","operator":""}},{"type":"Feature","geometry":{"type":"Point","coordinates":[-86.64675,36.069524]},"properties":{"apn":"149110A21300CO","address":"3156 BROMLEY WAY, ANTIOCH, TN  37013","year_built":2022,"owner":"SHEHATA WAEL","operator":""}},{"type":"Feature","geometry":{"type":"Point","coordinates":[-86.680504,35.991003]},"properties":{"apn":"186030A01400CO","address":"727 CHARD LN, NOLENSVILLE, TN  37135","year_built":2022,"owner":"SUTTER COUNTY HOMES LLC","operator":""}},{"type":"Feature","geometry":{"type":"Point","coordinates":[-86.683364,35.995086]},"properties":{"apn":"181150A06400CO","address":"463 PORTSDALE DR, BRENTWOOD, TN  37027","year_built":2022,"owner":"CHEN CHANG FA","operator":""}},{"type":"Feature","geometry":{"type":"Point","coordinates":[-86.769292,36.249932]},"properties":{"apn":"050070A04100CO","address":"4300 SKYRIDGE DR, NASHVILLE, TN  37207","year_built":2022,"owner":"4300 SKYRIDGE LIVING TRUST","operator":""}},{"type":"Feature","geometry":{"type":"Point","coordinates":[-86.683406,35.995113]},"properties":{"apn":"181150A06500CO","address":"461 PORTSDALE DR, BRENTWOOD, TN  37027","year_built":2022,"owner":"WENG CHEN TAO & YANG YAN QING","operator":""}},{"type":"Feature","geometry":{"type":"Point","coordinates":[-86.685069,35.999589]},"properties":{"apn":"181110D00600CO","address":"8034 WARBLER WAY, BRENTWOOD, TN  37027","year_built":2022,"owner":"SCHENKEL DAVID L & KENDRA K","operator":""}},{"type":"Feature","geometry":{"type":"Point","coordinates":[-86.795788,36.170501]},"properties":{"apn":"08116060300","address":"1008 B 11TH AVE N, NASHVILLE, TN  37208","year_built":2014,"owner":"SCOTT BRIANNA M REVOCABLE TRUST","operator":""}},{"type":"Feature","geometry":{"type":"Point","coordinates":[-86.795745,36.170439]},"properties":{"apn":"08116075000","address":"1008 A 11TH AVE N, NASHVILLE, TN  37208","year_built":2014,"owner":"SCOTT BRIANNA M REVOCABLE TRUST","operator":""}},{"type":"Feature","geometry":{"type":"Point","coordinates":[-86.769435,36.250375]},"properties":{"apn":"050070A17800CO","address":"2186 MULBERRY DOWNS CIR, NASHVILLE, TN  37207","year_built":2022,"owner":"DEVARASETTY VASUDHASRI","operator":""}},{"type":"Feature","geometry":{"type":"Point","coordinates":[-86.966425,36.143104]},"properties":{"apn":"10000007300","address":"7286 INDIAN CREEK RD, NASHVILLE, TN  37209","year_built":2011,"owner":"LEQUIRE ALAN & ANDREE LIVING TRUST","operator":""}},{"type":"Feature","geometry":{"type":"Point","coordinates":[-86.76036,36.127555]},"properties":{"apn":"105160P00100CO","address":"501 A WAYCROSS DR, NASHVILLE, TN  37211","year_built":2020,"owner":"501 A WAYCROSS DR TRUST","operator":""}},{"type":"Feature","geometry":{"type":"Point","coordinates":[-86.810533,36.162002]},"properties":{"apn":"09207043300","address":"2229 HERMAN ST, NASHVILLE, TN  37208","year_built":2023,"owner":"2229 HERMAN ST TRUST","operator":""}},{"type":"Feature","geometry":{"type":"Point","coordinates":[-86.760581,36.126195]},"properties":{"apn":"105160Q00200CO","address":"517 B SOUTHERN TURF DR, NASHVILLE, TN  37211","year_built":2020,"owner":"517 B SOUTHERN TURF DR TRUST","operator":""}},{"type":"Feature","geometry":{"type":"Point","coordinates":[-86.760345,36.127431]},"properties":{"apn":"105160P00200CO","address":"501 B WAYCROSS DR, NASHVILLE, TN  37211","year_built":2020,"owner":"501 B WAYCROSS DR TRUST","operator":""}},{"type":"Feature","geometry":{"type":"Point","coordinates":[-86.653042,36.011815]},"properties":{"apn":"182020B13300CO","address":"7532 MAGGIE DR, ANTIOCH, TN  37013","year_built":2022,"owner":"MEGISSO ABEBE TESFAYE","operator":""}},{"type":"Feature","geometry":{"type":"Point","coordinates":[-86.769024,36.249871]},"properties":{"apn":"050070A04300CO","address":"4308 SKYRIDGE DR, NASHVILLE, TN  37207","year_built":2022,"owner":"VINT TIMOTHY RICHARD & SHANDAH GEORGETTE","operator":""}},{"type":"Feature","geometry":{"type":"Point","coordinates":[-86.623824,36.220903]},"properties":{"apn":"06409030600","address":"4241 WOODS ST, OLD HICKORY, TN  37138","year_built":2022,"owner":"LAYHER SURVIVING SPOUSE'S TRUST THE","operator":""}},{"type":"Feature","geometry":{"type":"Point","coordinates":[-86.682968,36.000629]},"properties":{"apn":"181110E02300CO","address":"9669 KAPLAN AVE, BRENTWOOD, TN  37027","year_built":2022,"owner":"MUKERJI DARPAN & NILANJAN","operator":""}},{"type":"Feature","geometry":{"type":"Point","coordinates":[-86.707696,36.241524]},"properties":{"apn":"05209026600","address":"2644 MIAMI AVE, NASHVILLE, TN  37214","year_built":2023,"owner":"MCLEAN JAMES T SR","operator":""}},{"type":"Feature","geometry":{"type":"Point","coordinates":[-86.647917,36.006122]},"properties":{"apn":"182060B04700CO","address":"1009 CROSSINGS RIDGE DR, ANTIOCH, TN  37013","year_built":2022,"owner":"CRUMMER TIMOTHY & CRUMMER KARA","operator":""}},{"type":"Feature","geometry":{"type":"Point","coordinates":[-86.62882,36.174046]},"properties":{"apn":"086130A22400CO","address":"2048 ELK SPRINGS DR, HERMITAGE, TN  37076","year_built":2022,"owner":"HOLLINGS ANNIE C","operator":""}},{"type":"Feature","geometry":{"type":"Point","coordinates":[-86.648153,36.006184]},"properties":{"apn":"182060B04600CO","address":"1005 CROSSINGS RIDGE DR, ANTIOCH, TN  37013","year_built":2022,"owner":"DOSKY NIZHYAR & TOVI PERJIN H","operator":""}},{"type":"Feature","geometry":{"type":"Point","coordinates":[-86.730289,36.021015]},"properties":{"apn":"17215000400","address":"6131 MT PISGAH RD, NASHVILLE, TN  37211","year_built":2022,"owner":"WALKER DONNA KAY","operator":""}},{"type":"Feature","geometry":{"type":"Point","coordinates":[-86.667735,35.992742]},"properties":{"apn":"187010B04800CO","address":"122 BUCKFAST LN, ANTIOCH, TN  37013","year_built":2022,"owner":"122 BUCKFAST LANE LLC","operator":""}},{"type":"Feature","geometry":{"type":"Point","coordinates":[-86.805312,36.111601]},"properties":{"apn":"11711011400","address":"0 STOKESMONT RD, NASHVILLE, TN  37215","year_built":2016,"owner":"GINSBERG ERIK A & HARDIMAN ELIZABETH G","operator":""}},{"type":"Feature","geometry":{"type":"Point","coordinates":[-86.784646,36.204897]},"properties":{"apn":"07105029700","address":"1843 MEADE AVE, NASHVILLE, TN  37207","year_built":2022,"owner":"ARRIVED TN KENNY LLC","operator":""}},{"type":"Feature","geometry":{"type":"Point","coordinates":[-86.784523,36.204945]},"properties":{"apn":"07105016000","address":"1845 MEADE AVE, NASHVILLE, TN  37207","year_built":2022,"owner":"ARRIVED TN DOLLY LLC","operator":""}},{"type":"Feature","geometry":{"type":"Point","coordinates":[-86.570176,36.147232]},"properties":{"apn":"110030A11500CO","address":"3501 EARHART RD, MOUNT JULIET, TN  37122","year_built":2015,"owner":"BODEMER REBECCA LYNN & MCCLAIN NICOLAS DILLON","operator":""}},{"type":"Feature","geometry":{"type":"Point","coordinates":[-86.661622,35.985844]},"properties":{"apn":"187090A23100CO","address":"4100 ALVA LN, NOLENSVILLE, TN  37135","year_built":2017,"owner":"REYNOLDS GEORGE A & KATHERINE W","operator":""}},{"type":"Feature","geometry":{"type":"Point","coordinates":[-86.782338,36.252316]},"properties":{"apn":"050020E13400CO","address":"2728 THORNTON GROVE BLVD, NASHVILLE, TN  37207","year_built":2022,"owner":"SIAU STEPHANIE H & JOSEPH","operator":""}},{"type":"Feature","geometry":{"type":"Point","coordinates":[-86.652045,36.018016]},"properties":{"apn":"182020C01400CO","address":"4133 CHAMBORD DR, ANTIOCH, TN  37013","year_built":2022,"owner":"ABOUSALEEB TAMER & MESEHA DINA","operator":""}},{"type":"Feature","geometry":{"type":"Point","coordinates":[-86.782773,36.252095]},"properties":{"apn":"050020E14600CO","address":"2729 THORNTON GROVE BLVD, NASHVILLE, TN  37207","year_built":2022,"owner":"PERRY RENITA","operator":""}},{"type":"Feature","geometry":{"type":"Point","coordinates":[-86.637822,35.997333]},"properties":{"apn":"182150B18400CO","address":"2008 NOTCHLEAF RD, ANTIOCH, TN  37013","year_built":2022,"owner":"DEWHURST SIMONE","operator":""}},{"type":"Feature","geometry":{"type":"Point","coordinates":[-86.702678,36.281941]},"properties":{"apn":"03413006800","address":"203 WELWORTH ST, MADISON, TN  37115","year_built":2019,"owner":"HAND JASON & AMY","operator":""}},{"type":"Feature","geometry":{"type":"Point","coordinates":[-87.003542,36.032021]},"properties":{"apn":"16800027800","address":"8218 LINTON LN, NASHVILLE, TN  37221","year_built":2023,"owner":"HARRIS SEAN & SHEREE","operator":""}},{"type":"Feature","geometry":{"type":"Point","coordinates":[-86.66992,35.988628]},"properties":{"apn":"187050A18000CO","address":"948 SPRINGLANE DR, NOLENSVILLE, TN  37135","year_built":2018,"owner":"BELFIELD DENNIS & PATRICIA REVOCABLE TRUST","operator":""}},{"type":"Feature","geometry":{"type":"Point","coordinates":[-86.794401,36.169348]},"properties":{"apn":"09204029400","address":"917 WARREN ST, NASHVILLE, TN  37208","year_built":2017,"owner":"HUFFMAN TENNESSEE COMMUNITY PROPERTY TRUST","operator":""}},{"type":"Feature","geometry":{"type":"Point","coordinates":[-86.649324,36.062695]},"properties":{"apn":"163020B07900CO","address":"264 TOOK DR, ANTIOCH, TN  37013","year_built":2022,"owner":"HANA FAMILY HOMES LLC","operator":""}},{"type":"Feature","geometry":{"type":"Point","coordinates":[-86.763098,36.142747]},"properties":{"apn":"10503027200","address":"1261 2ND AVE S, NASHVILLE, TN  37210","year_built":2023,"owner":"2ND AVENUE PROPERTY PARTNERS LP","operator":""}},{"type":"Feature","geometry":{"type":"Point","coordinates":[-86.681193,35.99076]},"properties":{"apn":"186030A03700CO","address":"807 BOLTON DR, NOLENSVILLE, TN  37135","year_built":2022,"owner":"WANG HUIWEN & LI BIN","operator":""}},{"type":"Feature","geometry":{"type":"Point","coordinates":[-86.781067,36.254556]},"properties":{"apn":"050020C05600CO","address":"1082 CONE BLVD, NASHVILLE, TN  37207","year_built":2022,"owner":"BAL SATWANT S & SURINDER K","operator":""}},{"type":"Feature","geometry":{"type":"Point","coordinates":[-86.816453,36.175445]},"properties":{"apn":"08110030600","address":"1627 25TH AVE N, NASHVILLE, TN  37208","year_built":2021,"owner":"BUTTERFIELD MARTHA & AGAP PROPER OF MUSIC CITY LLC","operator":""}},{"type":"Feature","geometry":{"type":"Point","coordinates":[-86.7824,36.25159]},"properties":{"apn":"050020E14200CO","address":"2713 THORNTON GROVE BLVD, NASHVILLE, TN  37207","year_built":2022,"owner":"SHEN YAN","operator":""}},{"type":"Feature","geometry":{"type":"Point","coordinates":[-86.782515,36.251707]},"properties":{"apn":"050020E14300CO","address":"2717 THORNTON GROVE BLVD, NASHVILLE, TN  37207","year_built":2022,"owner":"MASIGLAT DARLENE & JAMES","operator":""}},{"type":"Feature","geometry":{"type":"Point","coordinates":[-86.684002,36.000753]},"properties":{"apn":"181110E01700CO","address":"9693 KAPLAN AVE, BRENTWOOD, TN  37027","year_built":2022,"owner":"NIKAM DIGVIJAY & SEEMA","operator":""}},{"type":"Feature","geometry":{"type":"Point","coordinates":[-86.62718,36.24429]},"properties":{"apn":"05409001100","address":"3209 LAKESHORE DR, OLD HICKORY, TN  37138","year_built":2017,"owner":"SARAH RAMSAY HUNTER REVOCABLE TRUST","operator":""}},{"type":"Feature","geometry":{"type":"Point","coordinates":[-86.646139,36.272521]},"properties":{"apn":"044070A00100CO","address":"38 MAGNOLIA SHRS, OLD HICKORY, TN  37138","year_built":2021,"owner":"WISNIEWSKI NICHOLAS","operator":""}},{"type":"Feature","geometry":{"type":"Point","coordinates":[-86.640623,35.998067]},"properties":{"apn":"182150B09300CO","address":"4012 ARROWLEAF LN, ANTIOCH, TN  37013","year_built":2019,"owner":"SPARKS JONATHAN & GRABOWSKI ALLISON","operator":""}},{"type":"Feature","geometry":{"type":"Point","coordinates":[-86.615645,35.984338]},"properties":{"apn":"188100A26100CO","address":"109 ARTIE LEE LN, NOLENSVILLE, TN  37135","year_built":2022,"owner":"GUPTA NIKHIL & SINGLA NEHA","operator":""}},{"type":"Feature","geometry":{"type":"Point","coordinates":[-86.680458,35.990711]},"properties":{"apn":"186030A02900CO","address":"164 BURKITT COMMONS AVE, NOLENSVILLE, TN  37135","year_built":2022,"owner":"BULLOCK ROBERT","operator":""}},{"type":"Feature","geometry":{"type":"Point","coordinates":[-86.692423,36.022453]},"properties":{"apn":"173100D15300CO","address":"334 BODDINGTON LN, ANTIOCH, TN  37013","year_built":2020,"owner":"GILES GERALD CORNELIUS","operator":""}},{"type":"Feature","geometry":{"type":"Point","coordinates":[-86.652898,36.011886]},"properties":{"apn":"182020B13200CO","address":"7536 MAGGIE DR, ANTIOCH, TN  37013","year_built":2022,"owner":"LU HUA & MENG LIJUAN","operator":""}},{"type":"Feature","geometry":{"type":"Point","coordinates":[-86.629695,36.173258]},"properties":{"apn":"086130A25300CO","address":"4208 MAGNOLIA FARMS DR, HERMITAGE, TN  37076","year_built":2022,"owner":"COLEMAN TARA","operator":""}},{"type":"Feature","geometry":{"type":"Point","coordinates":[-86.871236,36.328313]},"properties":{"apn":"015130A04500CO","address":"1009 GAYRON DR, JOELTON, TN  37080","year_built":2020,"owner":"GD JMD LLC","operator":""}},{"type":"Feature","geometry":{"type":"Point","coordinates":[-86.778092,36.253114]},"properties":{"apn":"050020C02400CO","address":"1001 CONE BLVD, NASHVILLE, TN  37207","year_built":2020,"owner":"CB ONS LLC","operator":""}},{"type":"Feature","geometry":{"type":"Point","coordinates":[-86.578714,36.034391]},"properties":{"apn":"176060A14700CO","address":"7655 GUNNERS LANDING DR, ANTIOCH, TN  37013","year_built":2022,"owner":"CARRION NEYSHA NICOLE & LAWRENCE RAYMOND","operator":""}},{"type":"Feature","geometry":{"type":"Point","coordinates":[-86.679729,35.989552]},"properties":{"apn":"186030A15100CO","address":"505 IVOR ST, NOLENSVILLE, TN  37135","year_built":2019,"owner":"306 WERTHAN LLC","operator":""}},{"type":"Feature","geometry":{"type":"Point","coordinates":[-86.682588,35.996422]},"properties":{"apn":"181150A15200CO","address":"904 CHICK CT, BRENTWOOD, TN  37027","year_built":2022,"owner":"PAN VICTORIA & ERIC","operator":""}},{"type":"Feature","geometry":{"type":"Point","coordinates":[-86.783462,36.203338]},"properties":{"apn":"07105029500","address":"1835 GLADE ST, NASHVILLE, TN  37207","year_built":2021,"owner":"SMARJESSE TYE","operator":""}},{"type":"Feature","geometry":{"type":"Point","coordinates":[-86.85345,36.160491]},"properties":{"apn":"09107044300","address":"5403 B TENNESSEE AVE, NASHVILLE, TN  37209","year_built":2016,"owner":"BATTAGLIA DANA & RICHARD SAMUEL","operator":""}},{"type":"Feature","geometry":{"type":"Point","coordinates":[-86.845693,36.2521]},"properties":{"apn":"04800001600","address":"4945 CLARKSVILLE PIKE, WHITES CREEK, TN  37189","year_built":2018,"owner":"RIDLEY KEITH & LOVE TARRICK & TANISHA HART-","operator":""}},{"type":"Feature","geometry":{"type":"Point","coordinates":[-86.79424,36.16912]},"properties":{"apn":"09204029100","address":"911 B WARREN ST, NASHVILLE, TN  37208","year_built":2017,"owner":"HUFFMAN ALAN D & KYSHAWN","operator":""}},{"type":"Feature","geometry":{"type":"Point","coordinates":[-86.770247,36.258658]},"properties":{"apn":"050020A11400CO","address":"2512 SOLOMON LN, NASHVILLE, TN  37207","year_built":2018,"owner":"SFR JV-2 2022-1 BORROWER LLC","operator":"Blackstone (+ Home Partners)"}},{"type":"Feature","geometry":{"type":"Point","coordinates":[-86.61489,35.984986]},"properties":{"apn":"188100A35300CO","address":"731 GOSWELL DR, NOLENSVILLE, TN  37135","year_built":2021,"owner":"W MAKINEN LIVING TRUST","operator":""}},{"type":"Feature","geometry":{"type":"Point","coordinates":[-86.87078,36.088032]},"properties":{"apn":"13009006800","address":"208 MAYBELLE LN, NASHVILLE, TN  37205","year_built":2020,"owner":"IRIS TRUST THE","operator":""}},{"type":"Feature","geometry":{"type":"Point","coordinates":[-86.829558,36.199951]},"properties":{"apn":"070090X00200CO","address":"3208 CURTIS ST, NASHVILLE, TN  37218","year_built":2022,"owner":"BOCQUET COURTNEY","operator":""}},{"type":"Feature","geometry":{"type":"Point","coordinates":[-86.803539,36.1774]},"properties":{"apn":"08111061400","address":"1610 B 12TH AVE N, NASHVILLE, TN  37208","year_built":2021,"owner":"9TH STREET HOMES LLC","operator":""}},{"type":"Feature","geometry":{"type":"Point","coordinates":[-86.578791,36.033955]},"properties":{"apn":"176060A14300CO","address":"7647 GUNNERS LANDING DR, ANTIOCH, TN  37013","year_built":2022,"owner":"SCHWEIZER VALERIE JEAN","operator":""}},{"type":"Feature","geometry":{"type":"Point","coordinates":[-86.646376,36.272342]},"properties":{"apn":"044070B00600CO","address":"33 MAGNOLIA SHRS, OLD HICKORY, TN  37138","year_built":2022,"owner":"NUCCIO FAMILY TRUST","operator":""}},{"type":"Feature","geometry":{"type":"Point","coordinates":[-86.679684,35.990999]},"properties":{"apn":"186030A01800CO","address":"142 BURKITT COMMONS AVE, NOLENSVILLE, TN  37135","year_built":2022,"owner":"CUI YI & XIAOMING WANG","operator":""}},{"type":"Feature","geometry":{"type":"Point","coordinates":[-86.856323,36.15869]},"properties":{"apn":"09106035100","address":"5513 MORROW RD, NASHVILLE, TN  37209","year_built":2017,"owner":"KENNER MICHAEL","operator":""}},{"type":"Feature","geometry":{"type":"Point","coordinates":[-86.763899,36.196236]},"properties":{"apn":"07115056900","address":"1335 A STAINBACK AVE, NASHVILLE, TN  37207","year_built":2022,"owner":"MECCA KIMBERLY S","operator":""}},{"type":"Feature","geometry":{"type":"Point","coordinates":[-86.814167,36.051594]},"properties":{"apn":"159060B03200CO","address":"1509 CARLYBROOKE LN, BRENTWOOD, TN  37027","year_built":2023,"owner":"GP LUXURY LLC","operator":""}},{"type":"Feature","geometry":{"type":"Point","coordinates":[-86.596169,36.044755]},"properties":{"apn":"164160B04700CO","address":"2120 CAREFREE LN, ANTIOCH, TN  37013","year_built":2019,"owner":"ZAKI MAGDI & HABIB SHERIN","operator":""}},{"type":"Feature","geometry":{"type":"Point","coordinates":[-86.803107,36.176874]},"properties":{"apn":"08111061600","address":"1602 B 12TH AVE N, NASHVILLE, TN  37206","year_built":2021,"owner":"COOK N LEE TRUST THE","operator":""}},{"type":"Feature","geometry":{"type":"Point","coordinates":[-86.681699,35.990355]},"properties":{"apn":"186030A06200CO","address":"175 BURKITT COMMONS AVE, NOLENSVILLE, TN  37135","year_built":2021,"owner":"MODERN COVE LLC","operator":""}},{"type":"Feature","geometry":{"type":"Point","coordinates":[-86.668263,35.992321]},"properties":{"apn":"187010B06800CO","address":"3336 TASKER DR, ANTIOCH, TN  37013","year_built":2022,"owner":"BAC BUILDINGS LLC","operator":""}},{"type":"Feature","geometry":{"type":"Point","coordinates":[-86.646587,36.271757]},"properties":{"apn":"044070B00400CO","address":"25 MAGNOLIA SHRS, OLD HICKORY, TN  37138","year_built":2022,"owner":"TRAINOR WILLIAM","operator":""}},{"type":"Feature","geometry":{"type":"Point","coordinates":[-86.604706,36.05599]},"properties":{"apn":"164070A11100CO","address":"309 GROVEDALE TRCE, ANTIOCH, TN  37013","year_built":2014,"owner":"BAF ASSETS 4 LLC","operator":"Amherst Group / Main Street Renewal"}},{"type":"Feature","geometry":{"type":"Point","coordinates":[-86.66835,35.992296]},"properties":{"apn":"187010B06900CO","address":"3338 TASKER DR, ANTIOCH, TN  37013","year_built":2022,"owner":"CUI YI & WANG XIAOMING","operator":""}},{"type":"Feature","geometry":{"type":"Point","coordinates":[-86.684414,35.995345]},"properties":{"apn":"181150A01900CO","address":"436 PORTSDALE DR, BRENTWOOD, TN  37027","year_built":2022,"owner":"SHAH MANISH","operator":""}},{"type":"Feature","geometry":{"type":"Point","coordinates":[-86.684358,35.995306]},"properties":{"apn":"181150A02000CO","address":"438 PORTSDALE DR, BRENTWOOD, TN  37027","year_built":2022,"owner":"SHAH MANISH","operator":""}},{"type":"Feature","geometry":{"type":"Point","coordinates":[-86.684454,35.995379]},"properties":{"apn":"181150A01800CO","address":"434 PORTSDALE DR, BRENTWOOD, TN  37027","year_built":2022,"owner":"SHAH MANISH","operator":""}},{"type":"Feature","geometry":{"type":"Point","coordinates":[-86.722159,36.073409]},"properties":{"apn":"14707015200","address":"4332 OLD GOINS RD, NASHVILLE, TN  37211","year_built":2021,"owner":"JMC REVOCABLE TRUST","operator":""}},{"type":"Feature","geometry":{"type":"Point","coordinates":[-86.646601,36.271557]},"properties":{"apn":"044070B00300CO","address":"21 MAGNOLIA SHRS, OLD HICKORY, TN  37138","year_built":2022,"owner":"GAMMON DANIEL MARTIN & SULLIVAN ALLISON MAUREEN","operator":""}},{"type":"Feature","geometry":{"type":"Point","coordinates":[-86.784836,36.278259]},"properties":{"apn":"04100018900","address":"4188 BRICK CHURCH PIKE, WHITES CREEK, TN  37189","year_built":2023,"owner":"CORDES ANGELA M & DALE WILLIAM","operator":""}},{"type":"Feature","geometry":{"type":"Point","coordinates":[-86.682869,35.995958]},"properties":{"apn":"181150A11200CO","address":"162 LENHAM DR, BRENTWOOD, TN  37027","year_built":2022,"owner":"WANG CHAILIE","operator":""}},{"type":"Feature","geometry":{"type":"Point","coordinates":[-86.875911,36.329017]},"properties":{"apn":"015130A02600CO","address":"971 FANCHER LN, JOELTON, TN  37080","year_built":2022,"owner":"VALLAM SANDEEP & KANCHARLA KEERTHI","operator":""}},{"type":"Feature","geometry":{"type":"Point","coordinates":[-86.65515,36.06996]},"properties":{"apn":"149150A44300CO","address":"1736 BRIDGECREST DR, ANTIOCH, TN  37013","year_built":2015,"owner":"HANNA MALAK & YOUSEF MAREM","operator":""}},{"type":"Feature","geometry":{"type":"Point","coordinates":[-86.684686,35.995662]},"properties":{"apn":"181150A01200CO","address":"420 PORTSDALE DR, BRENTWOOD, TN  37027","year_built":2022,"owner":"MUBARAK MICHELLE","operator":""}},{"type":"Feature","geometry":{"type":"Point","coordinates":[-86.646091,36.270984]},"properties":{"apn":"044070B00100CO","address":"13 MAGNOLIA SHRS, OLD HICKORY, TN  37138","year_built":2022,"owner":"PRUETT CHARLES & MACY","operator":""}},{"type":"Feature","geometry":{"type":"Point","coordinates":[-86.684544,35.995467]},"properties":{"apn":"181150A01700CO","address":"430 PORTSDALE DR, BRENTWOOD, TN  37027","year_built":2022,"owner":"PORTSDALE NOMINEE TRUST","operator":""}},{"type":"Feature","geometry":{"type":"Point","coordinates":[-86.662283,35.9897]},"properties":{"apn":"187090A35100CO","address":"2028 KIRKWALL DR, NOLENSVILLE, TN  37135","year_built":2021,"owner":"CUI YI & WANG XIAOMING","operator":""}},{"type":"Feature","geometry":{"type":"Point","coordinates":[-86.684578,35.995506]},"properties":{"apn":"181150A01600CO","address":"428 PORTSDALE DR, BRENTWOOD, TN  37027","year_built":2022,"owner":"DANIEL DOUGLAS W & TINA D","operator":""}},{"type":"Feature","geometry":{"type":"Point","coordinates":[-86.59142,36.0465]},"properties":{"apn":"164120B02900CO","address":"1254 SUMMER SHADE DR, ANTIOCH, TN  37013","year_built":2020,"owner":"BOLIS IBRAM","operator":""}},{"type":"Feature","geometry":{"type":"Point","coordinates":[-86.720317,36.319008]},"properties":{"apn":"025080A14200CO","address":"640 EXMOOR DR, GOODLETTSVILLE, TN  37072","year_built":2021,"owner":"BAL SATWANT & SURINDER","operator":""}},{"type":"Feature","geometry":{"type":"Point","coordinates":[-86.680564,35.990305]},"properties":{"apn":"186030A09800CO","address":"234 MUIR AVE, NOLENSVILLE, TN  37135","year_built":2021,"owner":"GREEN HOLDINGS LLC","operator":""}},{"type":"Feature","geometry":{"type":"Point","coordinates":[-86.700934,36.273855]},"properties":{"apn":"043060A01500CO","address":"732 ELLIE DR, MADISON, TN  37115","year_built":2021,"owner":"FKH SFR PROPCO I LP","operator":"Cerberus Capital"}},{"type":"Feature","geometry":{"type":"Point","coordinates":[-86.720115,36.318278]},"properties":{"apn":"025080A09700CO","address":"150 WICKLOW DR, GOODLETTSVILLE, TN  37072","year_built":2021,"owner":"BROWN WARREN A & AKERS VORATAT V","operator":""}},{"type":"Feature","geometry":{"type":"Point","coordinates":[-86.602374,36.058645]},"properties":{"apn":"164030A05200CO","address":"2045 HAMILTON HILL DR, ANTIOCH, TN  37013","year_built":2019,"owner":"FKH SFR PROPCO I LP","operator":"Cerberus Capital"}},{"type":"Feature","geometry":{"type":"Point","coordinates":[-86.613408,36.033044]},"properties":{"apn":"175020F07500CO","address":"2224 PRESERVE CIR, ANTIOCH, TN  37013","year_built":2021,"owner":"PRADHAN SANJAY","operator":""}},{"type":"Feature","geometry":{"type":"Point","coordinates":[-86.635209,36.002472]},"properties":{"apn":"18200003400","address":"6050 CANE RIDGE RD, ANTIOCH, TN  37013","year_built":2023,"owner":"WILLIAMS B COREY","operator":""}},{"type":"Feature","geometry":{"type":"Point","coordinates":[-86.619863,36.173965]},"properties":{"apn":"086140D03100CO","address":"208 HERMITAGE POINT DR, HERMITAGE, TN  37076","year_built":2020,"owner":"DAVIS ERIC BARRINGTON & MICHAEL JAMES","operator":""}},{"type":"Feature","geometry":{"type":"Point","coordinates":[-86.861494,36.218225]},"properties":{"apn":"058100B03900CO","address":"3380 BROME LN, NASHVILLE, TN  37218","year_built":2014,"owner":"CRISMON JEAN B REVOCABLE LIVING TRUST","operator":""}},{"type":"Feature","geometry":{"type":"Point","coordinates":[-86.588295,36.052516]},"properties":{"apn":"164080C07500CO","address":"3705 GRACE FALLS DR, ANTIOCH, TN  37013","year_built":2011,"owner":"HOME SFR BORROWER IV LLC","operator":"Pretium Partners (Goldman Sachs)"}},{"type":"Feature","geometry":{"type":"Point","coordinates":[-86.603791,36.057938]},"properties":{"apn":"164030C01700CO","address":"3000 TALISMAN WAY, ANTIOCH, TN  37013","year_built":2021,"owner":"IBRAHIM NAGWA & ESKANDER AYMAN","operator":""}},{"type":"Feature","geometry":{"type":"Point","coordinates":[-86.603776,36.058096]},"properties":{"apn":"164030C01600CO","address":"3004 TALISMAN WAY, ANTIOCH, TN  37013","year_built":2021,"owner":"IBRAHIM NAGWA M","operator":""}},{"type":"Feature","geometry":{"type":"Point","coordinates":[-86.795385,36.211544]},"properties":{"apn":"07004021200","address":"2313 ILOLO ST, NASHVILLE, TN  37207","year_built":2021,"owner":"MITCHELL COREY","operator":""}},{"type":"Feature","geometry":{"type":"Point","coordinates":[-86.64976,36.004987]},"properties":{"apn":"182060B07700CO","address":"176 PARKER DR, ANTIOCH, TN  37013","year_built":2021,"owner":"PARKER DRIVE LLC","operator":""}},{"type":"Feature","geometry":{"type":"Point","coordinates":[-86.615296,35.985111]},"properties":{"apn":"188100A35600CO","address":"721 GOSWELL DR, NOLENSVILLE, TN  37135","year_built":2021,"owner":"WANG HUIWEN & LI BIN","operator":""}},{"type":"Feature","geometry":{"type":"Point","coordinates":[-86.756354,36.312839]},"properties":{"apn":"02400037900","address":"622 DRY CREEK RD, GOODLETTSVILLE, TN  37072","year_built":2022,"owner":"BERNARD JOHN K & ELIZABETH Y","operator":""}},{"type":"Feature","geometry":{"type":"Point","coordinates":[-86.743571,36.295632]},"properties":{"apn":"03300001500","address":"1218 CAMPBELL RD, GOODLETTSVILLE, TN  37072","year_built":2019,"owner":"GEISSLER CHRISTOPHER L & LISA A","operator":""}},{"type":"Feature","geometry":{"type":"Point","coordinates":[-86.615023,35.985027]},"properties":{"apn":"188100A35400CO","address":"729 GOSWELL DR, NOLENSVILLE, TN  37135","year_built":2021,"owner":"DAVIS DENA L","operator":""}},{"type":"Feature","geometry":{"type":"Point","coordinates":[-86.845635,36.158062]},"properties":{"apn":"09111048900","address":"4804 B ILLINOIS AVE, NASHVILLE, TN  37209","year_built":2021,"owner":"MISHU RAMI & DINA","operator":""}},{"type":"Feature","geometry":{"type":"Point","coordinates":[-86.579264,36.031291]},"properties":{"apn":"176060A10500CO","address":"7601 GUNNERS LANDING DR, ANTIOCH, TN  37013","year_built":2021,"owner":"JOSEPH DALLAS III & DORNEDRIA","operator":""}},{"type":"Feature","geometry":{"type":"Point","coordinates":[-86.788226,36.203255]},"properties":{"apn":"07105013300","address":"528 MEADE AVE, NASHVILLE, TN  37207","year_built":2021,"owner":"STAPLES SARAH DAWN ELISABETH","operator":""}},{"type":"Feature","geometry":{"type":"Point","coordinates":[-86.578617,36.182012]},"properties":{"apn":"087100A21700CO","address":"332 BOURNEMOUTH LN, HERMITAGE, TN  37076","year_built":2021,"owner":"COTTON AMANDA & SMITH MARK","operator":""}},{"type":"Feature","geometry":{"type":"Point","coordinates":[-86.616415,35.984694]},"properties":{"apn":"188100A25000CO","address":"3100 PATCHAM DR, NOLENSVILLE, TN  37135","year_built":2021,"owner":"GRAFFAM TAMMY & JOHN M","operator":""}},{"type":"Feature","geometry":{"type":"Point","coordinates":[-86.637965,36.156532]},"properties":{"apn":"09612005200","address":"3251 CLOVERWOOD DR, NASHVILLE, TN  37214","year_built":2023,"owner":"PESIK ANDRIAN & YANG HUI","operator":""}},{"type":"Feature","geometry":{"type":"Point","coordinates":[-86.652365,36.00671]},"properties":{"apn":"182060B01600CO","address":"117 PARKER DR, ANTIOCH, TN  37013","year_built":2021,"owner":"SHAW MAIA","operator":""}},{"type":"Feature","geometry":{"type":"Point","coordinates":[-86.846661,36.160249]},"properties":{"apn":"09107038000","address":"4902 KENTUCKY AVE, NASHVILLE, TN  37209","year_built":2014,"owner":"4902 KENTUCKY LLC","operator":""}},{"type":"Feature","geometry":{"type":"Point","coordinates":[-86.840347,36.157616]},"properties":{"apn":"09112035800","address":"4403 B ILLINOIS AVE, NASHVILLE, TN  37209","year_built":2021,"owner":"ROY SEAN & PALMISANO ROSANNE","operator":""}},{"type":"Feature","geometry":{"type":"Point","coordinates":[-86.631486,35.975547]},"properties":{"apn":"18700002300","address":"745 BATTLE RD, NOLENSVILLE, TN  37135","year_built":2023,"owner":"RIPLEY EDWARD ALAN II & AMBER NICHOLE","operator":""}},{"type":"Feature","geometry":{"type":"Point","coordinates":[-86.7811,36.251394]},"properties":{"apn":"050020C09800CO","address":"2656 THORNTON GROVE BLVD, NASHVILLE, TN  37207","year_built":2021,"owner":"ROOF JOHN DAVID & ANNIE J ADKINS","operator":""}},{"type":"Feature","geometry":{"type":"Point","coordinates":[-86.658694,36.020967]},"properties":{"apn":"174140A01600CO","address":"4037 BIRCHFIELD PL, ANTIOCH, TN  37013","year_built":2021,"owner":"AHI BORROWER LP","operator":"AMH (NYSE: AMH)"}},{"type":"Feature","geometry":{"type":"Point","coordinates":[-86.658502,36.02095]},"properties":{"apn":"174140A01700CO","address":"4041 BIRCHFIELD PL, ANTIOCH, TN  37013","year_built":2021,"owner":"AHI BORROWER LP","operator":"AMH (NYSE: AMH)"}},{"type":"Feature","geometry":{"type":"Point","coordinates":[-86.658986,36.020546]},"properties":{"apn":"174140A02200CO","address":"4028 BIRCHFIELD PL, ANTIOCH, TN  37013","year_built":2021,"owner":"AHI BORROWER LP","operator":"AMH (NYSE: AMH)"}},{"type":"Feature","geometry":{"type":"Point","coordinates":[-86.658559,36.020496]},"properties":{"apn":"174140A02000CO","address":"4034 BIRCHFIELD PL, ANTIOCH, TN  37013","year_built":2021,"owner":"AHI BORROWER LP","operator":"AMH (NYSE: AMH)"}},{"type":"Feature","geometry":{"type":"Point","coordinates":[-86.65888,36.020998]},"properties":{"apn":"174140A01500CO","address":"4033 BIRCHFIELD PL, ANTIOCH, TN  37013","year_built":2021,"owner":"AHI BORROWER LP","operator":"AMH (NYSE: AMH)"}},{"type":"Feature","geometry":{"type":"Point","coordinates":[-86.659065,36.021015]},"properties":{"apn":"174140A01400CO","address":"4029 BIRCHFIELD PL, ANTIOCH, TN  37013","year_built":2021,"owner":"AHI BORROWER LP","operator":"AMH (NYSE: AMH)"}},{"type":"Feature","geometry":{"type":"Point","coordinates":[-86.658777,36.020524]},"properties":{"apn":"174140A02100CO","address":"4032 BIRCHFIELD PL, ANTIOCH, TN  37013","year_built":2021,"owner":"AHI BORROWER LP","operator":"AMH (NYSE: AMH)"}},{"type":"Feature","geometry":{"type":"Point","coordinates":[-86.658039,36.02089]},"properties":{"apn":"174140A01900CO","address":"4049 BIRCHFIELD PL, ANTIOCH, TN  37013","year_built":2021,"owner":"AHI BORROWER LP","operator":"AMH (NYSE: AMH)"}},{"type":"Feature","geometry":{"type":"Point","coordinates":[-86.658305,36.020943]},"properties":{"apn":"174140A01800CO","address":"4045 BIRCHFIELD PL, ANTIOCH, TN  37013","year_built":2021,"owner":"AHI BORROWER LP","operator":"AMH (NYSE: AMH)"}},{"type":"Feature","geometry":{"type":"Point","coordinates":[-86.659222,36.020566]},"properties":{"apn":"174140A02300CO","address":"4024 BIRCHFIELD PL, ANTIOCH, TN  37013","year_built":2021,"owner":"AHI BORROWER LP","operator":"AMH (NYSE: AMH)"}},{"type":"Feature","geometry":{"type":"Point","coordinates":[-86.615623,35.984719]},"properties":{"apn":"188100A26700CO","address":"712 GOSWELL DR, NOLENSVILLE, TN  37135","year_built":2021,"owner":"KRONER LIVING TRUST & ET AL","operator":""}},{"type":"Feature","geometry":{"type":"Point","coordinates":[-86.844408,36.104263]},"properties":{"apn":"11615010000","address":"438 LYNNWOOD BLVD, NASHVILLE, TN  37205","year_built":2023,"owner":"4501 ALCOTT LLC","operator":""}},{"type":"Feature","geometry":{"type":"Point","coordinates":[-86.753517,36.21778]},"properties":{"apn":"06016029000","address":"2808 OAKWOOD AVE, NASHVILLE, TN  37207","year_built":2023,"owner":"ABLE BUILDERS INC","operator":""}},{"type":"Feature","geometry":{"type":"Point","coordinates":[-86.848273,36.160685]},"properties":{"apn":"09107051300","address":"5005 B TENNESSEE AVE, NASHVILLE, TN  37209","year_built":2022,"owner":"MIDTOWN REALTY LLC","operator":""}},{"type":"Feature","geometry":{"type":"Point","coordinates":[-86.721855,36.036593]},"properties":{"apn":"172030A18000CO","address":"1833 SPRUCEWOOD LN, NASHVILLE, TN  37211","year_built":2021,"owner":"PAVLOV VALERI VASSILEV","operator":""}},{"type":"Feature","geometry":{"type":"Point","coordinates":[-86.645434,36.272358]},"properties":{"apn":"044070A00300CO","address":"30 MAGNOLIA SHRS, OLD HICKORY, TN  37138","year_built":2021,"owner":"HARRIES RANDALL W & MUMMERT JENNIFER R","operator":""}},{"type":"Feature","geometry":{"type":"Point","coordinates":[-86.613875,35.983451]},"properties":{"apn":"188100A30900CO","address":"1734 PARK TERRACE LN, NOLENSVILLE, TN  37135","year_built":2021,"owner":"SMITH CLARK G","operator":""}},{"type":"Feature","geometry":{"type":"Point","coordinates":[-86.814524,36.161079]},"properties":{"apn":"09206048700","address":"801 25TH AVE N, NASHVILLE, TN  37208","year_built":2023,"owner":"TOWNSEND SANTWON","operator":""}},{"type":"Feature","geometry":{"type":"Point","coordinates":[-86.616141,36.063228]},"properties":{"apn":"150140D07200CO","address":"4612 BUCKPASSER AVE, ANTIOCH, TN  37013","year_built":2010,"owner":"RAYA TUFFA","operator":""}},{"type":"Feature","geometry":{"type":"Point","coordinates":[-86.634746,36.201634]},"properties":{"apn":"07412003600","address":"6032 BONNALAWN DR, HERMITAGE, TN  37076","year_built":2023,"owner":"HANA YOUSTINA & MIKHAEIL SHENOUDA","operator":""}},{"type":"Feature","geometry":{"type":"Point","coordinates":[-86.720838,36.319072]},"properties":{"apn":"025080A11200CO","address":"645 EXMOOR DR, GOODLETTSVILLE, TN  37072","year_built":2021,"owner":"VILLANUEVA LUIS E & PAULINA G","operator":""}},{"type":"Feature","geometry":{"type":"Point","coordinates":[-86.861373,36.220001]},"properties":{"apn":"058100C05800CO","address":"1001 LAWSONS RIDGE DR, NASHVILLE, TN  37218","year_built":2019,"owner":"NGUYEN HUY & LOPEZ MARIBEL GOMEZ","operator":""}},{"type":"Feature","geometry":{"type":"Point","coordinates":[-86.617623,36.034557]},"properties":{"apn":"175020F01700CO","address":"3581 FLOYD CIR, ANTIOCH, TN  37013","year_built":2021,"owner":"ESKAND ER AYMAN & IBRAHIM NAGWA","operator":""}},{"type":"Feature","geometry":{"type":"Point","coordinates":[-86.754336,36.048905]},"properties":{"apn":"160080F00200CO","address":"5451 HILL ROAD CIR, NASHVILLE, TN  37220","year_built":2023,"owner":"DOUGLAS RHETT & CAROLINE","operator":""}},{"type":"Feature","geometry":{"type":"Point","coordinates":[-86.603755,36.05753]},"properties":{"apn":"164030C01800CO","address":"2160 POSTINGS PT, ANTIOCH, TN  37013","year_built":2021,"owner":"ESKANDER AYMAN & IBRAHIM NAGWA M","operator":""}},{"type":"Feature","geometry":{"type":"Point","coordinates":[-86.603684,36.058641]},"properties":{"apn":"164030C01200CO","address":"3020 TALISMAN WAY, ANTIOCH, TN  37013","year_built":2021,"owner":"MENTIAS SHENOUDA & AKHNOUKH SOHER","operator":""}},{"type":"Feature","geometry":{"type":"Point","coordinates":[-86.604356,36.058463]},"properties":{"apn":"164030C02400CO","address":"1205 FOXTON LN, ANTIOCH, TN  37013","year_built":2021,"owner":"YAN RUOBING","operator":""}},{"type":"Feature","geometry":{"type":"Point","coordinates":[-86.76968,36.258508]},"properties":{"apn":"050020A14800CO","address":"2609 COFFENBERRY LN, NASHVILLE, TN  37207","year_built":2021,"owner":"RODRIGUEZ JOSE LUIS & LESLIE","operator":""}},{"type":"Feature","geometry":{"type":"Point","coordinates":[-86.6667,35.992749]},"properties":{"apn":"187010B00800CO","address":"831 WESTCOTT LN, ANTIOCH, TN  37013","year_built":2021,"owner":"TSUE JEANNE SUENO & GRIMES KENT K","operator":""}},{"type":"Feature","geometry":{"type":"Point","coordinates":[-86.853843,36.261676]},"properties":{"apn":"03900028700","address":"4349 DRY FORK RD, WHITES CREEK, TN  37189","year_built":2022,"owner":"BARRY SHANE B & STEPHANIE M","operator":""}},{"type":"Feature","geometry":{"type":"Point","coordinates":[-86.847192,36.159128]},"properties":{"apn":"09107050800","address":"4908 A MICHIGAN AVE, NASHVILLE, TN  37209","year_built":2021,"owner":"FIORENTINO ROCCO JOSEPH & ATHENA DAWN & ROCCO N","operator":""}},{"type":"Feature","geometry":{"type":"Point","coordinates":[-86.847276,36.159122]},"properties":{"apn":"09107050900","address":"4908 B MICHIGAN AVE, NASHVILLE, TN  37209","year_built":2021,"owner":"WILLIAMSON ANGEL Y POSTON- & MARCUS DE","operator":""}},{"type":"Feature","geometry":{"type":"Point","coordinates":[-86.681972,35.990324]},"properties":{"apn":"186030A04600CO","address":"1057 VIDA WAY, NOLENSVILLE, TN  37135","year_built":2021,"owner":"SUNDARAMOORTHY SHANTHI & MUNIRATHINAM","operator":""}},{"type":"Feature","geometry":{"type":"Point","coordinates":[-86.603922,36.057566]},"properties":{"apn":"164030C01900CO","address":"2156 POSTINGS PT, ANTIOCH, TN  37013","year_built":2021,"owner":"ESKANDER AYMAN & IBRAHIM MAGWA M","operator":""}},{"type":"Feature","geometry":{"type":"Point","coordinates":[-86.603583,36.0592]},"properties":{"apn":"164030C01000CO","address":"3032 TALISMAN WAY, ANTIOCH, TN  37013","year_built":2021,"owner":"SHEHATA WAEL & BOTROS MARIAM KAMEL","operator":""}},{"type":"Feature","geometry":{"type":"Point","coordinates":[-86.638726,35.995742]},"properties":{"apn":"182150B20900CO","address":"3276 LONGSTALK RD, ANTIOCH, TN  37013","year_built":2021,"owner":"CARNEY MEGAN & JONATHAN","operator":""}},{"type":"Feature","geometry":{"type":"Point","coordinates":[-86.781437,36.250026]},"properties":{"apn":"050020D00800CO","address":"2935 WINTERBERRY DR #24 24, NASHVILLE, TN  37207","year_built":2021,"owner":"ELLIS JACOB","operator":""}},{"type":"Feature","geometry":{"type":"Point","coordinates":[-86.947813,36.238347]},"properties":{"apn":"04600011200","address":"4616 BULL RUN RD, ASHLAND CITY, TN  37015","year_built":2023,"owner":"SISK JAMES L III & KELSEY V","operator":""}},{"type":"Feature","geometry":{"type":"Point","coordinates":[-86.584441,36.032706]},"properties":{"apn":"176050C01100CO","address":"4741 ROCKLAND TRL, ANTIOCH, TN  37013","year_built":2016,"owner":"AMNL ASSET CO 2 LLC","operator":"Amherst Group"}},{"type":"Feature","geometry":{"type":"Point","coordinates":[-86.638976,36.247079]},"properties":{"apn":"05312008600","address":"2608 ELLIOTT DR, OLD HICKORY, TN  37138","year_built":2021,"owner":"CORBEL HOMES 31A LLC","operator":""}},{"type":"Feature","geometry":{"type":"Point","coordinates":[-86.628228,36.225807]},"properties":{"apn":"06405004000","address":"4035 CHURCH ST, OLD HICKORY, TN  37138","year_built":2014,"owner":"CHURCH-HADLEY-CENTER LAND TRUST THE","operator":""}},{"type":"Feature","geometry":{"type":"Point","coordinates":[-86.658669,36.019622]},"properties":{"apn":"174140A00300CO","address":"2745 BISON CT, ANTIOCH, TN  37013","year_built":2021,"owner":"AHI BORROWER LP","operator":"AMH (NYSE: AMH)"}},{"type":"Feature","geometry":{"type":"Point","coordinates":[-86.659682,36.020727]},"properties":{"apn":"174140A01100CO","address":"4013 BIRCHFIELD PL, ANTIOCH, TN  37013","year_built":2021,"owner":"AHI BORROWER LP","operator":"AMH (NYSE: AMH)"}},{"type":"Feature","geometry":{"type":"Point","coordinates":[-86.659678,36.020952]},"properties":{"apn":"174140A01200CO","address":"4017 BIRCHFIELD PL, ANTIOCH, TN  37013","year_built":2021,"owner":"AHI BORROWER LP","operator":"AMH (NYSE: AMH)"}},{"type":"Feature","geometry":{"type":"Point","coordinates":[-86.659266,36.021052]},"properties":{"apn":"174140A01300CO","address":"4025 BIRCHFIELD PL, ANTIOCH, TN  37013","year_built":2021,"owner":"AHI BORROWER LP","operator":"AMH (NYSE: AMH)"}},{"type":"Feature","geometry":{"type":"Point","coordinates":[-86.658498,36.019503]},"properties":{"apn":"174140A00200CO","address":"2741 BISON CT, ANTIOCH, TN  37013","year_built":2021,"owner":"AHI BORROWER LP","operator":"AMH (NYSE: AMH)"}},{"type":"Feature","geometry":{"type":"Point","coordinates":[-86.659284,36.02025]},"properties":{"apn":"174140A02400CO","address":"2748 BISON CT, ANTIOCH, TN  37013","year_built":2021,"owner":"AHI BORROWER LP","operator":"AMH (NYSE: AMH)"}},{"type":"Feature","geometry":{"type":"Point","coordinates":[-86.659358,36.019788]},"properties":{"apn":"174140A00700CO","address":"2761 BISON CT, ANTIOCH, TN  37013","year_built":2021,"owner":"AHI BORROWER LP","operator":"AMH (NYSE: AMH)"}},{"type":"Feature","geometry":{"type":"Point","coordinates":[-86.658992,36.019755]},"properties":{"apn":"174140A00500CO","address":"2753 BISON CT, ANTIOCH, TN  37013","year_built":2021,"owner":"AHI BORROWER LP","operator":"AMH (NYSE: AMH)"}},{"type":"Feature","geometry":{"type":"Point","coordinates":[-86.659174,36.019767]},"properties":{"apn":"174140A00600CO","address":"2757 BISON CT, ANTIOCH, TN  37013","year_built":2021,"owner":"AHI BORROWER LP","operator":"AMH (NYSE: AMH)"}},{"type":"Feature","geometry":{"type":"Point","coordinates":[-86.658821,36.019711]},"properties":{"apn":"174140A00400CO","address":"2749 BISON CT, ANTIOCH, TN  37013","year_built":2021,"owner":"AHI BORROWER LP","operator":"AMH (NYSE: AMH)"}},{"type":"Feature","geometry":{"type":"Point","coordinates":[-86.659763,36.020236]},"properties":{"apn":"174140A00800CO","address":"4001 BIRCHFIELD PL, ANTIOCH, TN  37013","year_built":2021,"owner":"AHI BORROWER LP","operator":"AMH (NYSE: AMH)"}},{"type":"Feature","geometry":{"type":"Point","coordinates":[-86.65973,36.020407]},"properties":{"apn":"174140A00900CO","address":"4005 BIRCHFIELD PL, ANTIOCH, TN  37013","year_built":2021,"owner":"AHI BORROWER LP","operator":"AMH (NYSE: AMH)"}},{"type":"Feature","geometry":{"type":"Point","coordinates":[-86.659702,36.020563]},"properties":{"apn":"174140A01000CO","address":"4009 BIRCHFIELD PL, ANTIOCH, TN  37013","year_built":2021,"owner":"AHI BORROWER LP","operator":"AMH (NYSE: AMH)"}},{"type":"Feature","geometry":{"type":"Point","coordinates":[-86.65906,36.020222]},"properties":{"apn":"174140A02500CO","address":"2744 BISON CT, ANTIOCH, TN  37013","year_built":2021,"owner":"AHI BORROWER LP","operator":"AMH (NYSE: AMH)"}},{"type":"Feature","geometry":{"type":"Point","coordinates":[-86.658339,36.019367]},"properties":{"apn":"174140A00100CO","address":"2737 BISON CT, ANTIOCH, TN  37013","year_built":2021,"owner":"AHI BORROWER LP","operator":"AMH (NYSE: AMH)"}},{"type":"Feature","geometry":{"type":"Point","coordinates":[-86.658234,36.019919]},"properties":{"apn":"174140A02900CO","address":"2728 BISON CT, ANTIOCH, TN  37013","year_built":2021,"owner":"AHI BORROWER LP","operator":"AMH (NYSE: AMH)"}},{"type":"Feature","geometry":{"type":"Point","coordinates":[-86.658398,36.020084]},"properties":{"apn":"174140A02800CO","address":"2732 BISON CT, ANTIOCH, TN  37013","year_built":2021,"owner":"AHI BORROWER LP","operator":"AMH (NYSE: AMH)"}},{"type":"Feature","geometry":{"type":"Point","coordinates":[-86.658609,36.020164]},"properties":{"apn":"174140A02700CO","address":"2736 BISON CT, ANTIOCH, TN  37013","year_built":2021,"owner":"AHI BORROWER LP","operator":"AMH (NYSE: AMH)"}},{"type":"Feature","geometry":{"type":"Point","coordinates":[-86.658843,36.020203]},"properties":{"apn":"174140A02600CO","address":"2740 BISON CT, ANTIOCH, TN  37013","year_built":2021,"owner":"AHI BORROWER LP","operator":"AMH (NYSE: AMH)"}},{"type":"Feature","geometry":{"type":"Point","coordinates":[-86.615893,35.984802]},"properties":{"apn":"188100A26500CO","address":"704 GOSWELL DR, NOLENSVILLE, TN  37135","year_built":2021,"owner":"CUI YI & WANG XIAOMING","operator":""}},{"type":"Feature","geometry":{"type":"Point","coordinates":[-86.951584,36.158565]},"properties":{"apn":"08900004700","address":"7405 LAKEVIEW DR, NASHVILLE, TN  37209","year_built":2022,"owner":"SNYDER WILLIAM F","operator":""}},{"type":"Feature","geometry":{"type":"Point","coordinates":[-86.613499,35.983564]},"properties":{"apn":"188100A31000CO","address":"1000 STONELEIGH LN, NOLENSVILLE, TN  37135","year_built":2021,"owner":"AMERINE DAVID & KAREN","operator":""}},{"type":"Feature","geometry":{"type":"Point","coordinates":[-86.63347,36.007816]},"properties":{"apn":"182120A11400CO","address":"7228 WILD APPLE CT, ANTIOCH, TN  37013","year_built":2023,"owner":"HANNA MAGDI","operator":""}},{"type":"Feature","geometry":{"type":"Point","coordinates":[-86.633317,36.007699]},"properties":{"apn":"182120A11300CO","address":"7224 WILD APPLE CT, ANTIOCH, TN  37013","year_built":2023,"owner":"HANNA MAGDI","operator":""}},{"type":"Feature","geometry":{"type":"Point","coordinates":[-86.850587,36.15561]},"properties":{"apn":"09111048800","address":"5204 A GEORGIA AVE, NASHVILLE, TN  37209","year_built":2021,"owner":"ASHLAND RENTALS LLC","operator":""}},{"type":"Feature","geometry":{"type":"Point","coordinates":[-86.85495,36.163308]},"properties":{"apn":"09106047400","address":"5506 A PENNSYLVANIA AVE, NASHVILLE, TN  37209","year_built":2022,"owner":"ORLANDO GROUP LLC","operator":""}},{"type":"Feature","geometry":{"type":"Point","coordinates":[-86.808596,36.188045]},"properties":{"apn":"08103024600","address":"1109 CECILIA AVE, NASHVILLE, TN  37208","year_built":2021,"owner":"ASHLAND RENTALS LLC","operator":""}},{"type":"Feature","geometry":{"type":"Point","coordinates":[-86.749058,36.166391]},"properties":{"apn":"09401049800","address":"718 S 13TH ST, NASHVILLE, TN  37206","year_built":2022,"owner":"ORLANDO GROUP LLC","operator":""}},{"type":"Feature","geometry":{"type":"Point","coordinates":[-86.718904,36.319017]},"properties":{"apn":"025080A18200CO","address":"456 KILLARNEY PARK, GOODLETTSVILLE, TN  37072","year_built":2020,"owner":"SN TENNESSEE LLC","operator":""}},{"type":"Feature","geometry":{"type":"Point","coordinates":[-86.616032,35.984844]},"properties":{"apn":"188100A26400CO","address":"700 GOSWELL DR, NOLENSVILLE, TN  37135","year_built":2021,"owner":"MAYES MICHELLE & RICKY","operator":""}},{"type":"Feature","geometry":{"type":"Point","coordinates":[-86.690586,36.310828]},"properties":{"apn":"026110A00100CO","address":"219 LIBERTY LN, MADISON, TN  37115","year_built":2020,"owner":"KLEROS LLC","operator":""}},{"type":"Feature","geometry":{"type":"Point","coordinates":[-86.720836,36.318863]},"properties":{"apn":"025080A10900CO","address":"633 EXMOOR DR, GOODLETTSVILLE, TN  37072","year_built":2021,"owner":"KANG ZENGSHAN & WANG PENG","operator":""}},{"type":"Feature","geometry":{"type":"Point","coordinates":[-86.795172,36.113571]},"properties":{"apn":"11712003700","address":"1311 CLIFTON LN, NASHVILLE, TN  37215","year_built":2022,"owner":"MAXWELL EVE MCMURRAY","operator":""}},{"type":"Feature","geometry":{"type":"Point","coordinates":[-86.71944,36.318195]},"properties":{"apn":"025080A09000CO","address":"425 S DOWNS CIR, GOODLETTSVILLE, TN  37072","year_built":2021,"owner":"HOOTMAN ZACHARY ANDREW","operator":""}},{"type":"Feature","geometry":{"type":"Point","coordinates":[-86.629358,36.172462]},"properties":{"apn":"086130A28100CO","address":"333 WHISPERING WINDS DR, HERMITAGE, TN  37076","year_built":2021,"owner":"SHAH CHIRAG & KANAL CHIRAG","operator":""}},{"type":"Feature","geometry":{"type":"Point","coordinates":[-86.672687,36.076258]},"properties":{"apn":"148080B08000CO","address":"4865 TERRAGON TRL, ANTIOCH, TN  37013","year_built":2023,"owner":"HANNA AMIR","operator":""}},{"type":"Feature","geometry":{"type":"Point","coordinates":[-86.71088,36.01814]},"properties":{"apn":"180040B17000CO","address":"3130 BROOKVIEW FOREST DR, NASHVILLE, TN  37211","year_built":2010,"owner":"DONALDSON JOHN V & ASHLEY M","operator":""}},{"type":"Feature","geometry":{"type":"Point","coordinates":[-86.781513,36.250394]},"properties":{"apn":"050020D00100CO","address":"2935 WINTERBERRY DR #41 41, NASHVILLE, TN  37207","year_built":2021,"owner":"FERREIRA JOSE R & LIEBMANN SILVIA M","operator":""}},{"type":"Feature","geometry":{"type":"Point","coordinates":[-86.578489,36.182488]},"properties":{"apn":"087100A20400CO","address":"336 BOURNEMOUTH LN, HERMITAGE, TN  37076","year_built":2021,"owner":"TEMPLE LAURIE ADAMS & TIMOTHY","operator":""}},{"type":"Feature","geometry":{"type":"Point","coordinates":[-86.847588,36.158479]},"properties":{"apn":"09107033200","address":"4915 MICHIGAN AVE, NASHVILLE, TN  37209","year_built":2021,"owner":"929 MONTROSE LLC","operator":""}},{"type":"Feature","geometry":{"type":"Point","coordinates":[-86.66164,36.007817]},"properties":{"apn":"18200008300","address":"13934 OLD HICKORY BLVD, ANTIOCH, TN  37013","year_built":2020,"owner":"TOURNAUD TIFFANY M","operator":""}},{"type":"Feature","geometry":{"type":"Point","coordinates":[-86.851255,36.158346]},"properties":{"apn":"09107031300","address":"5211 MICHIGAN AVE, NASHVILLE, TN  37209","year_built":2021,"owner":"MCCLURE SAMUEL & JANET","operator":""}},{"type":"Feature","geometry":{"type":"Point","coordinates":[-86.873244,36.328844]},"properties":{"apn":"015130A03400CO","address":"933 FANCHER LN, JOELTON, TN  37080","year_built":2021,"owner":"RODRIGUEZ AUSTIN RICHARD","operator":""}},{"type":"Feature","geometry":{"type":"Point","coordinates":[-86.690644,36.310762]},"properties":{"apn":"026110A00200CO","address":"217 LIBERTY LN, MADISON, TN  37115","year_built":2020,"owner":"MCDONALD ROBERT","operator":""}},{"type":"Feature","geometry":{"type":"Point","coordinates":[-86.649758,36.021892]},"properties":{"apn":"174110A52900CO","address":"1453 OHARA DR, ANTIOCH, TN  37013","year_built":2018,"owner":"THOMPSON HYEMI & JOHN W","operator":""}},{"type":"Feature","geometry":{"type":"Point","coordinates":[-86.719954,36.319259]},"properties":{"apn":"025080A15900CO","address":"473 KILLARNEY PARK, GOODLETTSVILLE, TN  37072","year_built":2021,"owner":"TEXUS FAMILY TRUST 2015","operator":""}},{"type":"Feature","geometry":{"type":"Point","coordinates":[-86.596947,36.066935]},"properties":{"apn":"150120C03400CO","address":"604 HOMEY CT, ANTIOCH, TN  37013","year_built":2020,"owner":"PROGRESS RESIDENTIAL BORROWER 16 LLC","operator":"Pretium Partners (Goldman Sachs)"}},{"type":"Feature","geometry":{"type":"Point","coordinates":[-86.602434,36.058341]},"properties":{"apn":"164030A04900CO","address":"1964 BROOKSHINE PRT, ANTIOCH, TN  37013","year_built":2019,"owner":"PROGRESS RESIDENTIAL BORROWER 16 LLC","operator":"Pretium Partners (Goldman Sachs)"}},{"type":"Feature","geometry":{"type":"Point","coordinates":[-86.616561,36.04649]},"properties":{"apn":"164100A27700CO","address":"4240 SANDSTONE DR, ANTIOCH, TN  37013","year_built":2016,"owner":"PROGRESS RESIDENTIAL BORROWER 16 LLC","operator":"Pretium Partners (Goldman Sachs)"}},{"type":"Feature","geometry":{"type":"Point","coordinates":[-86.602526,36.058457]},"properties":{"apn":"164030A05000CO","address":"1968 BROOKSHINE PRT, ANTIOCH, TN  37013","year_built":2019,"owner":"PROGRESS RESIDENTIAL BORROWER 16 LLC","operator":"Pretium Partners (Goldman Sachs)"}},{"type":"Feature","geometry":{"type":"Point","coordinates":[-86.602627,36.058593]},"properties":{"apn":"164030A05100CO","address":"2049 HAMILTON HILL DR, ANTIOCH, TN  37013","year_built":2020,"owner":"PROGRESS RESIDENTIAL BORROWER 16 LLC","operator":"Pretium Partners (Goldman Sachs)"}},{"type":"Feature","geometry":{"type":"Point","coordinates":[-86.602694,36.055718]},"properties":{"apn":"164070A16000CO","address":"1620 HIGHWATER DR, ANTIOCH, TN  37013","year_built":2015,"owner":"YOUSEF MAHER ABRAHIEM & IBRAHIM HANAA I","operator":""}},{"type":"Feature","geometry":{"type":"Point","coordinates":[-86.976797,36.093352]},"properties":{"apn":"12700029700","address":"8262 CHARLOTTE PIKE, NASHVILLE, TN  37221","year_built":2022,"owner":"ELIAS DONALD S III","operator":""}},{"type":"Feature","geometry":{"type":"Point","coordinates":[-86.778952,36.209629]},"properties":{"apn":"07102007800","address":"1607 HAMPTON ST, NASHVILLE, TN  37207","year_built":2020,"owner":"WARD ZACHARY P","operator":""}},{"type":"Feature","geometry":{"type":"Point","coordinates":[-86.686907,36.199431]},"properties":{"apn":"07300002700","address":"2300 DONNA HILL CT, NASHVILLE, TN  37214","year_built":2023,"owner":"MOLLOY MICHAEL & PEREZ-MOLLOY RAQUEL","operator":""}},{"type":"Feature","geometry":{"type":"Point","coordinates":[-86.813187,36.161182]},"properties":{"apn":"09206063700","address":"2421 BATAVIA ST, NASHVILLE, TN  37208","year_built":2021,"owner":"FINEMAN JAMES","operator":""}},{"type":"Feature","geometry":{"type":"Point","coordinates":[-86.661674,35.990257]},"properties":{"apn":"187090A00400CO","address":"2013 KIRKWALL DR, NOLENSVILLE, TN  37135","year_built":2021,"owner":"2001 NADINE PIERONI REVOCABLE TRUST THE","operator":""}},{"type":"Feature","geometry":{"type":"Point","coordinates":[-86.766728,36.13647]},"properties":{"apn":"105112D00700CO","address":"1610 MARSHALL HOLLOW DR, NASHVILLE, TN  37203","year_built":2020,"owner":"SINHA SUDHIR KUMAR & ASHMI","operator":""}},{"type":"Feature","geometry":{"type":"Point","coordinates":[-86.666333,35.992911]},"properties":{"apn":"187010B15600CO","address":"830 WESTCOTT LN, ANTIOCH, TN  37013","year_built":2023,"owner":"REGENT HOMES LLC","operator":""}},{"type":"Feature","geometry":{"type":"Point","coordinates":[-86.671921,36.076157]},"properties":{"apn":"148080B07200CO","address":"4853 TERRAGON TRL, ANTIOCH, TN  37013","year_built":2022,"owner":"ABDELNOUR ISAAC SAROUFIM & MINA BASSEM SAROUFIM","operator":""}},{"type":"Feature","geometry":{"type":"Point","coordinates":[-86.640935,36.193158]},"properties":{"apn":"085040A41900CO","address":"4283 STONE HALL BLVD, HERMITAGE, TN  37076","year_built":2019,"owner":"POCIASK CAROL C TRUST","operator":""}},{"type":"Feature","geometry":{"type":"Point","coordinates":[-86.865059,36.151385]},"properties":{"apn":"09113054000","address":"74 TWIN ST, NASHVILLE, TN  37209","year_built":2018,"owner":"RNYC HOLDINGS LLC","operator":""}},{"type":"Feature","geometry":{"type":"Point","coordinates":[-86.81296,36.138134]},"properties":{"apn":"10406030500","address":"3011 BLAKEMORE AVE, NASHVILLE, TN  37212","year_built":2017,"owner":"PGPD BLAKEMORE LLC","operator":""}},{"type":"Feature","geometry":{"type":"Point","coordinates":[-86.766171,36.137501]},"properties":{"apn":"105074Y00100CO","address":"520 MOORE AVE, NASHVILLE, TN  37203","year_built":2020,"owner":"SOTELO AARON","operator":""}},{"type":"Feature","geometry":{"type":"Point","coordinates":[-86.62007,36.174384]},"properties":{"apn":"086140D02800CO","address":"220 HERMITAGE POINT DR, HERMITAGE, TN  37076","year_built":2020,"owner":"MANTARO LLC","operator":""}},{"type":"Feature","geometry":{"type":"Point","coordinates":[-86.620892,36.174487]},"properties":{"apn":"086140D01900CO","address":"235 HERMITAGE POINT DR, HERMITAGE, TN  37076","year_built":2020,"owner":"MANTARO LLC","operator":""}},{"type":"Feature","geometry":{"type":"Point","coordinates":[-86.696922,36.006761]},"properties":{"apn":"181060B02800CO","address":"443 RED SUNSET CT, BRENTWOOD, TN  37027","year_built":2021,"owner":"TATAR MAXWELL & CRENNAN KRISTA","operator":""}},{"type":"Feature","geometry":{"type":"Point","coordinates":[-86.740767,36.177518]},"properties":{"apn":"08310047000","address":"1610 FOREST AVE, NASHVILLE, TN  37206","year_built":2017,"owner":"DAWSON STEPHEN & ALICE","operator":""}},{"type":"Feature","geometry":{"type":"Point","coordinates":[-86.801131,36.168905]},"properties":{"apn":"092040P00200CO","address":"1408 PHILLIPS ST, NASHVILLE, TN  37208","year_built":2020,"owner":"PHILLIPS STREET INSTETMENT II LLC","operator":""}},{"type":"Feature","geometry":{"type":"Point","coordinates":[-86.823085,36.16014]},"properties":{"apn":"09206071900","address":"815 A 31ST AVE N, NASHVILLE, TN  37209","year_built":2022,"owner":"PROSPERITAS PARTNERS LLC","operator":""}},{"type":"Feature","geometry":{"type":"Point","coordinates":[-86.823105,36.160208]},"properties":{"apn":"09206072000","address":"815 B 31ST AVE N, NASHVILLE, TN  37209","year_built":2022,"owner":"PROSPERITAS PARTNERS LLC","operator":""}},{"type":"Feature","geometry":{"type":"Point","coordinates":[-86.778255,36.254276]},"properties":{"apn":"050020C00400CO","address":"1026 CONE BLVD, NASHVILLE, TN  37207","year_built":2020,"owner":"THAO BARBARA","operator":""}},{"type":"Feature","geometry":{"type":"Point","coordinates":[-86.679106,35.989762]},"properties":{"apn":"186030A15700CO","address":"300 KARA LN, NOLENSVILLE, TN  37135","year_built":2019,"owner":"MARTIN ALLISON M","operator":""}},{"type":"Feature","geometry":{"type":"Point","coordinates":[-86.640387,36.195691]},"properties":{"apn":"074160A05500CO","address":"6015 PARKHAVEN BLVD, HERMITAGE, TN  37076","year_built":2022,"owner":"PARKHAVEN COMMUNITIES LLC","operator":""}},{"type":"Feature","geometry":{"type":"Point","coordinates":[-86.623675,35.983215]},"properties":{"apn":"188100C23600CO","address":"331 MOIRA CIR, NOLENSVILLE, TN  37135","year_built":2020,"owner":"QUALLS LLC","operator":""}},{"type":"Feature","geometry":{"type":"Point","coordinates":[-86.781976,36.287827]},"properties":{"apn":"03210001400","address":"4282 BRICK CHURCH PIKE, WHITES CREEK, TN  37189","year_built":2022,"owner":"SHAMMAH CONSTRUCTION GROUP LLC","operator":""}},{"type":"Feature","geometry":{"type":"Point","coordinates":[-86.631745,36.242635]},"properties":{"apn":"05312021400","address":"111 IRIS AVE, OLD HICKORY, TN  37138","year_built":2021,"owner":"BRAEM AUSTIN & ROY JENNIFER","operator":""}},{"type":"Feature","geometry":{"type":"Point","coordinates":[-86.808464,36.092873]},"properties":{"apn":"13107018900","address":"1309 LONE OAK CIR, NASHVILLE, TN  37215","year_built":2020,"owner":"1309 LONE OAK CIRCLE TRUST THE","operator":""}},{"type":"Feature","geometry":{"type":"Point","coordinates":[-86.623515,35.982565]},"properties":{"apn":"188100C24100CO","address":"353 MOIRA CIR, NOLENSVILLE, TN  37135","year_built":2020,"owner":"DAUGHERTY FAMILY TRUST THE","operator":""}},{"type":"Feature","geometry":{"type":"Point","coordinates":[-86.577278,36.032215]},"properties":{"apn":"176060A07800CO","address":"7504 CASH CROSSING CT, ANTIOCH, TN  37013","year_built":2020,"owner":"MOURKOUS NIVEIN & SHENOUDA","operator":""}},{"type":"Feature","geometry":{"type":"Point","coordinates":[-86.803672,36.172044]},"properties":{"apn":"08115040500","address":"1603 HEIMAN ST, NASHVILLE, TN  37208","year_built":2018,"owner":"HERNANDEZ TIERRA S","operator":""}},{"type":"Feature","geometry":{"type":"Point","coordinates":[-86.718908,36.31934]},"properties":{"apn":"025080A17700CO","address":"476 KILLARNEY PARK, GOODLETTSVILLE, TN  37072","year_built":2020,"owner":"PARRISH YALONDA NICOLE","operator":""}},{"type":"Feature","geometry":{"type":"Point","coordinates":[-86.585029,36.033017]},"properties":{"apn":"176050C00800CO","address":"4729 ROCKLAND TRL, ANTIOCH, TN  37013","year_built":2016,"owner":"RH EVERGREEN OWNERCO LLC","operator":"Amherst Group / Main Street Renewal"}},{"type":"Feature","geometry":{"type":"Point","coordinates":[-86.584578,36.032874]},"properties":{"apn":"176050C01000CO","address":"4737 ROCKLAND TRL, ANTIOCH, TN  37013","year_built":2016,"owner":"RH EVERGREEN OWNERCO LLC","operator":"Amherst Group / Main Street Renewal"}},{"type":"Feature","geometry":{"type":"Point","coordinates":[-86.585025,36.032542]},"properties":{"apn":"176050C01800CO","address":"4736 ROCKLAND TRL, ANTIOCH, TN  37013","year_built":2017,"owner":"RH EVERGREEN OWNERCO LLC","operator":"Amherst Group / Main Street Renewal"}},{"type":"Feature","geometry":{"type":"Point","coordinates":[-86.585429,36.03266]},"properties":{"apn":"176050C02000CO","address":"4728 ROCKLAND TRL, ANTIOCH, TN  37013","year_built":2016,"owner":"RH EVERGREEN OWNERCO LLC","operator":"Amherst Group / Main Street Renewal"}},{"type":"Feature","geometry":{"type":"Point","coordinates":[-86.60457,36.054944]},"properties":{"apn":"164070A21000CO","address":"1800 HILLPOINT CIR, ANTIOCH, TN  37013","year_built":2014,"owner":"BOTROS MECHEAL","operator":""}},{"type":"Feature","geometry":{"type":"Point","coordinates":[-86.823346,36.083546]},"properties":{"apn":"13113003400","address":"4621 SKYMONT DR, NASHVILLE, TN  37215","year_built":2023,"owner":"CULLISON ERIC & SUSAN","operator":""}},{"type":"Feature","geometry":{"type":"Point","coordinates":[-86.642139,35.997138]},"properties":{"apn":"182150B04900CO","address":"2469 PRAIRIE HILL DR, ANTIOCH, TN  37013","year_built":2020,"owner":"FRANKLIN - HILL THERESA","operator":""}},{"type":"Feature","geometry":{"type":"Point","coordinates":[-86.620834,36.049664]},"properties":{"apn":"164100A33200CO","address":"2121 PINEGLEN CT, ANTIOCH, TN  37013","year_built":2016,"owner":"HALEY CATRINA","operator":""}},{"type":"Feature","geometry":{"type":"Point","coordinates":[-86.754705,36.151741]},"properties":{"apn":"093160F00100CO","address":"132 A FAIN ST, NASHVILLE, TN  37210","year_built":2020,"owner":"SKY HOUSES INC","operator":""}},{"type":"Feature","geometry":{"type":"Point","coordinates":[-86.730318,36.03336]},"properties":{"apn":"172020A00600CO","address":"5804 WOODLAND HILLS DR, NASHVILLE, TN  37211","year_built":2023,"owner":"KHALAF YOUZA & HAJI REDEER ALI","operator":""}},{"type":"Feature","geometry":{"type":"Point","coordinates":[-86.733538,36.024064]},"properties":{"apn":"172100E01000CO","address":"640 HENRY LN, NASHVILLE, TN  37211","year_built":2020,"owner":"SUTTON HYATT & JODI","operator":""}},{"type":"Feature","geometry":{"type":"Point","coordinates":[-86.760926,36.152662]},"properties":{"apn":"09316001500","address":"118 CLAIBORNE ST, NASHVILLE, TN  37210","year_built":2020,"owner":"MILLER RYAN","operator":""}},{"type":"Feature","geometry":{"type":"Point","coordinates":[-86.64159,35.997622]},"properties":{"apn":"182150B08600CO","address":"2457 PRAIRIE HILL DR, ANTIOCH, TN  37013","year_built":2020,"owner":"HONIBALL CHISTOPHER PAUL","operator":""}},{"type":"Feature","geometry":{"type":"Point","coordinates":[-86.755206,36.15225]},"properties":{"apn":"09316028900","address":"115 GREEN ST, NASHVILLE, TN  37210","year_built":2022,"owner":"OGGS JASON VADANO","operator":""}},{"type":"Feature","geometry":{"type":"Point","coordinates":[-86.640495,36.194106]},"properties":{"apn":"085040A42800CO","address":"4274 STONE HALL BLVD, HERMITAGE, TN  37076","year_built":2019,"owner":"JAMES CHARLES M & HANH B","operator":""}},{"type":"Feature","geometry":{"type":"Point","coordinates":[-86.781924,36.146707]},"properties":{"apn":"10502047600","address":"929 KING HOLLANDS AVE, NASHVILLE, TN  37203","year_built":2020,"owner":"AJAYI OLAID E & BUKUNOLA OLABISI","operator":""}},{"type":"Feature","geometry":{"type":"Point","coordinates":[-86.64171,35.99748]},"properties":{"apn":"182150B08500CO","address":"2461 PRAIRIE HILL DR, ANTIOCH, TN  37013","year_built":2020,"owner":"WININGER BRITTANY","operator":""}},{"type":"Feature","geometry":{"type":"Point","coordinates":[-86.945811,36.176732]},"properties":{"apn":"07800006700","address":"7891 RIVER ROAD PIKE, NASHVILLE, TN  37209","year_built":2019,"owner":"DONAHEY KENNETH C & E ANNETTE","operator":""}},{"type":"Feature","geometry":{"type":"Point","coordinates":[-86.718895,36.318613]},"properties":{"apn":"025080A18800CO","address":"432 KILLARNEY PARK, GOODLETTSVILLE, TN  37072","year_built":2020,"owner":"BARKLEY CATHERINE & CAMDEN","operator":""}},{"type":"Feature","geometry":{"type":"Point","coordinates":[-86.756556,36.181165]},"properties":{"apn":"08208021800","address":"410 HART AVE, NASHVILLE, TN  37206","year_built":2022,"owner":"ROBINSON GRACE I","operator":""}},{"type":"Feature","geometry":{"type":"Point","coordinates":[-86.788986,36.076492]},"properties":{"apn":"14601003300","address":"960 OVERTON LEA RD, NASHVILLE, TN  37220","year_built":2016,"owner":"FIREFLY LLC","operator":""}},{"type":"Feature","geometry":{"type":"Point","coordinates":[-86.790821,36.081453]},"properties":{"apn":"14601003600","address":"4890 LEALAND LN, NASHVILLE, TN  37220","year_built":2023,"owner":"SCHLEDWITZ KARL","operator":""}},{"type":"Feature","geometry":{"type":"Point","coordinates":[-86.817742,36.160719]},"properties":{"apn":"09206044000","address":"804 LENA ST, NASHVILLE, TN  37208","year_built":2017,"owner":"ZVEZDA 1 LLC","operator":""}},{"type":"Feature","geometry":{"type":"Point","coordinates":[-86.845886,36.158052]},"properties":{"apn":"09111048400","address":"4808 B ILLINOIS AVE, NASHVILLE, TN  37209","year_built":2020,"owner":"QUINN VIRGINIA DEBLANC","operator":""}},{"type":"Feature","geometry":{"type":"Point","coordinates":[-86.743389,36.168209]},"properties":{"apn":"09401048600","address":"608 S 16TH ST, NASHVILLE, TN  37206","year_built":2018,"owner":"COCHRUN ROLAND XAVIER","operator":""}},{"type":"Feature","geometry":{"type":"Point","coordinates":[-86.767498,36.136542]},"properties":{"apn":"105112D04100CO","address":"1611 MARSHALL HOLLOW DR, NASHVILLE, TN  37203","year_built":2020,"owner":"HOLT MICHAEL SHAWN & KELLY LYNN","operator":""}},{"type":"Feature","geometry":{"type":"Point","coordinates":[-86.785637,36.119498]},"properties":{"apn":"11805021200","address":"925 A KIRKWOOD AVE, NASHVILLE, TN  37204","year_built":2014,"owner":"NASHVEGAS 1 LLC","operator":""}},{"type":"Feature","geometry":{"type":"Point","coordinates":[-86.618851,35.98246]},"properties":{"apn":"188100A12500CO","address":"2103 GLEN HAVEN DR, NOLENSVILLE, TN  37135","year_built":2017,"owner":"CORLEY JOHN M & DIANA F","operator":""}},{"type":"Feature","geometry":{"type":"Point","coordinates":[-86.731886,36.217472]},"properties":{"apn":"06115047600","address":"903 OAK ST, NASHVILLE, TN  37216","year_built":2020,"owner":"CAPOTE ERNESTO & SECHI-CAPOTE PATRICIA","operator":""}},{"type":"Feature","geometry":{"type":"Point","coordinates":[-86.763234,36.196175]},"properties":{"apn":"07115056100","address":"1332 B LISCHEY AVE, NASHVILLE, TN  37207","year_built":2020,"owner":"GREEN BRANDON DANIEL & CLIFTON CASSIE RENEE","operator":""}},{"type":"Feature","geometry":{"type":"Point","coordinates":[-86.815628,36.049564]},"properties":{"apn":"159060B02500CO","address":"1601 WINDY RIDGE DR, BRENTWOOD, TN  37027","year_built":2022,"owner":"RENKENS JOSHUA & AMY","operator":""}},{"type":"Feature","geometry":{"type":"Point","coordinates":[-86.598735,36.04409]},"properties":{"apn":"164160B03000CO","address":"1972 PEACEFUL BROOK DR, ANTIOCH, TN  37013","year_built":2020,"owner":"MOKHTAR EZZAT & EKLADIOS MOGDA","operator":""}},{"type":"Feature","geometry":{"type":"Point","coordinates":[-86.729837,36.323493]},"properties":{"apn":"02503000100","address":"850 HITT LN, GOODLETTSVILLE, TN  37072","year_built":2023,"owner":"BARNES JOSEPH M","operator":""}},{"type":"Feature","geometry":{"type":"Point","coordinates":[-86.822838,36.162029]},"properties":{"apn":"09206015300","address":"930 31ST AVE N, NASHVILLE, TN  37209","year_built":2020,"owner":"ENGLANDER CHIP & CHRISTINA","operator":""}},{"type":"Feature","geometry":{"type":"Point","coordinates":[-86.679779,35.990604]},"properties":{"apn":"186030A10600CO","address":"607 HECK LN, NOLENSVILLE, TN  37135","year_built":2020,"owner":"MARUDAS TYLER AUSTIN & VEEN HANNAH LEA VANDER","operator":""}},{"type":"Feature","geometry":{"type":"Point","coordinates":[-86.852537,36.160526]},"properties":{"apn":"09107047000","address":"5309 B TENNESSEE AVE, NASHVILLE, TN  37209","year_built":2017,"owner":"DRUMMOND WILLIAM R & MADALENE D","operator":""}},{"type":"Feature","geometry":{"type":"Point","coordinates":[-86.683974,36.271612]},"properties":{"apn":"04307009600","address":"384 RIO VISTA DR, MADISON, TN  37115","year_built":2022,"owner":"K & B INVESTMENT PARTNERS LLC","operator":""}},{"type":"Feature","geometry":{"type":"Point","coordinates":[-86.689962,36.24162]},"properties":{"apn":"062020B30100CO","address":"4316 LONGFELLOW DR, NASHVILLE, TN  37214","year_built":2020,"owner":"AHI BORROWER LP","operator":"AMH (NYSE: AMH)"}},{"type":"Feature","geometry":{"type":"Point","coordinates":[-86.573612,36.037284]},"properties":{"apn":"165140A00600CO","address":"5310 LAKE MAXWELL DR, ANTIOCH, TN  37013","year_built":2019,"owner":"AHI BORROWER LP","operator":"AMH (NYSE: AMH)"}},{"type":"Feature","geometry":{"type":"Point","coordinates":[-86.573276,36.03686]},"properties":{"apn":"165140A00800CO","address":"4996 CHUTNEY DR, ANTIOCH, TN  37013","year_built":2019,"owner":"AHI BORROWER LP","operator":"AMH (NYSE: AMH)"}},{"type":"Feature","geometry":{"type":"Point","coordinates":[-86.573264,36.036972]},"properties":{"apn":"165140A00900CO","address":"4992 CHUTNEY DR, ANTIOCH, TN  37013","year_built":2019,"owner":"AHI BORROWER LP","operator":"AMH (NYSE: AMH)"}},{"type":"Feature","geometry":{"type":"Point","coordinates":[-86.573245,36.037081]},"properties":{"apn":"165140A01000CO","address":"4988 CHUTNEY DR, ANTIOCH, TN  37013","year_built":2019,"owner":"AHI BORROWER LP","operator":"AMH (NYSE: AMH)"}},{"type":"Feature","geometry":{"type":"Point","coordinates":[-86.573227,36.03719]},"properties":{"apn":"165140A01100CO","address":"4984 CHUTNEY DR, ANTIOCH, TN  37013","year_built":2019,"owner":"AHI BORROWER LP","operator":"AMH (NYSE: AMH)"}},{"type":"Feature","geometry":{"type":"Point","coordinates":[-86.573208,36.037299]},"properties":{"apn":"165140A01200CO","address":"4980 CHUTNEY DR, ANTIOCH, TN  37013","year_built":2019,"owner":"AHI BORROWER LP","operator":"AMH (NYSE: AMH)"}},{"type":"Feature","geometry":{"type":"Point","coordinates":[-86.573188,36.037412]},"properties":{"apn":"165140A01300CO","address":"4976 CHUTNEY DR, ANTIOCH, TN  37013","year_built":2019,"owner":"AHI BORROWER LP","operator":"AMH (NYSE: AMH)"}},{"type":"Feature","geometry":{"type":"Point","coordinates":[-86.573225,36.037705]},"properties":{"apn":"165140A01400CO","address":"5060 TRAILWATER DR, ANTIOCH, TN  37013","year_built":2019,"owner":"AHI BORROWER LP","operator":"AMH (NYSE: AMH)"}},{"type":"Feature","geometry":{"type":"Point","coordinates":[-86.573358,36.03772]},"properties":{"apn":"165140A01500CO","address":"5056 TRAILWATER DR, ANTIOCH, TN  37013","year_built":2019,"owner":"AHI BORROWER LP","operator":"AMH (NYSE: AMH)"}},{"type":"Feature","geometry":{"type":"Point","coordinates":[-86.573493,36.037735]},"properties":{"apn":"165140A01600CO","address":"5052 TRAILWATER DR, ANTIOCH, TN  37013","year_built":2019,"owner":"AHI BORROWER LP","operator":"AMH (NYSE: AMH)"}},{"type":"Feature","geometry":{"type":"Point","coordinates":[-86.573638,36.037748]},"properties":{"apn":"165140A01700CO","address":"5048 TRAILWATER DR, ANTIOCH, TN  37013","year_built":2019,"owner":"AHI BORROWER LP","operator":"AMH (NYSE: AMH)"}},{"type":"Feature","geometry":{"type":"Point","coordinates":[-86.573587,36.03818]},"properties":{"apn":"165140A01800CO","address":"5047 TRAILWATER DR, ANTIOCH, TN  37013","year_built":2019,"owner":"AHI BORROWER LP","operator":"AMH (NYSE: AMH)"}},{"type":"Feature","geometry":{"type":"Point","coordinates":[-86.573432,36.038165]},"properties":{"apn":"165140A01900CO","address":"5051 TRAILWATER DR, ANTIOCH, TN  37013","year_built":2019,"owner":"AHI BORROWER LP","operator":"AMH (NYSE: AMH)"}},{"type":"Feature","geometry":{"type":"Point","coordinates":[-86.573298,36.03815]},"properties":{"apn":"165140A02000CO","address":"5055 TRAILWATER DR, ANTIOCH, TN  37013","year_built":2019,"owner":"AHI BORROWER LP","operator":"AMH (NYSE: AMH)"}},{"type":"Feature","geometry":{"type":"Point","coordinates":[-86.573164,36.038135]},"properties":{"apn":"165140A02100CO","address":"5059 TRAILWATER DR, ANTIOCH, TN  37013","year_built":2019,"owner":"AHI BORROWER LP","operator":"AMH (NYSE: AMH)"}},{"type":"Feature","geometry":{"type":"Point","coordinates":[-86.573013,36.038122]},"properties":{"apn":"165140A02200CO","address":"5063 TRAILWATER DR, ANTIOCH, TN  37013","year_built":2019,"owner":"AHI BORROWER LP","operator":"AMH (NYSE: AMH)"}},{"type":"Feature","geometry":{"type":"Point","coordinates":[-86.573506,36.038492]},"properties":{"apn":"165140A02300CO","address":"6001 TRAILWATER ALY, ANTIOCH, TN  37013","year_built":2019,"owner":"AHI BORROWER LP","operator":"AMH (NYSE: AMH)"}},{"type":"Feature","geometry":{"type":"Point","coordinates":[-86.573368,36.038477]},"properties":{"apn":"165140A02400CO","address":"6005 TRAILWATER ALY, ANTIOCH, TN  37013","year_built":2019,"owner":"AHI BORROWER LP","operator":"AMH (NYSE: AMH)"}},{"type":"Feature","geometry":{"type":"Point","coordinates":[-86.573234,36.038462]},"properties":{"apn":"165140A02500CO","address":"6009 TRAILWATER ALY, ANTIOCH, TN  37013","year_built":2019,"owner":"AHI BORROWER LP","operator":"AMH (NYSE: AMH)"}},{"type":"Feature","geometry":{"type":"Point","coordinates":[-86.5731,36.038447]},"properties":{"apn":"165140A02600CO","address":"6013 TRAILWATER ALY, ANTIOCH, TN  37013","year_built":2019,"owner":"AHI BORROWER LP","operator":"AMH (NYSE: AMH)"}},{"type":"Feature","geometry":{"type":"Point","coordinates":[-86.572953,36.038431]},"properties":{"apn":"165140A02700CO","address":"6017 TRAILWATER ALY, ANTIOCH, TN  37013","year_built":2019,"owner":"AHI BORROWER LP","operator":"AMH (NYSE: AMH)"}},{"type":"Feature","geometry":{"type":"Point","coordinates":[-86.571536,36.038765]},"properties":{"apn":"165140A02900CO","address":"5229 LAKE MAXWELL DR, ANTIOCH, TN  37013","year_built":2020,"owner":"AHI BORROWER LP","operator":"AMH (NYSE: AMH)"}},{"type":"Feature","geometry":{"type":"Point","coordinates":[-86.573587,36.037433]},"properties":{"apn":"165140A00700CO","address":"5314 LAKE MAXWELL DR, ANTIOCH, TN  37013","year_built":2019,"owner":"AHI BORROWER LP","operator":"AMH (NYSE: AMH)"}},{"type":"Feature","geometry":{"type":"Point","coordinates":[-86.573635,36.037148]},"properties":{"apn":"165140A00500CO","address":"5306 LAKE MAXWELL DR, ANTIOCH, TN  37013","year_built":2019,"owner":"AHI BORROWER LP","operator":"AMH (NYSE: AMH)"}},{"type":"Feature","geometry":{"type":"Point","coordinates":[-86.572087,36.038834]},"properties":{"apn":"165140A03100CO","address":"5224 LAKE MAXWELL DR, ANTIOCH, TN  37013","year_built":2020,"owner":"AHI BORROWER LP","operator":"AMH (NYSE: AMH)"}},{"type":"Feature","geometry":{"type":"Point","coordinates":[-86.573658,36.037012]},"properties":{"apn":"165140A00400CO","address":"5302 LAKE MAXWELL DR, ANTIOCH, TN  37013","year_built":2019,"owner":"AHI BORROWER LP","operator":"AMH (NYSE: AMH)"}},{"type":"Feature","geometry":{"type":"Point","coordinates":[-86.689898,36.24197]},"properties":{"apn":"062020B30300CO","address":"4324 LONGFELLOW DR, NASHVILLE, TN  37214","year_built":2020,"owner":"AHI BORROWER LP","operator":"AMH (NYSE: AMH)"}},{"type":"Feature","geometry":{"type":"Point","coordinates":[-86.689898,36.242162]},"properties":{"apn":"062020B30400CO","address":"4328 LONGFELLOW DR, NASHVILLE, TN  37214","year_built":2020,"owner":"AHI BORROWER LP","operator":"AMH (NYSE: AMH)"}},{"type":"Feature","geometry":{"type":"Point","coordinates":[-86.689943,36.242354]},"properties":{"apn":"062020B30500CO","address":"4332 LONGFELLOW DR, NASHVILLE, TN  37214","year_built":2020,"owner":"AHI BORROWER LP","operator":"AMH (NYSE: AMH)"}},{"type":"Feature","geometry":{"type":"Point","coordinates":[-86.690008,36.242545]},"properties":{"apn":"062020B30600CO","address":"4336 LONGFELLOW DR, NASHVILLE, TN  37214","year_built":2020,"owner":"AHI BORROWER LP","operator":"AMH (NYSE: AMH)"}},{"type":"Feature","geometry":{"type":"Point","coordinates":[-86.690587,36.242301]},"properties":{"apn":"062020B30700CO","address":"4329 LONGFELLOW DR, NASHVILLE, TN  37214","year_built":2020,"owner":"AHI BORROWER LP","operator":"AMH (NYSE: AMH)"}},{"type":"Feature","geometry":{"type":"Point","coordinates":[-86.689989,36.24145]},"properties":{"apn":"062020B30000CO","address":"4312 LONGFELLOW DR, NASHVILLE, TN  37214","year_built":2020,"owner":"AHI BORROWER LP","operator":"AMH (NYSE: AMH)"}},{"type":"Feature","geometry":{"type":"Point","coordinates":[-86.690016,36.24128]},"properties":{"apn":"062020B29900CO","address":"4308 LONGFELLOW DR, NASHVILLE, TN  37214","year_built":2020,"owner":"AHI BORROWER LP","operator":"AMH (NYSE: AMH)"}},{"type":"Feature","geometry":{"type":"Point","coordinates":[-86.690533,36.242092]},"properties":{"apn":"062020B30800CO","address":"4325 LONGFELLOW DR, NASHVILLE, TN  37214","year_built":2020,"owner":"AHI BORROWER LP","operator":"AMH (NYSE: AMH)"}},{"type":"Feature","geometry":{"type":"Point","coordinates":[-86.690043,36.241109]},"properties":{"apn":"062020B29800CO","address":"4304 LONGFELLOW DR, NASHVILLE, TN  37214","year_built":2020,"owner":"AHI BORROWER LP","operator":"AMH (NYSE: AMH)"}},{"type":"Feature","geometry":{"type":"Point","coordinates":[-86.690567,36.241901]},"properties":{"apn":"062020B30900CO","address":"4321 LONGFELLOW DR, NASHVILLE, TN  37214","year_built":2020,"owner":"AHI BORROWER LP","operator":"AMH (NYSE: AMH)"}},{"type":"Feature","geometry":{"type":"Point","coordinates":[-86.690594,36.24173]},"properties":{"apn":"062020B31000CO","address":"4317 LONGFELLOW DR, NASHVILLE, TN  37214","year_built":2020,"owner":"AHI BORROWER LP","operator":"AMH (NYSE: AMH)"}},{"type":"Feature","geometry":{"type":"Point","coordinates":[-86.69007,36.240939]},"properties":{"apn":"062020B29700CO","address":"4300 LONGFELLOW DR, NASHVILLE, TN  37214","year_built":2020,"owner":"AHI BORROWER LP","operator":"AMH (NYSE: AMH)"}},{"type":"Feature","geometry":{"type":"Point","coordinates":[-86.690097,36.240769]},"properties":{"apn":"062020B29600CO","address":"4270 LONGFELLOW DR, NASHVILLE, TN  37214","year_built":2020,"owner":"AHI BORROWER LP","operator":"AMH (NYSE: AMH)"}},{"type":"Feature","geometry":{"type":"Point","coordinates":[-86.690124,36.240598]},"properties":{"apn":"062020B29500CO","address":"4268 LONGFELLOW DR, NASHVILLE, TN  37214","year_built":2020,"owner":"AHI BORROWER LP","operator":"AMH (NYSE: AMH)"}},{"type":"Feature","geometry":{"type":"Point","coordinates":[-86.690621,36.24156]},"properties":{"apn":"062020B31100CO","address":"4313 LONGFELLOW DR, NASHVILLE, TN  37214","year_built":2020,"owner":"AHI BORROWER LP","operator":"AMH (NYSE: AMH)"}},{"type":"Feature","geometry":{"type":"Point","coordinates":[-86.69015,36.240428]},"properties":{"apn":"062020B29400CO","address":"4264 LONGFELLOW DR, NASHVILLE, TN  37214","year_built":2020,"owner":"AHI BORROWER LP","operator":"AMH (NYSE: AMH)"}},{"type":"Feature","geometry":{"type":"Point","coordinates":[-86.690648,36.24139]},"properties":{"apn":"062020B31200CO","address":"4309 LONGFELLOW DR, NASHVILLE, TN  37214","year_built":2020,"owner":"AHI BORROWER LP","operator":"AMH (NYSE: AMH)"}},{"type":"Feature","geometry":{"type":"Point","coordinates":[-86.690675,36.24122]},"properties":{"apn":"062020B31300CO","address":"4305 LONGFELLOW DR, NASHVILLE, TN  37214","year_built":2020,"owner":"AHI BORROWER LP","operator":"AMH (NYSE: AMH)"}},{"type":"Feature","geometry":{"type":"Point","coordinates":[-86.690707,36.241034]},"properties":{"apn":"062020B31400CO","address":"4301 LONGFELLOW DR, NASHVILLE, TN  37214","year_built":2020,"owner":"AHI BORROWER LP","operator":"AMH (NYSE: AMH)"}},{"type":"Feature","geometry":{"type":"Point","coordinates":[-86.690761,36.240695]},"properties":{"apn":"062020B31500CO","address":"4265 LONGFELLOW DR, NASHVILLE, TN  37214","year_built":2020,"owner":"AHI BORROWER LP","operator":"AMH (NYSE: AMH)"}},{"type":"Feature","geometry":{"type":"Point","coordinates":[-86.690789,36.240498]},"properties":{"apn":"062020B31600CO","address":"4261 LONGFELLOW DR, NASHVILLE, TN  37214","year_built":2020,"owner":"AHI BORROWER LP","operator":"AMH (NYSE: AMH)"}},{"type":"Feature","geometry":{"type":"Point","coordinates":[-86.573483,36.036601]},"properties":{"apn":"165140A00100CO","address":"5290 LAKE MAXWELL DR, ANTIOCH, TN  37013","year_built":2019,"owner":"AHI BORROWER LP","operator":"AMH (NYSE: AMH)"}},{"type":"Feature","geometry":{"type":"Point","coordinates":[-86.573662,36.036704]},"properties":{"apn":"165140A00200CO","address":"5294 LAKE MAXWELL DR, ANTIOCH, TN  37013","year_built":2019,"owner":"AHI BORROWER LP","operator":"AMH (NYSE: AMH)"}},{"type":"Feature","geometry":{"type":"Point","coordinates":[-86.573698,36.036868]},"properties":{"apn":"165140A00300CO","address":"5298 LAKE MAXWELL DR, ANTIOCH, TN  37013","year_built":2019,"owner":"AHI BORROWER LP","operator":"AMH (NYSE: AMH)"}},{"type":"Feature","geometry":{"type":"Point","coordinates":[-86.572064,36.03897]},"properties":{"apn":"165140A03000CO","address":"5220 LAKE MAXWELL DR, ANTIOCH, TN  37013","year_built":2019,"owner":"AHI BORROWER LP","operator":"AMH (NYSE: AMH)"}},{"type":"Feature","geometry":{"type":"Point","coordinates":[-86.571513,36.038901]},"properties":{"apn":"165140A02800CO","address":"5225 LAKE MAXWELL DR, ANTIOCH, TN  37013","year_built":2019,"owner":"AHI BORROWER LP","operator":"AMH (NYSE: AMH)"}},{"type":"Feature","geometry":{"type":"Point","coordinates":[-86.57211,36.038698]},"properties":{"apn":"165140A03200CO","address":"5228 LAKE MAXWELL DR, ANTIOCH, TN  37013","year_built":2020,"owner":"AHI BORROWER LP","operator":"AMH (NYSE: AMH)"}},{"type":"Feature","geometry":{"type":"Point","coordinates":[-86.572811,36.036921]},"properties":{"apn":"165140A05400CO","address":"4981 CHUTNEY DR, ANTIOCH, TN  37013","year_built":2019,"owner":"AHI BORROWER LP","operator":"AMH (NYSE: AMH)"}},{"type":"Feature","geometry":{"type":"Point","coordinates":[-86.572793,36.03703]},"properties":{"apn":"165140A05500CO","address":"4977 CHUTNEY DR, ANTIOCH, TN  37013","year_built":2019,"owner":"AHI BORROWER LP","operator":"AMH (NYSE: AMH)"}},{"type":"Feature","geometry":{"type":"Point","coordinates":[-86.572133,36.038561]},"properties":{"apn":"165140A03300CO","address":"5232 LAKE MAXWELL DR, ANTIOCH, TN  37013","year_built":2020,"owner":"AHI BORROWER LP","operator":"AMH (NYSE: AMH)"}},{"type":"Feature","geometry":{"type":"Point","coordinates":[-86.572756,36.037248]},"properties":{"apn":"165140A05700CO","address":"4969 CHUTNEY DR, ANTIOCH, TN  37013","year_built":2019,"owner":"AHI BORROWER LP","operator":"AMH (NYSE: AMH)"}},{"type":"Feature","geometry":{"type":"Point","coordinates":[-86.572737,36.037361]},"properties":{"apn":"165140A05800CO","address":"4965 CHUTNEY DR, ANTIOCH, TN  37013","year_built":2019,"owner":"AHI BORROWER LP","operator":"AMH (NYSE: AMH)"}},{"type":"Feature","geometry":{"type":"Point","coordinates":[-86.572736,36.036513]},"properties":{"apn":"165140A05200CO","address":"5278 LAKE MAXWELL DR, ANTIOCH, TN  37013","year_built":2019,"owner":"AHI BORROWER LP","operator":"AMH (NYSE: AMH)"}},{"type":"Feature","geometry":{"type":"Point","coordinates":[-86.689935,36.24179]},"properties":{"apn":"062020B30200CO","address":"4320 LONGFELLOW DR, NASHVILLE, TN  37214","year_built":2020,"owner":"AHI BORROWER LP","operator":"AMH (NYSE: AMH)"}},{"type":"Feature","geometry":{"type":"Point","coordinates":[-86.572837,36.036811]},"properties":{"apn":"165140A05300CO","address":"4985 CHUTNEY DR, ANTIOCH, TN  37013","year_built":2019,"owner":"AHI BORROWER LP","operator":"AMH (NYSE: AMH)"}},{"type":"Feature","geometry":{"type":"Point","coordinates":[-86.572774,36.037139]},"properties":{"apn":"165140A05600CO","address":"4973 CHUTNEY DR, ANTIOCH, TN  37013","year_built":2019,"owner":"AHI BORROWER LP","operator":"AMH (NYSE: AMH)"}},{"type":"Feature","geometry":{"type":"Point","coordinates":[-86.572539,36.036578]},"properties":{"apn":"165140A05100CO","address":"5274 LAKE MAXWELL DR, ANTIOCH, TN  37013","year_built":2019,"owner":"AHI BORROWER LP","operator":"AMH (NYSE: AMH)"}},{"type":"Feature","geometry":{"type":"Point","coordinates":[-86.572471,36.037622]},"properties":{"apn":"165140A04300CO","address":"5076 TRAILWATER DR, ANTIOCH, TN  37013","year_built":2019,"owner":"AHI BORROWER LP","operator":"AMH (NYSE: AMH)"}},{"type":"Feature","geometry":{"type":"Point","coordinates":[-86.572156,36.038425]},"properties":{"apn":"165140A03400CO","address":"5236 LAKE MAXWELL DR, ANTIOCH, TN  37013","year_built":2020,"owner":"AHI BORROWER LP","operator":"AMH (NYSE: AMH)"}},{"type":"Feature","geometry":{"type":"Point","coordinates":[-86.57218,36.038282]},"properties":{"apn":"165140A03500CO","address":"5240 LAKE MAXWELL DR, ANTIOCH, TN  37013","year_built":2020,"owner":"AHI BORROWER LP","operator":"AMH (NYSE: AMH)"}},{"type":"Feature","geometry":{"type":"Point","coordinates":[-86.572119,36.038023]},"properties":{"apn":"165140A03600CO","address":"5083 TRAILWATER DR, ANTIOCH, TN  37013","year_built":2019,"owner":"AHI BORROWER LP","operator":"AMH (NYSE: AMH)"}},{"type":"Feature","geometry":{"type":"Point","coordinates":[-86.572264,36.038035]},"properties":{"apn":"165140A03700CO","address":"5079 TRAILWATER DR, ANTIOCH, TN  37013","year_built":2019,"owner":"AHI BORROWER LP","operator":"AMH (NYSE: AMH)"}},{"type":"Feature","geometry":{"type":"Point","coordinates":[-86.572398,36.03805]},"properties":{"apn":"165140A03800CO","address":"5075 TRAILWATER DR, ANTIOCH, TN  37013","year_built":2019,"owner":"AHI BORROWER LP","operator":"AMH (NYSE: AMH)"}},{"type":"Feature","geometry":{"type":"Point","coordinates":[-86.572533,36.038065]},"properties":{"apn":"165140A03900CO","address":"5071 TRAILWATER DR, ANTIOCH, TN  37013","year_built":2019,"owner":"AHI BORROWER LP","operator":"AMH (NYSE: AMH)"}},{"type":"Feature","geometry":{"type":"Point","coordinates":[-86.572676,36.038085]},"properties":{"apn":"165140A04000CO","address":"5067 TRAILWATER DR, ANTIOCH, TN  37013","year_built":2019,"owner":"AHI BORROWER LP","operator":"AMH (NYSE: AMH)"}},{"type":"Feature","geometry":{"type":"Point","coordinates":[-86.57275,36.037649]},"properties":{"apn":"165140A04100CO","address":"5068 TRAILWATER DR, ANTIOCH, TN  37013","year_built":2019,"owner":"AHI BORROWER LP","operator":"AMH (NYSE: AMH)"}},{"type":"Feature","geometry":{"type":"Point","coordinates":[-86.572449,36.036725]},"properties":{"apn":"165140A05000CO","address":"5270 LAKE MAXWELL DR, ANTIOCH, TN  37013","year_built":2019,"owner":"AHI BORROWER LP","operator":"AMH (NYSE: AMH)"}},{"type":"Feature","geometry":{"type":"Point","coordinates":[-86.572605,36.037636]},"properties":{"apn":"165140A04200CO","address":"5072 TRAILWATER DR, ANTIOCH, TN  37013","year_built":2019,"owner":"AHI BORROWER LP","operator":"AMH (NYSE: AMH)"}},{"type":"Feature","geometry":{"type":"Point","coordinates":[-86.572336,36.037607]},"properties":{"apn":"165140A04400CO","address":"5080 TRAILWATER DR, ANTIOCH, TN  37013","year_built":2019,"owner":"AHI BORROWER LP","operator":"AMH (NYSE: AMH)"}},{"type":"Feature","geometry":{"type":"Point","coordinates":[-86.572192,36.037587]},"properties":{"apn":"165140A04500CO","address":"5084 TRAILWATER DR, ANTIOCH, TN  37013","year_built":2019,"owner":"AHI BORROWER LP","operator":"AMH (NYSE: AMH)"}},{"type":"Feature","geometry":{"type":"Point","coordinates":[-86.572412,36.036868]},"properties":{"apn":"165140A04900CO","address":"5266 LAKE MAXWELL DR, ANTIOCH, TN  37013","year_built":2019,"owner":"AHI BORROWER LP","operator":"AMH (NYSE: AMH)"}},{"type":"Feature","geometry":{"type":"Point","coordinates":[-86.572395,36.03701]},"properties":{"apn":"165140A04800CO","address":"5262 LAKE MAXWELL DR, ANTIOCH, TN  37013","year_built":2019,"owner":"AHI BORROWER LP","operator":"AMH (NYSE: AMH)"}},{"type":"Feature","geometry":{"type":"Point","coordinates":[-86.572372,36.037146]},"properties":{"apn":"165140A04700CO","address":"5258 LAKE MAXWELL DR, ANTIOCH, TN  37013","year_built":2019,"owner":"AHI BORROWER LP","operator":"AMH (NYSE: AMH)"}},{"type":"Feature","geometry":{"type":"Point","coordinates":[-86.572346,36.037295]},"properties":{"apn":"165140A04600CO","address":"5254 LAKE MAXWELL DR, ANTIOCH, TN  37013","year_built":2019,"owner":"AHI BORROWER LP","operator":"AMH (NYSE: AMH)"}},{"type":"Feature","geometry":{"type":"Point","coordinates":[-86.8503,36.086203]},"properties":{"apn":"13015003400","address":"4520 HARPETH HILLS DR, NASHVILLE, TN  37215","year_built":2023,"owner":"TAYLOR CLARENCE & STEWART R","operator":""}},{"type":"Feature","geometry":{"type":"Point","coordinates":[-86.733846,36.103438]},"properties":{"apn":"13302040300","address":"3127 KINROSS AVE, NASHVILLE, TN  37211","year_built":2020,"owner":"MATTHEESSEN BRENT RUDY & CHRISTINA LINN","operator":""}},{"type":"Feature","geometry":{"type":"Point","coordinates":[-86.746603,36.178488]},"properties":{"apn":"08309010200","address":"1303 FOREST AVE, NASHVILLE, TN  37206","year_built":2010,"owner":"JACKSON LARRY TOM & CAMILLA SARA","operator":""}},{"type":"Feature","geometry":{"type":"Point","coordinates":[-86.691194,36.237916]},"properties":{"apn":"062020B29200CO","address":"4205 LONGFELLOW DR, NASHVILLE, TN  37214","year_built":2016,"owner":"MANFREDI IVANNA & MATTHEW","operator":""}},{"type":"Feature","geometry":{"type":"Point","coordinates":[-86.628436,36.172339]},"properties":{"apn":"086130A20800CO","address":"3613 HOGGETT FORD RD, HERMITAGE, TN  37076","year_built":2020,"owner":"SASSER ELAINE SALSBURY","operator":""}},{"type":"Feature","geometry":{"type":"Point","coordinates":[-86.601928,36.059452]},"properties":{"apn":"164030A05800CO","address":"2021 HAMILTON HILL DR, ANTIOCH, TN  37013","year_built":2017,"owner":"SFR JV-1 2020-1 BORROWER LLC","operator":"Blackstone (+ Home Partners)"}},{"type":"Feature","geometry":{"type":"Point","coordinates":[-86.766317,36.199134]},"properties":{"apn":"07111053300","address":"1431 B MERIDIAN ST, NASHVILLE, TN  37207","year_built":2021,"owner":"CHRISP BRETT & LYNETTE K","operator":""}},{"type":"Feature","geometry":{"type":"Point","coordinates":[-86.766327,36.199066]},"properties":{"apn":"07111053400","address":"1431 A MERIDIAN ST, NASHVILLE, TN  37207","year_built":2021,"owner":"CHRISP BRETT & LYNETTE K","operator":""}},{"type":"Feature","geometry":{"type":"Point","coordinates":[-86.895911,36.234912]},"properties":{"apn":"05700003700","address":"4978 TONEY CARROLL RD, ASHLAND CITY, TN  37015","year_built":2022,"owner":"HILLIS DUSTIN M & KYAH A","operator":""}},{"type":"Feature","geometry":{"type":"Point","coordinates":[-86.598806,36.179301]},"properties":{"apn":"086120C05400CO","address":"880 BLOOMDALE TRCE, HERMITAGE, TN  37076","year_built":2020,"owner":"TAYLOR WES & OSBORN LINDSAY","operator":""}},{"type":"Feature","geometry":{"type":"Point","coordinates":[-86.941517,36.121902]},"properties":{"apn":"11400029100","address":"7586 OLD CHARLOTTE PIKE, NASHVILLE, TN  37209","year_built":2021,"owner":"FULLER TAMMY R & ZYDEL SUGAR MAGNOLIA","operator":""}},{"type":"Feature","geometry":{"type":"Point","coordinates":[-86.823757,36.159457]},"properties":{"apn":"09205029300","address":"2912 CLIFTON AVE, NASHVILLE, TN  37209","year_built":2018,"owner":"CONSERVATORSHIP ESTATE OF AIDEN JAMESON SANDERBERG","operator":""}},{"type":"Feature","geometry":{"type":"Point","coordinates":[-86.598039,36.08455]},"properties":{"apn":"13616002200","address":"3089 SMITH SPRINGS RD, ANTIOCH, TN  37013","year_built":2022,"owner":"MARTINEZ ELIA EAMIREZ & GUZMAN CORNELIO TREJO","operator":""}},{"type":"Feature","geometry":{"type":"Point","coordinates":[-86.598265,36.084841]},"properties":{"apn":"13616002000","address":"3081 SMITH SPRINGS RD, ANTIOCH, TN  37013","year_built":2022,"owner":"MARTINEZ ELIA EAMIREZ & GUZMAN CORNELIO TREJO","operator":""}},{"type":"Feature","geometry":{"type":"Point","coordinates":[-86.786014,36.13079]},"properties":{"apn":"10513015400","address":"1000 S DOUGLAS AVE, NASHVILLE, TN  37204","year_built":2017,"owner":"HATALA PETER & LINDA","operator":""}},{"type":"Feature","geometry":{"type":"Point","coordinates":[-86.680078,35.99]},"properties":{"apn":"186030A12400CO","address":"345 KARA LN, NOLENSVILLE, TN  37135","year_built":2020,"owner":"LOMBARDO BRIAN & ALICE","operator":""}},{"type":"Feature","geometry":{"type":"Point","coordinates":[-86.779744,36.346364]},"properties":{"apn":"01700038600","address":"5952 LICKTON PIKE, GOODLETTSVILLE, TN  37072","year_built":2021,"owner":"CARTER ZACHARY LEE & DILLON CASEY DAWN","operator":""}},{"type":"Feature","geometry":{"type":"Point","coordinates":[-86.597646,36.067227]},"properties":{"apn":"150120C03700CO","address":"517 HOMEY DR, ANTIOCH, TN  37013","year_built":2019,"owner":"HPA II BORROWER 2020 1 LLC","operator":"Blackstone (+ Home Partners)"}},{"type":"Feature","geometry":{"type":"Point","coordinates":[-86.772947,36.259261]},"properties":{"apn":"041140A03700CO","address":"1724 BRICK CT, NASHVILLE, TN  37207","year_built":2018,"owner":"PROGRESS RESIDENTIAL BORROWER 14 LLC","operator":"Pretium Partners (Goldman Sachs)"}},{"type":"Feature","geometry":{"type":"Point","coordinates":[-86.605786,36.056192]},"properties":{"apn":"164070A06800CO","address":"1532 ROCKGLADE RUN, ANTIOCH, TN  37013","year_built":2013,"owner":"PROGRESS RESIDENTIAL BORROWER 14 LLC","operator":"Pretium Partners (Goldman Sachs)"}},{"type":"Feature","geometry":{"type":"Point","coordinates":[-86.654071,36.019481]},"properties":{"apn":"174110A45700CO","address":"3148 SKINNER DR, ANTIOCH, TN  37013","year_built":2019,"owner":"PROGRESS RESIDENTIAL BORROWER 14 LLC","operator":"Pretium Partners (Goldman Sachs)"}},{"type":"Feature","geometry":{"type":"Point","coordinates":[-86.992237,36.076786]},"properties":{"apn":"141050A53800CO","address":"2065 LEEDS LN, NASHVILLE, TN  37221","year_built":2016,"owner":"JAVIER DANIEL S & PATRICK C","operator":""}},{"type":"Feature","geometry":{"type":"Point","coordinates":[-86.845263,36.191116]},"properties":{"apn":"08003005300","address":"1506 E STEWARTS LN, NASHVILLE, TN  37218","year_built":2020,"owner":"DAVIS CHRISTOPHER","operator":""}},{"type":"Feature","geometry":{"type":"Point","coordinates":[-86.722315,36.202161]},"properties":{"apn":"07211042900","address":"2117 RIVERSIDE DR, NASHVILLE, TN  37216","year_built":2021,"owner":"BATEMAN ERIC R","operator":""}},{"type":"Feature","geometry":{"type":"Point","coordinates":[-86.596275,36.056058]},"properties":{"apn":"164040C10500CO","address":"1321 MARITIME PRT, ANTIOCH, TN  37013","year_built":2020,"owner":"YOUSSEF MARY","operator":""}},{"type":"Feature","geometry":{"type":"Point","coordinates":[-86.775672,36.354836]},"properties":{"apn":"01100002900","address":"2886 GREER RD, GOODLETTSVILLE, TN  37072","year_built":2023,"owner":"PUNKE SCOTT A & SUSAN M","operator":""}},{"type":"Feature","geometry":{"type":"Point","coordinates":[-86.864659,36.219636]},"properties":{"apn":"058100B01100CO","address":"3101 CARRINGTON CT, NASHVILLE, TN  37218","year_built":2019,"owner":"DUKES RICHARD WAYNE & JUANA LOPEZ","operator":""}},{"type":"Feature","geometry":{"type":"Point","coordinates":[-86.681134,36.005165]},"properties":{"apn":"181070A03400CO","address":"9737 KATZ LN, BRENTWOOD, TN  37027","year_built":2020,"owner":"KLEID ANDREA WELCH & PALMER SARA RENE","operator":""}},{"type":"Feature","geometry":{"type":"Point","coordinates":[-86.734451,36.085584]},"properties":{"apn":"13314010200","address":"4810 LYNN DR, NASHVILLE, TN  37211","year_built":2022,"owner":"DOSKY HASAN A","operator":""}},{"type":"Feature","geometry":{"type":"Point","coordinates":[-86.718529,36.318375]},"properties":{"apn":"025080A06800CO","address":"251 S DOWNS CIR, GOODLETTSVILLE, TN  37072","year_built":2020,"owner":"EVETTS RUTH","operator":""}},{"type":"Feature","geometry":{"type":"Point","coordinates":[-86.745153,36.281594]},"properties":{"apn":"033130B01600CO","address":"313 HIDDEN SPRINGS CV, NASHVILLE, TN  37207","year_built":2020,"owner":"MARTIN JAHA D","operator":""}},{"type":"Feature","geometry":{"type":"Point","coordinates":[-86.904333,36.31877]},"properties":{"apn":"02100005900","address":"6483 CLARKSVILLE PIKE, JOELTON, TN  37080","year_built":2021,"owner":"KIRK ONNIE ISAAC JR & MARGIENELL ELIZABETH SEE","operator":""}},{"type":"Feature","geometry":{"type":"Point","coordinates":[-86.627729,36.172274]},"properties":{"apn":"086130A21300CO","address":"3623 HOGGETT FORD RD, HERMITAGE, TN  37076","year_built":2020,"owner":"WALENTYNOWICZ PAMELA GWYNNE","operator":""}},{"type":"Feature","geometry":{"type":"Point","coordinates":[-86.605452,36.05491]},"properties":{"apn":"164070A04500CO","address":"249 GROVEDALE TRCE, ANTIOCH, TN  37013","year_built":2015,"owner":"PROGRESS RESIDENTIAL BORROWER 12 LLC","operator":"Pretium Partners (Goldman Sachs)"}},{"type":"Feature","geometry":{"type":"Point","coordinates":[-86.605283,36.055071]},"properties":{"apn":"164070A04600CO","address":"1501 ROCKGLADE RUN, ANTIOCH, TN  37013","year_built":2015,"owner":"PROGRESS RESIDENTIAL BORROWER 12 LLC","operator":"Pretium Partners (Goldman Sachs)"}},{"type":"Feature","geometry":{"type":"Point","coordinates":[-86.902727,36.353244]},"properties":{"apn":"00800014700","address":"3909 BAXTER RD, JOELTON, TN  37080","year_built":2021,"owner":"THIBEDEAU PAUL LAWRENCE","operator":""}},{"type":"Feature","geometry":{"type":"Point","coordinates":[-86.817271,36.161428]},"properties":{"apn":"09206044600","address":"2714 BATAVIA ST, NASHVILLE, TN  37208","year_built":2020,"owner":"JACKSON BUILDERS LLC","operator":""}},{"type":"Feature","geometry":{"type":"Point","coordinates":[-86.681808,36.004571]},"properties":{"apn":"181070A03900CO","address":"9717 KATZ LN, BRENTWOOD, TN  37027","year_built":2020,"owner":"TIAN PING","operator":""}},{"type":"Feature","geometry":{"type":"Point","coordinates":[-86.623486,36.167193]},"properties":{"apn":"097020A59800CO","address":"2845 WHITEBIRCH DR, HERMITAGE, TN  37076","year_built":2017,"owner":"GAITANI FAMILY TRUST","operator":""}},{"type":"Feature","geometry":{"type":"Point","coordinates":[-86.862689,36.102735]},"properties":{"apn":"13002018200","address":"105 D LAFAYETTE CT, NASHVILLE, TN  37205","year_built":2021,"owner":"ASHLAND RENTALS LLC","operator":""}},{"type":"Feature","geometry":{"type":"Point","coordinates":[-86.862647,36.10281]},"properties":{"apn":"13002018100","address":"105 C LAFAYETTE CT, NASHVILLE, TN  37205","year_built":2020,"owner":"ASHLAND RENTALS LLC","operator":""}},{"type":"Feature","geometry":{"type":"Point","coordinates":[-86.581235,36.151448]},"properties":{"apn":"098130F00900CO","address":"5940 HAGAR VALLEY DR, HERMITAGE, TN  37076","year_built":2023,"owner":"AMH TN DEVELOPMENT LLC","operator":"AMH (NYSE: AMH)"}},{"type":"Feature","geometry":{"type":"Point","coordinates":[-86.580969,36.151421]},"properties":{"apn":"098130F01000CO","address":"5944 HAGAR VALLEY DR, HERMITAGE, TN  37076","year_built":2023,"owner":"AMH TN DEVELOPMENT LLC","operator":"AMH (NYSE: AMH)"}},{"type":"Feature","geometry":{"type":"Point","coordinates":[-86.581837,36.151509]},"properties":{"apn":"098130F00800CO","address":"5932 HAGAR VALLEY DR, HERMITAGE, TN  37076","year_built":2023,"owner":"AMH TN DEVELOPMENT LLC","operator":"AMH (NYSE: AMH)"}},{"type":"Feature","geometry":{"type":"Point","coordinates":[-86.578572,36.151623]},"properties":{"apn":"098130F02100CO","address":"5981 HAGAR VALLEY DR, HERMITAGE, TN  37076","year_built":2023,"owner":"AMH TN DEVELOPMENT LLC","operator":"AMH (NYSE: AMH)"}},{"type":"Feature","geometry":{"type":"Point","coordinates":[-86.580702,36.151395]},"properties":{"apn":"098130F01100CO","address":"5948 HAGAR VALLEY DR, HERMITAGE, TN  37076","year_built":2023,"owner":"AMH TN DEVELOPMENT LLC","operator":"AMH (NYSE: AMH)"}},{"type":"Feature","geometry":{"type":"Point","coordinates":[-86.579325,36.151695]},"properties":{"apn":"098130F02400CO","address":"5969 HAGAR VALLEY DR, HERMITAGE, TN  37076","year_built":2023,"owner":"AMH TN DEVELOPMENT LLC","operator":"AMH (NYSE: AMH)"}},{"type":"Feature","geometry":{"type":"Point","coordinates":[-86.580084,36.151751]},"properties":{"apn":"098130F02700CO","address":"5957 HAGAR VALLEY DR, HERMITAGE, TN  37076","year_built":2023,"owner":"AMH TN DEVELOPMENT LLC","operator":"AMH (NYSE: AMH)"}},{"type":"Feature","geometry":{"type":"Point","coordinates":[-86.579831,36.151732]},"properties":{"apn":"098130F02600CO","address":"5961 HAGAR VALLEY DR, HERMITAGE, TN  37076","year_built":2023,"owner":"AMH TN DEVELOPMENT LLC","operator":"AMH (NYSE: AMH)"}},{"type":"Feature","geometry":{"type":"Point","coordinates":[-86.579933,36.151325]},"properties":{"apn":"098130F01400CO","address":"5960 HAGAR VALLEY DR, HERMITAGE, TN  37076","year_built":2023,"owner":"AMH TN DEVELOPMENT LLC","operator":"AMH (NYSE: AMH)"}},{"type":"Feature","geometry":{"type":"Point","coordinates":[-86.579578,36.151713]},"properties":{"apn":"098130F02500CO","address":"5965 HAGAR VALLEY DR, HERMITAGE, TN  37076","year_built":2023,"owner":"AMH TN DEVELOPMENT LLC","operator":"AMH (NYSE: AMH)"}},{"type":"Feature","geometry":{"type":"Point","coordinates":[-86.579681,36.151301]},"properties":{"apn":"098130F01500CO","address":"5964 HAGAR VALLEY DR, HERMITAGE, TN  37076","year_built":2023,"owner":"AMH TN DEVELOPMENT LLC","operator":"AMH (NYSE: AMH)"}},{"type":"Feature","geometry":{"type":"Point","coordinates":[-86.579428,36.151277]},"properties":{"apn":"098130F01600CO","address":"5968 HAGAR VALLEY DR, HERMITAGE, TN  37076","year_built":2023,"owner":"AMH TN DEVELOPMENT LLC","operator":"AMH (NYSE: AMH)"}},{"type":"Feature","geometry":{"type":"Point","coordinates":[-86.579176,36.151253]},"properties":{"apn":"098130F01700CO","address":"5972 HAGAR VALLEY DR, HERMITAGE, TN  37076","year_built":2023,"owner":"AMH TN DEVELOPMENT LLC","operator":"AMH (NYSE: AMH)"}},{"type":"Feature","geometry":{"type":"Point","coordinates":[-86.579072,36.151676]},"properties":{"apn":"098130F02300CO","address":"5973 HAGAR VALLEY DR, HERMITAGE, TN  37076","year_built":2023,"owner":"AMH TN DEVELOPMENT LLC","operator":"AMH (NYSE: AMH)"}},{"type":"Feature","geometry":{"type":"Point","coordinates":[-86.578819,36.151658]},"properties":{"apn":"098130F02200CO","address":"5977 HAGAR VALLEY DR, HERMITAGE, TN  37076","year_built":2023,"owner":"AMH TN DEVELOPMENT LLC","operator":"AMH (NYSE: AMH)"}},{"type":"Feature","geometry":{"type":"Point","coordinates":[-86.578924,36.151229]},"properties":{"apn":"098130F01800CO","address":"5976 HAGAR VALLEY DR, HERMITAGE, TN  37076","year_built":2023,"owner":"AMH TN DEVELOPMENT LLC","operator":"AMH (NYSE: AMH)"}},{"type":"Feature","geometry":{"type":"Point","coordinates":[-86.578645,36.151196]},"properties":{"apn":"098130F01900CO","address":"5980 HAGAR VALLEY DR, HERMITAGE, TN  37076","year_built":2023,"owner":"AMH TN DEVELOPMENT LLC","operator":"AMH (NYSE: AMH)"}},{"type":"Feature","geometry":{"type":"Point","coordinates":[-86.578348,36.151195]},"properties":{"apn":"098130F02000CO","address":"5984 HAGAR VALLEY DR, HERMITAGE, TN  37076","year_built":2023,"owner":"AMH TN DEVELOPMENT LLC","operator":"AMH (NYSE: AMH)"}},{"type":"Feature","geometry":{"type":"Point","coordinates":[-86.580343,36.151771]},"properties":{"apn":"098130F02800CO","address":"5953 HAGAR VALLEY DR, HERMITAGE, TN  37076","year_built":2023,"owner":"AMH TN DEVELOPMENT LLC","operator":"AMH (NYSE: AMH)"}},{"type":"Feature","geometry":{"type":"Point","coordinates":[-86.580611,36.151784]},"properties":{"apn":"098130F02900CO","address":"5949 HAGAR VALLEY DR, HERMITAGE, TN  37076","year_built":2023,"owner":"AMH TN DEVELOPMENT LLC","operator":"AMH (NYSE: AMH)"}},{"type":"Feature","geometry":{"type":"Point","coordinates":[-86.580185,36.151349]},"properties":{"apn":"098130F01300CO","address":"5956 HAGAR VALLEY DR, HERMITAGE, TN  37076","year_built":2023,"owner":"AMH TN DEVELOPMENT LLC","operator":"AMH (NYSE: AMH)"}},{"type":"Feature","geometry":{"type":"Point","coordinates":[-86.580876,36.151805]},"properties":{"apn":"098130F03000CO","address":"5945 HAGAR VALLEY DR, HERMITAGE, TN  37076","year_built":2023,"owner":"AMH TN DEVELOPMENT LLC","operator":"AMH (NYSE: AMH)"}},{"type":"Feature","geometry":{"type":"Point","coordinates":[-86.58044,36.151373]},"properties":{"apn":"098130F01200CO","address":"5952 HAGAR VALLEY DR, HERMITAGE, TN  37076","year_built":2023,"owner":"AMH TN DEVELOPMENT LLC","operator":"AMH (NYSE: AMH)"}},{"type":"Feature","geometry":{"type":"Point","coordinates":[-86.581147,36.151827]},"properties":{"apn":"098130F03100CO","address":"5941 HAGAR VALLEY DR, HERMITAGE, TN  37076","year_built":2023,"owner":"AMH TN DEVELOPMENT LLC","operator":"AMH (NYSE: AMH)"}},{"type":"Feature","geometry":{"type":"Point","coordinates":[-86.582424,36.151609]},"properties":{"apn":"098130F00600CO","address":"5924 HAGAR VALLEY DR, HERMITAGE, TN  37076","year_built":2023,"owner":"AMH TN DEVELOPMENT LLC","operator":"AMH (NYSE: AMH)"}},{"type":"Feature","geometry":{"type":"Point","coordinates":[-86.582138,36.151533]},"properties":{"apn":"098130F00700CO","address":"5928 HAGAR VALLEY DR, HERMITAGE, TN  37076","year_built":2023,"owner":"AMH TN DEVELOPMENT LLC","operator":"AMH (NYSE: AMH)"}},{"type":"Feature","geometry":{"type":"Point","coordinates":[-86.582694,36.151655]},"properties":{"apn":"098130F00500CO","address":"5920 HAGAR VALLEY DR, HERMITAGE, TN  37076","year_built":2023,"owner":"AMH TN DEVELOPMENT LLC","operator":"AMH (NYSE: AMH)"}},{"type":"Feature","geometry":{"type":"Point","coordinates":[-86.627677,36.172638]},"properties":{"apn":"086130A19400CO","address":"4157 MAGNOLIA FARMS DR, HERMITAGE, TN  37076","year_built":2020,"owner":"GUHA-MAURAS FAMILY REVOCABLE LV TR THE","operator":""}},{"type":"Feature","geometry":{"type":"Point","coordinates":[-86.582958,36.151667]},"properties":{"apn":"098130F00400CO","address":"5916 HAGAR VALLEY DR, HERMITAGE, TN  37076","year_built":2023,"owner":"AMH TN DEVELOPMENT LLC","operator":"AMH (NYSE: AMH)"}},{"type":"Feature","geometry":{"type":"Point","coordinates":[-86.583717,36.15172]},"properties":{"apn":"098130F00100CO","address":"5904 HAGAR VALLEY DR, HERMITAGE, TN  37076","year_built":2023,"owner":"AMH TN DEVELOPMENT LLC","operator":"AMH (NYSE: AMH)"}},{"type":"Feature","geometry":{"type":"Point","coordinates":[-86.583464,36.151702]},"properties":{"apn":"098130F00200CO","address":"5908 HAGAR VALLEY DR, HERMITAGE, TN  37076","year_built":2023,"owner":"AMH TN DEVELOPMENT LLC","operator":"AMH (NYSE: AMH)"}},{"type":"Feature","geometry":{"type":"Point","coordinates":[-86.583211,36.151684]},"properties":{"apn":"098130F00300CO","address":"5912 HAGAR VALLEY DR, HERMITAGE, TN  37076","year_built":2023,"owner":"AMH TN DEVELOPMENT LLC","operator":"AMH (NYSE: AMH)"}},{"type":"Feature","geometry":{"type":"Point","coordinates":[-86.628294,36.172326]},"properties":{"apn":"086130A20900CO","address":"3615 HOGGETT FORD RD, HERMITAGE, TN  37076","year_built":2020,"owner":"RAHMANI MICHELE J","operator":""}},{"type":"Feature","geometry":{"type":"Point","coordinates":[-86.646848,36.022187]},"properties":{"apn":"174110C00100CO","address":"1733 ELIJAH RYAN DR, ANTIOCH, TN  37013","year_built":2021,"owner":"REYES CONSTRUCTION INC","operator":""}},{"type":"Feature","geometry":{"type":"Point","coordinates":[-86.852705,36.157183]},"properties":{"apn":"09111033600","address":"5311 B ILLINOIS AVE, NASHVILLE, TN  37209","year_built":2017,"owner":"K PROPERTIES LLC","operator":""}},{"type":"Feature","geometry":{"type":"Point","coordinates":[-86.668418,36.020173]},"properties":{"apn":"182010A15600CO","address":"1508 SUNBEAM DR, ANTIOCH, TN  37013","year_built":2013,"owner":"PROGRESS RESIDENTIAL BORROWER 13 LLC","operator":"Pretium Partners (Goldman Sachs)"}},{"type":"Feature","geometry":{"type":"Point","coordinates":[-86.591957,36.046043]},"properties":{"apn":"164120B05100CO","address":"1344 TREE HOUSE DR, ANTIOCH, TN  37013","year_built":2020,"owner":"BUNO ANTHONY LOUIE MAGLAYA & KRISTIE","operator":""}},{"type":"Feature","geometry":{"type":"Point","coordinates":[-86.767802,36.029354]},"properties":{"apn":"171070B00700CO","address":"2205 CUMBERWELL CLOSE, BRENTWOOD, TN  37027","year_built":2011,"owner":"STAFFORD REVOCABLE LIVING TRUST","operator":""}},{"type":"Feature","geometry":{"type":"Point","coordinates":[-86.860689,36.153135]},"properties":{"apn":"09110027000","address":"512 C SNYDER AVE, NASHVILLE, TN  37209","year_built":2019,"owner":"LOPEZ STEVE GENARO & MACWILLIE VIRINIA-ANN SAXTON","operator":""}},{"type":"Feature","geometry":{"type":"Point","coordinates":[-86.572128,36.164899]},"properties":{"apn":"098020A03800CO","address":"7101 SILVERWOOD TRL, HERMITAGE, TN  37076","year_built":2020,"owner":"WAGGONER ANTHONY & ELLEN MICHELLE","operator":""}},{"type":"Feature","geometry":{"type":"Point","coordinates":[-86.597415,36.0433]},"properties":{"apn":"164160B08800CO","address":"2237 CAREFREE LN, ANTIOCH, TN  37013","year_built":2019,"owner":"ZELAYA CHARLIE","operator":""}},{"type":"Feature","geometry":{"type":"Point","coordinates":[-86.704842,36.24337]},"properties":{"apn":"05209016600","address":"2688 MIAMI AVE, NASHVILLE, TN  37214","year_built":2022,"owner":"O'SHONEY CRAIG","operator":""}},{"type":"Feature","geometry":{"type":"Point","coordinates":[-86.709087,36.194734]},"properties":{"apn":"07313024800","address":"1518 B ROSEBANK AVE, NASHVILLE, TN  37206","year_built":2020,"owner":"TAYLOR EMILY C","operator":""}},{"type":"Feature","geometry":{"type":"Point","coordinates":[-86.73303,36.02281]},"properties":{"apn":"172100E03100CO","address":"520 CERET ALY, NASHVILLE, TN  37211","year_built":2019,"owner":"WILSON ELLA & DAVID R","operator":""}},{"type":"Feature","geometry":{"type":"Point","coordinates":[-86.573057,36.039541]},"properties":{"apn":"165140A06400CO","address":"4940 CHUTNEY DR, ANTIOCH, TN  37013","year_built":2020,"owner":"AMH TN DEVELOPMENT LLC","operator":"AMH (NYSE: AMH)"}},{"type":"Feature","geometry":{"type":"Point","coordinates":[-86.572943,36.039685]},"properties":{"apn":"165140A06500CO","address":"4936 CHUTNEY DR, ANTIOCH, TN  37013","year_built":2020,"owner":"AMH TN DEVELOPMENT LLC","operator":"AMH (NYSE: AMH)"}},{"type":"Feature","geometry":{"type":"Point","coordinates":[-86.570911,36.043816]},"properties":{"apn":"165140A14300CO","address":"2101 OVERLAKE CIR, ANTIOCH, TN  37013","year_built":2022,"owner":"AMH TN DEVELOPMENT LLC","operator":"AMH (NYSE: AMH)"}},{"type":"Feature","geometry":{"type":"Point","coordinates":[-86.698262,36.021348]},"properties":{"apn":"173090B18200CO","address":"6457 SUNNYWOOD DR, NASHVILLE, TN  37211","year_built":2014,"owner":"AH4R-TN3 LLC","operator":"AMH (NYSE: AMH)"}},{"type":"Feature","geometry":{"type":"Point","coordinates":[-86.570465,36.043835]},"properties":{"apn":"165140A14500CO","address":"2109 OVERLAKE CIR, ANTIOCH, TN  37013","year_built":2022,"owner":"AMH TN DEVELOPMENT LLC","operator":"AMH (NYSE: AMH)"}},{"type":"Feature","geometry":{"type":"Point","coordinates":[-86.570692,36.043894]},"properties":{"apn":"165140A14400CO","address":"2105 OVERLAKE CIR, ANTIOCH, TN  37013","year_built":2022,"owner":"AMH TN DEVELOPMENT LLC","operator":"AMH (NYSE: AMH)"}},{"type":"Feature","geometry":{"type":"Point","coordinates":[-86.573055,36.042317]},"properties":{"apn":"165140A12700CO","address":"4720 CHUTNEY DR, ANTIOCH, TN  37013","year_built":2022,"owner":"AMH TN DEVELOPMENT LLC","operator":"AMH (NYSE: AMH)"}},{"type":"Feature","geometry":{"type":"Point","coordinates":[-86.572045,36.042866]},"properties":{"apn":"165140A12000CO","address":"4750 CHUTNEY DR, ANTIOCH, TN  37013","year_built":2022,"owner":"AMH TN DEVELOPMENT LLC","operator":"AMH (NYSE: AMH)"}},{"type":"Feature","geometry":{"type":"Point","coordinates":[-86.572185,36.042788]},"properties":{"apn":"165140A12100CO","address":"4746 CHUTNEY DR, ANTIOCH, TN  37013","year_built":2022,"owner":"AMH TN DEVELOPMENT LLC","operator":"AMH (NYSE: AMH)"}},{"type":"Feature","geometry":{"type":"Point","coordinates":[-86.572621,36.039866]},"properties":{"apn":"165140A06700CO","address":"4928 CHUTNEY DR, ANTIOCH, TN  37013","year_built":2020,"owner":"AMH TN DEVELOPMENT LLC","operator":"AMH (NYSE: AMH)"}},{"type":"Feature","geometry":{"type":"Point","coordinates":[-86.572325,36.042711]},"properties":{"apn":"165140A12200CO","address":"4740 CHUTNEY DR, ANTIOCH, TN  37013","year_built":2022,"owner":"AMH TN DEVELOPMENT LLC","operator":"AMH (NYSE: AMH)"}},{"type":"Feature","geometry":{"type":"Point","coordinates":[-86.572465,36.042634]},"properties":{"apn":"165140A12300CO","address":"4736 CHUTNEY DR, ANTIOCH, TN  37013","year_built":2022,"owner":"AMH TN DEVELOPMENT LLC","operator":"AMH (NYSE: AMH)"}},{"type":"Feature","geometry":{"type":"Point","coordinates":[-86.572605,36.042557]},"properties":{"apn":"165140A12400CO","address":"4732 CHUTNEY DR, ANTIOCH, TN  37013","year_built":2022,"owner":"AMH TN DEVELOPMENT LLC","operator":"AMH (NYSE: AMH)"}},{"type":"Feature","geometry":{"type":"Point","coordinates":[-86.572769,36.039775]},"properties":{"apn":"165140A06600CO","address":"4932 CHUTNEY DR, ANTIOCH, TN  37013","year_built":2020,"owner":"AMH TN DEVELOPMENT LLC","operator":"AMH (NYSE: AMH)"}},{"type":"Feature","geometry":{"type":"Point","coordinates":[-86.571553,36.043714]},"properties":{"apn":"165140A14000CO","address":"4769 CHUTNEY DR, ANTIOCH, TN  37013","year_built":2022,"owner":"AMH TN DEVELOPMENT LLC","operator":"AMH (NYSE: AMH)"}},{"type":"Feature","geometry":{"type":"Point","coordinates":[-86.572745,36.04248]},"properties":{"apn":"165140A12500CO","address":"4728 CHUTNEY DR, ANTIOCH, TN  37013","year_built":2022,"owner":"AMH TN DEVELOPMENT LLC","operator":"AMH (NYSE: AMH)"}},{"type":"Feature","geometry":{"type":"Point","coordinates":[-86.572888,36.042395]},"properties":{"apn":"165140A12600CO","address":"4724 CHUTNEY DR, ANTIOCH, TN  37013","year_built":2022,"owner":"AMH TN DEVELOPMENT LLC","operator":"AMH (NYSE: AMH)"}},{"type":"Feature","geometry":{"type":"Point","coordinates":[-86.573249,36.042274]},"properties":{"apn":"165140A12800CO","address":"4716 CHUTNEY DR, ANTIOCH, TN  37013","year_built":2022,"owner":"AMH TN DEVELOPMENT LLC","operator":"AMH (NYSE: AMH)"}},{"type":"Feature","geometry":{"type":"Point","coordinates":[-86.571765,36.04302]},"properties":{"apn":"165140A11800CO","address":"4758 CHUTNEY DR, ANTIOCH, TN  37013","year_built":2022,"owner":"AMH TN DEVELOPMENT LLC","operator":"AMH (NYSE: AMH)"}},{"type":"Feature","geometry":{"type":"Point","coordinates":[-86.571706,36.043616]},"properties":{"apn":"165140A13900CO","address":"4765 CHUTNEY DR, ANTIOCH, TN  37013","year_built":2022,"owner":"AMH TN DEVELOPMENT LLC","operator":"AMH (NYSE: AMH)"}},{"type":"Feature","geometry":{"type":"Point","coordinates":[-86.573116,36.042828]},"properties":{"apn":"165140A12900CO","address":"4725 CHUTNEY DR, ANTIOCH, TN  37013","year_built":2022,"owner":"AMH TN DEVELOPMENT LLC","operator":"AMH (NYSE: AMH)"}},{"type":"Feature","geometry":{"type":"Point","coordinates":[-86.57298,36.042915]},"properties":{"apn":"165140A13000CO","address":"4729 CHUTNEY DR, ANTIOCH, TN  37013","year_built":2022,"owner":"AMH TN DEVELOPMENT LLC","operator":"AMH (NYSE: AMH)"}},{"type":"Feature","geometry":{"type":"Point","coordinates":[-86.57284,36.042993]},"properties":{"apn":"165140A13100CO","address":"4733 CHUTNEY DR, ANTIOCH, TN  37013","year_built":2022,"owner":"AMH TN DEVELOPMENT LLC","operator":"AMH (NYSE: AMH)"}},{"type":"Feature","geometry":{"type":"Point","coordinates":[-86.571846,36.043539]},"properties":{"apn":"165140A13800CO","address":"4761 CHUTNEY DR, ANTIOCH, TN  37013","year_built":2022,"owner":"AMH TN DEVELOPMENT LLC","operator":"AMH (NYSE: AMH)"}},{"type":"Feature","geometry":{"type":"Point","coordinates":[-86.5727,36.04307]},"properties":{"apn":"165140A13200CO","address":"4737 CHUTNEY DR, ANTIOCH, TN  37013","year_built":2022,"owner":"AMH TN DEVELOPMENT LLC","operator":"AMH (NYSE: AMH)"}},{"type":"Feature","geometry":{"type":"Point","coordinates":[-86.571989,36.04346]},"properties":{"apn":"165140A13700CO","address":"4757 CHUTNEY DR, ANTIOCH, TN  37013","year_built":2022,"owner":"AMH TN DEVELOPMENT LLC","operator":"AMH (NYSE: AMH)"}},{"type":"Feature","geometry":{"type":"Point","coordinates":[-86.57256,36.043147]},"properties":{"apn":"165140A13300CO","address":"4741 CHUTNEY DR, ANTIOCH, TN  37013","year_built":2022,"owner":"AMH TN DEVELOPMENT LLC","operator":"AMH (NYSE: AMH)"}},{"type":"Feature","geometry":{"type":"Point","coordinates":[-86.572136,36.04338]},"properties":{"apn":"165140A13600CO","address":"4753 CHUTNEY DR, ANTIOCH, TN  37013","year_built":2022,"owner":"AMH TN DEVELOPMENT LLC","operator":"AMH (NYSE: AMH)"}},{"type":"Feature","geometry":{"type":"Point","coordinates":[-86.57228,36.043301]},"properties":{"apn":"165140A13500CO","address":"4749 CHUTNEY DR, ANTIOCH, TN  37013","year_built":2022,"owner":"AMH TN DEVELOPMENT LLC","operator":"AMH (NYSE: AMH)"}},{"type":"Feature","geometry":{"type":"Point","coordinates":[-86.57242,36.043224]},"properties":{"apn":"165140A13400CO","address":"4745 CHUTNEY DR, ANTIOCH, TN  37013","year_built":2022,"owner":"AMH TN DEVELOPMENT LLC","operator":"AMH (NYSE: AMH)"}},{"type":"Feature","geometry":{"type":"Point","coordinates":[-86.571905,36.042942]},"properties":{"apn":"165140A11900CO","address":"4754 CHUTNEY DR, ANTIOCH, TN  37013","year_built":2022,"owner":"AMH TN DEVELOPMENT LLC","operator":"AMH (NYSE: AMH)"}},{"type":"Feature","geometry":{"type":"Point","coordinates":[-86.571625,36.043097]},"properties":{"apn":"165140A11700CO","address":"4762 CHUTNEY DR, ANTIOCH, TN  37013","year_built":2022,"owner":"AMH TN DEVELOPMENT LLC","operator":"AMH (NYSE: AMH)"}},{"type":"Feature","geometry":{"type":"Point","coordinates":[-86.571114,36.043813]},"properties":{"apn":"165140A14200CO","address":"4777 CHUTNEY DR, ANTIOCH, TN  37013","year_built":2022,"owner":"AMH TN DEVELOPMENT LLC","operator":"AMH (NYSE: AMH)"}},{"type":"Feature","geometry":{"type":"Point","coordinates":[-86.667948,36.020258]},"properties":{"apn":"182010A15900CO","address":"799 EVENING AVE, ANTIOCH, TN  37013","year_built":2014,"owner":"AH4R-TN3 LLC","operator":"AMH (NYSE: AMH)"}},{"type":"Feature","geometry":{"type":"Point","coordinates":[-86.667931,36.019697]},"properties":{"apn":"182010A16100CO","address":"1501 SUNBEAM DR, ANTIOCH, TN  37013","year_built":2014,"owner":"AH4R-TN3 LLC","operator":"AMH (NYSE: AMH)"}},{"type":"Feature","geometry":{"type":"Point","coordinates":[-86.571348,36.043781]},"properties":{"apn":"165140A14100CO","address":"4773 CHUTNEY DR, ANTIOCH, TN  37013","year_built":2022,"owner":"AMH TN DEVELOPMENT LLC","operator":"AMH (NYSE: AMH)"}},{"type":"Feature","geometry":{"type":"Point","coordinates":[-86.57147,36.040743]},"properties":{"apn":"165140A07400CO","address":"4868 CHUTNEY DR, ANTIOCH, TN  37013","year_built":2020,"owner":"AMH TN DEVELOPMENT LLC","operator":"AMH (NYSE: AMH)"}},{"type":"Feature","geometry":{"type":"Point","coordinates":[-86.573203,36.040864]},"properties":{"apn":"165140A09200CO","address":"1364 LOMOND DR, ANTIOCH, TN  37013","year_built":2023,"owner":"AMH TN DEVELOPMENT LLC","operator":"AMH (NYSE: AMH)"}},{"type":"Feature","geometry":{"type":"Point","coordinates":[-86.572935,36.0408]},"properties":{"apn":"165140A09100CO","address":"1357 LOMOND DR, ANTIOCH, TN  37013","year_built":2023,"owner":"AMH TN DEVELOPMENT LLC","operator":"AMH (NYSE: AMH)"}},{"type":"Feature","geometry":{"type":"Point","coordinates":[-86.570976,36.040506]},"properties":{"apn":"165140A16400CO","address":"4877 CHUTNEY DR, ANTIOCH, TN  37013","year_built":2021,"owner":"AMH TN DEVELOPMENT LLC","operator":"AMH (NYSE: AMH)"}},{"type":"Feature","geometry":{"type":"Point","coordinates":[-86.57269,36.040882]},"properties":{"apn":"165140A09000CO","address":"1353 LOMOND DR, ANTIOCH, TN  37013","year_built":2023,"owner":"AMH TN DEVELOPMENT LLC","operator":"AMH (NYSE: AMH)"}},{"type":"Feature","geometry":{"type":"Point","coordinates":[-86.572551,36.041042]},"properties":{"apn":"165140A08900CO","address":"1349 LOMOND DR, ANTIOCH, TN  37013","year_built":2023,"owner":"AMH TN DEVELOPMENT LLC","operator":"AMH (NYSE: AMH)"}},{"type":"Feature","geometry":{"type":"Point","coordinates":[-86.571529,36.040608]},"properties":{"apn":"165140A07300CO","address":"4872 CHUTNEY DR, ANTIOCH, TN  37013","year_built":2020,"owner":"AMH TN DEVELOPMENT LLC","operator":"AMH (NYSE: AMH)"}},{"type":"Feature","geometry":{"type":"Point","coordinates":[-86.572557,36.041206]},"properties":{"apn":"165140A08800CO","address":"1345 LOMOND DR, ANTIOCH, TN  37013","year_built":2023,"owner":"AMH TN DEVELOPMENT LLC","operator":"AMH (NYSE: AMH)"}},{"type":"Feature","geometry":{"type":"Point","coordinates":[-86.572576,36.041617]},"properties":{"apn":"165140A08700CO","address":"1331 LOMOND DR, ANTIOCH, TN  37013","year_built":2022,"owner":"AMH TN DEVELOPMENT LLC","operator":"AMH (NYSE: AMH)"}},{"type":"Feature","geometry":{"type":"Point","coordinates":[-86.570913,36.040102]},"properties":{"apn":"165140A18400CO","address":"5404 LAKE WATER CT, ANTIOCH, TN  37013","year_built":2020,"owner":"AMH TN DEVELOPMENT LLC","operator":"AMH (NYSE: AMH)"}},{"type":"Feature","geometry":{"type":"Point","coordinates":[-86.572432,36.038954]},"properties":{"apn":"165140A20300CO","address":"4937 CHUTNEY DR, ANTIOCH, TN  37013","year_built":2021,"owner":"AMH TN DEVELOPMENT LLC","operator":"AMH (NYSE: AMH)"}},{"type":"Feature","geometry":{"type":"Point","coordinates":[-86.571457,36.039181]},"properties":{"apn":"165140A19300CO","address":"5217 LAKE MAXWELL DR, ANTIOCH, TN  37013","year_built":2020,"owner":"AMH TN DEVELOPMENT LLC","operator":"AMH (NYSE: AMH)"}},{"type":"Feature","geometry":{"type":"Point","coordinates":[-86.57149,36.039038]},"properties":{"apn":"165140A19400CO","address":"5221 LAKE MAXWELL DR, ANTIOCH, TN  37013","year_built":2020,"owner":"AMH TN DEVELOPMENT LLC","operator":"AMH (NYSE: AMH)"}},{"type":"Feature","geometry":{"type":"Point","coordinates":[-86.572463,36.038792]},"properties":{"apn":"165140A20400CO","address":"4941 CHUTNEY DR, ANTIOCH, TN  37013","year_built":2021,"owner":"AMH TN DEVELOPMENT LLC","operator":"AMH (NYSE: AMH)"}},{"type":"Feature","geometry":{"type":"Point","coordinates":[-86.573068,36.041849]},"properties":{"apn":"165140A09800CO","address":"1340 LOMOND DR, ANTIOCH, TN  37013","year_built":2023,"owner":"AMH TN DEVELOPMENT LLC","operator":"AMH (NYSE: AMH)"}},{"type":"Feature","geometry":{"type":"Point","coordinates":[-86.572036,36.039248]},"properties":{"apn":"165140A19600CO","address":"5212 LAKE MAXWELL DR, ANTIOCH, TN  37013","year_built":2020,"owner":"AMH TN DEVELOPMENT LLC","operator":"AMH (NYSE: AMH)"}},{"type":"Feature","geometry":{"type":"Point","coordinates":[-86.57204,36.039382]},"properties":{"apn":"165140A19700CO","address":"5208 LAKE MAXWELL DR, ANTIOCH, TN  37013","year_built":2020,"owner":"AMH TN DEVELOPMENT LLC","operator":"AMH (NYSE: AMH)"}},{"type":"Feature","geometry":{"type":"Point","coordinates":[-86.572456,36.039116]},"properties":{"apn":"165140A20200CO","address":"4933 CHUTNEY DR, ANTIOCH, TN  37013","year_built":2021,"owner":"AMH TN DEVELOPMENT LLC","operator":"AMH (NYSE: AMH)"}},{"type":"Feature","geometry":{"type":"Point","coordinates":[-86.57212,36.039498]},"properties":{"apn":"165140A19800CO","address":"5204 LAKE MAXWELL DR, ANTIOCH, TN  37013","year_built":2020,"owner":"AMH TN DEVELOPMENT LLC","operator":"AMH (NYSE: AMH)"}},{"type":"Feature","geometry":{"type":"Point","coordinates":[-86.572605,36.039283]},"properties":{"apn":"165140A20100CO","address":"4929 CHUTNEY DR, ANTIOCH, TN  37013","year_built":2021,"owner":"AMH TN DEVELOPMENT LLC","operator":"AMH (NYSE: AMH)"}},{"type":"Feature","geometry":{"type":"Point","coordinates":[-86.572436,36.03941]},"properties":{"apn":"165140A20000CO","address":"4925 CHUTNEY DR, ANTIOCH, TN  37013","year_built":2022,"owner":"AMH TN DEVELOPMENT LLC","operator":"AMH (NYSE: AMH)"}},{"type":"Feature","geometry":{"type":"Point","coordinates":[-86.572488,36.038636]},"properties":{"apn":"165140A20500CO","address":"4945 CHUTNEY DR, ANTIOCH, TN  37013","year_built":2021,"owner":"AMH TN DEVELOPMENT LLC","operator":"AMH (NYSE: AMH)"}},{"type":"Feature","geometry":{"type":"Point","coordinates":[-86.571438,36.039338]},"properties":{"apn":"165140A19200CO","address":"5213 LAKE MAXWELL DR, ANTIOCH, TN  37013","year_built":2020,"owner":"AMH TN DEVELOPMENT LLC","operator":"AMH (NYSE: AMH)"}},{"type":"Feature","geometry":{"type":"Point","coordinates":[-86.572423,36.04171]},"properties":{"apn":"165140A08600CO","address":"1327 LOMOND DR, ANTIOCH, TN  37013","year_built":2022,"owner":"AMH TN DEVELOPMENT LLC","operator":"AMH (NYSE: AMH)"}},{"type":"Feature","geometry":{"type":"Point","coordinates":[-86.571701,36.042101]},"properties":{"apn":"165140A08100CO","address":"1307 LOMOND DR, ANTIOCH, TN  37013","year_built":2022,"owner":"AMH TN DEVELOPMENT LLC","operator":"AMH (NYSE: AMH)"}},{"type":"Feature","geometry":{"type":"Point","coordinates":[-86.572277,36.041789]},"properties":{"apn":"165140A08500CO","address":"1323 LOMOND DR, ANTIOCH, TN  37013","year_built":2022,"owner":"AMH TN DEVELOPMENT LLC","operator":"AMH (NYSE: AMH)"}},{"type":"Feature","geometry":{"type":"Point","coordinates":[-86.572137,36.041866]},"properties":{"apn":"165140A08400CO","address":"1319 LOMOND DR, ANTIOCH, TN  37013","year_built":2022,"owner":"AMH TN DEVELOPMENT LLC","operator":"AMH (NYSE: AMH)"}},{"type":"Feature","geometry":{"type":"Point","coordinates":[-86.571191,36.040208]},"properties":{"apn":"165140A18500CO","address":"4901 CHUTNEY DR, ANTIOCH, TN  37013","year_built":2020,"owner":"AMH TN DEVELOPMENT LLC","operator":"AMH (NYSE: AMH)"}},{"type":"Feature","geometry":{"type":"Point","coordinates":[-86.571997,36.041943]},"properties":{"apn":"165140A08300CO","address":"1315 LOMOND DR, ANTIOCH, TN  37013","year_built":2022,"owner":"AMH TN DEVELOPMENT LLC","operator":"AMH (NYSE: AMH)"}},{"type":"Feature","geometry":{"type":"Point","coordinates":[-86.571854,36.042017]},"properties":{"apn":"165140A08200CO","address":"1311 LOMOND DR, ANTIOCH, TN  37013","year_built":2022,"owner":"AMH TN DEVELOPMENT LLC","operator":"AMH (NYSE: AMH)"}},{"type":"Feature","geometry":{"type":"Point","coordinates":[-86.571468,36.039966]},"properties":{"apn":"165140A18700CO","address":"4909 CHUTNEY DR, ANTIOCH, TN  37013","year_built":2020,"owner":"AMH TN DEVELOPMENT LLC","operator":"AMH (NYSE: AMH)"}},{"type":"Feature","geometry":{"type":"Point","coordinates":[-86.57254,36.038325]},"properties":{"apn":"165140A20700CO","address":"4953 CHUTNEY DR, ANTIOCH, TN  37013","year_built":2021,"owner":"AMH TN DEVELOPMENT LLC","operator":"AMH (NYSE: AMH)"}},{"type":"Feature","geometry":{"type":"Point","coordinates":[-86.571628,36.039877]},"properties":{"apn":"165140A18800CO","address":"4913 CHUTNEY DR, ANTIOCH, TN  37013","year_built":2020,"owner":"AMH TN DEVELOPMENT LLC","operator":"AMH (NYSE: AMH)"}},{"type":"Feature","geometry":{"type":"Point","coordinates":[-86.571789,36.03979]},"properties":{"apn":"165140A18900CO","address":"4917 CHUTNEY DR, ANTIOCH, TN  37013","year_built":2020,"owner":"AMH TN DEVELOPMENT LLC","operator":"AMH (NYSE: AMH)"}},{"type":"Feature","geometry":{"type":"Point","coordinates":[-86.571551,36.03964]},"properties":{"apn":"165140A19000CO","address":"5205 LAKE MAXWELL DR, ANTIOCH, TN  37013","year_built":2020,"owner":"AMH TN DEVELOPMENT LLC","operator":"AMH (NYSE: AMH)"}},{"type":"Feature","geometry":{"type":"Point","coordinates":[-86.571478,36.039491]},"properties":{"apn":"165140A19100CO","address":"5209 LAKE MAXWELL DR, ANTIOCH, TN  37013","year_built":2020,"owner":"AMH TN DEVELOPMENT LLC","operator":"AMH (NYSE: AMH)"}},{"type":"Feature","geometry":{"type":"Point","coordinates":[-86.684921,36.009573]},"properties":{"apn":"181030A26000CO","address":"7271 SANTEELAH WAY, ANTIOCH, TN  37013","year_built":2013,"owner":"AH4R-TN3 LLC","operator":"AMH (NYSE: AMH)"}},{"type":"Feature","geometry":{"type":"Point","coordinates":[-86.571345,36.04325]},"properties":{"apn":"165140A11500CO","address":"4770 CHUTNEY DR, ANTIOCH, TN  37013","year_built":2022,"owner":"AMH TN DEVELOPMENT LLC","operator":"AMH (NYSE: AMH)"}},{"type":"Feature","geometry":{"type":"Point","coordinates":[-86.571159,36.043342]},"properties":{"apn":"165140A11400CO","address":"4774 CHUTNEY DR, ANTIOCH, TN  37013","year_built":2022,"owner":"AMH TN DEVELOPMENT LLC","operator":"AMH (NYSE: AMH)"}},{"type":"Feature","geometry":{"type":"Point","coordinates":[-86.571706,36.042595]},"properties":{"apn":"165140A10700CO","address":"1304 LOMOND DR, ANTIOCH, TN  37013","year_built":2022,"owner":"AMH TN DEVELOPMENT LLC","operator":"AMH (NYSE: AMH)"}},{"type":"Feature","geometry":{"type":"Point","coordinates":[-86.571899,36.042555]},"properties":{"apn":"165140A10600CO","address":"1308 LOMOND DR, ANTIOCH, TN  37013","year_built":2022,"owner":"AMH TN DEVELOPMENT LLC","operator":"AMH (NYSE: AMH)"}},{"type":"Feature","geometry":{"type":"Point","coordinates":[-86.572065,36.042464]},"properties":{"apn":"165140A10500CO","address":"1312 LOMOND DR, ANTIOCH, TN  37013","year_built":2022,"owner":"AMH TN DEVELOPMENT LLC","operator":"AMH (NYSE: AMH)"}},{"type":"Feature","geometry":{"type":"Point","coordinates":[-86.572479,36.039953]},"properties":{"apn":"165140A06800CO","address":"4924 CHUTNEY DR, ANTIOCH, TN  37013","year_built":2020,"owner":"AMH TN DEVELOPMENT LLC","operator":"AMH (NYSE: AMH)"}},{"type":"Feature","geometry":{"type":"Point","coordinates":[-86.57203,36.040211]},"properties":{"apn":"165140A06900CO","address":"4912 CHUTNEY DR, ANTIOCH, TN  37013","year_built":2020,"owner":"AMH TN DEVELOPMENT LLC","operator":"AMH (NYSE: AMH)"}},{"type":"Feature","geometry":{"type":"Point","coordinates":[-86.572208,36.042378]},"properties":{"apn":"165140A10400CO","address":"1316 LOMOND DR, ANTIOCH, TN  37013","year_built":2022,"owner":"AMH TN DEVELOPMENT LLC","operator":"AMH (NYSE: AMH)"}},{"type":"Feature","geometry":{"type":"Point","coordinates":[-86.571485,36.043174]},"properties":{"apn":"165140A11600CO","address":"4766 CHUTNEY DR, ANTIOCH, TN  37013","year_built":2022,"owner":"AMH TN DEVELOPMENT LLC","operator":"AMH (NYSE: AMH)"}},{"type":"Feature","geometry":{"type":"Point","coordinates":[-86.572348,36.042301]},"properties":{"apn":"165140A10300CO","address":"1320 LOMOND DR, ANTIOCH, TN  37013","year_built":2022,"owner":"AMH TN DEVELOPMENT LLC","operator":"AMH (NYSE: AMH)"}},{"type":"Feature","geometry":{"type":"Point","coordinates":[-86.572488,36.042224]},"properties":{"apn":"165140A10200CO","address":"1324 LOMOND DR, ANTIOCH, TN  37013","year_built":2022,"owner":"AMH TN DEVELOPMENT LLC","operator":"AMH (NYSE: AMH)"}},{"type":"Feature","geometry":{"type":"Point","coordinates":[-86.572628,36.042147]},"properties":{"apn":"165140A10100CO","address":"1328 LOMOND DR, ANTIOCH, TN  37013","year_built":2022,"owner":"AMH TN DEVELOPMENT LLC","operator":"AMH (NYSE: AMH)"}},{"type":"Feature","geometry":{"type":"Point","coordinates":[-86.571744,36.040372]},"properties":{"apn":"165140A07100CO","address":"4904 CHUTNEY DR, ANTIOCH, TN  37013","year_built":2020,"owner":"AMH TN DEVELOPMENT LLC","operator":"AMH (NYSE: AMH)"}},{"type":"Feature","geometry":{"type":"Point","coordinates":[-86.57162,36.040483]},"properties":{"apn":"165140A07200CO","address":"4900 CHUTNEY DR, ANTIOCH, TN  37013","year_built":2020,"owner":"AMH TN DEVELOPMENT LLC","operator":"AMH (NYSE: AMH)"}},{"type":"Feature","geometry":{"type":"Point","coordinates":[-86.571894,36.040292]},"properties":{"apn":"165140A07000CO","address":"4908 CHUTNEY DR, ANTIOCH, TN  37013","year_built":2020,"owner":"AMH TN DEVELOPMENT LLC","operator":"AMH (NYSE: AMH)"}},{"type":"Feature","geometry":{"type":"Point","coordinates":[-86.57278,36.042074]},"properties":{"apn":"165140A10000CO","address":"1332 LOMOND DR, ANTIOCH, TN  37013","year_built":2022,"owner":"AMH TN DEVELOPMENT LLC","operator":"AMH (NYSE: AMH)"}},{"type":"Feature","geometry":{"type":"Point","coordinates":[-86.572514,36.038481]},"properties":{"apn":"165140A20600CO","address":"4949 CHUTNEY DR, ANTIOCH, TN  37013","year_built":2021,"owner":"AMH TN DEVELOPMENT LLC","operator":"AMH (NYSE: AMH)"}},{"type":"Feature","geometry":{"type":"Point","coordinates":[-86.572928,36.041973]},"properties":{"apn":"165140A09900CO","address":"1336 LOMOND DR, ANTIOCH, TN  37013","year_built":2023,"owner":"AMH TN DEVELOPMENT LLC","operator":"AMH (NYSE: AMH)"}},{"type":"Feature","geometry":{"type":"Point","coordinates":[-86.573217,36.041663]},"properties":{"apn":"165140A09700CO","address":"1344 LOMOND DR, ANTIOCH, TN  37013","year_built":2023,"owner":"AMH TN DEVELOPMENT LLC","operator":"AMH (NYSE: AMH)"}},{"type":"Feature","geometry":{"type":"Point","coordinates":[-86.573292,36.041522]},"properties":{"apn":"165140A09600CO","address":"1348 LOMOND DR, ANTIOCH, TN  37013","year_built":2023,"owner":"AMH TN DEVELOPMENT LLC","operator":"AMH (NYSE: AMH)"}},{"type":"Feature","geometry":{"type":"Point","coordinates":[-86.573341,36.041375]},"properties":{"apn":"165140A09500CO","address":"1352 LOMOND DR, ANTIOCH, TN  37013","year_built":2023,"owner":"AMH TN DEVELOPMENT LLC","operator":"AMH (NYSE: AMH)"}},{"type":"Feature","geometry":{"type":"Point","coordinates":[-86.573372,36.041224]},"properties":{"apn":"165140A09400CO","address":"1356 LOMOND DR, ANTIOCH, TN  37013","year_built":2023,"owner":"AMH TN DEVELOPMENT LLC","operator":"AMH (NYSE: AMH)"}},{"type":"Feature","geometry":{"type":"Point","coordinates":[-86.573366,36.04104]},"properties":{"apn":"165140A09300CO","address":"1360 LOMOND DR, ANTIOCH, TN  37013","year_built":2023,"owner":"AMH TN DEVELOPMENT LLC","operator":"AMH (NYSE: AMH)"}},{"type":"Feature","geometry":{"type":"Point","coordinates":[-86.572227,36.039617]},"properties":{"apn":"165140A19900CO","address":"5200 LAKE MAXWELL DR, ANTIOCH, TN  37013","year_built":2020,"owner":"AMH TN DEVELOPMENT LLC","operator":"AMH (NYSE: AMH)"}},{"type":"Feature","geometry":{"type":"Point","coordinates":[-86.570837,36.043102]},"properties":{"apn":"165140A11300CO","address":"4812 CHUTNEY DR, ANTIOCH, TN  37013","year_built":2022,"owner":"AMH TN DEVELOPMENT LLC","operator":"AMH (NYSE: AMH)"}},{"type":"Feature","geometry":{"type":"Point","coordinates":[-86.571007,36.042815]},"properties":{"apn":"165140A11100CO","address":"4820 CHUTNEY DR, ANTIOCH, TN  37013","year_built":2022,"owner":"AMH TN DEVELOPMENT LLC","operator":"AMH (NYSE: AMH)"}},{"type":"Feature","geometry":{"type":"Point","coordinates":[-86.571084,36.042693]},"properties":{"apn":"165140A11000CO","address":"4824 CHUTNEY DR, ANTIOCH, TN  37013","year_built":2022,"owner":"AMH TN DEVELOPMENT LLC","operator":"AMH (NYSE: AMH)"}},{"type":"Feature","geometry":{"type":"Point","coordinates":[-86.571161,36.04257]},"properties":{"apn":"165140A10900CO","address":"4828 CHUTNEY DR, ANTIOCH, TN  37013","year_built":2022,"owner":"AMH TN DEVELOPMENT LLC","operator":"AMH (NYSE: AMH)"}},{"type":"Feature","geometry":{"type":"Point","coordinates":[-86.571255,36.042437]},"properties":{"apn":"165140A10800CO","address":"4832 CHUTNEY DR, ANTIOCH, TN  37013","year_built":2022,"owner":"AMH TN DEVELOPMENT LLC","operator":"AMH (NYSE: AMH)"}},{"type":"Feature","geometry":{"type":"Point","coordinates":[-86.571575,36.041709]},"properties":{"apn":"165140A08000CO","address":"4844 CHUTNEY DR, ANTIOCH, TN  37013","year_built":2022,"owner":"AMH TN DEVELOPMENT LLC","operator":"AMH (NYSE: AMH)"}},{"type":"Feature","geometry":{"type":"Point","coordinates":[-86.571533,36.041459]},"properties":{"apn":"165140A07900CO","address":"4848 CHUTNEY DR, ANTIOCH, TN  37013","year_built":2022,"owner":"AMH TN DEVELOPMENT LLC","operator":"AMH (NYSE: AMH)"}},{"type":"Feature","geometry":{"type":"Point","coordinates":[-86.571512,36.041323]},"properties":{"apn":"165140A07800CO","address":"4852 CHUTNEY DR, ANTIOCH, TN  37013","year_built":2022,"owner":"AMH TN DEVELOPMENT LLC","operator":"AMH (NYSE: AMH)"}},{"type":"Feature","geometry":{"type":"Point","coordinates":[-86.570325,36.043098]},"properties":{"apn":"165140A14900CO","address":"4805 CHUTNEY DR, ANTIOCH, TN  37013","year_built":2022,"owner":"AMH TN DEVELOPMENT LLC","operator":"AMH (NYSE: AMH)"}},{"type":"Feature","geometry":{"type":"Point","coordinates":[-86.571466,36.041048]},"properties":{"apn":"165140A07600CO","address":"4860 CHUTNEY DR, ANTIOCH, TN  37013","year_built":2021,"owner":"AMH TN DEVELOPMENT LLC","operator":"AMH (NYSE: AMH)"}},{"type":"Feature","geometry":{"type":"Point","coordinates":[-86.675062,36.029817]},"properties":{"apn":"173080A12800CO","address":"3081 BLUFFHOLLOW GAP, ANTIOCH, TN  37013","year_built":2014,"owner":"AH4R-TN3 LLC","operator":"AMH (NYSE: AMH)"}},{"type":"Feature","geometry":{"type":"Point","coordinates":[-86.680189,36.030424]},"properties":{"apn":"173080A07600CO","address":"5652 DEER VALLEY TRL, ANTIOCH, TN  37013","year_built":2014,"owner":"AH4R-TN3 LLC","operator":"AMH (NYSE: AMH)"}},{"type":"Feature","geometry":{"type":"Point","coordinates":[-86.683469,36.035287]},"properties":{"apn":"173040A41300CO","address":"1404 NAPA PT W, ANTIOCH, TN  37013","year_built":2014,"owner":"AH4R-TN3 LLC","operator":"AMH (NYSE: AMH)"}},{"type":"Feature","geometry":{"type":"Point","coordinates":[-86.570771,36.042166]},"properties":{"apn":"165140A15600CO","address":"4833 CHUTNEY DR, ANTIOCH, TN  37013","year_built":2022,"owner":"AMH TN DEVELOPMENT LLC","operator":"AMH (NYSE: AMH)"}},{"type":"Feature","geometry":{"type":"Point","coordinates":[-86.683743,36.034869]},"properties":{"apn":"173040A41000CO","address":"1413 NAPA PT W, ANTIOCH, TN  37013","year_built":2015,"owner":"AH4R-TN3 LLC","operator":"AMH (NYSE: AMH)"}},{"type":"Feature","geometry":{"type":"Point","coordinates":[-86.682899,36.0345]},"properties":{"apn":"173040A37200CO","address":"5550 OAK CHASE DR, ANTIOCH, TN  37013","year_built":2014,"owner":"AH4R-TN3 LLC","operator":"AMH (NYSE: AMH)"}},{"type":"Feature","geometry":{"type":"Point","coordinates":[-86.683556,36.034554]},"properties":{"apn":"173040A36900CO","address":"5562 OAK CHASE DR, ANTIOCH, TN  37013","year_built":2014,"owner":"AH4R-TN3 LLC","operator":"AMH (NYSE: AMH)"}},{"type":"Feature","geometry":{"type":"Point","coordinates":[-86.684117,36.034287]},"properties":{"apn":"173040A36500CO","address":"5565 OAK CHASE DR, ANTIOCH, TN  37013","year_built":2015,"owner":"AH4R-TN3 LLC","operator":"AMH (NYSE: AMH)"}},{"type":"Feature","geometry":{"type":"Point","coordinates":[-86.570694,36.042288]},"properties":{"apn":"165140A15500CO","address":"4829 CHUTNEY DR, ANTIOCH, TN  37013","year_built":2022,"owner":"AMH TN DEVELOPMENT LLC","operator":"AMH (NYSE: AMH)"}},{"type":"Feature","geometry":{"type":"Point","coordinates":[-86.684176,36.033604]},"properties":{"apn":"173040A34000CO","address":"5749 SONOMA TRCE, ANTIOCH, TN  37013","year_built":2015,"owner":"AH4R-TN3 LLC","operator":"AMH (NYSE: AMH)"}},{"type":"Feature","geometry":{"type":"Point","coordinates":[-86.682661,36.032869]},"properties":{"apn":"173040A32600CO","address":"908 CABERNET TRL, ANTIOCH, TN  37013","year_built":2015,"owner":"AH4R-TN3 LLC","operator":"AMH (NYSE: AMH)"}},{"type":"Feature","geometry":{"type":"Point","coordinates":[-86.682436,36.032793]},"properties":{"apn":"173040A32500CO","address":"912 CABERNET TRL, ANTIOCH, TN  37013","year_built":2015,"owner":"AH4R-TN3 LLC","operator":"AMH (NYSE: AMH)"}},{"type":"Feature","geometry":{"type":"Point","coordinates":[-86.680268,36.033611]},"properties":{"apn":"173040A23500CO","address":"5304 RIDGEFALLS WAY, ANTIOCH, TN  37013","year_built":2014,"owner":"AH4R-TN3 LLC","operator":"AMH (NYSE: AMH)"}},{"type":"Feature","geometry":{"type":"Point","coordinates":[-86.679653,36.034002]},"properties":{"apn":"173040A19600CO","address":"4817 AARON DR, ANTIOCH, TN  37013","year_built":2015,"owner":"AH4R-TN3 LLC","operator":"AMH (NYSE: AMH)"}},{"type":"Feature","geometry":{"type":"Point","coordinates":[-86.570616,36.04241]},"properties":{"apn":"165140A15400CO","address":"4825 CHUTNEY DR, ANTIOCH, TN  37013","year_built":2022,"owner":"AMH TN DEVELOPMENT LLC","operator":"AMH (NYSE: AMH)"}},{"type":"Feature","geometry":{"type":"Point","coordinates":[-86.570539,36.042532]},"properties":{"apn":"165140A15300CO","address":"4821 CHUTNEY DR, ANTIOCH, TN  37013","year_built":2022,"owner":"AMH TN DEVELOPMENT LLC","operator":"AMH (NYSE: AMH)"}},{"type":"Feature","geometry":{"type":"Point","coordinates":[-86.570462,36.042654]},"properties":{"apn":"165140A15200CO","address":"4817 CHUTNEY DR, ANTIOCH, TN  37013","year_built":2022,"owner":"AMH TN DEVELOPMENT LLC","operator":"AMH (NYSE: AMH)"}},{"type":"Feature","geometry":{"type":"Point","coordinates":[-86.570373,36.042784]},"properties":{"apn":"165140A15100CO","address":"4813 CHUTNEY DR, ANTIOCH, TN  37013","year_built":2022,"owner":"AMH TN DEVELOPMENT LLC","operator":"AMH (NYSE: AMH)"}},{"type":"Feature","geometry":{"type":"Point","coordinates":[-86.570313,36.042938]},"properties":{"apn":"165140A15000CO","address":"4809 CHUTNEY DR, ANTIOCH, TN  37013","year_built":2022,"owner":"AMH TN DEVELOPMENT LLC","operator":"AMH (NYSE: AMH)"}},{"type":"Feature","geometry":{"type":"Point","coordinates":[-86.571491,36.041187]},"properties":{"apn":"165140A07700CO","address":"4856 CHUTNEY DR, ANTIOCH, TN  37013","year_built":2022,"owner":"AMH TN DEVELOPMENT LLC","operator":"AMH (NYSE: AMH)"}},{"type":"Feature","geometry":{"type":"Point","coordinates":[-86.571446,36.040896]},"properties":{"apn":"165140A07500CO","address":"4864 CHUTNEY DR, ANTIOCH, TN  37013","year_built":2021,"owner":"AMH TN DEVELOPMENT LLC","operator":"AMH (NYSE: AMH)"}},{"type":"Feature","geometry":{"type":"Point","coordinates":[-86.675327,36.029281]},"properties":{"apn":"173080A13000CO","address":"3072 BLUFFHOLLOW GAP, ANTIOCH, TN  37013","year_built":2014,"owner":"AH4R-TN3 LLC","operator":"AMH (NYSE: AMH)"}},{"type":"Feature","geometry":{"type":"Point","coordinates":[-86.570233,36.040365]},"properties":{"apn":"165140A18300CO","address":"5420 LAKE WATER CT, ANTIOCH, TN  37013","year_built":2022,"owner":"AMH TN DEVELOPMENT LLC","operator":"AMH (NYSE: AMH)"}},{"type":"Feature","geometry":{"type":"Point","coordinates":[-86.569971,36.040538]},"properties":{"apn":"165140A18100CO","address":"5428 LAKE WATER CT, ANTIOCH, TN  37013","year_built":2022,"owner":"AMH TN DEVELOPMENT LLC","operator":"AMH (NYSE: AMH)"}},{"type":"Feature","geometry":{"type":"Point","coordinates":[-86.56983,36.040629]},"properties":{"apn":"165140A18000CO","address":"5432 LAKE WATER CT, ANTIOCH, TN  37013","year_built":2022,"owner":"AMH TN DEVELOPMENT LLC","operator":"AMH (NYSE: AMH)"}},{"type":"Feature","geometry":{"type":"Point","coordinates":[-86.569668,36.040694]},"properties":{"apn":"165140A17900CO","address":"5436 LAKE WATER CT, ANTIOCH, TN  37013","year_built":2022,"owner":"AMH TN DEVELOPMENT LLC","operator":"AMH (NYSE: AMH)"}},{"type":"Feature","geometry":{"type":"Point","coordinates":[-86.569463,36.04075]},"properties":{"apn":"165140A17800CO","address":"5440 LAKE WATER CT, ANTIOCH, TN  37013","year_built":2022,"owner":"AMH TN DEVELOPMENT LLC","operator":"AMH (NYSE: AMH)"}},{"type":"Feature","geometry":{"type":"Point","coordinates":[-86.569253,36.040882]},"properties":{"apn":"165140A17700CO","address":"5444 LAKE WATER CT, ANTIOCH, TN  37013","year_built":2022,"owner":"AMH TN DEVELOPMENT LLC","operator":"AMH (NYSE: AMH)"}},{"type":"Feature","geometry":{"type":"Point","coordinates":[-86.569225,36.041094]},"properties":{"apn":"165140A17600CO","address":"5448 LAKE WATER CT, ANTIOCH, TN  37013","year_built":2022,"owner":"AMH TN DEVELOPMENT LLC","operator":"AMH (NYSE: AMH)"}},{"type":"Feature","geometry":{"type":"Point","coordinates":[-86.569348,36.041282]},"properties":{"apn":"165140A17500CO","address":"5449 LAKE WATER CT, ANTIOCH, TN  37013","year_built":2022,"owner":"AMH TN DEVELOPMENT LLC","operator":"AMH (NYSE: AMH)"}},{"type":"Feature","geometry":{"type":"Point","coordinates":[-86.569544,36.04138]},"properties":{"apn":"165140A17400CO","address":"5445 LAKE WATER CT, ANTIOCH, TN  37013","year_built":2022,"owner":"AMH TN DEVELOPMENT LLC","operator":"AMH (NYSE: AMH)"}},{"type":"Feature","geometry":{"type":"Point","coordinates":[-86.569765,36.04138]},"properties":{"apn":"165140A17300CO","address":"5441 LAKE WATER CT, ANTIOCH, TN  37013","year_built":2022,"owner":"AMH TN DEVELOPMENT LLC","operator":"AMH (NYSE: AMH)"}},{"type":"Feature","geometry":{"type":"Point","coordinates":[-86.569928,36.041278]},"properties":{"apn":"165140A17200CO","address":"5437 LAKE WATER CT, ANTIOCH, TN  37013","year_built":2022,"owner":"AMH TN DEVELOPMENT LLC","operator":"AMH (NYSE: AMH)"}},{"type":"Feature","geometry":{"type":"Point","coordinates":[-86.570026,36.041136]},"properties":{"apn":"165140A17100CO","address":"5433 LAKE WATER CT, ANTIOCH, TN  37013","year_built":2022,"owner":"AMH TN DEVELOPMENT LLC","operator":"AMH (NYSE: AMH)"}},{"type":"Feature","geometry":{"type":"Point","coordinates":[-86.570144,36.041026]},"properties":{"apn":"165140A17000CO","address":"5429 LAKE WATER CT, ANTIOCH, TN  37013","year_built":2022,"owner":"AMH TN DEVELOPMENT LLC","operator":"AMH (NYSE: AMH)"}},{"type":"Feature","geometry":{"type":"Point","coordinates":[-86.570281,36.040925]},"properties":{"apn":"165140A16900CO","address":"5425 LAKE WATER CT, ANTIOCH, TN  37013","year_built":2022,"owner":"AMH TN DEVELOPMENT LLC","operator":"AMH (NYSE: AMH)"}},{"type":"Feature","geometry":{"type":"Point","coordinates":[-86.570421,36.040806]},"properties":{"apn":"165140A16800CO","address":"5421 LAKE WATER CT, ANTIOCH, TN  37013","year_built":2022,"owner":"AMH TN DEVELOPMENT LLC","operator":"AMH (NYSE: AMH)"}},{"type":"Feature","geometry":{"type":"Point","coordinates":[-86.570102,36.040451]},"properties":{"apn":"165140A18200CO","address":"5424 LAKE WATER CT, ANTIOCH, TN  37013","year_built":2022,"owner":"AMH TN DEVELOPMENT LLC","operator":"AMH (NYSE: AMH)"}},{"type":"Feature","geometry":{"type":"Point","coordinates":[-86.570711,36.040117]},"properties":{"apn":"165140A21000CO","address":"5408 LAKE WATER CT, ANTIOCH, TN  37013","year_built":2022,"owner":"AMH TN DEVELOPMENT LLC","operator":"AMH (NYSE: AMH)"}},{"type":"Feature","geometry":{"type":"Point","coordinates":[-86.573131,36.039207]},"properties":{"apn":"165140A06200CO","address":"4948 CHUTNEY DR, ANTIOCH, TN  37013","year_built":2020,"owner":"AMH TN DEVELOPMENT LLC","operator":"AMH (NYSE: AMH)"}},{"type":"Feature","geometry":{"type":"Point","coordinates":[-86.570523,36.04018]},"properties":{"apn":"165140A20900CO","address":"5412 LAKE WATER CT, ANTIOCH, TN  37013","year_built":2022,"owner":"AMH TN DEVELOPMENT LLC","operator":"AMH (NYSE: AMH)"}},{"type":"Feature","geometry":{"type":"Point","coordinates":[-86.570365,36.04027]},"properties":{"apn":"165140A20800CO","address":"5416 LAKE WATER CT, ANTIOCH, TN  37013","year_built":2022,"owner":"AMH TN DEVELOPMENT LLC","operator":"AMH (NYSE: AMH)"}},{"type":"Feature","geometry":{"type":"Point","coordinates":[-86.631477,36.011276]},"properties":{"apn":"183050A41300CO","address":"5292 CATSPAW DR, ANTIOCH, TN  37013","year_built":2013,"owner":"AH4R-TN3 LLC","operator":"AMH (NYSE: AMH)"}},{"type":"Feature","geometry":{"type":"Point","coordinates":[-86.631595,36.011442]},"properties":{"apn":"183050A41200CO","address":"5296 CATSPAW DR, ANTIOCH, TN  37013","year_built":2013,"owner":"AH4R-TN3 LLC","operator":"AMH (NYSE: AMH)"}},{"type":"Feature","geometry":{"type":"Point","coordinates":[-86.689236,36.009702]},"properties":{"apn":"181030A30300CO","address":"8028 MANDAN DR, BRENTWOOD, TN  37027","year_built":2013,"owner":"AH4R-TN3 LLC","operator":"AMH (NYSE: AMH)"}},{"type":"Feature","geometry":{"type":"Point","coordinates":[-86.618967,36.043126]},"properties":{"apn":"164100A38900CO","address":"4237 SHAGBARK TRL, ANTIOCH, TN  37013","year_built":2011,"owner":"AH4R-TN3 LLC","operator":"AMH (NYSE: AMH)"}},{"type":"Feature","geometry":{"type":"Point","coordinates":[-86.570848,36.042043]},"properties":{"apn":"165140A15700CO","address":"4837 CHUTNEY DR, ANTIOCH, TN  37013","year_built":2022,"owner":"AMH TN DEVELOPMENT LLC","operator":"AMH (NYSE: AMH)"}},{"type":"Feature","geometry":{"type":"Point","coordinates":[-86.57093,36.042937]},"properties":{"apn":"165140A11200CO","address":"4816 CHUTNEY DR, ANTIOCH, TN  37013","year_built":2022,"owner":"AMH TN DEVELOPMENT LLC","operator":"AMH (NYSE: AMH)"}},{"type":"Feature","geometry":{"type":"Point","coordinates":[-86.570934,36.041914]},"properties":{"apn":"165140A15800CO","address":"4841 CHUTNEY DR, ANTIOCH, TN  37013","year_built":2022,"owner":"AMH TN DEVELOPMENT LLC","operator":"AMH (NYSE: AMH)"}},{"type":"Feature","geometry":{"type":"Point","coordinates":[-86.570264,36.043317]},"properties":{"apn":"165140A14800CO","address":"2121 OVERLAKE CIR, ANTIOCH, TN  37013","year_built":2022,"owner":"AMH TN DEVELOPMENT LLC","operator":"AMH (NYSE: AMH)"}},{"type":"Feature","geometry":{"type":"Point","coordinates":[-86.570222,36.043493]},"properties":{"apn":"165140A14700CO","address":"2117 OVERLAKE CIR, ANTIOCH, TN  37013","year_built":2022,"owner":"AMH TN DEVELOPMENT LLC","operator":"AMH (NYSE: AMH)"}},{"type":"Feature","geometry":{"type":"Point","coordinates":[-86.570298,36.043701]},"properties":{"apn":"165140A14600CO","address":"2113 OVERLAKE CIR, ANTIOCH, TN  37013","year_built":2022,"owner":"AMH TN DEVELOPMENT LLC","operator":"AMH (NYSE: AMH)"}},{"type":"Feature","geometry":{"type":"Point","coordinates":[-86.650106,36.059164]},"properties":{"apn":"163020B03400CO","address":"149 TOOK DR, ANTIOCH, TN  37013","year_built":2013,"owner":"AH4R-TN3 LLC","operator":"AMH (NYSE: AMH)"}},{"type":"Feature","geometry":{"type":"Point","coordinates":[-86.570898,36.041111]},"properties":{"apn":"165140A16300CO","address":"4861 CHUTNEY DR, ANTIOCH, TN  37013","year_built":2021,"owner":"AMH TN DEVELOPMENT LLC","operator":"AMH (NYSE: AMH)"}},{"type":"Feature","geometry":{"type":"Point","coordinates":[-86.571003,36.041752]},"properties":{"apn":"165140A15900CO","address":"4845 CHUTNEY DR, ANTIOCH, TN  37013","year_built":2022,"owner":"AMH TN DEVELOPMENT LLC","operator":"AMH (NYSE: AMH)"}},{"type":"Feature","geometry":{"type":"Point","coordinates":[-86.57088,36.040814]},"properties":{"apn":"165140A16600CO","address":"4869 CHUTNEY DR, ANTIOCH, TN  37013","year_built":2021,"owner":"AMH TN DEVELOPMENT LLC","operator":"AMH (NYSE: AMH)"}},{"type":"Feature","geometry":{"type":"Point","coordinates":[-86.570876,36.040966]},"properties":{"apn":"165140A16500CO","address":"4865 CHUTNEY DR, ANTIOCH, TN  37013","year_built":2021,"owner":"AMH TN DEVELOPMENT LLC","operator":"AMH (NYSE: AMH)"}},{"type":"Feature","geometry":{"type":"Point","coordinates":[-86.667448,36.019688]},"properties":{"apn":"182010A16000CO","address":"792 EVENING AVE, ANTIOCH, TN  37013","year_built":2014,"owner":"AH4R-TN3 LLC","operator":"AMH (NYSE: AMH)"}},{"type":"Feature","geometry":{"type":"Point","coordinates":[-86.570908,36.040663]},"properties":{"apn":"165140A16700CO","address":"4873 CHUTNEY DR, ANTIOCH, TN  37013","year_built":2021,"owner":"AMH TN DEVELOPMENT LLC","operator":"AMH (NYSE: AMH)"}},{"type":"Feature","geometry":{"type":"Point","coordinates":[-86.570942,36.041384]},"properties":{"apn":"165140A16100CO","address":"4853 CHUTNEY DR, ANTIOCH, TN  37013","year_built":2022,"owner":"AMH TN DEVELOPMENT LLC","operator":"AMH (NYSE: AMH)"}},{"type":"Feature","geometry":{"type":"Point","coordinates":[-86.570921,36.041248]},"properties":{"apn":"165140A16200CO","address":"4857 CHUTNEY DR, ANTIOCH, TN  37013","year_built":2021,"owner":"AMH TN DEVELOPMENT LLC","operator":"AMH (NYSE: AMH)"}},{"type":"Feature","geometry":{"type":"Point","coordinates":[-86.570963,36.041521]},"properties":{"apn":"165140A16000CO","address":"4849 CHUTNEY DR, ANTIOCH, TN  37013","year_built":2022,"owner":"AMH TN DEVELOPMENT LLC","operator":"AMH (NYSE: AMH)"}},{"type":"Feature","geometry":{"type":"Point","coordinates":[-86.679362,35.989962]},"properties":{"apn":"186030A13400CO","address":"356 KARA LN, NOLENSVILLE, TN  37135","year_built":2019,"owner":"BEYER JOHN & STACEY","operator":""}},{"type":"Feature","geometry":{"type":"Point","coordinates":[-86.75463,36.151735]},"properties":{"apn":"093160F00200CO","address":"132 B FAIN ST, NASHVILLE, TN  37210","year_built":2020,"owner":"SKY HOUSES INC","operator":""}},{"type":"Feature","geometry":{"type":"Point","coordinates":[-86.766464,36.198111]},"properties":{"apn":"07111053000","address":"1417 A MERIDIAN ST, NASHVILLE, TN  37207","year_built":2019,"owner":"O'QUINN BANCROFT & BAREISS MAX FREDERICK","operator":""}},{"type":"Feature","geometry":{"type":"Point","coordinates":[-86.679935,35.989816]},"properties":{"apn":"186030A13900CO","address":"506 IVOR ST, NOLENSVILLE, TN  37135","year_built":2019,"owner":"FRIZSELL RENTAL PROPERTIES LLC","operator":""}},{"type":"Feature","geometry":{"type":"Point","coordinates":[-86.810798,36.052496]},"properties":{"apn":"159060B04000CO","address":"1784 WOODSONG DR, BRENTWOOD, TN  37027","year_built":2021,"owner":"JENKINS BRANDON K & CAROLINE","operator":""}},{"type":"Feature","geometry":{"type":"Point","coordinates":[-86.627587,36.172261]},"properties":{"apn":"086130A21400CO","address":"3625 HOGGETT FORD RD, HERMITAGE, TN  37076","year_built":2019,"owner":"PATTULLO KATHRYN ANNE","operator":""}},{"type":"Feature","geometry":{"type":"Point","coordinates":[-86.688073,36.224199]},"properties":{"apn":"062110B01600CO","address":"2707 PENNINGTON BEND RD, NASHVILLE, TN  37214","year_built":2021,"owner":"BATSON FRANK COPE III & GINGER NICCOLE","operator":""}},{"type":"Feature","geometry":{"type":"Point","coordinates":[-86.78482,36.074106]},"properties":{"apn":"14605003600","address":"0 OVERTON LEA RD, NASHVILLE, TN  37220","year_built":2010,"owner":"HAND CHARLES W JR & KAILEY E","operator":""}},{"type":"Feature","geometry":{"type":"Point","coordinates":[-86.830892,36.188844]},"properties":{"apn":"08101009000","address":"1818 A RIVER DR, NASHVILLE, TN  37218","year_built":2021,"owner":"KELLY DAVID BENJAMIN","operator":""}},{"type":"Feature","geometry":{"type":"Point","coordinates":[-86.841235,36.266933]},"properties":{"apn":"03900032800","address":"6982 OLD HICKORY BLVD, WHITES CREEK, TN  37189","year_built":2022,"owner":"BOOKER ROBIN C & MONICA L","operator":""}},{"type":"Feature","geometry":{"type":"Point","coordinates":[-86.587291,36.055018]},"properties":{"apn":"164080C09100CO","address":"3809 SWAN RIDGE DR, ANTIOCH, TN  37013","year_built":2011,"owner":"ALTO ASSET CO 1 LLC","operator":"Amherst Group"}},{"type":"Feature","geometry":{"type":"Point","coordinates":[-86.863192,36.220982]},"properties":{"apn":"058100C04700CO","address":"1028 LAWSONS RIDGE DR, NASHVILLE, TN  37218","year_built":2019,"owner":"HALL LATISSA MARIE & CHARLES DECARLOS","operator":""}},{"type":"Feature","geometry":{"type":"Point","coordinates":[-86.763998,36.183407]},"properties":{"apn":"08207042500","address":"726 N 5TH ST, NASHVILLE, TN  37207","year_built":2020,"owner":"TUTUBALIN ANDRII","operator":""}},{"type":"Feature","geometry":{"type":"Point","coordinates":[-86.643412,36.193625]},"properties":{"apn":"085040A45700CO","address":"4937 RIVERBANK DR, HERMITAGE, TN  37076","year_built":2019,"owner":"ELLIOTT JAMES R & NANCY H","operator":""}},{"type":"Feature","geometry":{"type":"Point","coordinates":[-86.851088,36.15676]},"properties":{"apn":"09111048100","address":"5210 B INDIANA AVE, NASHVILLE, TN  37209","year_built":2019,"owner":"WARD DANIELLE","operator":""}},{"type":"Feature","geometry":{"type":"Point","coordinates":[-86.620017,36.083053]},"properties":{"apn":"136140A02400CO","address":"1029 BLUEWATER POINT DR, NASHVILLE, TN  37217","year_built":2022,"owner":"AMH TN DEVELOPMENT LLC","operator":"AMH (NYSE: AMH)"}},{"type":"Feature","geometry":{"type":"Point","coordinates":[-86.61843,36.083852]},"properties":{"apn":"136140A03500CO","address":"3588 BUTLER RD, NASHVILLE, TN  37217","year_built":2021,"owner":"AMH TN DEVELOPMENT LLC","operator":"AMH (NYSE: AMH)"}},{"type":"Feature","geometry":{"type":"Point","coordinates":[-86.618464,36.083662]},"properties":{"apn":"136140A03400CO","address":"3592 BUTLER RD, NASHVILLE, TN  37217","year_built":2021,"owner":"AMH TN DEVELOPMENT LLC","operator":"AMH (NYSE: AMH)"}},{"type":"Feature","geometry":{"type":"Point","coordinates":[-86.618501,36.083464]},"properties":{"apn":"136140A03300CO","address":"3596 BUTLER RD, NASHVILLE, TN  37217","year_built":2021,"owner":"AMH TN DEVELOPMENT LLC","operator":"AMH (NYSE: AMH)"}},{"type":"Feature","geometry":{"type":"Point","coordinates":[-86.62021,36.082893]},"properties":{"apn":"136140A02300CO","address":"1033 BLUEWATER POINT DR, NASHVILLE, TN  37217","year_built":2022,"owner":"AMH TN DEVELOPMENT LLC","operator":"AMH (NYSE: AMH)"}},{"type":"Feature","geometry":{"type":"Point","coordinates":[-86.618538,36.083101]},"properties":{"apn":"136140A03200CO","address":"1001 BLUEWATER POINT DR, NASHVILLE, TN  37217","year_built":2022,"owner":"AMH TN DEVELOPMENT LLC","operator":"AMH (NYSE: AMH)"}},{"type":"Feature","geometry":{"type":"Point","coordinates":[-86.618563,36.082916]},"properties":{"apn":"136140A03100CO","address":"3612 BUTLER RD, NASHVILLE, TN  37217","year_built":2021,"owner":"AMH TN DEVELOPMENT LLC","operator":"AMH (NYSE: AMH)"}},{"type":"Feature","geometry":{"type":"Point","coordinates":[-86.618854,36.083047]},"properties":{"apn":"136140A03000CO","address":"1005 BLUEWATER POINT DR, NASHVILLE, TN  37217","year_built":2021,"owner":"AMH TN DEVELOPMENT LLC","operator":"AMH (NYSE: AMH)"}},{"type":"Feature","geometry":{"type":"Point","coordinates":[-86.619038,36.083069]},"properties":{"apn":"136140A02900CO","address":"1009 BLUEWATER POINT DR, NASHVILLE, TN  37217","year_built":2021,"owner":"AMH TN DEVELOPMENT LLC","operator":"AMH (NYSE: AMH)"}},{"type":"Feature","geometry":{"type":"Point","coordinates":[-86.619222,36.083091]},"properties":{"apn":"136140A02800CO","address":"1013 BLUEWATER POINT DR, NASHVILLE, TN  37217","year_built":2021,"owner":"AMH TN DEVELOPMENT LLC","operator":"AMH (NYSE: AMH)"}},{"type":"Feature","geometry":{"type":"Point","coordinates":[-86.6198,36.083167]},"properties":{"apn":"136140A02500CO","address":"1025 BLUEWATER POINT DR, NASHVILLE, TN  37217","year_built":2021,"owner":"AMH TN DEVELOPMENT LLC","operator":"AMH (NYSE: AMH)"}},{"type":"Feature","geometry":{"type":"Point","coordinates":[-86.61959,36.083135]},"properties":{"apn":"136140A02600CO","address":"1021 BLUEWATER POINT DR, NASHVILLE, TN  37217","year_built":2021,"owner":"AMH TN DEVELOPMENT LLC","operator":"AMH (NYSE: AMH)"}},{"type":"Feature","geometry":{"type":"Point","coordinates":[-86.619406,36.083113]},"properties":{"apn":"136140A02700CO","address":"1017 BLUEWATER POINT DR, NASHVILLE, TN  37217","year_built":2021,"owner":"AMH TN DEVELOPMENT LLC","operator":"AMH (NYSE: AMH)"}},{"type":"Feature","geometry":{"type":"Point","coordinates":[-86.618709,36.084888]},"properties":{"apn":"136140A04400CO","address":"437 BLUEWATER DR, NASHVILLE, TN  37217","year_built":2021,"owner":"AMH TN DEVELOPMENT LLC","operator":"AMH (NYSE: AMH)"}},{"type":"Feature","geometry":{"type":"Point","coordinates":[-86.618934,36.083649]},"properties":{"apn":"136140A05200CO","address":"405 BLUEWATER DR, NASHVILLE, TN  37217","year_built":2021,"owner":"AMH TN DEVELOPMENT LLC","operator":"AMH (NYSE: AMH)"}},{"type":"Feature","geometry":{"type":"Point","coordinates":[-86.620582,36.083371]},"properties":{"apn":"136140A02100CO","address":"1032 BLUEWATER POINT DR, NASHVILLE, TN  37217","year_built":2022,"owner":"AMH TN DEVELOPMENT LLC","operator":"AMH (NYSE: AMH)"}},{"type":"Feature","geometry":{"type":"Point","coordinates":[-86.618961,36.083494]},"properties":{"apn":"136140A05300CO","address":"401 BLUEWATER DR, NASHVILLE, TN  37217","year_built":2021,"owner":"AMH TN DEVELOPMENT LLC","operator":"AMH (NYSE: AMH)"}},{"type":"Feature","geometry":{"type":"Point","coordinates":[-86.618906,36.083804]},"properties":{"apn":"136140A05100CO","address":"409 BLUEWATER DR, NASHVILLE, TN  37217","year_built":2021,"owner":"AMH TN DEVELOPMENT LLC","operator":"AMH (NYSE: AMH)"}},{"type":"Feature","geometry":{"type":"Point","coordinates":[-86.618878,36.083958]},"properties":{"apn":"136140A05000CO","address":"413 BLUEWATER DR, NASHVILLE, TN  37217","year_built":2021,"owner":"AMH TN DEVELOPMENT LLC","operator":"AMH (NYSE: AMH)"}},{"type":"Feature","geometry":{"type":"Point","coordinates":[-86.61885,36.084113]},"properties":{"apn":"136140A04900CO","address":"417 BLUEWATER DR, NASHVILLE, TN  37217","year_built":2021,"owner":"AMH TN DEVELOPMENT LLC","operator":"AMH (NYSE: AMH)"}},{"type":"Feature","geometry":{"type":"Point","coordinates":[-86.618821,36.084268]},"properties":{"apn":"136140A04800CO","address":"421 BLUEWATER DR, NASHVILLE, TN  37217","year_built":2021,"owner":"AMH TN DEVELOPMENT LLC","operator":"AMH (NYSE: AMH)"}},{"type":"Feature","geometry":{"type":"Point","coordinates":[-86.618395,36.084043]},"properties":{"apn":"136140A03600CO","address":"3584 BUTLER RD, NASHVILLE, TN  37217","year_built":2021,"owner":"AMH TN DEVELOPMENT LLC","operator":"AMH (NYSE: AMH)"}},{"type":"Feature","geometry":{"type":"Point","coordinates":[-86.618361,36.084233]},"properties":{"apn":"136140A03700CO","address":"3580 BUTLER RD, NASHVILLE, TN  37216","year_built":2021,"owner":"AMH TN DEVELOPMENT LLC","operator":"AMH (NYSE: AMH)"}},{"type":"Feature","geometry":{"type":"Point","coordinates":[-86.618326,36.084423]},"properties":{"apn":"136140A03800CO","address":"3576 BUTLER RD, NASHVILLE, TN  37217","year_built":2021,"owner":"AMH TN DEVELOPMENT LLC","operator":"AMH (NYSE: AMH)"}},{"type":"Feature","geometry":{"type":"Point","coordinates":[-86.618291,36.084613]},"properties":{"apn":"136140A03900CO","address":"3572 BUTLER RD, NASHVILLE, TN  37217","year_built":2021,"owner":"AMH TN DEVELOPMENT LLC","operator":"AMH (NYSE: AMH)"}},{"type":"Feature","geometry":{"type":"Point","coordinates":[-86.618257,36.084804]},"properties":{"apn":"136140A04000CO","address":"3568 BUTLER RD, NASHVILLE, TN  37217","year_built":2021,"owner":"AMH TN DEVELOPMENT LLC","operator":"AMH (NYSE: AMH)"}},{"type":"Feature","geometry":{"type":"Point","coordinates":[-86.618222,36.084994]},"properties":{"apn":"136140A04100CO","address":"3564 BUTLER RD, NASHVILLE, TN  37217","year_built":2021,"owner":"AMH TN DEVELOPMENT LLC","operator":"AMH (NYSE: AMH)"}},{"type":"Feature","geometry":{"type":"Point","coordinates":[-86.618189,36.085183]},"properties":{"apn":"136140A04200CO","address":"3560 BUTLER RD, NASHVILLE, TN  37217","year_built":2021,"owner":"AMH TN DEVELOPMENT LLC","operator":"AMH (NYSE: AMH)"}},{"type":"Feature","geometry":{"type":"Point","coordinates":[-86.618676,36.085043]},"properties":{"apn":"136140A04300CO","address":"441 BLUEWATER DR, NASHVILLE, TN  37217","year_built":2021,"owner":"AMH TN DEVELOPMENT LLC","operator":"AMH (NYSE: AMH)"}},{"type":"Feature","geometry":{"type":"Point","coordinates":[-86.618737,36.084733]},"properties":{"apn":"136140A04500CO","address":"433 BLUEWATER DR, NASHVILLE, TN  37217","year_built":2021,"owner":"AMH TN DEVELOPMENT LLC","operator":"AMH (NYSE: AMH)"}},{"type":"Feature","geometry":{"type":"Point","coordinates":[-86.618765,36.084578]},"properties":{"apn":"136140A04600CO","address":"429 BLUEWATER DR, NASHVILLE, TN  37217","year_built":2021,"owner":"AMH TN DEVELOPMENT LLC","operator":"AMH (NYSE: AMH)"}},{"type":"Feature","geometry":{"type":"Point","coordinates":[-86.618793,36.084424]},"properties":{"apn":"136140A04700CO","address":"425 BLUEWATER DR, NASHVILLE, TN  37217","year_built":2021,"owner":"AMH TN DEVELOPMENT LLC","operator":"AMH (NYSE: AMH)"}},{"type":"Feature","geometry":{"type":"Point","coordinates":[-86.620666,36.083199]},"properties":{"apn":"136140A02200CO","address":"1036 BLUEWATER POINT DR, NASHVILLE, TN  37217","year_built":2022,"owner":"AMH TN DEVELOPMENT LLC","operator":"AMH (NYSE: AMH)"}},{"type":"Feature","geometry":{"type":"Point","coordinates":[-86.620434,36.083559]},"properties":{"apn":"136140A02000CO","address":"1028 BLUEWATER POINT DR, NASHVILLE, TN  37217","year_built":2022,"owner":"AMH TN DEVELOPMENT LLC","operator":"AMH (NYSE: AMH)"}},{"type":"Feature","geometry":{"type":"Point","coordinates":[-86.620187,36.083623]},"properties":{"apn":"136140A01900CO","address":"1024 BLUEWATER POINT DR, NASHVILLE, TN  37217","year_built":2022,"owner":"AMH TN DEVELOPMENT LLC","operator":"AMH (NYSE: AMH)"}},{"type":"Feature","geometry":{"type":"Point","coordinates":[-86.619576,36.083578]},"properties":{"apn":"136140A01700CO","address":"400 BLUEWATER DR, NASHVILLE, TN  37217","year_built":2021,"owner":"AMH TN DEVELOPMENT LLC","operator":"AMH (NYSE: AMH)"}},{"type":"Feature","geometry":{"type":"Point","coordinates":[-86.619546,36.083741]},"properties":{"apn":"136140A01600CO","address":"404 BLUEWATER DR, NASHVILLE, TN  37217","year_built":2021,"owner":"AMH TN DEVELOPMENT LLC","operator":"AMH (NYSE: AMH)"}},{"type":"Feature","geometry":{"type":"Point","coordinates":[-86.619399,36.084488]},"properties":{"apn":"136140A01100CO","address":"424 BLUEWATER DR, NASHVILLE, TN  37217","year_built":2021,"owner":"AMH TN DEVELOPMENT LLC","operator":"AMH (NYSE: AMH)"}},{"type":"Feature","geometry":{"type":"Point","coordinates":[-86.619426,36.084339]},"properties":{"apn":"136140A01200CO","address":"420 BLUEWATER DR, NASHVILLE, TN  37217","year_built":2021,"owner":"AMH TN DEVELOPMENT LLC","operator":"AMH (NYSE: AMH)"}},{"type":"Feature","geometry":{"type":"Point","coordinates":[-86.619345,36.084787]},"properties":{"apn":"136140A00900CO","address":"432 BLUEWATER DR, NASHVILLE, TN  37217","year_built":2021,"owner":"AMH TN DEVELOPMENT LLC","operator":"AMH (NYSE: AMH)"}},{"type":"Feature","geometry":{"type":"Point","coordinates":[-86.618361,36.085585]},"properties":{"apn":"136140A00200CO","address":"460 BLUEWATER DR, NASHVILLE, TN  37217","year_built":2021,"owner":"AMH TN DEVELOPMENT LLC","operator":"AMH (NYSE: AMH)"}},{"type":"Feature","geometry":{"type":"Point","coordinates":[-86.618593,36.085602]},"properties":{"apn":"136140A00300CO","address":"456 BLUEWATER DR, NASHVILLE, TN  37217","year_built":2021,"owner":"AMH TN DEVELOPMENT LLC","operator":"AMH (NYSE: AMH)"}},{"type":"Feature","geometry":{"type":"Point","coordinates":[-86.619454,36.084189]},"properties":{"apn":"136140A01300CO","address":"416 BLUEWATER DR, NASHVILLE, TN  37217","year_built":2021,"owner":"AMH TN DEVELOPMENT LLC","operator":"AMH (NYSE: AMH)"}},{"type":"Feature","geometry":{"type":"Point","coordinates":[-86.618064,36.085539]},"properties":{"apn":"136140A00100CO","address":"464 BLUEWATER DR, NASHVILLE, TN  37217","year_built":2021,"owner":"AMH TN DEVELOPMENT LLC","operator":"AMH (NYSE: AMH)"}},{"type":"Feature","geometry":{"type":"Point","coordinates":[-86.619481,36.08404]},"properties":{"apn":"136140A01400CO","address":"412 BLUEWATER DR, NASHVILLE, TN  37217","year_built":2021,"owner":"AMH TN DEVELOPMENT LLC","operator":"AMH (NYSE: AMH)"}},{"type":"Feature","geometry":{"type":"Point","coordinates":[-86.619041,36.085455]},"properties":{"apn":"136140A00500CO","address":"448 BLUEWATER DR, NASHVILLE, TN  37217","year_built":2021,"owner":"AMH TN DEVELOPMENT LLC","operator":"AMH (NYSE: AMH)"}},{"type":"Feature","geometry":{"type":"Point","coordinates":[-86.619508,36.083891]},"properties":{"apn":"136140A01500CO","address":"408 BLUEWATER DR, NASHVILLE, TN  37217","year_built":2021,"owner":"AMH TN DEVELOPMENT LLC","operator":"AMH (NYSE: AMH)"}},{"type":"Feature","geometry":{"type":"Point","coordinates":[-86.619948,36.083634]},"properties":{"apn":"136140A01800CO","address":"1020 BLUEWATER POINT DR, NASHVILLE, TN  37217","year_built":2021,"owner":"AMH TN DEVELOPMENT LLC","operator":"AMH (NYSE: AMH)"}},{"type":"Feature","geometry":{"type":"Point","coordinates":[-86.619181,36.085288]},"properties":{"apn":"136140A00600CO","address":"444 BLUEWATER DR, NASHVILLE, TN  37217","year_built":2021,"owner":"AMH TN DEVELOPMENT LLC","operator":"AMH (NYSE: AMH)"}},{"type":"Feature","geometry":{"type":"Point","coordinates":[-86.619283,36.085106]},"properties":{"apn":"136140A00700CO","address":"440 BLUEWATER DR, NASHVILLE, TN  37217","year_built":2021,"owner":"AMH TN DEVELOPMENT LLC","operator":"AMH (NYSE: AMH)"}},{"type":"Feature","geometry":{"type":"Point","coordinates":[-86.619318,36.084937]},"properties":{"apn":"136140A00800CO","address":"436 BLUEWATER DR, NASHVILLE, TN  37217","year_built":2021,"owner":"AMH TN DEVELOPMENT LLC","operator":"AMH (NYSE: AMH)"}},{"type":"Feature","geometry":{"type":"Point","coordinates":[-86.619372,36.084638]},"properties":{"apn":"136140A01000CO","address":"428 BLUEWATER DR, NASHVILLE, TN  37217","year_built":2021,"owner":"AMH TN DEVELOPMENT LLC","operator":"AMH (NYSE: AMH)"}},{"type":"Feature","geometry":{"type":"Point","coordinates":[-86.618825,36.085572]},"properties":{"apn":"136140A00400CO","address":"452 BLUEWATER DR, NASHVILLE, TN  37217","year_built":2021,"owner":"AMH TN DEVELOPMENT LLC","operator":"AMH (NYSE: AMH)"}},{"type":"Feature","geometry":{"type":"Point","coordinates":[-86.725406,36.216159]},"properties":{"apn":"06115025300","address":"1308 NORVEL AVE, NASHVILLE, TN  37216","year_built":2019,"owner":"BLACKSTOCK JAMES FIELDING JR & LENA CORINNA","operator":""}},{"type":"Feature","geometry":{"type":"Point","coordinates":[-86.870792,36.227743]},"properties":{"apn":"05800025200","address":"4323 SULPHUR CREEK RD, NASHVILLE, TN  37218","year_built":2021,"owner":"MAHLING HARVEY BURKE & JUDITH M","operator":""}},{"type":"Feature","geometry":{"type":"Point","coordinates":[-86.747602,36.380736]},"properties":{"apn":"00700016700","address":"2360 BAKER STATION RD, GOODLETTSVILLE, TN  37072","year_built":2023,"owner":"SWANN TERRY R & MISTY S","operator":""}},{"type":"Feature","geometry":{"type":"Point","coordinates":[-86.585124,36.212606]},"properties":{"apn":"076010D08100CO","address":"1301 BUSIRIS DR, HERMITAGE, TN  37076","year_built":2018,"owner":"GARNER RUSSELL & MACFARLANE KELLY ET AL","operator":""}},{"type":"Feature","geometry":{"type":"Point","coordinates":[-86.807295,36.182592]},"properties":{"apn":"nan","address":"nan","year_built":2019,"owner":"@ THE HILL LTD","operator":""}},{"type":"Feature","geometry":{"type":"Point","coordinates":[-86.627361,36.227622]},"properties":{"apn":"063040A07900CO","address":"809 CLEVELAND HALL CT, OLD HICKORY, TN  37138","year_built":2021,"owner":"BANT CHANDRAVADAN RATILAL","operator":""}},{"type":"Feature","geometry":{"type":"Point","coordinates":[-86.63968,36.000394]},"properties":{"apn":"182150B00100CO","address":"1001 CLOVER GLEN WAY, ANTIOCH, TN  37013","year_built":2019,"owner":"KIRBY-QUARANTELLO VINCENT & RICHARD","operator":""}},{"type":"Feature","geometry":{"type":"Point","coordinates":[-86.807431,36.113291]},"properties":{"apn":"117110R02800CO","address":"4031 GRAYBAR CT, NASHVILLE, TN  37215","year_built":2023,"owner":"GRAYMONT RE HOLDINGS LLC","operator":""}},{"type":"Feature","geometry":{"type":"Point","coordinates":[-86.824698,36.157345]},"properties":{"apn":"09209011000","address":"3217 INDIANA AVE, NASHVILLE, TN  37209","year_built":2019,"owner":"BOWSER RICKIE JR","operator":""}},{"type":"Feature","geometry":{"type":"Point","coordinates":[-86.643222,36.048421]},"properties":{"apn":"163070A05400CO","address":"1910 WILD OAKS CT, ANTIOCH, TN  37013","year_built":2015,"owner":"PROGRESS RESIDENTIAL BORROWER 11 LLC","operator":"Pretium Partners (Goldman Sachs)"}},{"type":"Feature","geometry":{"type":"Point","coordinates":[-86.689336,36.009353]},"properties":{"apn":"181030A30500CO","address":"8036 MANDAN DR, BRENTWOOD, TN  37027","year_built":2014,"owner":"PROGRESS RESIDENTIAL BORROWER 11 LLC","operator":"Pretium Partners (Goldman Sachs)"}},{"type":"Feature","geometry":{"type":"Point","coordinates":[-86.823104,36.163193]},"properties":{"apn":"09206001900","address":"948 31ST AVE N, NASHVILLE, TN  37209","year_built":2023,"owner":"BIG GREEN TRACTOR 948 LLC","operator":""}},{"type":"Feature","geometry":{"type":"Point","coordinates":[-86.624132,36.171139]},"properties":{"apn":"086130A02400CO","address":"3669 HOGGETT FORD RD, HERMITAGE, TN  37076","year_built":2019,"owner":"GILLUM KATHERINE H","operator":""}},{"type":"Feature","geometry":{"type":"Point","coordinates":[-86.669906,36.272808]},"properties":{"apn":"044050G00100CO","address":"114 SCENIC VIEW RD, OLD HICKORY, TN  37138","year_built":2023,"owner":"COBALT PROPERTIES III LLC","operator":""}},{"type":"Feature","geometry":{"type":"Point","coordinates":[-86.774869,36.358177]},"properties":{"apn":"01100019900","address":"2950 GREER RD, GOODLETTSVILLE, TN  37072","year_built":2021,"owner":"HURT NICHOLAS S & AUTUMN M","operator":""}},{"type":"Feature","geometry":{"type":"Point","coordinates":[-86.801778,36.183134]},"properties":{"apn":"08108004600","address":"814 COFFEE ST, NASHVILLE, TN  37208","year_built":2018,"owner":"PRICE CHRISTOPHER","operator":""}},{"type":"Feature","geometry":{"type":"Point","coordinates":[-86.685663,36.034977]},"properties":{"apn":"17300019000","address":"14638 OLD HICKORY BLVD, ANTIOCH, TN  37013","year_built":2013,"owner":"JONES RUEL B REVOCABLE LIVING TRUST THE","operator":""}},{"type":"Feature","geometry":{"type":"Point","coordinates":[-86.756471,36.044726]},"properties":{"apn":"160120A01200CO","address":"1049 GRANBERY PARK DR, BRENTWOOD, TN  37027","year_built":2019,"owner":"PREMO CAMERON MCKINNEY & AILSSA HUNTER","operator":""}},{"type":"Feature","geometry":{"type":"Point","coordinates":[-87.01652,36.080383]},"properties":{"apn":"126140A05100CO","address":"1512 DAVIDGE DR, NASHVILLE, TN  37221","year_built":2019,"owner":"FLEMING MARK V & LINDA G","operator":""}},{"type":"Feature","geometry":{"type":"Point","coordinates":[-86.862205,36.22048]},"properties":{"apn":"058100C04300CO","address":"1012 LAWSONS RIDGE DR, NASHVILLE, TN  37218","year_built":2019,"owner":"MCQUIDDY MARIE & SERMON RONALD","operator":""}},{"type":"Feature","geometry":{"type":"Point","coordinates":[-86.834848,36.156746]},"properties":{"apn":"091122A00200CO","address":"4005 B INDIANA AVE, NASHVILLE, TN  37209","year_built":2022,"owner":"MRE OZ FUND LLC","operator":""}},{"type":"Feature","geometry":{"type":"Point","coordinates":[-86.622902,36.171255]},"properties":{"apn":"086130A03900CO","address":"5029 SUNFLOWER LN, HERMITAGE, TN  37076","year_built":2019,"owner":"GAMBOA BERNARD G","operator":""}},{"type":"Feature","geometry":{"type":"Point","coordinates":[-86.807599,36.112476]},"properties":{"apn":"117110R02000CO","address":"4019 GRAYBAR CT, NASHVILLE, TN  37215","year_built":2020,"owner":"WHALEY ROBERT E & SONDRA S","operator":""}},{"type":"Feature","geometry":{"type":"Point","coordinates":[-86.666882,35.988325]},"properties":{"apn":"187050A14500CO","address":"749 WESTCOTT LN, NOLENSVILLE, TN  37135","year_built":2016,"owner":"BYNER SANDRA LYNETTTE","operator":""}},{"type":"Feature","geometry":{"type":"Point","coordinates":[-86.883872,36.303299]},"properties":{"apn":"02100038600","address":"6031 EATONS CREEK RD, JOELTON, TN  37080","year_built":2022,"owner":"ISAAC MARK A ANA R","operator":""}},{"type":"Feature","geometry":{"type":"Point","coordinates":[-86.869619,36.35281]},"properties":{"apn":"00900025200","address":"7835 GREENBRIER RD, JOELTON, TN  37080","year_built":2020,"owner":"ARMSTRONG JUSTIN LEE","operator":""}},{"type":"Feature","geometry":{"type":"Point","coordinates":[-86.801891,36.173388]},"properties":{"apn":"08116004000","address":"1400 14TH AVE N, NASHVILLE, TN  37208","year_built":2018,"owner":"PALMER DAVID MICHEL","operator":""}},{"type":"Feature","geometry":{"type":"Point","coordinates":[-86.660981,35.989556]},"properties":{"apn":"18700017300","address":"120 GREENOCK ALY, NOLENSVILLE, TN  37135","year_built":2022,"owner":"JONES ERIK R & JENNIFER L","operator":""}},{"type":"Feature","geometry":{"type":"Point","coordinates":[-86.947631,36.229859]},"properties":{"apn":"05600013900","address":"5076 PINE VALLEY RD, ASHLAND CITY, TN  37015","year_built":2023,"owner":"SMITH BRENDA & MATTHEW","operator":""}},{"type":"Feature","geometry":{"type":"Point","coordinates":[-86.657483,36.078884]},"properties":{"apn":"149020D02000CO","address":"437 LONDON CT, ANTIOCH, TN  37013","year_built":2019,"owner":"HPA II BORROWER 2019-1 LLC","operator":"Blackstone (+ Home Partners)"}},{"type":"Feature","geometry":{"type":"Point","coordinates":[-86.839807,36.162224]},"properties":{"apn":"09108004200","address":"1016 44TH AVE N, NASHVILLE, TN  37209","year_built":2021,"owner":"REGAL DEVELOPMENT LLC","operator":""}},{"type":"Feature","geometry":{"type":"Point","coordinates":[-86.838469,36.160275]},"properties":{"apn":"09108025200","address":"916 43RD AVE N, NASHVILLE, TN  37209","year_built":2021,"owner":"REGAL DEVELOPMENT LLC","operator":""}},{"type":"Feature","geometry":{"type":"Point","coordinates":[-86.946843,36.182941]},"properties":{"apn":"07800011900","address":"8021 RIVER ROAD PIKE, NASHVILLE, TN  37209","year_built":2023,"owner":"SWEETWATER FARM TRUST","operator":""}},{"type":"Feature","geometry":{"type":"Point","coordinates":[-86.692666,36.016094]},"properties":{"apn":"181010B24500CO","address":"7524 TARMAC WAY, NASHVILLE, TN  37211","year_built":2014,"owner":"CHARLTON WESLEY & KAITLIN","operator":""}},{"type":"Feature","geometry":{"type":"Point","coordinates":[-86.758949,36.182508]},"properties":{"apn":"08208007900","address":"628 N 9TH ST, NASHVILLE, TN  37206","year_built":2013,"owner":"LOPEZ VICENTE","operator":""}},{"type":"Feature","geometry":{"type":"Point","coordinates":[-86.852592,36.158292]},"properties":{"apn":"09107043900","address":"5309 B MICHIGAN AVE, NASHVILLE, TN  37209","year_built":2017,"owner":"MYERS STEPHANIE KINDLY & YONTS BURGESS H","operator":""}},{"type":"Feature","geometry":{"type":"Point","coordinates":[-86.615639,36.041282]},"properties":{"apn":"164140A21500CO","address":"5126 SUNSET RIDGE LN, ANTIOCH, TN  37013","year_built":2020,"owner":"AMH MOUNTAIN SPRINGS DEVELOPMENT LLC","operator":"AMH (NYSE: AMH)"}},{"type":"Feature","geometry":{"type":"Point","coordinates":[-86.617424,36.04119]},"properties":{"apn":"164140A14600CO","address":"5310 TUPELO ST, ANTIOCH, TN  37013","year_built":2020,"owner":"AMH MOUNTAIN SPRINGS DEVELOPMENT LLC","operator":"AMH (NYSE: AMH)"}},{"type":"Feature","geometry":{"type":"Point","coordinates":[-86.617574,36.041305]},"properties":{"apn":"164140A14400CO","address":"5306 TUPELO ST, ANTIOCH, TN  37013","year_built":2020,"owner":"AMH MOUNTAIN SPRINGS DEVELOPMENT LLC","operator":"AMH (NYSE: AMH)"}},{"type":"Feature","geometry":{"type":"Point","coordinates":[-86.617648,36.041367]},"properties":{"apn":"164140A14300CO","address":"5304 TUPELO ST, ANTIOCH, TN  37013","year_built":2020,"owner":"AMH MOUNTAIN SPRINGS DEVELOPMENT LLC","operator":"AMH (NYSE: AMH)"}},{"type":"Feature","geometry":{"type":"Point","coordinates":[-86.617725,36.041421]},"properties":{"apn":"164140A14200CO","address":"5302 TUPELO ST, ANTIOCH, TN  37013","year_built":2020,"owner":"AMH MOUNTAIN SPRINGS DEVELOPMENT LLC","operator":"AMH (NYSE: AMH)"}},{"type":"Feature","geometry":{"type":"Point","coordinates":[-86.617804,36.041532]},"properties":{"apn":"164140A14100CO","address":"5300 TUPELO ST, ANTIOCH, TN  37013","year_built":2020,"owner":"AMH MOUNTAIN SPRINGS DEVELOPMENT LLC","operator":"AMH (NYSE: AMH)"}},{"type":"Feature","geometry":{"type":"Point","coordinates":[-86.617878,36.041756]},"properties":{"apn":"164140A14000CO","address":"5242 TUPELO ST, ANTIOCH, TN  37013","year_built":2020,"owner":"AMH MOUNTAIN SPRINGS DEVELOPMENT LLC","operator":"AMH (NYSE: AMH)"}},{"type":"Feature","geometry":{"type":"Point","coordinates":[-86.617886,36.041881]},"properties":{"apn":"164140A13900CO","address":"5240 TUPELO ST, ANTIOCH, TN  37013","year_built":2020,"owner":"AMH MOUNTAIN SPRINGS DEVELOPMENT LLC","operator":"AMH (NYSE: AMH)"}},{"type":"Feature","geometry":{"type":"Point","coordinates":[-86.617869,36.04196]},"properties":{"apn":"164140A13800CO","address":"5238 TUPELO ST, ANTIOCH, TN  37013","year_built":2020,"owner":"AMH MOUNTAIN SPRINGS DEVELOPMENT LLC","operator":"AMH (NYSE: AMH)"}},{"type":"Feature","geometry":{"type":"Point","coordinates":[-86.617853,36.042042]},"properties":{"apn":"164140A13700CO","address":"5236 TUPELO ST, ANTIOCH, TN  37013","year_built":2020,"owner":"AMH MOUNTAIN SPRINGS DEVELOPMENT LLC","operator":"AMH (NYSE: AMH)"}},{"type":"Feature","geometry":{"type":"Point","coordinates":[-86.61781,36.042142]},"properties":{"apn":"164140A13600CO","address":"5234 TUPELO ST, ANTIOCH, TN  37013","year_built":2020,"owner":"AMH MOUNTAIN SPRINGS DEVELOPMENT LLC","operator":"AMH (NYSE: AMH)"}},{"type":"Feature","geometry":{"type":"Point","coordinates":[-86.617814,36.042236]},"properties":{"apn":"164140A13500CO","address":"5232 TUPELO ST, ANTIOCH, TN  37013","year_built":2020,"owner":"AMH MOUNTAIN SPRINGS DEVELOPMENT LLC","operator":"AMH (NYSE: AMH)"}},{"type":"Feature","geometry":{"type":"Point","coordinates":[-86.617796,36.042321]},"properties":{"apn":"164140A13400CO","address":"5230 TUPELO ST, ANTIOCH, TN  37013","year_built":2020,"owner":"AMH MOUNTAIN SPRINGS DEVELOPMENT LLC","operator":"AMH (NYSE: AMH)"}},{"type":"Feature","geometry":{"type":"Point","coordinates":[-86.61778,36.042397]},"properties":{"apn":"164140A13300CO","address":"5228 TUPELO ST, ANTIOCH, TN  37013","year_built":2020,"owner":"AMH MOUNTAIN SPRINGS DEVELOPMENT LLC","operator":"AMH (NYSE: AMH)"}},{"type":"Feature","geometry":{"type":"Point","coordinates":[-86.617764,36.042479]},"properties":{"apn":"164140A13200CO","address":"5226 TUPELO ST, ANTIOCH, TN  37013","year_built":2020,"owner":"AMH MOUNTAIN SPRINGS DEVELOPMENT LLC","operator":"AMH (NYSE: AMH)"}},{"type":"Feature","geometry":{"type":"Point","coordinates":[-86.617747,36.042563]},"properties":{"apn":"164140A13100CO","address":"5224 TUPELO ST, ANTIOCH, TN  37013","year_built":2020,"owner":"AMH MOUNTAIN SPRINGS DEVELOPMENT LLC","operator":"AMH (NYSE: AMH)"}},{"type":"Feature","geometry":{"type":"Point","coordinates":[-86.616242,36.042436]},"properties":{"apn":"164140A21700CO","address":"5500 CENTRAL GROVE SQ, ANTIOCH, TN  37013","year_built":2019,"owner":"AMH MOUNTAIN SPRINGS DEVELOPMENT LLC","operator":"AMH (NYSE: AMH)"}},{"type":"Feature","geometry":{"type":"Point","coordinates":[-86.617642,36.042762]},"properties":{"apn":"164140A12900CO","address":"5220 TUPELO ST, ANTIOCH, TN  37013","year_built":2019,"owner":"AMH MOUNTAIN SPRINGS DEVELOPMENT LLC","operator":"AMH (NYSE: AMH)"}},{"type":"Feature","geometry":{"type":"Point","coordinates":[-86.617502,36.041247]},"properties":{"apn":"164140A14500CO","address":"5308 TUPELO ST, ANTIOCH, TN  37013","year_built":2020,"owner":"AMH MOUNTAIN SPRINGS DEVELOPMENT LLC","operator":"AMH (NYSE: AMH)"}},{"type":"Feature","geometry":{"type":"Point","coordinates":[-86.616414,36.040413]},"properties":{"apn":"164140A15900CO","address":"5336 TUPELO ST, ANTIOCH, TN  37013","year_built":2020,"owner":"AMH MOUNTAIN SPRINGS DEVELOPMENT LLC","operator":"AMH (NYSE: AMH)"}},{"type":"Feature","geometry":{"type":"Point","coordinates":[-86.615748,36.039898]},"properties":{"apn":"164140A16800CO","address":"5354 TUPELO ST, ANTIOCH, TN  37013","year_built":2020,"owner":"AMH MOUNTAIN SPRINGS DEVELOPMENT LLC","operator":"AMH (NYSE: AMH)"}},{"type":"Feature","geometry":{"type":"Point","coordinates":[-86.615822,36.039956]},"properties":{"apn":"164140A16700CO","address":"5352 TUPELO ST, ANTIOCH, TN  37013","year_built":2020,"owner":"AMH MOUNTAIN SPRINGS DEVELOPMENT LLC","operator":"AMH (NYSE: AMH)"}},{"type":"Feature","geometry":{"type":"Point","coordinates":[-86.615896,36.040011]},"properties":{"apn":"164140A16600CO","address":"5350 TUPELO ST, ANTIOCH, TN  37013","year_built":2020,"owner":"AMH MOUNTAIN SPRINGS DEVELOPMENT LLC","operator":"AMH (NYSE: AMH)"}},{"type":"Feature","geometry":{"type":"Point","coordinates":[-86.615971,36.04007]},"properties":{"apn":"164140A16500CO","address":"5348 TUPELO ST, ANTIOCH, TN  37013","year_built":2020,"owner":"AMH MOUNTAIN SPRINGS DEVELOPMENT LLC","operator":"AMH (NYSE: AMH)"}},{"type":"Feature","geometry":{"type":"Point","coordinates":[-86.616044,36.040127]},"properties":{"apn":"164140A16400CO","address":"5346 TUPELO ST, ANTIOCH, TN  37013","year_built":2020,"owner":"AMH MOUNTAIN SPRINGS DEVELOPMENT LLC","operator":"AMH (NYSE: AMH)"}},{"type":"Feature","geometry":{"type":"Point","coordinates":[-86.616118,36.040184]},"properties":{"apn":"164140A16300CO","address":"5344 TUPELO ST, ANTIOCH, TN  37013","year_built":2020,"owner":"AMH MOUNTAIN SPRINGS DEVELOPMENT LLC","operator":"AMH (NYSE: AMH)"}},{"type":"Feature","geometry":{"type":"Point","coordinates":[-86.616193,36.04024]},"properties":{"apn":"164140A16200CO","address":"5342 TUPELO ST, ANTIOCH, TN  37013","year_built":2020,"owner":"AMH MOUNTAIN SPRINGS DEVELOPMENT LLC","operator":"AMH (NYSE: AMH)"}},{"type":"Feature","geometry":{"type":"Point","coordinates":[-86.616267,36.040298]},"properties":{"apn":"164140A16100CO","address":"5340 TUPELO ST, ANTIOCH, TN  37013","year_built":2020,"owner":"AMH MOUNTAIN SPRINGS DEVELOPMENT LLC","operator":"AMH (NYSE: AMH)"}},{"type":"Feature","geometry":{"type":"Point","coordinates":[-86.616341,36.040356]},"properties":{"apn":"164140A16000CO","address":"5338 TUPELO ST, ANTIOCH, TN  37013","year_built":2020,"owner":"AMH MOUNTAIN SPRINGS DEVELOPMENT LLC","operator":"AMH (NYSE: AMH)"}},{"type":"Feature","geometry":{"type":"Point","coordinates":[-86.616487,36.040471]},"properties":{"apn":"164140A15800CO","address":"5334 TUPELO ST, ANTIOCH, TN  37013","year_built":2020,"owner":"AMH MOUNTAIN SPRINGS DEVELOPMENT LLC","operator":"AMH (NYSE: AMH)"}},{"type":"Feature","geometry":{"type":"Point","coordinates":[-86.617303,36.041096]},"properties":{"apn":"164140A14700CO","address":"5312 TUPELO ST, ANTIOCH, TN  37013","year_built":2020,"owner":"AMH MOUNTAIN SPRINGS DEVELOPMENT LLC","operator":"AMH (NYSE: AMH)"}},{"type":"Feature","geometry":{"type":"Point","coordinates":[-86.616563,36.040524]},"properties":{"apn":"164140A15700CO","address":"5332 TUPELO ST, ANTIOCH, TN  37013","year_built":2020,"owner":"AMH MOUNTAIN SPRINGS DEVELOPMENT LLC","operator":"AMH (NYSE: AMH)"}},{"type":"Feature","geometry":{"type":"Point","coordinates":[-86.616635,36.040586]},"properties":{"apn":"164140A15600CO","address":"5330 TUPELO ST, ANTIOCH, TN  37013","year_built":2020,"owner":"AMH MOUNTAIN SPRINGS DEVELOPMENT LLC","operator":"AMH (NYSE: AMH)"}},{"type":"Feature","geometry":{"type":"Point","coordinates":[-86.616712,36.040644]},"properties":{"apn":"164140A15500CO","address":"5328 TUPELO ST, ANTIOCH, TN  37013","year_built":2020,"owner":"AMH MOUNTAIN SPRINGS DEVELOPMENT LLC","operator":"AMH (NYSE: AMH)"}},{"type":"Feature","geometry":{"type":"Point","coordinates":[-86.616784,36.0407]},"properties":{"apn":"164140A15400CO","address":"5326 TUPELO ST, ANTIOCH, TN  37013","year_built":2020,"owner":"AMH MOUNTAIN SPRINGS DEVELOPMENT LLC","operator":"AMH (NYSE: AMH)"}},{"type":"Feature","geometry":{"type":"Point","coordinates":[-86.616865,36.040751]},"properties":{"apn":"164140A15300CO","address":"5324 TUPELO ST, ANTIOCH, TN  37013","year_built":2020,"owner":"AMH MOUNTAIN SPRINGS DEVELOPMENT LLC","operator":"AMH (NYSE: AMH)"}},{"type":"Feature","geometry":{"type":"Point","coordinates":[-86.616934,36.040809]},"properties":{"apn":"164140A15200CO","address":"5322 TUPELO ST, ANTIOCH, TN  37013","year_built":2020,"owner":"AMH MOUNTAIN SPRINGS DEVELOPMENT LLC","operator":"AMH (NYSE: AMH)"}},{"type":"Feature","geometry":{"type":"Point","coordinates":[-86.617009,36.040869]},"properties":{"apn":"164140A15100CO","address":"5320 TUPELO ST, ANTIOCH, TN  37013","year_built":2020,"owner":"AMH MOUNTAIN SPRINGS DEVELOPMENT LLC","operator":"AMH (NYSE: AMH)"}},{"type":"Feature","geometry":{"type":"Point","coordinates":[-86.617082,36.040926]},"properties":{"apn":"164140A15000CO","address":"5318 TUPELO ST, ANTIOCH, TN  37013","year_built":2020,"owner":"AMH MOUNTAIN SPRINGS DEVELOPMENT LLC","operator":"AMH (NYSE: AMH)"}},{"type":"Feature","geometry":{"type":"Point","coordinates":[-86.617157,36.040979]},"properties":{"apn":"164140A14900CO","address":"5316 TUPELO ST, ANTIOCH, TN  37013","year_built":2020,"owner":"AMH MOUNTAIN SPRINGS DEVELOPMENT LLC","operator":"AMH (NYSE: AMH)"}},{"type":"Feature","geometry":{"type":"Point","coordinates":[-86.61723,36.04104]},"properties":{"apn":"164140A14800CO","address":"5314 TUPELO ST, ANTIOCH, TN  37013","year_built":2020,"owner":"AMH MOUNTAIN SPRINGS DEVELOPMENT LLC","operator":"AMH (NYSE: AMH)"}},{"type":"Feature","geometry":{"type":"Point","coordinates":[-86.617389,36.042903]},"properties":{"apn":"164140A12700CO","address":"5216 TUPELO ST, ANTIOCH, TN  37013","year_built":2019,"owner":"AMH MOUNTAIN SPRINGS DEVELOPMENT LLC","operator":"AMH (NYSE: AMH)"}},{"type":"Feature","geometry":{"type":"Point","coordinates":[-86.617517,36.042851]},"properties":{"apn":"164140A12800CO","address":"5218 TUPELO ST, ANTIOCH, TN  37013","year_built":2019,"owner":"AMH MOUNTAIN SPRINGS DEVELOPMENT LLC","operator":"AMH (NYSE: AMH)"}},{"type":"Feature","geometry":{"type":"Point","coordinates":[-86.617296,36.042937]},"properties":{"apn":"164140A12600CO","address":"5214 TUPELO ST, ANTIOCH, TN  37013","year_built":2019,"owner":"AMH MOUNTAIN SPRINGS DEVELOPMENT LLC","operator":"AMH (NYSE: AMH)"}},{"type":"Feature","geometry":{"type":"Point","coordinates":[-86.6172,36.042972]},"properties":{"apn":"164140A12500CO","address":"5212 TUPELO ST, ANTIOCH, TN  37013","year_built":2019,"owner":"AMH MOUNTAIN SPRINGS DEVELOPMENT LLC","operator":"AMH (NYSE: AMH)"}},{"type":"Feature","geometry":{"type":"Point","coordinates":[-86.617108,36.04301]},"properties":{"apn":"164140A12400CO","address":"5210 TUPELO ST, ANTIOCH, TN  37013","year_built":2019,"owner":"AMH MOUNTAIN SPRINGS DEVELOPMENT LLC","operator":"AMH (NYSE: AMH)"}},{"type":"Feature","geometry":{"type":"Point","coordinates":[-86.616461,36.042769]},"properties":{"apn":"164140A17100CO","address":"5201 TUPELO ST, ANTIOCH, TN  37013","year_built":2019,"owner":"AMH MOUNTAIN SPRINGS DEVELOPMENT LLC","operator":"AMH (NYSE: AMH)"}},{"type":"Feature","geometry":{"type":"Point","coordinates":[-86.617014,36.043042]},"properties":{"apn":"164140A12300CO","address":"5208 TUPELO ST, ANTIOCH, TN  37013","year_built":2019,"owner":"AMH MOUNTAIN SPRINGS DEVELOPMENT LLC","operator":"AMH (NYSE: AMH)"}},{"type":"Feature","geometry":{"type":"Point","coordinates":[-86.616918,36.043076]},"properties":{"apn":"164140A12200CO","address":"5206 TUPELO ST, ANTIOCH, TN  37013","year_built":2019,"owner":"AMH MOUNTAIN SPRINGS DEVELOPMENT LLC","operator":"AMH (NYSE: AMH)"}},{"type":"Feature","geometry":{"type":"Point","coordinates":[-86.61683,36.043108]},"properties":{"apn":"164140A12100CO","address":"5204 TUPELO ST, ANTIOCH, TN  37013","year_built":2019,"owner":"AMH MOUNTAIN SPRINGS DEVELOPMENT LLC","operator":"AMH (NYSE: AMH)"}},{"type":"Feature","geometry":{"type":"Point","coordinates":[-86.616732,36.043141]},"properties":{"apn":"164140A12000CO","address":"5202 TUPELO ST, ANTIOCH, TN  37013","year_built":2019,"owner":"AMH MOUNTAIN SPRINGS DEVELOPMENT LLC","operator":"AMH (NYSE: AMH)"}},{"type":"Feature","geometry":{"type":"Point","coordinates":[-86.61664,36.043173]},"properties":{"apn":"164140A11900CO","address":"5200 TUPELO ST, ANTIOCH, TN  37013","year_built":2019,"owner":"AMH MOUNTAIN SPRINGS DEVELOPMENT LLC","operator":"AMH (NYSE: AMH)"}},{"type":"Feature","geometry":{"type":"Point","coordinates":[-86.617746,36.043188]},"properties":{"apn":"164140A11400CO","address":"5088 MOUNTAIN SPRINGS RD, ANTIOCH, TN  37013","year_built":2019,"owner":"AMH MOUNTAIN SPRINGS DEVELOPMENT LLC","operator":"AMH (NYSE: AMH)"}},{"type":"Feature","geometry":{"type":"Point","coordinates":[-86.617583,36.043273]},"properties":{"apn":"164140A11300CO","address":"5086 MOUNTAIN SPRINGS RD, ANTIOCH, TN  37013","year_built":2019,"owner":"AMH MOUNTAIN SPRINGS DEVELOPMENT LLC","operator":"AMH (NYSE: AMH)"}},{"type":"Feature","geometry":{"type":"Point","coordinates":[-86.617469,36.043307]},"properties":{"apn":"164140A11200CO","address":"5084 MOUNTAIN SPRINGS RD, ANTIOCH, TN  37013","year_built":2019,"owner":"AMH MOUNTAIN SPRINGS DEVELOPMENT LLC","operator":"AMH (NYSE: AMH)"}},{"type":"Feature","geometry":{"type":"Point","coordinates":[-86.615671,36.039845]},"properties":{"apn":"164140A16900CO","address":"5356 TUPELO ST, ANTIOCH, TN  37013","year_built":2020,"owner":"AMH MOUNTAIN SPRINGS DEVELOPMENT LLC","operator":"AMH (NYSE: AMH)"}},{"type":"Feature","geometry":{"type":"Point","coordinates":[-86.617711,36.042664]},"properties":{"apn":"164140A13000CO","address":"5222 TUPELO ST, ANTIOCH, TN  37013","year_built":2020,"owner":"AMH MOUNTAIN SPRINGS DEVELOPMENT LLC","operator":"AMH (NYSE: AMH)"}},{"type":"Feature","geometry":{"type":"Point","coordinates":[-86.616453,36.041011]},"properties":{"apn":"164140A19400CO","address":"5325 TUPELO ST, ANTIOCH, TN  37013","year_built":2020,"owner":"AMH MOUNTAIN SPRINGS DEVELOPMENT LLC","operator":"AMH (NYSE: AMH)"}},{"type":"Feature","geometry":{"type":"Point","coordinates":[-86.615922,36.040832]},"properties":{"apn":"164140A19800CO","address":"5333 TUPELO ST, ANTIOCH, TN  37013","year_built":2020,"owner":"AMH MOUNTAIN SPRINGS DEVELOPMENT LLC","operator":"AMH (NYSE: AMH)"}},{"type":"Feature","geometry":{"type":"Point","coordinates":[-86.616008,36.040912]},"properties":{"apn":"164140A19700CO","address":"5331 TUPELO ST, ANTIOCH, TN  37013","year_built":2020,"owner":"AMH MOUNTAIN SPRINGS DEVELOPMENT LLC","operator":"AMH (NYSE: AMH)"}},{"type":"Feature","geometry":{"type":"Point","coordinates":[-86.615448,36.040884]},"properties":{"apn":"164140A21000CO","address":"5136 SUNSET RIDGE LN, ANTIOCH, TN  37013","year_built":2020,"owner":"AMH MOUNTAIN SPRINGS DEVELOPMENT LLC","operator":"AMH (NYSE: AMH)"}},{"type":"Feature","geometry":{"type":"Point","coordinates":[-86.616058,36.040995]},"properties":{"apn":"164140A19600CO","address":"5329 TUPELO ST, ANTIOCH, TN  37013","year_built":2020,"owner":"AMH MOUNTAIN SPRINGS DEVELOPMENT LLC","operator":"AMH (NYSE: AMH)"}},{"type":"Feature","geometry":{"type":"Point","coordinates":[-86.615416,36.040306]},"properties":{"apn":"164140A20400CO","address":"5353 TUPELO ST, ANTIOCH, TN  37013","year_built":2020,"owner":"AMH MOUNTAIN SPRINGS DEVELOPMENT LLC","operator":"AMH (NYSE: AMH)"}},{"type":"Feature","geometry":{"type":"Point","coordinates":[-86.615405,36.040809]},"properties":{"apn":"164140A20900CO","address":"5138 SUNSET RIDGE LN, ANTIOCH, TN  37013","year_built":2020,"owner":"AMH MOUNTAIN SPRINGS DEVELOPMENT LLC","operator":"AMH (NYSE: AMH)"}},{"type":"Feature","geometry":{"type":"Point","coordinates":[-86.616148,36.041041]},"properties":{"apn":"164140A19500CO","address":"5327 TUPELO ST, ANTIOCH, TN  37013","year_built":2020,"owner":"AMH MOUNTAIN SPRINGS DEVELOPMENT LLC","operator":"AMH (NYSE: AMH)"}},{"type":"Feature","geometry":{"type":"Point","coordinates":[-86.616511,36.041083]},"properties":{"apn":"164140A19300CO","address":"5323 TUPELO ST, ANTIOCH, TN  37013","year_built":2020,"owner":"AMH MOUNTAIN SPRINGS DEVELOPMENT LLC","operator":"AMH (NYSE: AMH)"}},{"type":"Feature","geometry":{"type":"Point","coordinates":[-86.615613,36.041189]},"properties":{"apn":"164140A21400CO","address":"5128 SUNSET RIDGE LN, ANTIOCH, TN  37013","year_built":2020,"owner":"AMH MOUNTAIN SPRINGS DEVELOPMENT LLC","operator":"AMH (NYSE: AMH)"}},{"type":"Feature","geometry":{"type":"Point","coordinates":[-86.615325,36.040368]},"properties":{"apn":"164140A20500CO","address":"5355 TUPELO ST, ANTIOCH, TN  37013","year_built":2020,"owner":"AMH MOUNTAIN SPRINGS DEVELOPMENT LLC","operator":"AMH (NYSE: AMH)"}},{"type":"Feature","geometry":{"type":"Point","coordinates":[-86.616588,36.041141]},"properties":{"apn":"164140A19200CO","address":"5321 TUPELO ST, ANTIOCH, TN  37013","year_built":2020,"owner":"AMH MOUNTAIN SPRINGS DEVELOPMENT LLC","operator":"AMH (NYSE: AMH)"}},{"type":"Feature","geometry":{"type":"Point","coordinates":[-86.61676,36.041275]},"properties":{"apn":"164140A19000CO","address":"5317 TUPELO ST, ANTIOCH, TN  37013","year_built":2020,"owner":"AMH MOUNTAIN SPRINGS DEVELOPMENT LLC","operator":"AMH (NYSE: AMH)"}},{"type":"Feature","geometry":{"type":"Point","coordinates":[-86.616835,36.041334]},"properties":{"apn":"164140A18900CO","address":"5315 TUPELO ST, ANTIOCH, TN  37013","year_built":2020,"owner":"AMH MOUNTAIN SPRINGS DEVELOPMENT LLC","operator":"AMH (NYSE: AMH)"}},{"type":"Feature","geometry":{"type":"Point","coordinates":[-86.616906,36.041389]},"properties":{"apn":"164140A18800CO","address":"5313 TUPELO ST, ANTIOCH, TN  37013","year_built":2020,"owner":"AMH MOUNTAIN SPRINGS DEVELOPMENT LLC","operator":"AMH (NYSE: AMH)"}},{"type":"Feature","geometry":{"type":"Point","coordinates":[-86.617031,36.041484]},"properties":{"apn":"164140A18700CO","address":"5311 TUPELO ST, ANTIOCH, TN  37013","year_built":2020,"owner":"AMH MOUNTAIN SPRINGS DEVELOPMENT LLC","operator":"AMH (NYSE: AMH)"}},{"type":"Feature","geometry":{"type":"Point","coordinates":[-86.616841,36.041921]},"properties":{"apn":"164140A22400CO","address":"5514 CENTRAL GROVE SQ, ANTIOCH, TN  37013","year_built":2020,"owner":"AMH MOUNTAIN SPRINGS DEVELOPMENT LLC","operator":"AMH (NYSE: AMH)"}},{"type":"Feature","geometry":{"type":"Point","coordinates":[-86.616753,36.041779]},"properties":{"apn":"164140A22500CO","address":"5516 CENTRAL GROVE SQ, ANTIOCH, TN  37013","year_built":2020,"owner":"AMH MOUNTAIN SPRINGS DEVELOPMENT LLC","operator":"AMH (NYSE: AMH)"}},{"type":"Feature","geometry":{"type":"Point","coordinates":[-86.617218,36.041625]},"properties":{"apn":"164140A18500CO","address":"5305 TUPELO ST, ANTIOCH, TN  37013","year_built":2020,"owner":"AMH MOUNTAIN SPRINGS DEVELOPMENT LLC","operator":"AMH (NYSE: AMH)"}},{"type":"Feature","geometry":{"type":"Point","coordinates":[-86.615909,36.041472]},"properties":{"apn":"164140A23200CO","address":"5530 CENTRAL GROVE SQ, ANTIOCH, TN  37013","year_built":2020,"owner":"AMH MOUNTAIN SPRINGS DEVELOPMENT LLC","operator":"AMH (NYSE: AMH)"}},{"type":"Feature","geometry":{"type":"Point","coordinates":[-86.615773,36.040556]},"properties":{"apn":"164140A20100CO","address":"5339 TUPELO ST, ANTIOCH, TN  37013","year_built":2020,"owner":"AMH MOUNTAIN SPRINGS DEVELOPMENT LLC","operator":"AMH (NYSE: AMH)"}},{"type":"Feature","geometry":{"type":"Point","coordinates":[-86.615488,36.040963]},"properties":{"apn":"164140A21100CO","address":"5134 SUNSET RIDGE LN, ANTIOCH, TN  37013","year_built":2020,"owner":"AMH MOUNTAIN SPRINGS DEVELOPMENT LLC","operator":"AMH (NYSE: AMH)"}},{"type":"Feature","geometry":{"type":"Point","coordinates":[-86.615532,36.041037]},"properties":{"apn":"164140A21200CO","address":"5132 SUNSET RIDGE LN, ANTIOCH, TN  37013","year_built":2020,"owner":"AMH MOUNTAIN SPRINGS DEVELOPMENT LLC","operator":"AMH (NYSE: AMH)"}},{"type":"Feature","geometry":{"type":"Point","coordinates":[-86.615569,36.041114]},"properties":{"apn":"164140A21300CO","address":"5130 SUNSET RIDGE LN, ANTIOCH, TN  37013","year_built":2020,"owner":"AMH MOUNTAIN SPRINGS DEVELOPMENT LLC","operator":"AMH (NYSE: AMH)"}},{"type":"Feature","geometry":{"type":"Point","coordinates":[-86.615701,36.041568]},"properties":{"apn":"164140A23400CO","address":"5534 CENTRAL GROVE SQ, ANTIOCH, TN  37013","year_built":2020,"owner":"AMH MOUNTAIN SPRINGS DEVELOPMENT LLC","operator":"AMH (NYSE: AMH)"}},{"type":"Feature","geometry":{"type":"Point","coordinates":[-86.615811,36.04151]},"properties":{"apn":"164140A23300CO","address":"5532 CENTRAL GROVE SQ, ANTIOCH, TN  37013","year_built":2020,"owner":"AMH MOUNTAIN SPRINGS DEVELOPMENT LLC","operator":"AMH (NYSE: AMH)"}},{"type":"Feature","geometry":{"type":"Point","coordinates":[-86.615734,36.040453]},"properties":{"apn":"164140A20200CO","address":"5341 TUPELO ST, ANTIOCH, TN  37013","year_built":2020,"owner":"AMH MOUNTAIN SPRINGS DEVELOPMENT LLC","operator":"AMH (NYSE: AMH)"}},{"type":"Feature","geometry":{"type":"Point","coordinates":[-86.616037,36.041444]},"properties":{"apn":"164140A23100CO","address":"5528 CENTRAL GROVE SQ, ANTIOCH, TN  37013","year_built":2020,"owner":"AMH MOUNTAIN SPRINGS DEVELOPMENT LLC","operator":"AMH (NYSE: AMH)"}},{"type":"Feature","geometry":{"type":"Point","coordinates":[-86.615895,36.040726]},"properties":{"apn":"164140A19900CO","address":"5335 TUPELO ST, ANTIOCH, TN  37013","year_built":2020,"owner":"AMH MOUNTAIN SPRINGS DEVELOPMENT LLC","operator":"AMH (NYSE: AMH)"}},{"type":"Feature","geometry":{"type":"Point","coordinates":[-86.616183,36.041442]},"properties":{"apn":"164140A23000CO","address":"5526 CENTRAL GROVE SQ, ANTIOCH, TN  37013","year_built":2020,"owner":"AMH MOUNTAIN SPRINGS DEVELOPMENT LLC","operator":"AMH (NYSE: AMH)"}},{"type":"Feature","geometry":{"type":"Point","coordinates":[-86.616344,36.041486]},"properties":{"apn":"164140A22900CO","address":"5524 CENTRAL GROVE SQ, ANTIOCH, TN  37013","year_built":2020,"owner":"AMH MOUNTAIN SPRINGS DEVELOPMENT LLC","operator":"AMH (NYSE: AMH)"}},{"type":"Feature","geometry":{"type":"Point","coordinates":[-86.615489,36.040221]},"properties":{"apn":"164140A20300CO","address":"5351 TUPELO ST, ANTIOCH, TN  37013","year_built":2020,"owner":"AMH MOUNTAIN SPRINGS DEVELOPMENT LLC","operator":"AMH (NYSE: AMH)"}},{"type":"Feature","geometry":{"type":"Point","coordinates":[-86.616476,36.041569]},"properties":{"apn":"164140A22800CO","address":"5522 CENTRAL GROVE SQ, ANTIOCH, TN  37013","year_built":2020,"owner":"AMH MOUNTAIN SPRINGS DEVELOPMENT LLC","operator":"AMH (NYSE: AMH)"}},{"type":"Feature","geometry":{"type":"Point","coordinates":[-86.616554,36.041627]},"properties":{"apn":"164140A22700CO","address":"5520 CENTRAL GROVE SQ, ANTIOCH, TN  37013","year_built":2020,"owner":"AMH MOUNTAIN SPRINGS DEVELOPMENT LLC","operator":"AMH (NYSE: AMH)"}},{"type":"Feature","geometry":{"type":"Point","coordinates":[-86.615819,36.040639]},"properties":{"apn":"164140A20000CO","address":"5337 TUPELO ST, ANTIOCH, TN  37013","year_built":2020,"owner":"AMH MOUNTAIN SPRINGS DEVELOPMENT LLC","operator":"AMH (NYSE: AMH)"}},{"type":"Feature","geometry":{"type":"Point","coordinates":[-86.616626,36.041683]},"properties":{"apn":"164140A22600CO","address":"5518 CENTRAL GROVE SQ, ANTIOCH, TN  37013","year_built":2020,"owner":"AMH MOUNTAIN SPRINGS DEVELOPMENT LLC","operator":"AMH (NYSE: AMH)"}},{"type":"Feature","geometry":{"type":"Point","coordinates":[-86.617127,36.041554]},"properties":{"apn":"164140A18600CO","address":"5309 TUPELO ST, ANTIOCH, TN  37013","year_built":2020,"owner":"AMH MOUNTAIN SPRINGS DEVELOPMENT LLC","operator":"AMH (NYSE: AMH)"}},{"type":"Feature","geometry":{"type":"Point","coordinates":[-86.616691,36.041189]},"properties":{"apn":"164140A19100CO","address":"5319 TUPELO ST, ANTIOCH, TN  37013","year_built":2020,"owner":"AMH MOUNTAIN SPRINGS DEVELOPMENT LLC","operator":"AMH (NYSE: AMH)"}},{"type":"Feature","geometry":{"type":"Point","coordinates":[-86.617358,36.041735]},"properties":{"apn":"164140A18400CO","address":"5301 TUPELO ST, ANTIOCH, TN  37013","year_built":2020,"owner":"AMH MOUNTAIN SPRINGS DEVELOPMENT LLC","operator":"AMH (NYSE: AMH)"}},{"type":"Feature","geometry":{"type":"Point","coordinates":[-86.616741,36.042668]},"properties":{"apn":"164140A17400CO","address":"5207 TUPELO ST, ANTIOCH, TN  37013","year_built":2019,"owner":"AMH MOUNTAIN SPRINGS DEVELOPMENT LLC","operator":"AMH (NYSE: AMH)"}},{"type":"Feature","geometry":{"type":"Point","coordinates":[-86.615117,36.040453]},"properties":{"apn":"164140A20700CO","address":"5359 TUPELO ST, ANTIOCH, TN  37013","year_built":2020,"owner":"AMH MOUNTAIN SPRINGS DEVELOPMENT LLC","operator":"AMH (NYSE: AMH)"}},{"type":"Feature","geometry":{"type":"Point","coordinates":[-86.616646,36.042703]},"properties":{"apn":"164140A17300CO","address":"5205 TUPELO ST, ANTIOCH, TN  37013","year_built":2019,"owner":"AMH MOUNTAIN SPRINGS DEVELOPMENT LLC","operator":"AMH (NYSE: AMH)"}},{"type":"Feature","geometry":{"type":"Point","coordinates":[-86.616655,36.042291]},"properties":{"apn":"164140A22100CO","address":"5508 CENTRAL GROVE SQ, ANTIOCH, TN  37013","year_built":2019,"owner":"AMH MOUNTAIN SPRINGS DEVELOPMENT LLC","operator":"AMH (NYSE: AMH)"}},{"type":"Feature","geometry":{"type":"Point","coordinates":[-86.616523,36.042339]},"properties":{"apn":"164140A22000CO","address":"5506 CENTRAL GROVE SQ, ANTIOCH, TN  37013","year_built":2019,"owner":"AMH MOUNTAIN SPRINGS DEVELOPMENT LLC","operator":"AMH (NYSE: AMH)"}},{"type":"Feature","geometry":{"type":"Point","coordinates":[-86.616552,36.042735]},"properties":{"apn":"164140A17200CO","address":"5203 TUPELO ST, ANTIOCH, TN  37013","year_built":2019,"owner":"AMH MOUNTAIN SPRINGS DEVELOPMENT LLC","operator":"AMH (NYSE: AMH)"}},{"type":"Feature","geometry":{"type":"Point","coordinates":[-86.615229,36.040422]},"properties":{"apn":"164140A20600CO","address":"5357 TUPELO ST, ANTIOCH, TN  37013","year_built":2020,"owner":"AMH MOUNTAIN SPRINGS DEVELOPMENT LLC","operator":"AMH (NYSE: AMH)"}},{"type":"Feature","geometry":{"type":"Point","coordinates":[-86.616431,36.042372]},"properties":{"apn":"164140A21900CO","address":"5504 CENTRAL GROVE SQ, ANTIOCH, TN  37013","year_built":2019,"owner":"AMH MOUNTAIN SPRINGS DEVELOPMENT LLC","operator":"AMH (NYSE: AMH)"}},{"type":"Feature","geometry":{"type":"Point","coordinates":[-86.616329,36.042407]},"properties":{"apn":"164140A21800CO","address":"5502 CENTRAL GROVE SQ, ANTIOCH, TN  37013","year_built":2019,"owner":"AMH MOUNTAIN SPRINGS DEVELOPMENT LLC","operator":"AMH (NYSE: AMH)"}},{"type":"Feature","geometry":{"type":"Point","coordinates":[-86.615343,36.040738]},"properties":{"apn":"164140A20800CO","address":"5140 SUNSET RIDGE LN, ANTIOCH, TN  37013","year_built":2020,"owner":"AMH MOUNTAIN SPRINGS DEVELOPMENT LLC","operator":"AMH (NYSE: AMH)"}},{"type":"Feature","geometry":{"type":"Point","coordinates":[-86.616788,36.042189]},"properties":{"apn":"164140A22200CO","address":"5510 CENTRAL GROVE SQ, ANTIOCH, TN  37013","year_built":2020,"owner":"AMH MOUNTAIN SPRINGS DEVELOPMENT LLC","operator":"AMH (NYSE: AMH)"}},{"type":"Feature","geometry":{"type":"Point","coordinates":[-86.617024,36.042568]},"properties":{"apn":"164140A17700CO","address":"5213 TUPELO ST, ANTIOCH, TN  37013","year_built":2019,"owner":"AMH MOUNTAIN SPRINGS DEVELOPMENT LLC","operator":"AMH (NYSE: AMH)"}},{"type":"Feature","geometry":{"type":"Point","coordinates":[-86.617344,36.041909]},"properties":{"apn":"164140A18300CO","address":"5231 TUPELO ST, ANTIOCH, TN  37013","year_built":2020,"owner":"AMH MOUNTAIN SPRINGS DEVELOPMENT LLC","operator":"AMH (NYSE: AMH)"}},{"type":"Feature","geometry":{"type":"Point","coordinates":[-86.617326,36.04199]},"properties":{"apn":"164140A18200CO","address":"5229 TUPELO ST, ANTIOCH, TN  37013","year_built":2019,"owner":"AMH MOUNTAIN SPRINGS DEVELOPMENT LLC","operator":"AMH (NYSE: AMH)"}},{"type":"Feature","geometry":{"type":"Point","coordinates":[-86.617319,36.042081]},"properties":{"apn":"164140A18100CO","address":"5227 TUPELO ST, ANTIOCH, TN  37013","year_built":2020,"owner":"AMH MOUNTAIN SPRINGS DEVELOPMENT LLC","operator":"AMH (NYSE: AMH)"}},{"type":"Feature","geometry":{"type":"Point","coordinates":[-86.617274,36.042248]},"properties":{"apn":"164140A18000CO","address":"5225 TUPELO ST, ANTIOCH, TN  37013","year_built":2019,"owner":"AMH MOUNTAIN SPRINGS DEVELOPMENT LLC","operator":"AMH (NYSE: AMH)"}},{"type":"Feature","geometry":{"type":"Point","coordinates":[-86.617219,36.0425]},"properties":{"apn":"164140A17800CO","address":"5217 TUPELO ST, ANTIOCH, TN  37013","year_built":2020,"owner":"AMH MOUNTAIN SPRINGS DEVELOPMENT LLC","operator":"AMH (NYSE: AMH)"}},{"type":"Feature","geometry":{"type":"Point","coordinates":[-86.616852,36.042053]},"properties":{"apn":"164140A22300CO","address":"5512 CENTRAL GROVE SQ, ANTIOCH, TN  37013","year_built":2020,"owner":"AMH MOUNTAIN SPRINGS DEVELOPMENT LLC","operator":"AMH (NYSE: AMH)"}},{"type":"Feature","geometry":{"type":"Point","coordinates":[-86.617256,36.042342]},"properties":{"apn":"164140A17900CO","address":"5221 TUPELO ST, ANTIOCH, TN  37013","year_built":2020,"owner":"AMH MOUNTAIN SPRINGS DEVELOPMENT LLC","operator":"AMH (NYSE: AMH)"}},{"type":"Feature","geometry":{"type":"Point","coordinates":[-86.616926,36.0426]},"properties":{"apn":"164140A17600CO","address":"5211 TUPELO ST, ANTIOCH, TN  37013","year_built":2019,"owner":"AMH MOUNTAIN SPRINGS DEVELOPMENT LLC","operator":"AMH (NYSE: AMH)"}},{"type":"Feature","geometry":{"type":"Point","coordinates":[-86.61683,36.042634]},"properties":{"apn":"164140A17500CO","address":"5209 TUPELO ST, ANTIOCH, TN  37013","year_built":2019,"owner":"AMH MOUNTAIN SPRINGS DEVELOPMENT LLC","operator":"AMH (NYSE: AMH)"}},{"type":"Feature","geometry":{"type":"Point","coordinates":[-86.664198,36.026421]},"properties":{"apn":"174090B00900CO","address":"138 LIGHTWOOD DR, ANTIOCH, TN  37013","year_built":2018,"owner":"SMITH DARCELL & JAMIKA","operator":""}},{"type":"Feature","geometry":{"type":"Point","coordinates":[-86.817058,36.177481]},"properties":{"apn":"08110040300","address":"2504 FINLAND ST, NASHVILLE, TN  37208","year_built":2021,"owner":"WOODBINE COMMUNITY ORGANIZATION WCO INC","operator":""}},{"type":"Feature","geometry":{"type":"Point","coordinates":[-86.622186,36.171169]},"properties":{"apn":"086130A04200CO","address":"5017 SUNFLOWER LN, HERMITAGE, TN  37076","year_built":2019,"owner":"KACZMAREK NICHOLAS ROBERT & BRENDA KAY","operator":""}},{"type":"Feature","geometry":{"type":"Point","coordinates":[-86.74871,36.178114]},"properties":{"apn":"08309012000","address":"1112 FOREST AVE, NASHVILLE, TN  37206","year_built":2013,"owner":"FLEMING LAURIE & MARK","operator":""}},{"type":"Feature","geometry":{"type":"Point","coordinates":[-86.642402,35.99758]},"properties":{"apn":"182150B04600CO","address":"2460 PRAIRIE HILL DR, ANTIOCH, TN  37013","year_built":2019,"owner":"FUSCO DANIEL & MARY","operator":""}},{"type":"Feature","geometry":{"type":"Point","coordinates":[-86.603998,36.056137]},"properties":{"apn":"164070A13700CO","address":"1900 BROOKSHINE PRT, ANTIOCH, TN  37013","year_built":2015,"owner":"SULIMAN YAKOUB A & GERGES SARA W","operator":""}},{"type":"Feature","geometry":{"type":"Point","coordinates":[-86.593181,36.055287]},"properties":{"apn":"164040C08100CO","address":"1380 MARITIME PRT, ANTIOCH, TN  37013","year_built":2019,"owner":"AYAD MIKHAIL & ABDELMELEK AMAL","operator":""}},{"type":"Feature","geometry":{"type":"Point","coordinates":[-86.720776,36.036021]},"properties":{"apn":"172030A15400CO","address":"1740 BOXWOOD DR, NASHVILLE, TN  37211","year_built":2019,"owner":"WINGARD JOEL C","operator":""}},{"type":"Feature","geometry":{"type":"Point","coordinates":[-86.793057,36.226593]},"properties":{"apn":"059080A33700CO","address":"4136 POLK FOREST CIR, NASHVILLE, TN  37207","year_built":2019,"owner":"JONES EBONY","operator":""}},{"type":"Feature","geometry":{"type":"Point","coordinates":[-86.613166,35.977733]},"properties":{"apn":"188100A01300CO","address":"1136 PRINCETON HILLS DR, NOLENSVILLE, TN  37135","year_built":2019,"owner":"HEALY MELISSA SUE","operator":""}},{"type":"Feature","geometry":{"type":"Point","coordinates":[-86.621894,36.171141]},"properties":{"apn":"086130A04400CO","address":"5009 SUNFLOWER LN, HERMITAGE, TN  37076","year_built":2019,"owner":"FLOWERS JENNIFER N","operator":""}},{"type":"Feature","geometry":{"type":"Point","coordinates":[-86.839913,36.161457]},"properties":{"apn":"09108004800","address":"1004 44TH AVE N, NASHVILLE, TN  37209","year_built":2021,"owner":"REGAL HOMES","operator":""}},{"type":"Feature","geometry":{"type":"Point","coordinates":[-86.745175,36.033338]},"properties":{"apn":"17200000700","address":"5849 EDMONDSON PIKE, NASHVILLE, TN  37211","year_built":2020,"owner":"LEISER MATTHEW","operator":""}},{"type":"Feature","geometry":{"type":"Point","coordinates":[-86.622709,36.171212]},"properties":{"apn":"086130A04000CO","address":"5025 SUNFLOWER LN, HERMITAGE, TN  37076","year_built":2019,"owner":"PINKHASOV NOA","operator":""}},{"type":"Feature","geometry":{"type":"Point","coordinates":[-86.641942,35.998086]},"properties":{"apn":"182150B04300CO","address":"2448 PRAIRIE HILL DR, ANTIOCH, TN  37013","year_built":2019,"owner":"DANGERFIELD DOUGLAS","operator":""}},{"type":"Feature","geometry":{"type":"Point","coordinates":[-86.749321,36.169047]},"properties":{"apn":"09401049600","address":"603 S 12TH ST, NASHVILLE, TN  37206","year_built":2021,"owner":"STEPHENS MARCUS","operator":""}},{"type":"Feature","geometry":{"type":"Point","coordinates":[-86.797216,36.228433]},"properties":{"apn":"059080A20200CO","address":"223 JOHNNA CT, NASHVILLE, TN  37207","year_built":2019,"owner":"HAMA NABAZ & PARKHE SHENO","operator":""}},{"type":"Feature","geometry":{"type":"Point","coordinates":[-86.684375,36.003909]},"properties":{"apn":"181070A08500CO","address":"9629 COLTON RD, BRENTWOOD, TN  37027","year_built":2019,"owner":"ROY ANDERSON 2012 DYNASTY TRUST THE","operator":""}},{"type":"Feature","geometry":{"type":"Point","coordinates":[-86.593713,36.055341]},"properties":{"apn":"164040C08400CO","address":"1368 MARITIME PRT, ANTIOCH, TN  37013","year_built":2019,"owner":"MINA SALAH K","operator":""}},{"type":"Feature","geometry":{"type":"Point","coordinates":[-86.661797,35.988247]},"properties":{"apn":"187090A02100CO","address":"2081 KIRKWALL DR, NOLENSVILLE, TN  37135","year_built":2019,"owner":"BLOWER KATHERINE NOEL","operator":""}},{"type":"Feature","geometry":{"type":"Point","coordinates":[-86.728435,36.0206]},"properties":{"apn":"172150C01000CO","address":"2833 BRENTWOOD KNOLL CT, NASHVILLE, TN  37211","year_built":2018,"owner":"HALL CHERYL CAMILLE & JEFFREY JAY","operator":""}},{"type":"Feature","geometry":{"type":"Point","coordinates":[-86.779702,36.198132]},"properties":{"apn":"07110011900","address":"1227 KATIE AVE, NASHVILLE, TN  37207","year_built":2016,"owner":"GUPTA AJAY & KARINA MALANEY","operator":""}},{"type":"Feature","geometry":{"type":"Point","coordinates":[-86.645856,36.272511]},"properties":{"apn":"044070A00200CO","address":"34 MAGNOLIA SHRS, OLD HICKORY, TN  37138","year_built":2019,"owner":"MAYES ROBERT & KARIN E","operator":""}},{"type":"Feature","geometry":{"type":"Point","coordinates":[-86.73862,36.0244]},"properties":{"apn":"172100C00200CO","address":"3304 HARRIETT PARK DR, NASHVILLE, TN  37211","year_built":2015,"owner":"PAUKOVEC ANDRA M LIVING TRUST THE","operator":""}},{"type":"Feature","geometry":{"type":"Point","coordinates":[-86.860758,36.220354]},"properties":{"apn":"058100C03800CO","address":"4532 QUEENS LN, NASHVILLE, TN  37218","year_built":2019,"owner":"OLIVER LESHUAN D & CHARLANE J","operator":""}},{"type":"Feature","geometry":{"type":"Point","coordinates":[-86.740055,36.104231]},"properties":{"apn":"11914036500","address":"314 SUNRISE AVE, NASHVILLE, TN  37211","year_built":2017,"owner":"ROSEMAN JEAN F LIVING TRUST THE","operator":""}},{"type":"Feature","geometry":{"type":"Point","coordinates":[-86.794836,36.171907]},"properties":{"apn":"08116075300","address":"1023 10TH AVE N, NASHVILLE, TN  37208","year_built":2018,"owner":"SPERKO RYAN SHAW","operator":""}},{"type":"Feature","geometry":{"type":"Point","coordinates":[-86.852791,36.160519]},"properties":{"apn":"09107048500","address":"5313 TENNESSEE AVE, NASHVILLE, TN  37209","year_built":2019,"owner":"LAWRENCE SCOTT","operator":""}},{"type":"Feature","geometry":{"type":"Point","coordinates":[-86.761199,36.146593]},"properties":{"apn":"10504002900","address":"5 CLAIBORNE ST, NASHVILLE, TN  37210","year_built":2019,"owner":"GENCAY AMANDA & ABRAHAM","operator":""}},{"type":"Feature","geometry":{"type":"Point","coordinates":[-86.872769,36.343659]},"properties":{"apn":"01500018200","address":"7621 WHITES CREEK PIKE, JOELTON, TN  37080","year_built":2020,"owner":"DYE ROBERT & AMANDA","operator":""}},{"type":"Feature","geometry":{"type":"Point","coordinates":[-86.67929,35.989135]},"properties":{"apn":"186030A17500CO","address":"112 BURKITT COMMONS AVE, NOLENSVILLE, TN  37135","year_built":2019,"owner":"PATEL ARPIT & RUCHI","operator":""}},{"type":"Feature","geometry":{"type":"Point","coordinates":[-86.764951,36.194248]},"properties":{"apn":"07115056500","address":"1304 B STAINBACK AVE, NASHVILLE, TN  37207","year_built":2020,"owner":"NIKRAVAN ERIK & KREBS ALLYSON","operator":""}},{"type":"Feature","geometry":{"type":"Point","coordinates":[-86.58488,36.03238]},"properties":{"apn":"176050C01700CO","address":"4740 ROCKLAND TRL, ANTIOCH, TN  37013","year_built":2017,"owner":"SRMZ 2 LLC","operator":"Amherst Group / Main Street Renewal"}},{"type":"Feature","geometry":{"type":"Point","coordinates":[-86.668739,35.985381]},"properties":{"apn":"186040A21500CO","address":"608 WESTCOTT LN, NOLENSVILLE, TN  37135","year_built":2012,"owner":"SHIN DAE J & HYUN W","operator":""}},{"type":"Feature","geometry":{"type":"Point","coordinates":[-86.885745,36.157553]},"properties":{"apn":"09011003900","address":"517 BASSWOOD AVE, NASHVILLE, TN  37209","year_built":2023,"owner":"WESTERN EXPRESS INC","operator":""}},{"type":"Feature","geometry":{"type":"Point","coordinates":[-86.621343,36.050151]},"properties":{"apn":"164100A32700CO","address":"2140 PINEGLEN CT, ANTIOCH, TN  37013","year_built":2011,"owner":"PROGRESS RESIDENTIAL BORROWER 6 LLC","operator":"Pretium Partners (Goldman Sachs)"}},{"type":"Feature","geometry":{"type":"Point","coordinates":[-86.634435,36.247311]},"properties":{"apn":"05312027500","address":"808 CERRITO LNDG, OLD HICKORY, TN  37138","year_built":2021,"owner":"MCGOLDRICK JAMES C JR & SUSAN E","operator":""}},{"type":"Feature","geometry":{"type":"Point","coordinates":[-86.769657,36.207267]},"properties":{"apn":"07107027500","address":"115 OLD TRINITY LN, NASHVILLE, TN  37207","year_built":2018,"owner":"FOREMAN MICHAEL & YVETTE","operator":""}},{"type":"Feature","geometry":{"type":"Point","coordinates":[-86.638913,35.999827]},"properties":{"apn":"182150B12600CO","address":"2084 NOTCHLEAF RD, ANTIOCH, TN  37013","year_built":2020,"owner":"MERITAGE HOMES OF TENNESSEE INC","operator":""}},{"type":"Feature","geometry":{"type":"Point","coordinates":[-86.60244,36.056505]},"properties":{"apn":"164070A15100CO","address":"1641 HIGHWATER DR, ANTIOCH, TN  37013","year_built":2015,"owner":"PROGRESS RESIDENTIAL BORROWER 6 LLC","operator":"Pretium Partners (Goldman Sachs)"}},{"type":"Feature","geometry":{"type":"Point","coordinates":[-86.856043,36.160413]},"properties":{"apn":"09106046600","address":"5605 B TENNESSEE AVE, NASHVILLE, TN  37209","year_built":2018,"owner":"EHRENREICH ROBBERT & MONA FAMILY TRUST THE","operator":""}},{"type":"Feature","geometry":{"type":"Point","coordinates":[-86.769825,36.207281]},"properties":{"apn":"07107027400","address":"117 OLD TRINITY LN, NASHVILLE, TN  37207","year_built":2018,"owner":"TAYLOR ERIC","operator":""}},{"type":"Feature","geometry":{"type":"Point","coordinates":[-86.633622,36.007936]},"properties":{"apn":"182120A11500CO","address":"7232 WILD APPLE CT, ANTIOCH, TN  37013","year_built":2023,"owner":"METRY JACKLYN GEORGE","operator":""}},{"type":"Feature","geometry":{"type":"Point","coordinates":[-86.615592,36.044318]},"properties":{"apn":"164140A04600CO","address":"5053 MOUNTAIN SPRINGS RD, ANTIOCH, TN  37013","year_built":2019,"owner":"AMH MOUNTAIN SPRINGS DEVELOPMENT LLC","operator":"AMH (NYSE: AMH)"}},{"type":"Feature","geometry":{"type":"Point","coordinates":[-86.615789,36.04432]},"properties":{"apn":"164140A04700CO","address":"5055 MOUNTAIN SPRINGS RD, ANTIOCH, TN  37013","year_built":2019,"owner":"AMH MOUNTAIN SPRINGS DEVELOPMENT LLC","operator":"AMH (NYSE: AMH)"}},{"type":"Feature","geometry":{"type":"Point","coordinates":[-86.615995,36.044308]},"properties":{"apn":"164140A04800CO","address":"5057 MOUNTAIN SPRINGS RD, ANTIOCH, TN  37013","year_built":2019,"owner":"AMH MOUNTAIN SPRINGS DEVELOPMENT LLC","operator":"AMH (NYSE: AMH)"}},{"type":"Feature","geometry":{"type":"Point","coordinates":[-86.615393,36.0443]},"properties":{"apn":"164140A04500CO","address":"5051 MOUNTAIN SPRINGS RD, ANTIOCH, TN  37013","year_built":2019,"owner":"AMH MOUNTAIN SPRINGS DEVELOPMENT LLC","operator":"AMH (NYSE: AMH)"}},{"type":"Feature","geometry":{"type":"Point","coordinates":[-86.616384,36.044237]},"properties":{"apn":"164140A05000CO","address":"5061 MOUNTAIN SPRINGS RD, ANTIOCH, TN  37013","year_built":2019,"owner":"AMH MOUNTAIN SPRINGS DEVELOPMENT LLC","operator":"AMH (NYSE: AMH)"}},{"type":"Feature","geometry":{"type":"Point","coordinates":[-86.616582,36.044176]},"properties":{"apn":"164140A05100CO","address":"5063 MOUNTAIN SPRINGS RD, ANTIOCH, TN  37013","year_built":2019,"owner":"AMH MOUNTAIN SPRINGS DEVELOPMENT LLC","operator":"AMH (NYSE: AMH)"}},{"type":"Feature","geometry":{"type":"Point","coordinates":[-86.617091,36.043957]},"properties":{"apn":"164140A05200CO","address":"5067 MOUNTAIN SPRINGS RD, ANTIOCH, TN  37013","year_built":2020,"owner":"AMH MOUNTAIN SPRINGS DEVELOPMENT LLC","operator":"AMH (NYSE: AMH)"}},{"type":"Feature","geometry":{"type":"Point","coordinates":[-86.6162,36.044281]},"properties":{"apn":"164140A04900CO","address":"5059 MOUNTAIN SPRINGS RD, ANTIOCH, TN  37013","year_built":2019,"owner":"AMH MOUNTAIN SPRINGS DEVELOPMENT LLC","operator":"AMH (NYSE: AMH)"}},{"type":"Feature","geometry":{"type":"Point","coordinates":[-86.615208,36.044283]},"properties":{"apn":"164140A04400CO","address":"5049 MOUNTAIN SPRINGS RD, ANTIOCH, TN  37013","year_built":2019,"owner":"AMH MOUNTAIN SPRINGS DEVELOPMENT LLC","operator":"AMH (NYSE: AMH)"}},{"type":"Feature","geometry":{"type":"Point","coordinates":[-86.615025,36.044266]},"properties":{"apn":"164140A04300CO","address":"5047 MOUNTAIN SPRINGS RD, ANTIOCH, TN  37013","year_built":2019,"owner":"AMH MOUNTAIN SPRINGS DEVELOPMENT LLC","operator":"AMH (NYSE: AMH)"}},{"type":"Feature","geometry":{"type":"Point","coordinates":[-86.615886,36.043901]},"properties":{"apn":"164140A04200CO","address":"5058 MOUNTAIN SPRINGS RD, ANTIOCH, TN  37013","year_built":2019,"owner":"AMH MOUNTAIN SPRINGS DEVELOPMENT LLC","operator":"AMH (NYSE: AMH)"}},{"type":"Feature","geometry":{"type":"Point","coordinates":[-86.615696,36.043904]},"properties":{"apn":"164140A04100CO","address":"5056 MOUNTAIN SPRINGS RD, ANTIOCH, TN  37013","year_built":2019,"owner":"AMH MOUNTAIN SPRINGS DEVELOPMENT LLC","operator":"AMH (NYSE: AMH)"}},{"type":"Feature","geometry":{"type":"Point","coordinates":[-86.61726,36.043886]},"properties":{"apn":"164140A05300CO","address":"5069 MOUNTAIN SPRINGS RD, ANTIOCH, TN  37013","year_built":2019,"owner":"AMH MOUNTAIN SPRINGS DEVELOPMENT LLC","operator":"AMH (NYSE: AMH)"}},{"type":"Feature","geometry":{"type":"Point","coordinates":[-86.615482,36.043894]},"properties":{"apn":"164140A04000CO","address":"5054 MOUNTAIN SPRINGS RD, ANTIOCH, TN  37013","year_built":2019,"owner":"AMH MOUNTAIN SPRINGS DEVELOPMENT LLC","operator":"AMH (NYSE: AMH)"}},{"type":"Feature","geometry":{"type":"Point","coordinates":[-86.810619,36.052063]},"properties":{"apn":"159060B04200CO","address":"1788 WOODSONG DR, BRENTWOOD, TN  37027","year_built":2020,"owner":"SELLS JACK HUDDLESTON & MICHELE CARTER","operator":""}},{"type":"Feature","geometry":{"type":"Point","coordinates":[-86.6176,36.043745]},"properties":{"apn":"164140A05500CO","address":"5073 MOUNTAIN SPRINGS RD, ANTIOCH, TN  37013","year_built":2019,"owner":"AMH MOUNTAIN SPRINGS DEVELOPMENT LLC","operator":"AMH (NYSE: AMH)"}},{"type":"Feature","geometry":{"type":"Point","coordinates":[-86.616232,36.043431]},"properties":{"apn":"164140A11600CO","address":"5107 SUNSET RIDGE LN, ANTIOCH, TN  37013","year_built":2019,"owner":"AMH MOUNTAIN SPRINGS DEVELOPMENT LLC","operator":"AMH (NYSE: AMH)"}},{"type":"Feature","geometry":{"type":"Point","coordinates":[-86.616271,36.043509]},"properties":{"apn":"164140A11500CO","address":"5105 SUNSET RIDGE LN, ANTIOCH, TN  37013","year_built":2019,"owner":"AMH MOUNTAIN SPRINGS DEVELOPMENT LLC","operator":"AMH (NYSE: AMH)"}},{"type":"Feature","geometry":{"type":"Point","coordinates":[-86.61743,36.043816]},"properties":{"apn":"164140A05400CO","address":"5071 MOUNTAIN SPRINGS RD, ANTIOCH, TN  37013","year_built":2019,"owner":"AMH MOUNTAIN SPRINGS DEVELOPMENT LLC","operator":"AMH (NYSE: AMH)"}},{"type":"Feature","geometry":{"type":"Point","coordinates":[-86.616536,36.043713]},"properties":{"apn":"164140A10400CO","address":"5068 MOUNTAIN SPRINGS RD, ANTIOCH, TN  37013","year_built":2019,"owner":"AMH MOUNTAIN SPRINGS DEVELOPMENT LLC","operator":"AMH (NYSE: AMH)"}},{"type":"Feature","geometry":{"type":"Point","coordinates":[-86.616104,36.043851]},"properties":{"apn":"164140A10000CO","address":"5060 MOUNTAIN SPRINGS RD, ANTIOCH, TN  37013","year_built":2019,"owner":"AMH MOUNTAIN SPRINGS DEVELOPMENT LLC","operator":"AMH (NYSE: AMH)"}},{"type":"Feature","geometry":{"type":"Point","coordinates":[-86.616235,36.043822]},"properties":{"apn":"164140A10100CO","address":"5062 MOUNTAIN SPRINGS RD, ANTIOCH, TN  37013","year_built":2019,"owner":"AMH MOUNTAIN SPRINGS DEVELOPMENT LLC","operator":"AMH (NYSE: AMH)"}},{"type":"Feature","geometry":{"type":"Point","coordinates":[-86.616345,36.043787]},"properties":{"apn":"164140A10200CO","address":"5064 MOUNTAIN SPRINGS RD, ANTIOCH, TN  37013","year_built":2019,"owner":"AMH MOUNTAIN SPRINGS DEVELOPMENT LLC","operator":"AMH (NYSE: AMH)"}},{"type":"Feature","geometry":{"type":"Point","coordinates":[-86.616441,36.043753]},"properties":{"apn":"164140A10300CO","address":"5066 MOUNTAIN SPRINGS RD, ANTIOCH, TN  37013","year_built":2019,"owner":"AMH MOUNTAIN SPRINGS DEVELOPMENT LLC","operator":"AMH (NYSE: AMH)"}},{"type":"Feature","geometry":{"type":"Point","coordinates":[-86.616828,36.043604]},"properties":{"apn":"164140A10500CO","address":"5070 MOUNTAIN SPRINGS RD, ANTIOCH, TN  37013","year_built":2019,"owner":"AMH MOUNTAIN SPRINGS DEVELOPMENT LLC","operator":"AMH (NYSE: AMH)"}},{"type":"Feature","geometry":{"type":"Point","coordinates":[-86.617374,36.043346]},"properties":{"apn":"164140A11100CO","address":"5082 MOUNTAIN SPRINGS RD, ANTIOCH, TN  37013","year_built":2019,"owner":"AMH MOUNTAIN SPRINGS DEVELOPMENT LLC","operator":"AMH (NYSE: AMH)"}},{"type":"Feature","geometry":{"type":"Point","coordinates":[-86.61693,36.043541]},"properties":{"apn":"164140A10600CO","address":"5072 MOUNTAIN SPRINGS RD, ANTIOCH, TN  37013","year_built":2019,"owner":"AMH MOUNTAIN SPRINGS DEVELOPMENT LLC","operator":"AMH (NYSE: AMH)"}},{"type":"Feature","geometry":{"type":"Point","coordinates":[-86.617022,36.0435]},"properties":{"apn":"164140A10700CO","address":"5074 MOUNTAIN SPRINGS RD, ANTIOCH, TN  37013","year_built":2019,"owner":"AMH MOUNTAIN SPRINGS DEVELOPMENT LLC","operator":"AMH (NYSE: AMH)"}},{"type":"Feature","geometry":{"type":"Point","coordinates":[-86.617109,36.043464]},"properties":{"apn":"164140A10800CO","address":"5076 MOUNTAIN SPRINGS RD, ANTIOCH, TN  37013","year_built":2019,"owner":"AMH MOUNTAIN SPRINGS DEVELOPMENT LLC","operator":"AMH (NYSE: AMH)"}},{"type":"Feature","geometry":{"type":"Point","coordinates":[-86.6172,36.043426]},"properties":{"apn":"164140A10900CO","address":"5078 MOUNTAIN SPRINGS RD, ANTIOCH, TN  37013","year_built":2019,"owner":"AMH MOUNTAIN SPRINGS DEVELOPMENT LLC","operator":"AMH (NYSE: AMH)"}},{"type":"Feature","geometry":{"type":"Point","coordinates":[-86.617295,36.043387]},"properties":{"apn":"164140A11000CO","address":"5080 MOUNTAIN SPRINGS RD, ANTIOCH, TN  37013","year_built":2019,"owner":"AMH MOUNTAIN SPRINGS DEVELOPMENT LLC","operator":"AMH (NYSE: AMH)"}},{"type":"Feature","geometry":{"type":"Point","coordinates":[-86.575607,36.031643]},"properties":{"apn":"176060A03800CO","address":"5560 HICKORY WOODS DR, ANTIOCH, TN  37013","year_built":2020,"owner":"D R HORTON INC","operator":""}},{"type":"Feature","geometry":{"type":"Point","coordinates":[-86.576259,36.030235]},"properties":{"apn":"176060A00800CO","address":"7312 BRADY LN, ANTIOCH, TN  37013","year_built":2021,"owner":"HORTON D R INC","operator":""}},{"type":"Feature","geometry":{"type":"Point","coordinates":[-86.850748,36.209885]},"properties":{"apn":"06903010500","address":"4308 DRAKE WOOD LN, NASHVILLE, TN  37218","year_built":2020,"owner":"JENKINS BRITTANY","operator":""}},{"type":"Feature","geometry":{"type":"Point","coordinates":[-86.614634,36.062916]},"properties":{"apn":"150140D15300CO","address":"5477 RUFFIAN WAY, ANTIOCH, TN  37013","year_built":2018,"owner":"BROWN CARLENE","operator":""}},{"type":"Feature","geometry":{"type":"Point","coordinates":[-86.595498,36.051097]},"properties":{"apn":"164080D11800CO","address":"4800 SANDYROCK LN, ANTIOCH, TN  37013","year_built":2018,"owner":"ATTAALLAH HANY MOUNIR WANISS & REYAD MARIAM W M","operator":""}},{"type":"Feature","geometry":{"type":"Point","coordinates":[-86.613083,36.06316]},"properties":{"apn":"150140D14400CO","address":"5456 RUFFIAN WAY, ANTIOCH, TN  37013","year_built":2018,"owner":"YOUSEF KHALEFA & SOSO","operator":""}},{"type":"Feature","geometry":{"type":"Point","coordinates":[-86.641495,36.000425]},"properties":{"apn":"182150B01400CO","address":"1212 YELLOW HOP ALY, ANTIOCH, TN  37013","year_built":2018,"owner":"FRENCH BARRY FAMILY TRUST THE","operator":""}},{"type":"Feature","geometry":{"type":"Point","coordinates":[-86.643753,36.192474]},"properties":{"apn":"085040A50100CO","address":"4340 STONE HALL BLVD, HERMITAGE, TN  37076","year_built":2018,"owner":"MILTON MICHAEL B & CAROL J","operator":""}},{"type":"Feature","geometry":{"type":"Point","coordinates":[-86.811603,36.051544]},"properties":{"apn":"159060B04600CO","address":"1805 WRITERS CIR, BRENTWOOD, TN  37027","year_built":2018,"owner":"BUARTON DAVID HURLESS IRREVOCABLE TRUST","operator":""}},{"type":"Feature","geometry":{"type":"Point","coordinates":[-86.584797,36.032963]},"properties":{"apn":"176050C00900CO","address":"4733 ROCKLAND TRL, ANTIOCH, TN  37013","year_built":2016,"owner":"SRMZ 1 LLC","operator":"Amherst Group / Main Street Renewal"}},{"type":"Feature","geometry":{"type":"Point","coordinates":[-86.584877,36.032168]},"properties":{"apn":"176050C01600CO","address":"4744 ROCKLAND TRL, ANTIOCH, TN  37013","year_built":2017,"owner":"SRMZ 1 LLC","operator":"Amherst Group / Main Street Renewal"}},{"type":"Feature","geometry":{"type":"Point","coordinates":[-86.737302,36.015512]},"properties":{"apn":"172140A05300CO","address":"6800 HOLT RD, NASHVILLE, TN  37211","year_built":2022,"owner":"MOHAMAD ARAZ ABDULKARIM","operator":""}},{"type":"Feature","geometry":{"type":"Point","coordinates":[-86.771385,36.259386]},"properties":{"apn":"050020A09600CO","address":"2543 SOLOMON LN, NASHVILLE, TN  37207","year_built":2018,"owner":"VASQUEZ CHAD & ALICIA","operator":""}},{"type":"Feature","geometry":{"type":"Point","coordinates":[-86.758114,36.043714]},"properties":{"apn":"160120A01800CO","address":"1073 GRANBERY PARK DR, BRENTWOOD, TN  37027","year_built":2018,"owner":"HAMILTON MARGARET & JEREMY","operator":""}},{"type":"Feature","geometry":{"type":"Point","coordinates":[-86.804729,36.104431]},"properties":{"apn":"11715021600","address":"1625 S OBSERVATORY DR, NASHVILLE, TN  37215","year_built":2017,"owner":"HENDERSON MARTHA TRUST","operator":""}},{"type":"Feature","geometry":{"type":"Point","coordinates":[-86.668292,36.019125]},"properties":{"apn":"174130A13800CO","address":"878 DAYBREAK DR, ANTIOCH, TN  37013","year_built":2015,"owner":"AMH 2014 - 3 BORROWER LP","operator":"AMH (NYSE: AMH)"}},{"type":"Feature","geometry":{"type":"Point","coordinates":[-86.675056,36.033167]},"properties":{"apn":"173040A31400CO","address":"5400 OAK CHASE DR, ANTIOCH, TN  37013","year_built":2015,"owner":"AMH 2014 - 3 BORROWER LP","operator":"AMH (NYSE: AMH)"}},{"type":"Feature","geometry":{"type":"Point","coordinates":[-86.683776,36.034583]},"properties":{"apn":"173040A36800CO","address":"5566 OAK CHASE DR, ANTIOCH, TN  37013","year_built":2015,"owner":"AMH 2014 - 3 BORROWER LP","operator":"AMH (NYSE: AMH)"}},{"type":"Feature","geometry":{"type":"Point","coordinates":[-86.677832,36.029769]},"properties":{"apn":"173080A14600CO","address":"3020 BLUFFHOLLOW GAP, ANTIOCH, TN  37013","year_built":2013,"owner":"AMH 2014-3 BORROWER LP","operator":"AMH (NYSE: AMH)"}},{"type":"Feature","geometry":{"type":"Point","coordinates":[-86.679571,36.033827]},"properties":{"apn":"173040A19700CO","address":"4821 AARON DR, ANTIOCH, TN  37013","year_built":2015,"owner":"AMH 2014 - 3 BORROWER LP","operator":"AMH (NYSE: AMH)"}},{"type":"Feature","geometry":{"type":"Point","coordinates":[-86.648037,36.065462]},"properties":{"apn":"149150A28700CO","address":"1532 BRIDGECREST DR, ANTIOCH, TN  37013","year_built":2018,"owner":"HOBBS TREVOR L & STACEY M","operator":""}},{"type":"Feature","geometry":{"type":"Point","coordinates":[-86.756973,36.044378]},"properties":{"apn":"160120A01400CO","address":"1057 GRANBERY PARK DR, BRENTWOOD, TN  37027","year_built":2018,"owner":"CHESTER MICHAEL WAYNE & KIMBERLY D","operator":""}},{"type":"Feature","geometry":{"type":"Point","coordinates":[-86.595725,36.051681]},"properties":{"apn":"164080D12800CO","address":"4813 SANDYROCK LN, ANTIOCH, TN  37013","year_built":2018,"owner":"GIED ABRAHEM F & SALEH MARIM N","operator":""}},{"type":"Feature","geometry":{"type":"Point","coordinates":[-86.59231,36.068202]},"properties":{"apn":"150120B20200CO","address":"3833 PARK ROYAL LN, ANTIOCH, TN  37013","year_built":2018,"owner":"MUSTAPHA MOLBA & STACIE M","operator":""}},{"type":"Feature","geometry":{"type":"Point","coordinates":[-86.757468,36.044025]},"properties":{"apn":"160120A01600CO","address":"1065 GRANBERY PARK DR, BRENTWOOD, TN  37027","year_built":2018,"owner":"GREENE RALPH D & SARAH U","operator":""}},{"type":"Feature","geometry":{"type":"Point","coordinates":[-86.940778,36.24136]},"properties":{"apn":"04600009700","address":"4696 BULL RUN RD, ASHLAND CITY, TN  37015","year_built":2019,"owner":"BLEDSOE COREY JAMES","operator":""}},{"type":"Feature","geometry":{"type":"Point","coordinates":[-86.62997,36.226819]},"properties":{"apn":"06405011400","address":"4031 MAIN ST, OLD HICKORY, TN  37138","year_built":2022,"owner":"KURTZ JOSHUA J & ALYSSA J","operator":""}},{"type":"Feature","geometry":{"type":"Point","coordinates":[-86.704364,36.282113]},"properties":{"apn":"03413007800","address":"167 WELWORTH ST, MADISON, TN  37115","year_built":2021,"owner":"WOODBINE COMMUNITY ORGANIZATION","operator":""}},{"type":"Feature","geometry":{"type":"Point","coordinates":[-86.804379,36.172949]},"properties":{"apn":"08115034400","address":"1607 KNOWLES ST, NASHVILLE, TN  37208","year_built":2020,"owner":"WOODBINE COMMUNITY ORGANIZATION","operator":""}},{"type":"Feature","geometry":{"type":"Point","coordinates":[-86.657093,36.234719]},"properties":{"apn":"06302001200","address":"1440 MOHAWK TRL, MADISON, TN  37115","year_built":2021,"owner":"WOODBINE COMMUNITY ORGANIZATION","operator":""}},{"type":"Feature","geometry":{"type":"Point","coordinates":[-86.808138,36.174591]},"properties":{"apn":"08115019700","address":"1612 DR D B TODD JR BLVD, NASHVILLE, TN  37208","year_built":2020,"owner":"WOODBINE COMMUNITY ORGANIZATION","operator":""}},{"type":"Feature","geometry":{"type":"Point","coordinates":[-86.806802,36.172352]},"properties":{"apn":"08115036000","address":"1721 B KNOWLES ST, NASHVILLE, TN  37208","year_built":2018,"owner":"BANKARD-WEAVER SHELLEY & WEAVER RYAN","operator":""}},{"type":"Feature","geometry":{"type":"Point","coordinates":[-86.615123,36.043819]},"properties":{"apn":"164140A03800CO","address":"5050 MOUNTAIN SPRINGS RD, ANTIOCH, TN  37013","year_built":2019,"owner":"AMH MOUNTAIN SPRINGS DEVELOPMENT LLC","operator":"AMH (NYSE: AMH)"}},{"type":"Feature","geometry":{"type":"Point","coordinates":[-86.615308,36.043836]},"properties":{"apn":"164140A03900CO","address":"5052 MOUNTAIN SPRINGS RD, ANTIOCH, TN  37013","year_built":2019,"owner":"AMH MOUNTAIN SPRINGS DEVELOPMENT LLC","operator":"AMH (NYSE: AMH)"}},{"type":"Feature","geometry":{"type":"Point","coordinates":[-86.614753,36.043784]},"properties":{"apn":"164140A03600CO","address":"5046 MOUNTAIN SPRINGS RD, ANTIOCH, TN  37013","year_built":2019,"owner":"AMH MOUNTAIN SPRINGS DEVELOPMENT LLC","operator":"AMH (NYSE: AMH)"}},{"type":"Feature","geometry":{"type":"Point","coordinates":[-86.661813,35.985065]},"properties":{"apn":"187090A14300CO","address":"4052 LIBERTON WAY, NOLENSVILLE, TN  37135","year_built":2018,"owner":"4052 LIBERTON WAY LLC","operator":""}},{"type":"Feature","geometry":{"type":"Point","coordinates":[-86.614938,36.043801]},"properties":{"apn":"164140A03700CO","address":"5048 MOUNTAIN SPRINGS RD, ANTIOCH, TN  37013","year_built":2019,"owner":"AMH MOUNTAIN SPRINGS DEVELOPMENT LLC","operator":"AMH (NYSE: AMH)"}},{"type":"Feature","geometry":{"type":"Point","coordinates":[-86.613401,36.043783]},"properties":{"apn":"164140A02900CO","address":"5032 MOUNTAIN SPRINGS RD, ANTIOCH, TN  37013","year_built":2019,"owner":"AMH MOUNTAIN SPRINGS DEVELOPMENT LLC","operator":"AMH (NYSE: AMH)"}},{"type":"Feature","geometry":{"type":"Point","coordinates":[-86.614566,36.043765]},"properties":{"apn":"164140A03500CO","address":"5044 MOUNTAIN SPRINGS RD, ANTIOCH, TN  37013","year_built":2019,"owner":"AMH MOUNTAIN SPRINGS DEVELOPMENT LLC","operator":"AMH (NYSE: AMH)"}},{"type":"Feature","geometry":{"type":"Point","coordinates":[-86.612384,36.044546]},"properties":{"apn":"164140A00800CO","address":"5019 MOUNTAIN SPRINGS RD, ANTIOCH, TN  37013","year_built":2019,"owner":"AMH MOUNTAIN SPRINGS DEVELOPMENT LLC","operator":"AMH (NYSE: AMH)"}},{"type":"Feature","geometry":{"type":"Point","coordinates":[-86.612038,36.044658]},"properties":{"apn":"164140A00600CO","address":"5015 MOUNTAIN SPRINGS RD, ANTIOCH, TN  37013","year_built":2019,"owner":"AMH MOUNTAIN SPRINGS DEVELOPMENT LLC","operator":"AMH (NYSE: AMH)"}},{"type":"Feature","geometry":{"type":"Point","coordinates":[-86.611865,36.044713]},"properties":{"apn":"164140A00500CO","address":"5013 MOUNTAIN SPRINGS RD, ANTIOCH, TN  37013","year_built":2019,"owner":"AMH MOUNTAIN SPRINGS DEVELOPMENT LLC","operator":"AMH (NYSE: AMH)"}},{"type":"Feature","geometry":{"type":"Point","coordinates":[-86.611692,36.044767]},"properties":{"apn":"164140A00400CO","address":"5011 MOUNTAIN SPRINGS RD, ANTIOCH, TN  37013","year_built":2019,"owner":"AMH MOUNTAIN SPRINGS DEVELOPMENT LLC","operator":"AMH (NYSE: AMH)"}},{"type":"Feature","geometry":{"type":"Point","coordinates":[-86.611514,36.04481]},"properties":{"apn":"164140A00300CO","address":"5009 MOUNTAIN SPRINGS RD, ANTIOCH, TN  37013","year_built":2019,"owner":"AMH MOUNTAIN SPRINGS DEVELOPMENT LLC","operator":"AMH (NYSE: AMH)"}},{"type":"Feature","geometry":{"type":"Point","coordinates":[-86.611334,36.044853]},"properties":{"apn":"164140A00200CO","address":"5007 MOUNTAIN SPRINGS RD, ANTIOCH, TN  37013","year_built":2019,"owner":"AMH MOUNTAIN SPRINGS DEVELOPMENT LLC","operator":"AMH (NYSE: AMH)"}},{"type":"Feature","geometry":{"type":"Point","coordinates":[-86.61115,36.044896]},"properties":{"apn":"164140A00100CO","address":"5005 MOUNTAIN SPRINGS RD, ANTIOCH, TN  37013","year_built":2019,"owner":"AMH MOUNTAIN SPRINGS DEVELOPMENT LLC","operator":"AMH (NYSE: AMH)"}},{"type":"Feature","geometry":{"type":"Point","coordinates":[-86.612211,36.044602]},"properties":{"apn":"164140A00700CO","address":"5017 MOUNTAIN SPRINGS RD, ANTIOCH, TN  37013","year_built":2019,"owner":"AMH MOUNTAIN SPRINGS DEVELOPMENT LLC","operator":"AMH (NYSE: AMH)"}},{"type":"Feature","geometry":{"type":"Point","coordinates":[-86.612557,36.04449]},"properties":{"apn":"164140A00900CO","address":"5021 MOUNTAIN SPRINGS RD, ANTIOCH, TN  37013","year_built":2019,"owner":"AMH MOUNTAIN SPRINGS DEVELOPMENT LLC","operator":"AMH (NYSE: AMH)"}},{"type":"Feature","geometry":{"type":"Point","coordinates":[-86.614374,36.043748]},"properties":{"apn":"164140A03400CO","address":"5042 MOUNTAIN SPRINGS RD, ANTIOCH, TN  37013","year_built":2019,"owner":"AMH MOUNTAIN SPRINGS DEVELOPMENT LLC","operator":"AMH (NYSE: AMH)"}},{"type":"Feature","geometry":{"type":"Point","coordinates":[-86.612732,36.044432]},"properties":{"apn":"164140A01000CO","address":"5023 MOUNTAIN SPRINGS RD, ANTIOCH, TN  37013","year_built":2019,"owner":"AMH MOUNTAIN SPRINGS DEVELOPMENT LLC","operator":"AMH (NYSE: AMH)"}},{"type":"Feature","geometry":{"type":"Point","coordinates":[-86.61418,36.043741]},"properties":{"apn":"164140A03300CO","address":"5040 MOUNTAIN SPRINGS RD, ANTIOCH, TN  37013","year_built":2019,"owner":"AMH MOUNTAIN SPRINGS DEVELOPMENT LLC","operator":"AMH (NYSE: AMH)"}},{"type":"Feature","geometry":{"type":"Point","coordinates":[-86.613984,36.043742]},"properties":{"apn":"164140A03200CO","address":"5038 MOUNTAIN SPRINGS RD, ANTIOCH, TN  37013","year_built":2019,"owner":"AMH MOUNTAIN SPRINGS DEVELOPMENT LLC","operator":"AMH (NYSE: AMH)"}},{"type":"Feature","geometry":{"type":"Point","coordinates":[-86.613789,36.043749]},"properties":{"apn":"164140A03100CO","address":"5036 MOUNTAIN SPRINGS RD, ANTIOCH, TN  37013","year_built":2019,"owner":"AMH MOUNTAIN SPRINGS DEVELOPMENT LLC","operator":"AMH (NYSE: AMH)"}},{"type":"Feature","geometry":{"type":"Point","coordinates":[-86.613595,36.043762]},"properties":{"apn":"164140A03000CO","address":"5034 MOUNTAIN SPRINGS RD, ANTIOCH, TN  37013","year_built":2019,"owner":"AMH MOUNTAIN SPRINGS DEVELOPMENT LLC","operator":"AMH (NYSE: AMH)"}},{"type":"Feature","geometry":{"type":"Point","coordinates":[-86.613209,36.043811]},"properties":{"apn":"164140A02800CO","address":"5030 MOUNTAIN SPRINGS RD, ANTIOCH, TN  37013","year_built":2019,"owner":"AMH MOUNTAIN SPRINGS DEVELOPMENT LLC","operator":"AMH (NYSE: AMH)"}},{"type":"Feature","geometry":{"type":"Point","coordinates":[-86.613018,36.043845]},"properties":{"apn":"164140A02700CO","address":"5028 MOUNTAIN SPRINGS RD, ANTIOCH, TN  37013","year_built":2019,"owner":"AMH MOUNTAIN SPRINGS DEVELOPMENT LLC","operator":"AMH (NYSE: AMH)"}},{"type":"Feature","geometry":{"type":"Point","coordinates":[-86.612826,36.043888]},"properties":{"apn":"164140A02600CO","address":"5026 MOUNTAIN SPRINGS RD, ANTIOCH, TN  37013","year_built":2019,"owner":"AMH MOUNTAIN SPRINGS DEVELOPMENT LLC","operator":"AMH (NYSE: AMH)"}},{"type":"Feature","geometry":{"type":"Point","coordinates":[-86.612631,36.043938]},"properties":{"apn":"164140A02500CO","address":"5024 MOUNTAIN SPRINGS RD, ANTIOCH, TN  37013","year_built":2019,"owner":"AMH MOUNTAIN SPRINGS DEVELOPMENT LLC","operator":"AMH (NYSE: AMH)"}},{"type":"Feature","geometry":{"type":"Point","coordinates":[-86.612447,36.043995]},"properties":{"apn":"164140A02400CO","address":"5022 MOUNTAIN SPRINGS RD, ANTIOCH, TN  37013","year_built":2019,"owner":"AMH MOUNTAIN SPRINGS DEVELOPMENT LLC","operator":"AMH (NYSE: AMH)"}},{"type":"Feature","geometry":{"type":"Point","coordinates":[-86.612273,36.044053]},"properties":{"apn":"164140A02300CO","address":"5020 MOUNTAIN SPRINGS RD, ANTIOCH, TN  37013","year_built":2019,"owner":"AMH MOUNTAIN SPRINGS DEVELOPMENT LLC","operator":"AMH (NYSE: AMH)"}},{"type":"Feature","geometry":{"type":"Point","coordinates":[-86.6121,36.044109]},"properties":{"apn":"164140A02200CO","address":"5018 MOUNTAIN SPRINGS RD, ANTIOCH, TN  37013","year_built":2019,"owner":"AMH MOUNTAIN SPRINGS DEVELOPMENT LLC","operator":"AMH (NYSE: AMH)"}},{"type":"Feature","geometry":{"type":"Point","coordinates":[-86.614844,36.044288]},"properties":{"apn":"164140A02100CO","address":"5045 MOUNTAIN SPRINGS RD, ANTIOCH, TN  37013","year_built":2019,"owner":"AMH MOUNTAIN SPRINGS DEVELOPMENT LLC","operator":"AMH (NYSE: AMH)"}},{"type":"Feature","geometry":{"type":"Point","coordinates":[-86.614659,36.044271]},"properties":{"apn":"164140A02000CO","address":"5043 MOUNTAIN SPRINGS RD, ANTIOCH, TN  37013","year_built":2019,"owner":"AMH MOUNTAIN SPRINGS DEVELOPMENT LLC","operator":"AMH (NYSE: AMH)"}},{"type":"Feature","geometry":{"type":"Point","coordinates":[-86.614471,36.044252]},"properties":{"apn":"164140A01900CO","address":"5041 MOUNTAIN SPRINGS RD, ANTIOCH, TN  37013","year_built":2019,"owner":"AMH MOUNTAIN SPRINGS DEVELOPMENT LLC","operator":"AMH (NYSE: AMH)"}},{"type":"Feature","geometry":{"type":"Point","coordinates":[-86.614274,36.044238]},"properties":{"apn":"164140A01800CO","address":"5039 MOUNTAIN SPRINGS RD, ANTIOCH, TN  37013","year_built":2019,"owner":"AMH MOUNTAIN SPRINGS DEVELOPMENT LLC","operator":"AMH (NYSE: AMH)"}},{"type":"Feature","geometry":{"type":"Point","coordinates":[-86.614071,36.044233]},"properties":{"apn":"164140A01700CO","address":"5037 MOUNTAIN SPRINGS RD, ANTIOCH, TN  37013","year_built":2019,"owner":"AMH MOUNTAIN SPRINGS DEVELOPMENT LLC","operator":"AMH (NYSE: AMH)"}},{"type":"Feature","geometry":{"type":"Point","coordinates":[-86.613871,36.044237]},"properties":{"apn":"164140A01600CO","address":"5035 MOUNTAIN SPRINGS RD, ANTIOCH, TN  37013","year_built":2019,"owner":"AMH MOUNTAIN SPRINGS DEVELOPMENT LLC","operator":"AMH (NYSE: AMH)"}},{"type":"Feature","geometry":{"type":"Point","coordinates":[-86.613677,36.044249]},"properties":{"apn":"164140A01500CO","address":"5033 MOUNTAIN SPRINGS RD, ANTIOCH, TN  37013","year_built":2019,"owner":"AMH MOUNTAIN SPRINGS DEVELOPMENT LLC","operator":"AMH (NYSE: AMH)"}},{"type":"Feature","geometry":{"type":"Point","coordinates":[-86.613484,36.04427]},"properties":{"apn":"164140A01400CO","address":"5031 MOUNTAIN SPRINGS RD, ANTIOCH, TN  37013","year_built":2019,"owner":"AMH MOUNTAIN SPRINGS DEVELOPMENT LLC","operator":"AMH (NYSE: AMH)"}},{"type":"Feature","geometry":{"type":"Point","coordinates":[-86.613292,36.044298]},"properties":{"apn":"164140A01300CO","address":"5029 MOUNTAIN SPRINGS RD, ANTIOCH, TN  37013","year_built":2019,"owner":"AMH MOUNTAIN SPRINGS DEVELOPMENT LLC","operator":"AMH (NYSE: AMH)"}},{"type":"Feature","geometry":{"type":"Point","coordinates":[-86.613102,36.044335]},"properties":{"apn":"164140A01200CO","address":"5027 MOUNTAIN SPRINGS RD, ANTIOCH, TN  37013","year_built":2019,"owner":"AMH MOUNTAIN SPRINGS DEVELOPMENT LLC","operator":"AMH (NYSE: AMH)"}},{"type":"Feature","geometry":{"type":"Point","coordinates":[-86.612915,36.044379]},"properties":{"apn":"164140A01100CO","address":"5025 MOUNTAIN SPRINGS RD, ANTIOCH, TN  37013","year_built":2019,"owner":"AMH MOUNTAIN SPRINGS DEVELOPMENT LLC","operator":"AMH (NYSE: AMH)"}},{"type":"Feature","geometry":{"type":"Point","coordinates":[-86.588645,36.150329]},"properties":{"apn":"097160B00800CO","address":"2948 CHERRYBARK CT, HERMITAGE, TN  37076","year_built":2018,"owner":"KUKLISH THOMAS P & KATHRYN ELAINE & THOMAS","operator":""}},{"type":"Feature","geometry":{"type":"Point","coordinates":[-86.595257,36.050988]},"properties":{"apn":"164080D11700CO","address":"4621 SPRINGSTEAD TRL, ANTIOCH, TN  37013","year_built":2018,"owner":"SHAFIK SHERIF & NASHED MERVAT","operator":""}},{"type":"Feature","geometry":{"type":"Point","coordinates":[-86.663714,36.026777]},"properties":{"apn":"174090B00600CO","address":"150 LIGHTWOOD DR, ANTIOCH, TN  37013","year_built":2018,"owner":"JOHNSON ERIN","operator":""}},{"type":"Feature","geometry":{"type":"Point","coordinates":[-86.861666,36.219967]},"properties":{"apn":"058100C05700CO","address":"1005 LAWSONS RIDGE DR, NASHVILLE, TN  37218","year_built":2018,"owner":"NGUYEN LISA T","operator":""}},{"type":"Feature","geometry":{"type":"Point","coordinates":[-86.766484,36.197974]},"properties":{"apn":"07111051800","address":"1415 A MERIDIAN ST, NASHVILLE, TN  37207","year_built":2017,"owner":"BLAUVELT ADAM","operator":""}},{"type":"Feature","geometry":{"type":"Point","coordinates":[-86.811633,36.051175]},"properties":{"apn":"159060B04800CO","address":"1809 WRITERS CIR, BRENTWOOD, TN  37027","year_built":2019,"owner":"HAMLIN JOHN W & LISA LLOYD","operator":""}},{"type":"Feature","geometry":{"type":"Point","coordinates":[-86.661004,35.987364]},"properties":{"apn":"187090A03100CO","address":"4001 LIBERTON WAY, NOLENSVILLE, TN  37135","year_built":2018,"owner":"HILL DAVID R","operator":""}},{"type":"Feature","geometry":{"type":"Point","coordinates":[-86.648303,36.262843]},"properties":{"apn":"044150C03700CO","address":"1005 EIGHTH ST, OLD HICKORY, TN  37138","year_built":2018,"owner":"RAY JAMES C","operator":""}},{"type":"Feature","geometry":{"type":"Point","coordinates":[-86.582906,36.211723]},"properties":{"apn":"076010D08500CO","address":"113 DUELER DR, HERMITAGE, TN  37076","year_built":2018,"owner":"FOGERTY ANDREW B & KINDEL L","operator":""}},{"type":"Feature","geometry":{"type":"Point","coordinates":[-86.564982,36.160125]},"properties":{"apn":"09800021700","address":"5344 JOHN HAGAR RD, MOUNT JULIET, TN  37122","year_built":2020,"owner":"HAWKINS KILEY & JENNY","operator":""}},{"type":"Feature","geometry":{"type":"Point","coordinates":[-86.72552,36.026382]},"properties":{"apn":"172110B02000CO","address":"6905 SHELLY TRL, NASHVILLE, TN  37211","year_built":2015,"owner":"KAZAY STEVEN","operator":""}},{"type":"Feature","geometry":{"type":"Point","coordinates":[-86.725902,36.073743]},"properties":{"apn":"147070G00200CO","address":"4409 B PROVIDENCE HTS, NASHVILLE, TN  37211","year_built":2017,"owner":"COTTON SHANE","operator":""}},{"type":"Feature","geometry":{"type":"Point","coordinates":[-86.66817,35.987438]},"properties":{"apn":"187050A11600CO","address":"821 BRANCH SIDE TRL, NOLENSVILLE, TN  37135","year_built":2015,"owner":"TUCKER PAMELA DIANE & TODD MICHEAL","operator":""}},{"type":"Feature","geometry":{"type":"Point","coordinates":[-86.602221,36.057318]},"properties":{"apn":"164030A02500CO","address":"2204 POSTINGS PT, ANTIOCH, TN  37013","year_built":2017,"owner":"PROGRESS RESIDENTIAL BORROWER 4 LLC","operator":"Pretium Partners (Goldman Sachs)"}},{"type":"Feature","geometry":{"type":"Point","coordinates":[-86.661928,35.984861]},"properties":{"apn":"187090A14100CO","address":"4060 LIBERTON WAY, NOLENSVILLE, TN  37135","year_built":2018,"owner":"NAHID SEDAGHAT TRUST THE","operator":""}},{"type":"Feature","geometry":{"type":"Point","coordinates":[-86.987497,36.073879]},"properties":{"apn":"141050A61300CO","address":"1761 EASTWICK LN, NASHVILLE, TN  37221","year_built":2018,"owner":"GWINN ANDREW S","operator":""}},{"type":"Feature","geometry":{"type":"Point","coordinates":[-86.694215,36.011427]},"properties":{"apn":"181020B02700CO","address":"8906 SUNNYFIELD WAY, NASHVILLE, TN  37211","year_built":2015,"owner":"T & SY LLC","operator":""}},{"type":"Feature","geometry":{"type":"Point","coordinates":[-86.694282,36.011433]},"properties":{"apn":"181020B02800CO","address":"8908 SUNNYFIELD WAY, NASHVILLE, TN  37211","year_built":2015,"owner":"T & SY LLC","operator":""}},{"type":"Feature","geometry":{"type":"Point","coordinates":[-86.694349,36.011439]},"properties":{"apn":"181020B02900CO","address":"8910 SUNNYFIELD WAY, NASHVILLE, TN  37211","year_built":2015,"owner":"T & SY LLC","operator":""}},{"type":"Feature","geometry":{"type":"Point","coordinates":[-86.937096,36.102806]},"properties":{"apn":"114140A02700CO","address":"812 WOODLAND WAY, NASHVILLE, TN  37209","year_built":2018,"owner":"WILLIGER CARMEN YVETTE & DAVID","operator":""}},{"type":"Feature","geometry":{"type":"Point","coordinates":[-86.683318,35.995056]},"properties":{"apn":"181150A06300CO","address":"465 PORTSDALE DR, BRENTWOOD, TN  37027","year_built":2022,"owner":"SOUTHPOINT OF TN LLC","operator":""}},{"type":"Feature","geometry":{"type":"Point","coordinates":[-86.638496,36.240259]},"properties":{"apn":"05316031200","address":"138 RAY AVE, OLD HICKORY, TN  37138","year_built":2019,"owner":"BERRY ROBERT","operator":""}},{"type":"Feature","geometry":{"type":"Point","coordinates":[-86.811496,36.160198]},"properties":{"apn":"09207024700","address":"2317 BOOKER ST, NASHVILLE, TN  37208","year_built":2020,"owner":"WOODBINE COMMUNITY ORGANIZATION (WCO) INC","operator":""}},{"type":"Feature","geometry":{"type":"Point","coordinates":[-86.810823,36.160125]},"properties":{"apn":"09207025100","address":"2309 BOOKER ST, NASHVILLE, TN  37208","year_built":2020,"owner":"WOODBINE COMMUNITY ORGANIZATION (WCO) INC","operator":""}},{"type":"Feature","geometry":{"type":"Point","coordinates":[-86.810729,36.159553]},"properties":{"apn":"09207025700","address":"2304 MERRY ST, NASHVILLE, TN  37208","year_built":2019,"owner":"WOODBINE COMMUNITY ORGANIZATION (WCO) INC","operator":""}},{"type":"Feature","geometry":{"type":"Point","coordinates":[-86.810743,36.050469]},"properties":{"apn":"159060B01500CO","address":"1700 WOODSONG DR, BRENTWOOD, TN  37027","year_built":2020,"owner":"VOCE RESIDENTIAL TRUST THE","operator":""}},{"type":"Feature","geometry":{"type":"Point","coordinates":[-86.592738,36.067768]},"properties":{"apn":"150120B24100CO","address":"3840 PARK ROYAL LN, ANTIOCH, TN  37013","year_built":2018,"owner":"KILARU KRISHNA MOHAN & VENNAM UMASREE","operator":""}},{"type":"Feature","geometry":{"type":"Point","coordinates":[-86.703209,36.281313]},"properties":{"apn":"03413042000","address":"1428 FLORENCE AVE, MADISON, TN  37115","year_built":2018,"owner":"ALGER PATRICK J","operator":""}},{"type":"Feature","geometry":{"type":"Point","coordinates":[-86.815581,36.237482]},"properties":{"apn":"049140A02900CO","address":"6232 DEL SOL DR, WHITES CREEK, TN  37189","year_built":2018,"owner":"HAYNIE WILLIAM J & SANDRA","operator":""}},{"type":"Feature","geometry":{"type":"Point","coordinates":[-86.986377,36.074654]},"properties":{"apn":"141050A60500CO","address":"1737 EASTWICK LN, NASHVILLE, TN  37221","year_built":2018,"owner":"DOSANI IMRAN & WARDAH","operator":""}},{"type":"Feature","geometry":{"type":"Point","coordinates":[-86.59088,36.141293]},"properties":{"apn":"109080A01500CO","address":"3052 COOKS LANDING CT, HERMITAGE, TN  37076","year_built":2012,"owner":"OSTMAN ELIZABETH A LIVING TRUST THE","operator":""}},{"type":"Feature","geometry":{"type":"Point","coordinates":[-86.73215,36.098529]},"properties":{"apn":"13302035700","address":"167 MCCALL ST, NASHVILLE, TN  37211","year_built":2020,"owner":"MAYES JASON & JAMIE","operator":""}},{"type":"Feature","geometry":{"type":"Point","coordinates":[-86.693482,36.260433]},"properties":{"apn":"04314019500","address":"229 A HILLCREST DR, MADISON, TN  37115","year_built":2018,"owner":"RUSSO ROSALLE MARIE","operator":""}},{"type":"Feature","geometry":{"type":"Point","coordinates":[-86.830047,36.115591]},"properties":{"apn":"11705019200","address":"3619 WOODMONT BLVD, NASHVILLE, TN  37215","year_built":2017,"owner":"FERGUSON OWEN WILLIAM & RHONDA S","operator":""}},{"type":"Feature","geometry":{"type":"Point","coordinates":[-86.74397,36.026016]},"properties":{"apn":"17200018300","address":"5959 EDMONDSON PIKE, NASHVILLE, TN  37211","year_built":2018,"owner":"KREBS JOINT REVOCABLE TRUST","operator":""}},{"type":"Feature","geometry":{"type":"Point","coordinates":[-86.873005,36.223487]},"properties":{"apn":"058090A30000CO","address":"2600 JORDAN RIDGE DR, NASHVILLE, TN  37218","year_built":2011,"owner":"NGUYEN DANNY & BUI HANG T","operator":""}},{"type":"Feature","geometry":{"type":"Point","coordinates":[-86.822904,36.146097]},"properties":{"apn":"10402000300","address":"725 PARK CIR, NASHVILLE, TN  37205","year_built":2019,"owner":"STEVENHAGEN FREDERICK BONHAM & CARRIE ENGLAND","operator":""}},{"type":"Feature","geometry":{"type":"Point","coordinates":[-86.634603,36.230908]},"properties":{"apn":"063040A04700CO","address":"1596 STOKLEY LN, OLD HICKORY, TN  37138","year_built":2018,"owner":"PATEL PRATIK S & SWEETYBEN S & SHASHIKANT R ET AL","operator":""}},{"type":"Feature","geometry":{"type":"Point","coordinates":[-86.765931,36.146819]},"properties":{"apn":"10503009000","address":"207 MILDRED SHUTE AVE, NASHVILLE, TN  37210","year_built":2020,"owner":"MCTORRY CHARLES","operator":""}},{"type":"Feature","geometry":{"type":"Point","coordinates":[-86.649111,36.021759]},"properties":{"apn":"174110A47500CO","address":"1444 OHARA DR, ANTIOCH, TN  37013","year_built":2018,"owner":"MIN EH & YADANAR MAY","operator":""}},{"type":"Feature","geometry":{"type":"Point","coordinates":[-86.697308,36.029315]},"properties":{"apn":"173060B01400CO","address":"2375 SOMERSET VALLEY DR, ANTIOCH, TN  37013","year_built":2018,"owner":"SIAO DANIEL HENG & JENNIFER ALIDA","operator":""}},{"type":"Feature","geometry":{"type":"Point","coordinates":[-86.679744,36.263291]},"properties":{"apn":"04316001400","address":"111 EAGAN CIR, MADISON, TN  37115","year_built":2018,"owner":"ALLEN & CO PROPERTY MANAGEMETN LLC","operator":""}},{"type":"Feature","geometry":{"type":"Point","coordinates":[-86.740019,36.227679]},"properties":{"apn":"06106017200","address":"610 MAPLEWOOD LN, NASHVILLE, TN  37216","year_built":2022,"owner":"KNOEPFEL MAX P","operator":""}},{"type":"Feature","geometry":{"type":"Point","coordinates":[-86.708295,36.264458]},"properties":{"apn":"04309040400","address":"338 B THELMA ST, MADISON, TN  37115","year_built":2018,"owner":"NAJJAR YASMEEN NASHAT QAYED","operator":""}},{"type":"Feature","geometry":{"type":"Point","coordinates":[-87.002723,36.059239]},"properties":{"apn":"14000006600","address":"8660 POPLAR CREEK RD, NASHVILLE, TN  37221","year_built":2020,"owner":"MARTIN LARRY W","operator":""}},{"type":"Feature","geometry":{"type":"Point","coordinates":[-86.856166,36.162631]},"properties":{"apn":"09106045000","address":"5605 A PENNSYLVANIA AVE, NASHVILLE, TN  37209","year_built":2017,"owner":"TOWSLEY SCOTT & LOUISE","operator":""}},{"type":"Feature","geometry":{"type":"Point","coordinates":[-86.734473,36.115322]},"properties":{"apn":"11906037300","address":"2676 HARTFORD DR, NASHVILLE, TN  37210","year_built":2018,"owner":"WALTON LAUREN LIANNE","operator":""}},{"type":"Feature","geometry":{"type":"Point","coordinates":[-86.864271,36.102159]},"properties":{"apn":"13001022000","address":"121 B LINCOLN CT, NASHVILLE, TN  37205","year_built":2017,"owner":"CAMPBELL SHANAN L & STEWART JR","operator":""}},{"type":"Feature","geometry":{"type":"Point","coordinates":[-86.584082,36.05251]},"properties":{"apn":"165050A06500CO","address":"212 OCEANFRONT CIR S, ANTIOCH, TN  37013","year_built":2014,"owner":"PATEL SEEMA & JATIN","operator":""}},{"type":"Feature","geometry":{"type":"Point","coordinates":[-86.590447,36.054303]},"properties":{"apn":"164010A04500CO","address":"805 PIN OAK DR, ANTIOCH, TN  37013","year_built":2017,"owner":"EWEDA SALEH & SHENOUDA NAGWA SAFA HABEB","operator":""}},{"type":"Feature","geometry":{"type":"Point","coordinates":[-86.691016,36.023861]},"properties":{"apn":"173100C00900CO","address":"136 BLACKPOOL DR, ANTIOCH, TN  37013","year_built":2012,"owner":"FERRER CARMEN LUIS","operator":""}},{"type":"Feature","geometry":{"type":"Point","coordinates":[-86.694647,36.017738]},"properties":{"apn":"181010B33100CO","address":"6582 SUNNYWOOD DR, NASHVILLE, TN  37211","year_built":2017,"owner":"RAJ HOLDINGS LLC","operator":""}},{"type":"Feature","geometry":{"type":"Point","coordinates":[-86.584044,36.052908]},"properties":{"apn":"165050A06300CO","address":"204 OCEANFRONT CIR S, ANTIOCH, TN  37013","year_built":2014,"owner":"YARBROUGH SHANA","operator":""}},{"type":"Feature","geometry":{"type":"Point","coordinates":[-86.926908,36.281129]},"properties":{"apn":"02800004600","address":"4758 GRAYS POINT RD, JOELTON, TN  37080","year_built":2021,"owner":"JOHNSON PAUL & LESLIE","operator":""}},{"type":"Feature","geometry":{"type":"Point","coordinates":[-86.986484,36.074548]},"properties":{"apn":"141050A60600CO","address":"1741 EASTWICK LN, NASHVILLE, TN  37221","year_built":2018,"owner":"REESE LISA","operator":""}},{"type":"Feature","geometry":{"type":"Point","coordinates":[-86.977918,36.100947]},"properties":{"apn":"113140A01100CO","address":"7661 CHIPMUNK LN, NASHVILLE, TN  37221","year_built":2019,"owner":"RESHA JOAN H & WILSON STEVE","operator":""}},{"type":"Feature","geometry":{"type":"Point","coordinates":[-86.649393,36.069112]},"properties":{"apn":"149150A40200CO","address":"508 WELSHCREST CT, ANTIOCH, TN  37013","year_built":2010,"owner":"PROGRESS RESIDENTIAL BORROWER 3 LLC","operator":"Pretium Partners (Goldman Sachs)"}},{"type":"Feature","geometry":{"type":"Point","coordinates":[-86.648852,36.021498]},"properties":{"apn":"174110A18800CO","address":"1452 OHARA DR, ANTIOCH, TN  37013","year_built":2018,"owner":"PURDY CHERYL R","operator":""}},{"type":"Feature","geometry":{"type":"Point","coordinates":[-86.584785,36.055014]},"properties":{"apn":"165050A04300CO","address":"432 SHORELINE CIR, ANTIOCH, TN  37013","year_built":2013,"owner":"PATEL JATIN M & SEEMA JATIN","operator":""}},{"type":"Feature","geometry":{"type":"Point","coordinates":[-86.668089,36.035261]},"properties":{"apn":"174010A23200CO","address":"1344 BOMBADIL LN, ANTIOCH, TN  37013","year_built":2018,"owner":"KAPAW SAW HTOO & LAHPAI SENG PAN","operator":""}},{"type":"Feature","geometry":{"type":"Point","coordinates":[-86.771792,36.182853]},"properties":{"apn":"08207021800","address":"622 N 2ND ST, NASHVILLE, TN  37207","year_built":2021,"owner":"MCQUARY SEBOA INVESTMENTS LLC","operator":""}},{"type":"Feature","geometry":{"type":"Point","coordinates":[-86.649717,36.022346]},"properties":{"apn":"174110A52600CO","address":"1441 OHARA DR, ANTIOCH, TN  37013","year_built":2017,"owner":"GOBRAN GEORGE S & GEMYANA","operator":""}},{"type":"Feature","geometry":{"type":"Point","coordinates":[-86.793931,36.180086]},"properties":{"apn":"08112035100","address":"1606 B 7TH AVE N, NASHVILLE, TN  37208","year_built":2017,"owner":"RIDGEL JASON","operator":""}},{"type":"Feature","geometry":{"type":"Point","coordinates":[-86.697665,36.029731]},"properties":{"apn":"173060B01900CO","address":"2376 SOMERSET VALLEY DR, ANTIOCH, TN  37013","year_built":2017,"owner":"COOGLER RYAN MONROE & AMY DOWNS","operator":""}},{"type":"Feature","geometry":{"type":"Point","coordinates":[-86.849885,36.356812]},"properties":{"apn":"00900004900","address":"7933 RIDGEWOOD RD, GOODLETTSVILLE, TN  37072","year_built":2019,"owner":"DAY JAMES & WENDIE","operator":""}},{"type":"Feature","geometry":{"type":"Point","coordinates":[-86.638247,36.077018]},"properties":{"apn":"149080D00200CO","address":"309 B RURAL HILL CT, NASHVILLE, TN  37217","year_built":2018,"owner":"ALTIMIMI ABDUL","operator":""}},{"type":"Feature","geometry":{"type":"Point","coordinates":[-86.64884,36.02405]},"properties":{"apn":"174110A51700CO","address":"1400 OHARA DR, ANTIOCH, TN  37013","year_built":2018,"owner":"JOHNS TIMOTHY G & TAMARA D","operator":""}},{"type":"Feature","geometry":{"type":"Point","coordinates":[-86.649661,36.022672]},"properties":{"apn":"174110A52400CO","address":"1433 OHARA DR, ANTIOCH, TN  37013","year_built":2017,"owner":"HABIB NANCY & BOSHRA SAMUEL","operator":""}},{"type":"Feature","geometry":{"type":"Point","coordinates":[-86.810694,36.161497]},"properties":{"apn":"09207042800","address":"2300 BATAVIA ST, NASHVILLE, TN  37208","year_built":2017,"owner":"XU JING","operator":""}},{"type":"Feature","geometry":{"type":"Point","coordinates":[-86.762635,36.137237]},"properties":{"apn":"10507039000","address":"415 MALLORY ST, NASHVILLE, TN  37203","year_built":2017,"owner":"MCGRAW KEVIN & JESSICA S","operator":""}},{"type":"Feature","geometry":{"type":"Point","coordinates":[-86.64975,36.022195]},"properties":{"apn":"174110A52700CO","address":"1445 OHARA DR, ANTIOCH, TN  37013","year_built":2017,"owner":"CROUSE GREGORY F & DOW GERARD","operator":""}},{"type":"Feature","geometry":{"type":"Point","coordinates":[-86.837426,36.120646]},"properties":{"apn":"11604009600","address":"729 CRESCENT RD, NASHVILLE, TN  37205","year_built":2019,"owner":"YAZDIAN DAVID","operator":""}},{"type":"Feature","geometry":{"type":"Point","coordinates":[-86.81061,36.161508]},"properties":{"apn":"09207019500","address":"2230 BATAVIA ST, NASHVILLE, TN  37208","year_built":2017,"owner":"FEDE JOHN H & JENNIFER N","operator":""}},{"type":"Feature","geometry":{"type":"Point","coordinates":[-86.864046,36.151555]},"properties":{"apn":"09113053400","address":"62 TWIN ST, NASHVILLE, TN  37209","year_built":2019,"owner":"MARCHETTI CHRIS","operator":""}},{"type":"Feature","geometry":{"type":"Point","coordinates":[-86.843231,36.15704]},"properties":{"apn":"09112034300","address":"4606 C INDIANA AVE, NASHVILLE, TN  37209","year_built":2017,"owner":"STEUART CATHERINE A & STEVEN E","operator":""}},{"type":"Feature","geometry":{"type":"Point","coordinates":[-86.777703,36.355231]},"properties":{"apn":"01100021600","address":"2890 GREER RD, GOODLETTSVILLE, TN  37072","year_built":2021,"owner":"ESTES MICAH","operator":""}},{"type":"Feature","geometry":{"type":"Point","coordinates":[-86.787602,36.13197]},"properties":{"apn":"10509047800","address":"1102 BATE AVE, NASHVILLE, TN  37204","year_built":2022,"owner":"WHITE MAURICE ET UX & WHITE MARILYN","operator":""}},{"type":"Feature","geometry":{"type":"Point","coordinates":[-86.833084,36.232923]},"properties":{"apn":"05900000900","address":"4559 CLARKSVILLE PIKE, NASHVILLE, TN  37218","year_built":2018,"owner":"STANDEFER TOBY","operator":""}},{"type":"Feature","geometry":{"type":"Point","coordinates":[-86.766807,36.19587]},"properties":{"apn":"07115053900","address":"1327 A MERIDIAN ST, NASHVILLE, TN  37207","year_built":2016,"owner":"RADOMSKY ALEXANDER J & SAMRA","operator":""}},{"type":"Feature","geometry":{"type":"Point","coordinates":[-86.618191,36.045989]},"properties":{"apn":"164100A25900CO","address":"4268 SANDSTONE DR, ANTIOCH, TN  37013","year_built":2017,"owner":"KENNEDY ADAM TYLER","operator":""}},{"type":"Feature","geometry":{"type":"Point","coordinates":[-86.886941,36.312324]},"properties":{"apn":"02100028500","address":"5054 RAWLINGS RD, JOELTON, TN  37080","year_built":2022,"owner":"BOYKINS SANTEZ","operator":""}},{"type":"Feature","geometry":{"type":"Point","coordinates":[-86.862059,36.333971]},"properties":{"apn":"01500005800","address":"3019 MORGAN RD, JOELTON, TN  37080","year_built":2021,"owner":"VALENCIA NAYELI","operator":""}},{"type":"Feature","geometry":{"type":"Point","coordinates":[-86.584434,36.052431]},"properties":{"apn":"165050A11100CO","address":"704 POINT BREAK CR N, ANTIOCH, TN  37013","year_built":2013,"owner":"DEVRAI DEVIN J","operator":""}},{"type":"Feature","geometry":{"type":"Point","coordinates":[-86.649102,36.02262]},"properties":{"apn":"174110A48100CO","address":"1420 OHARA DR, ANTIOCH, TN  37013","year_built":2017,"owner":"KWEON SOO MAN & EUN JU & SOON HWAN","operator":""}},{"type":"Feature","geometry":{"type":"Point","coordinates":[-86.648002,36.263547]},"properties":{"apn":"044150C04500CO","address":"2012 VILLAGE PARK CIR, OLD HICKORY, TN  37138","year_built":2017,"owner":"GRISSOM TONYA W","operator":""}},{"type":"Feature","geometry":{"type":"Point","coordinates":[-86.853931,36.161598]},"properties":{"apn":"09106045500","address":"5409 LOUISIANA AVE, NASHVILLE, TN  37209","year_built":2017,"owner":"BOLLMAN ANDREW P","operator":""}},{"type":"Feature","geometry":{"type":"Point","coordinates":[-86.623203,35.984635]},"properties":{"apn":"188100C16600CO","address":"1996 CAROTHERS RD, NOLENSVILLE, TN  37135","year_built":2019,"owner":"REGENT HOMES LLC","operator":""}},{"type":"Feature","geometry":{"type":"Point","coordinates":[-86.923394,36.087342]},"properties":{"apn":"128120B00700CO","address":"605 SUMMIT OAKS CT, NASHVILLE, TN  37221","year_built":2018,"owner":"JASIM ABDULRAHMAN M & BRIFKANI NOOR","operator":""}},{"type":"Feature","geometry":{"type":"Point","coordinates":[-86.649003,36.023117]},"properties":{"apn":"174110A48400CO","address":"1412 OHARA DR, ANTIOCH, TN  37013","year_built":2017,"owner":"EGUAKUN ASTON U","operator":""}},{"type":"Feature","geometry":{"type":"Point","coordinates":[-86.995699,36.074307]},"properties":{"apn":"141050A12800CO","address":"917 FAIRDALE CT, NASHVILLE, TN  37221","year_built":2017,"owner":"MCKINNEY ROBERT A & LINDSEY K","operator":""}},{"type":"Feature","geometry":{"type":"Point","coordinates":[-86.662335,35.982772]},"properties":{"apn":"187090A08300CO","address":"8327 MIDDLEWICK LN, NOLENSVILLE, TN  37135","year_built":2017,"owner":"NAHID SEDAGHAT TRUST THE","operator":""}},{"type":"Feature","geometry":{"type":"Point","coordinates":[-86.662201,35.982755]},"properties":{"apn":"187090A08400CO","address":"8329 MIDDLEWICK LN, NOLENSVILLE, TN  37135","year_built":2017,"owner":"NAHID SEDAGHAT TRUST THE","operator":""}},{"type":"Feature","geometry":{"type":"Point","coordinates":[-86.667109,35.985358]},"properties":{"apn":"186040A49100CO","address":"9125 MACAULEY LN, NOLENSVILLE, TN  37135","year_built":2017,"owner":"SMITH TORREY LEE","operator":""}},{"type":"Feature","geometry":{"type":"Point","coordinates":[-86.645285,36.272007]},"properties":{"apn":"044070A00400CO","address":"26 MAGNOLIA SHRS, OLD HICKORY, TN  37138","year_built":2018,"owner":"DILLMAN TRACE TRUST AGREEMENT","operator":""}},{"type":"Feature","geometry":{"type":"Point","coordinates":[-86.642669,36.191628]},"properties":{"apn":"085040A33000CO","address":"5368 HIGHLAND PLACE WAY, HERMITAGE, TN  37076","year_built":2017,"owner":"FITZPATRICK DUANE S & ELIABETH A","operator":""}},{"type":"Feature","geometry":{"type":"Point","coordinates":[-86.79,36.087755]},"properties":{"apn":"13209015600","address":"953 BATTERY LN, NASHVILLE, TN  37220","year_built":2015,"owner":"RYGMYR TYLER & RYAN REVOCABLE LIVING TRUST THE","operator":""}},{"type":"Feature","geometry":{"type":"Point","coordinates":[-86.661089,35.985531]},"properties":{"apn":"187090A04200CO","address":"4045 LIBERTON WAY, NOLENSVILLE, TN  37135","year_built":2017,"owner":"NASH ART & GAIL","operator":""}},{"type":"Feature","geometry":{"type":"Point","coordinates":[-86.804973,36.104458]},"properties":{"apn":"11715021500","address":"1627 S OBSERVATORY DR, NASHVILLE, TN  37215","year_built":2018,"owner":"CHURCH BRYAN & NATALIE","operator":""}},{"type":"Feature","geometry":{"type":"Point","coordinates":[-86.923214,36.087252]},"properties":{"apn":"128120B00600CO","address":"601 SUMMIT OAKS CT, NASHVILLE, TN  37221","year_built":2019,"owner":"ALJABIRI BASHAR & SUCHAD","operator":""}},{"type":"Feature","geometry":{"type":"Point","coordinates":[-86.627664,36.233794]},"properties":{"apn":"06401011200","address":"1464 STATION FOUR LN, OLD HICKORY, TN  37138","year_built":2019,"owner":"HABIB SALLY","operator":""}},{"type":"Feature","geometry":{"type":"Point","coordinates":[-86.626339,36.172151]},"properties":{"apn":"086130A11100CO","address":"6021 BLACKBERRY RIDGE LN, HERMITAGE, TN  37076","year_built":2021,"owner":"BEAZER HOMES LLC","operator":""}},{"type":"Feature","geometry":{"type":"Point","coordinates":[-86.60372,36.052477]},"properties":{"apn":"164070A25000CO","address":"1209 SILVERSTREAM PT, ANTIOCH, TN  37013","year_built":2017,"owner":"AZER MARCO R & NERMIN A","operator":""}},{"type":"Feature","geometry":{"type":"Point","coordinates":[-86.850472,36.157905]},"properties":{"apn":"09111044800","address":"5200 B ILLINOIS AVE, NASHVILLE, TN  37209","year_built":2017,"owner":"GRAYSON SHELLEY T","operator":""}},{"type":"Feature","geometry":{"type":"Point","coordinates":[-86.818366,36.242612]},"properties":{"apn":"049100A06200CO","address":"463 PARMLEY DR, NASHVILLE, TN  37207","year_built":2017,"owner":"WHITAKER LYNDSEY M","operator":""}},{"type":"Feature","geometry":{"type":"Point","coordinates":[-86.781662,36.197339]},"properties":{"apn":"07110008900","address":"135 FERN AVE, NASHVILLE, TN  37207","year_built":2019,"owner":"AFFORDABLE HOUSING RESOURCES INC","operator":""}},{"type":"Feature","geometry":{"type":"Point","coordinates":[-86.846044,36.159625]},"properties":{"apn":"09107042000","address":"4809 B KENTUCKY AVE, NASHVILLE, TN  37209","year_built":2016,"owner":"NEVIUS KRISTIN LEA LIVING TRUST THE","operator":""}},{"type":"Feature","geometry":{"type":"Point","coordinates":[-86.623636,36.166602]},"properties":{"apn":"097020A59400CO","address":"2829 WHITEBIRCH DR, HERMITAGE, TN  37076","year_built":2017,"owner":"PEWORCHIK PAUL J & CHARLENE M","operator":""}},{"type":"Feature","geometry":{"type":"Point","coordinates":[-86.819019,36.242584]},"properties":{"apn":"049100A06400CO","address":"756 PRESERVATION WAY, NASHVILLE, TN  37207","year_built":2017,"owner":"GILLIAM TIFFANY A & MASHACK KEVIN E","operator":""}},{"type":"Feature","geometry":{"type":"Point","coordinates":[-86.665858,35.989053]},"properties":{"apn":"187050A03600CO","address":"1133 FREWIN ST, NOLENSVILLE, TN  37135","year_built":2017,"owner":"PARISH DAN L","operator":""}},{"type":"Feature","geometry":{"type":"Point","coordinates":[-86.842753,36.157536]},"properties":{"apn":"09112033300","address":"4603 A ILLINOIS AVE, NASHVILLE, TN  37209","year_built":2017,"owner":"HARRIS WILLIS W II","operator":""}},{"type":"Feature","geometry":{"type":"Point","coordinates":[-86.585178,36.055316]},"properties":{"apn":"165050A04500CO","address":"445 SHORELINE CIR, ANTIOCH, TN  37013","year_built":2014,"owner":"PATEL JATIN & SEEMA","operator":""}},{"type":"Feature","geometry":{"type":"Point","coordinates":[-86.72634,36.072605]},"properties":{"apn":"147070F00200CO","address":"4419 J J WATSON AVE, NASHVILLE, TN  37211","year_built":2017,"owner":"ARMSTRONG WILLIAM R & ISABELLE","operator":""}},{"type":"Feature","geometry":{"type":"Point","coordinates":[-86.853789,36.16048]},"properties":{"apn":"09106044000","address":"5409 B TENNESSEE AVE, NASHVILLE, TN  37209","year_built":2017,"owner":"CROUCH JOSHUA H & AMANDA M","operator":""}},{"type":"Feature","geometry":{"type":"Point","coordinates":[-86.726011,36.072591]},"properties":{"apn":"147070F00100CO","address":"4417 J J WATSON AVE, NASHVILLE, TN  37211","year_built":2017,"owner":"LEFEBVRE SARAH & KRIEGER ANDREW","operator":""}},{"type":"Feature","geometry":{"type":"Point","coordinates":[-86.853016,36.064084]},"properties":{"apn":"14414003400","address":"2151 TIMBERWOOD DR, NASHVILLE, TN  37215","year_built":2020,"owner":"TIMBERWOOD LAND TRUST","operator":""}},{"type":"Feature","geometry":{"type":"Point","coordinates":[-86.735521,36.069023]},"properties":{"apn":"14710021700","address":"5036 EDMONDSON PIKE, NASHVILLE, TN  37211","year_built":2017,"owner":"BUSALLY HAZHAR K & ABDULRAHMAN SAMERA","operator":""}},{"type":"Feature","geometry":{"type":"Point","coordinates":[-86.592423,36.051824]},"properties":{"apn":"164080A12400CO","address":"5209 BAYWIND DR E, ANTIOCH, TN  37013","year_built":2017,"owner":"MOHAMED ASAD & ABOOD ASMA","operator":""}},{"type":"Feature","geometry":{"type":"Point","coordinates":[-86.665832,35.989338]},"properties":{"apn":"187050A03300CO","address":"1139 FREWIN ST, NOLENSVILLE, TN  37135","year_built":2017,"owner":"WUSTMAN NICOLE MARIE","operator":""}},{"type":"Feature","geometry":{"type":"Point","coordinates":[-86.616484,36.045004]},"properties":{"apn":"164100A43200CO","address":"700 ABERCORN CT, ANTIOCH, TN  37013","year_built":2017,"owner":"MITCHELL ANTONIO M & GINA L","operator":""}},{"type":"Feature","geometry":{"type":"Point","coordinates":[-86.60508,36.052848]},"properties":{"apn":"164070A27900CO","address":"837 HARVEST GROVE DR, ANTIOCH, TN  37013","year_built":2017,"owner":"ROMANY FARAH F & GERIS NAGWA","operator":""}},{"type":"Feature","geometry":{"type":"Point","coordinates":[-86.774099,36.257064]},"properties":{"apn":"050020A05200CO","address":"1840 BELLE ARBOR DR, NASHVILLE, TN  37207","year_built":2017,"owner":"HARLAN GAIL","operator":""}},{"type":"Feature","geometry":{"type":"Point","coordinates":[-86.842831,36.339823]},"properties":{"apn":"01500028500","address":"2666 MORGAN RD, JOELTON, TN  37080","year_built":2020,"owner":"CANUPS RONNIE & GLORY","operator":""}},{"type":"Feature","geometry":{"type":"Point","coordinates":[-86.58606,36.05116]},"properties":{"apn":"165050A13200CO","address":"904 BACK WATER CR, ANTIOCH, TN  37013","year_built":2013,"owner":"MALONE LOVETTE","operator":""}},{"type":"Feature","geometry":{"type":"Point","coordinates":[-86.662321,35.983178]},"properties":{"apn":"187090A11800CO","address":"4093 LIBERTON WAY, NOLENSVILLE, TN  37135","year_built":2017,"owner":"YAZDIAN DEVELOPMENT GROUP INC","operator":""}},{"type":"Feature","geometry":{"type":"Point","coordinates":[-86.82416,36.14507]},"properties":{"apn":"10401046300","address":"417 THERESA AVE, NASHVILLE, TN  37205","year_built":2016,"owner":"LS REALTY LLC","operator":""}},{"type":"Feature","geometry":{"type":"Point","coordinates":[-86.824241,36.145098]},"properties":{"apn":"10401046400","address":"419 THERESA AVE, NASHVILLE, TN  37205","year_built":2016,"owner":"LS REALTY LLC","operator":""}},{"type":"Feature","geometry":{"type":"Point","coordinates":[-86.641484,36.243277]},"properties":{"apn":"05311007300","address":"149 PARK CIR, OLD HICKORY, TN  37138","year_built":2017,"owner":"BLUE GATES LLC","operator":""}},{"type":"Feature","geometry":{"type":"Point","coordinates":[-86.787185,36.137993]},"properties":{"apn":"10505024600","address":"1110 ARGYLE AVE, NASHVILLE, TN  37203","year_built":2016,"owner":"SHORT ANNTIPPIA & LEE L","operator":""}},{"type":"Feature","geometry":{"type":"Point","coordinates":[-86.604291,36.052716]},"properties":{"apn":"164070A27500CO","address":"821 HARVEST GROVE DR, ANTIOCH, TN  37013","year_built":2017,"owner":"MEGALLY NASR S & KAMEL EMAN K","operator":""}},{"type":"Feature","geometry":{"type":"Point","coordinates":[-86.632765,36.2297]},"properties":{"apn":"06308024300","address":"406 C HADLEYS BEND BLVD, OLD HICKORY, TN  37138","year_built":2017,"owner":"TOLIVER KIMBERLY GAYLE","operator":""}},{"type":"Feature","geometry":{"type":"Point","coordinates":[-86.885782,36.301261]},"properties":{"apn":"02100038700","address":"6006 EATONS CREEK RD, JOELTON, TN  37080","year_built":2020,"owner":"WADE DONNA","operator":""}},{"type":"Feature","geometry":{"type":"Point","coordinates":[-86.875018,36.269106]},"properties":{"apn":"03900000500","address":"6246 FREUDEMAN RD, WHITES CREEK, TN  37189","year_built":2021,"owner":"BROWN ROGER DEAN","operator":""}},{"type":"Feature","geometry":{"type":"Point","coordinates":[-86.584423,36.052848]},"properties":{"apn":"165050A11300CO","address":"712 POINT BREAK CR N, ANTIOCH, TN  37013","year_built":2013,"owner":"PATEL JATIN & SEEMA","operator":""}},{"type":"Feature","geometry":{"type":"Point","coordinates":[-86.80665,36.077235]},"properties":{"apn":"14503007900","address":"5023 GRANNY WHITE PIKE, NASHVILLE, TN  37220","year_built":2016,"owner":"DALBY WENDI LYN LOWERY 2011 FAMILY TRUST","operator":""}},{"type":"Feature","geometry":{"type":"Point","coordinates":[-86.820286,36.134075]},"properties":{"apn":"104100O00100CO","address":"101 RANSOM AVE, NASHVILLE, TN  37205","year_built":2016,"owner":"PENNINGTON AUSTIN B","operator":""}},{"type":"Feature","geometry":{"type":"Point","coordinates":[-86.603875,36.053248]},"properties":{"apn":"164070A22000CO","address":"812 HARVEST GROVE DR, ANTIOCH, TN  37013","year_built":2016,"owner":"JOHNSON WILLIAM EDWARD","operator":""}},{"type":"Feature","geometry":{"type":"Point","coordinates":[-86.751688,36.163911]},"properties":{"apn":"09405013200","address":"1005 S 11TH ST, NASHVILLE, TN  37206","year_built":2016,"owner":"HAWN CHRISTOPHER T & KATHRYN A","operator":""}},{"type":"Feature","geometry":{"type":"Point","coordinates":[-86.695254,36.011798]},"properties":{"apn":"181020B00400CO","address":"6739 SUNNYWOOD DR, NASHVILLE, TN  37211","year_built":2014,"owner":"RAJ HOLDINGS LLC","operator":""}},{"type":"Feature","geometry":{"type":"Point","coordinates":[-86.696435,36.018433]},"properties":{"apn":"181010B21600CO","address":"4048 SWEETBERRY DR, NASHVILLE, TN  37211","year_built":2015,"owner":"RAJ HOLDINGS LLC","operator":""}},{"type":"Feature","geometry":{"type":"Point","coordinates":[-86.694487,36.011093]},"properties":{"apn":"181020B03900CO","address":"8913 SUNNYFIELD WAY, NASHVILLE, TN  37211","year_built":2015,"owner":"RAJ HOLDINGS LLC","operator":""}},{"type":"Feature","geometry":{"type":"Point","coordinates":[-86.694554,36.011099]},"properties":{"apn":"181020B03800CO","address":"8915 SUNNYFIELD WAY, NASHVILLE, TN  37211","year_built":2015,"owner":"RAJ HOLDINGS LLC","operator":""}},{"type":"Feature","geometry":{"type":"Point","coordinates":[-86.740335,36.369265]},"properties":{"apn":"00700018000","address":"1514 SPRINGFIELD HWY, GOODLETTSVILLE, TN  37072","year_built":2018,"owner":"PATEL DEEPAK","operator":""}},{"type":"Feature","geometry":{"type":"Point","coordinates":[-86.694623,36.011105]},"properties":{"apn":"181020B03700CO","address":"8917 SUNNYFIELD WAY, NASHVILLE, TN  37211","year_built":2015,"owner":"RAJ HOLDINGS LLC","operator":""}},{"type":"Feature","geometry":{"type":"Point","coordinates":[-86.695322,36.011803]},"properties":{"apn":"181020B00300CO","address":"6741 SUNNYWOOD DR, NASHVILLE, TN  37211","year_built":2014,"owner":"RAJ HOLDINGS LLC","operator":""}},{"type":"Feature","geometry":{"type":"Point","coordinates":[-86.655771,36.069815]},"properties":{"apn":"149150A42900CO","address":"1745 BRIDGECREST DR, ANTIOCH, TN  37013","year_built":2017,"owner":"BESHAY GIRGIS & FARAG YOUSTINA","operator":""}},{"type":"Feature","geometry":{"type":"Point","coordinates":[-86.719327,36.277661]},"properties":{"apn":"04204004100","address":"1012 HIGHLAND CIR, MADISON, TN  37115","year_built":2023,"owner":"RODRIGUEZ ISABEL LOZA","operator":""}},{"type":"Feature","geometry":{"type":"Point","coordinates":[-86.856226,36.162149]},"properties":{"apn":"09106038800","address":"5604 B LOUISIANA AVE, NASHVILLE, TN  37209","year_built":2016,"owner":"RIGGS MATTHEW C","operator":""}},{"type":"Feature","geometry":{"type":"Point","coordinates":[-86.618807,35.983465]},"properties":{"apn":"188100A02900CO","address":"2133 GLEN HAVEN DR, NOLENSVILLE, TN  37135","year_built":2017,"owner":"MODIC MARY AUSTIN","operator":""}},{"type":"Feature","geometry":{"type":"Point","coordinates":[-86.830144,36.20079]},"properties":{"apn":"070090A00400CO","address":"3313 CURTIS HILL CT, NASHVILLE, TN  37218","year_built":2020,"owner":"AFFORDABLE HOUSING RESOURCES","operator":""}},{"type":"Feature","geometry":{"type":"Point","coordinates":[-86.829244,36.200604]},"properties":{"apn":"070090A00800CO","address":"3329 CURTIS HILL CT, NASHVILLE, TN  37218","year_built":2020,"owner":"AFFORDABLE HOUSING RESOURCES","operator":""}},{"type":"Feature","geometry":{"type":"Point","coordinates":[-86.619351,36.047856]},"properties":{"apn":"164100A45800CO","address":"2012 ALPENGLOW PT, ANTIOCH, TN  37013","year_built":2016,"owner":"RAMSEY DAVID B & ELIZABETH J","operator":""}},{"type":"Feature","geometry":{"type":"Point","coordinates":[-86.855647,36.159948]},"properties":{"apn":"09106036600","address":"5524 KENTUCKY AVE, NASHVILLE, TN  37209","year_built":2014,"owner":"KIPP MICHAEL F REVOCABLE LIVING TRUST ET AL","operator":""}},{"type":"Feature","geometry":{"type":"Point","coordinates":[-86.695015,36.003544]},"properties":{"apn":"181100D03400CO","address":"440 HIGH POINT TER, BRENTWOOD, TN  37027","year_built":2016,"owner":"ELAM ALEXIS","operator":""}},{"type":"Feature","geometry":{"type":"Point","coordinates":[-86.765367,36.19594]},"properties":{"apn":"07115053200","address":"1335 B PENNOCK AVE, NASHVILLE, TN  37207","year_built":2016,"owner":"CHOW YEE & WATANASOOKCHAI TITIPONG","operator":""}},{"type":"Feature","geometry":{"type":"Point","coordinates":[-86.621086,36.049666]},"properties":{"apn":"164100A33100CO","address":"2125 PINEGLEN CT, ANTIOCH, TN  37013","year_built":2016,"owner":"DAVIS TONY RANDALL & MARIA MASON","operator":""}},{"type":"Feature","geometry":{"type":"Point","coordinates":[-86.944609,36.173854]},"properties":{"apn":"07800006300","address":"7847 RIVER ROAD PIKE, NASHVILLE, TN  37209","year_built":2019,"owner":"GRAND BEACH TRUST","operator":""}},{"type":"Feature","geometry":{"type":"Point","coordinates":[-86.803223,36.176006]},"properties":{"apn":"08111061300","address":"1537 B 12TH AVE N, NASHVILLE, TN  37208","year_built":2017,"owner":"G & M PROPERTIES LLC","operator":""}},{"type":"Feature","geometry":{"type":"Point","coordinates":[-86.620198,36.049868]},"properties":{"apn":"164100A32200CO","address":"2120 PINEGLEN CT, ANTIOCH, TN  37013","year_built":2016,"owner":"URDANETA JESUS","operator":""}},{"type":"Feature","geometry":{"type":"Point","coordinates":[-86.846534,36.156056]},"properties":{"apn":"09111042600","address":"709 C 49TH AVE N, NASHVILLE, TN  37209","year_built":2016,"owner":"ECKERT JOEL D & TRACEY A","operator":""}},{"type":"Feature","geometry":{"type":"Point","coordinates":[-86.620391,36.049985]},"properties":{"apn":"164100A32300CO","address":"2124 PINEGLEN CT, ANTIOCH, TN  37013","year_built":2016,"owner":"MAKAR MAMDOUH & DAWOUD MARIAM","operator":""}},{"type":"Feature","geometry":{"type":"Point","coordinates":[-86.643279,36.051109]},"properties":{"apn":"163070A03000CO","address":"1820 WILD OAKS CT, ANTIOCH, TN  37013","year_built":2016,"owner":"HARRIS LEROY JR & CHRISTINA ROGERS","operator":""}},{"type":"Feature","geometry":{"type":"Point","coordinates":[-86.643272,36.051166]},"properties":{"apn":"163070A02900CO","address":"1818 WILD OAKS CT, ANTIOCH, TN  37013","year_built":2016,"owner":"HARRIS LEROY JR & CHRISTINA ROGERS","operator":""}},{"type":"Feature","geometry":{"type":"Point","coordinates":[-86.743445,36.119244]},"properties":{"apn":"11905042600","address":"2411 FOSTER AVE, NASHVILLE, TN  37210","year_built":2016,"owner":"BARNETT KEVIN & ARIAN","operator":""}},{"type":"Feature","geometry":{"type":"Point","coordinates":[-86.643263,36.05128]},"properties":{"apn":"163070A02700CO","address":"1814 WILD OAKS CT, ANTIOCH, TN  37013","year_built":2016,"owner":"HARRIS LEROY JR & CHRISTINA ROGERS","operator":""}},{"type":"Feature","geometry":{"type":"Point","coordinates":[-86.643264,36.051217]},"properties":{"apn":"163070A02800CO","address":"1816 WILD OAKS CT, ANTIOCH, TN  37013","year_built":2016,"owner":"HARRIS LEROY JR & CHRISTINA ROGERS","operator":""}},{"type":"Feature","geometry":{"type":"Point","coordinates":[-86.813584,36.052642]},"properties":{"apn":"159060B03500CO","address":"1749 WOODSONG DR, BRENTWOOD, TN  37027","year_built":2019,"owner":"BRACE DOUGLAS A TRUSTEE","operator":""}},{"type":"Feature","geometry":{"type":"Point","coordinates":[-86.820198,36.133941]},"properties":{"apn":"104100O00200CO","address":"105 RANSOM AVE, NASHVILLE, TN  37205","year_built":2016,"owner":"SANFORD PROPERTIES LLC","operator":""}},{"type":"Feature","geometry":{"type":"Point","coordinates":[-86.889916,36.358069]},"properties":{"apn":"00800025500","address":"8039 WHITES CREEK PIKE, JOELTON, TN  37080","year_built":2018,"owner":"WOOD ISAAC X & BARRAZA FLOR","operator":""}},{"type":"Feature","geometry":{"type":"Point","coordinates":[-86.620594,36.049564]},"properties":{"apn":"164100A33300CO","address":"2117 PINEGLEN CT, ANTIOCH, TN  37013","year_built":2016,"owner":"SARGYOUS DAVID M & BOTROS HANAA N","operator":""}},{"type":"Feature","geometry":{"type":"Point","coordinates":[-86.621357,36.049612]},"properties":{"apn":"164100A33000CO","address":"2129 PINEGLEN CT, ANTIOCH, TN  37013","year_built":2016,"owner":"DIOUF WOLIMATA","operator":""}},{"type":"Feature","geometry":{"type":"Point","coordinates":[-86.844896,36.118735]},"properties":{"apn":"11607013100","address":"4520 MILLRACE LN, NASHVILLE, TN  37205","year_built":2019,"owner":"COLCLASURE ETHAN C & ASHLEY P","operator":""}},{"type":"Feature","geometry":{"type":"Point","coordinates":[-86.922682,36.087319]},"properties":{"apn":"128120B01400CO","address":"588 SUMMIT OAKS CT, NASHVILLE, TN  37221","year_built":2016,"owner":"VEYJOYEH NAUZANENE JAFARI FARD","operator":""}},{"type":"Feature","geometry":{"type":"Point","coordinates":[-86.750659,36.169157]},"properties":{"apn":"09401004000","address":"603 S 11TH ST, NASHVILLE, TN  37206","year_built":2016,"owner":"CROOKS M JEANETTE","operator":""}},{"type":"Feature","geometry":{"type":"Point","coordinates":[-86.729848,36.196323]},"properties":{"apn":"07215004600","address":"2114 A BURNS ST, NASHVILLE, TN  37216","year_built":2018,"owner":"BAKER HAYES E III","operator":""}},{"type":"Feature","geometry":{"type":"Point","coordinates":[-86.621351,36.049325]},"properties":{"apn":"164100A33800CO","address":"2221 SHOREWOOD PATH, ANTIOCH, TN  37013","year_built":2016,"owner":"ANDERSON ERIN MONIQUE","operator":""}},{"type":"Feature","geometry":{"type":"Point","coordinates":[-86.684365,36.293199]},"properties":{"apn":"034070B00900CO","address":"2548 VAL MARIE DR, MADISON, TN  37115","year_built":2016,"owner":"ZEIGLER DAVID & ERIN","operator":""}},{"type":"Feature","geometry":{"type":"Point","coordinates":[-86.852214,36.156031]},"properties":{"apn":"09111043000","address":"5307 A INDIANA AVE, NASHVILLE, TN  37209","year_built":2016,"owner":"NATIONS INDIANA LLC","operator":""}},{"type":"Feature","geometry":{"type":"Point","coordinates":[-86.852298,36.156029]},"properties":{"apn":"09111043100","address":"5307 B INDIANA AVE, NASHVILLE, TN  37209","year_built":2016,"owner":"NATIONS INDIANA LLC","operator":""}},{"type":"Feature","geometry":{"type":"Point","coordinates":[-86.620609,36.050052]},"properties":{"apn":"164100A32400CO","address":"2128 PINEGLEN CT, ANTIOCH, TN  37013","year_built":2016,"owner":"MISSAK NAGEH & EDA","operator":""}},{"type":"Feature","geometry":{"type":"Point","coordinates":[-86.588525,36.054226]},"properties":{"apn":"164080C06100CO","address":"317 BIRCHCLAY PT N, ANTIOCH, TN  37013","year_built":2012,"owner":"HOME SFR BORROWER LLC","operator":"Pretium Partners (Goldman Sachs)"}},{"type":"Feature","geometry":{"type":"Point","coordinates":[-86.710659,36.237695]},"properties":{"apn":"05213028400","address":"2530 MIAMI AVE, NASHVILLE, TN  37214","year_built":2013,"owner":"MURDOCK MICHAEL W & MARIA HIGH","operator":""}},{"type":"Feature","geometry":{"type":"Point","coordinates":[-86.632347,36.227326]},"properties":{"apn":"06308025200","address":"4026 LAFAYETTE AVE, OLD HICKORY, TN  37138","year_built":2017,"owner":"TWIN TEAM THE","operator":""}},{"type":"Feature","geometry":{"type":"Point","coordinates":[-86.632253,36.227731]},"properties":{"apn":"06308024600","address":"4014 LAFAYETTE AVE, OLD HICKORY, TN  37138","year_built":2018,"owner":"TWIN TEAM THE","operator":""}},{"type":"Feature","geometry":{"type":"Point","coordinates":[-86.632315,36.227461]},"properties":{"apn":"06308025000","address":"4022 LAFAYETTE AVE, OLD HICKORY, TN  37138","year_built":2017,"owner":"TWIN TEAM THE","operator":""}},{"type":"Feature","geometry":{"type":"Point","coordinates":[-86.632269,36.227663]},"properties":{"apn":"06308024700","address":"4016 LAFAYETTE AVE, OLD HICKORY, TN  37138","year_built":2018,"owner":"TWIN TEAM THE","operator":""}},{"type":"Feature","geometry":{"type":"Point","coordinates":[-86.835972,36.05428]},"properties":{"apn":"158040A07400CO","address":"21 ANNANDALE, NASHVILLE, TN  37215","year_built":2015,"owner":"PATTON C BENTON & CARRIE E","operator":""}},{"type":"Feature","geometry":{"type":"Point","coordinates":[-86.992098,36.076686]},"properties":{"apn":"141050A53700CO","address":"2061 LEEDS LN, NASHVILLE, TN  37221","year_built":2016,"owner":"LOUIS STEVEN R & NARITCHAYA K","operator":""}},{"type":"Feature","geometry":{"type":"Point","coordinates":[-86.710992,36.235913]},"properties":{"apn":"06201000300","address":"2502 MIAMI AVE, NASHVILLE, TN  37214","year_built":2019,"owner":"GODDARD CASEY LEE","operator":""}},{"type":"Feature","geometry":{"type":"Point","coordinates":[-86.833591,36.15673]},"properties":{"apn":"09112033900","address":"3951 CLIFTON AVE, NASHVILLE, TN  37209","year_built":2018,"owner":"WOODBINE COMMUNITY ORGANIZATION WCO INC","operator":""}},{"type":"Feature","geometry":{"type":"Point","coordinates":[-86.833122,36.156563]},"properties":{"apn":"09209044500","address":"621 39TH AVE N, NASHVILLE, TN  37209","year_built":2017,"owner":"WOODBINE COMMUNITY ORGANIZATION WCO INC","operator":""}},{"type":"Feature","geometry":{"type":"Point","coordinates":[-86.833423,36.156723]},"properties":{"apn":"09112034000","address":"3947 CLIFTON AVE, NASHVILLE, TN  37209","year_built":2018,"owner":"WOODBINE COMMUNITY ORGANIZATION WCO INC","operator":""}},{"type":"Feature","geometry":{"type":"Point","coordinates":[-86.841834,36.155918]},"properties":{"apn":"09112033000","address":"4506 GEORGIA AVE, NASHVILLE, TN  37209","year_built":2016,"owner":"PHILLIPS JESSICA TAYLOR","operator":""}},{"type":"Feature","geometry":{"type":"Point","coordinates":[-86.787539,36.108068]},"properties":{"apn":"11813007900","address":"966 GRAYBAR LN, NASHVILLE, TN  37204","year_built":2016,"owner":"966 GRAYBAR LANE TRUST","operator":""}},{"type":"Feature","geometry":{"type":"Point","coordinates":[-86.740703,36.218485]},"properties":{"apn":"06114001200","address":"3815 HUTSON AVE, NASHVILLE, TN  37216","year_built":2023,"owner":"EQUITY TRUST CO FBO MEEK EDWARD IRA","operator":""}},{"type":"Feature","geometry":{"type":"Point","coordinates":[-86.669789,36.020137]},"properties":{"apn":"182010A14900CO","address":"1528 SUNBEAM DR, ANTIOCH, TN  37013","year_built":2014,"owner":"KIRK CECIL E & THARON M","operator":""}},{"type":"Feature","geometry":{"type":"Point","coordinates":[-86.853654,36.161117]},"properties":{"apn":"09107042800","address":"5408 TENNESSEE AVE, NASHVILLE, TN  37209","year_built":2016,"owner":"PHILLIPS JESSICA TAYLOR","operator":""}},{"type":"Feature","geometry":{"type":"Point","coordinates":[-86.72197,36.035127]},"properties":{"apn":"172030A14000CO","address":"5948 WOODLANDS AVE, NASHVILLE, TN  37211","year_built":2016,"owner":"TSANG STEPHEN T & JESSICA K","operator":""}},{"type":"Feature","geometry":{"type":"Point","coordinates":[-86.642537,36.051495]},"properties":{"apn":"163070A01400CO","address":"1430 EAGLE VIEW BLVD, ANTIOCH, TN  37013","year_built":2016,"owner":"ANDERSON DERRICK K","operator":""}},{"type":"Feature","geometry":{"type":"Point","coordinates":[-86.971053,36.042536]},"properties":{"apn":"15500028500","address":"8243 SPRING RIDGE DR, NASHVILLE, TN  37221","year_built":2017,"owner":"CUSTODE JULIO CHRISTOPHER & ADCOCK VICTORIA LEE","operator":""}},{"type":"Feature","geometry":{"type":"Point","coordinates":[-86.738607,36.024224]},"properties":{"apn":"172100C00100CO","address":"3300 HARRIETT PARK DR, NASHVILLE, TN  37211","year_built":2014,"owner":"MATHEW VERONICA SHYLA & ABRAHAM ROYCE","operator":""}},{"type":"Feature","geometry":{"type":"Point","coordinates":[-86.696493,36.257824]},"properties":{"apn":"05202003200","address":"650 YOWELL AVE, MADISON, TN  37115","year_built":2017,"owner":"THE TWIN TEAM LLC","operator":""}},{"type":"Feature","geometry":{"type":"Point","coordinates":[-86.591509,36.055952]},"properties":{"apn":"164010A00500CO","address":"7012 MARHADEN DR, ANTIOCH, TN  37013","year_built":2016,"owner":"EISSA REMON R & SALWA ZAKRYA","operator":""}},{"type":"Feature","geometry":{"type":"Point","coordinates":[-86.649509,36.063297]},"properties":{"apn":"163020B08300CO","address":"604 SAMWISE LN, ANTIOCH, TN  37013","year_built":2016,"owner":"LOPEZ IGNACIO","operator":""}},{"type":"Feature","geometry":{"type":"Point","coordinates":[-86.629139,36.225417]},"properties":{"apn":"06409002300","address":"213 CENTER ST, OLD HICKORY, TN  37138","year_built":2016,"owner":"TWIN TEAM LLC THE","operator":""}},{"type":"Feature","geometry":{"type":"Point","coordinates":[-86.853569,36.16112]},"properties":{"apn":"09107042700","address":"5406 TENNESSEE AVE, NASHVILLE, TN  37209","year_built":2016,"owner":"CORBIN STEPHANIE","operator":""}},{"type":"Feature","geometry":{"type":"Point","coordinates":[-86.843675,36.158599]},"properties":{"apn":"09107044000","address":"4617 MICHIGAN AVE, NASHVILLE, TN  37209","year_built":2016,"owner":"BLUE RIDGE HOMES LLC SERIES 1","operator":""}},{"type":"Feature","geometry":{"type":"Point","coordinates":[-86.850973,36.159479]},"properties":{"apn":"09107045100","address":"5207 B KENTUCKY AVE, NASHVILLE, TN  37209","year_built":2017,"owner":"HENDERSON CLAIRE & TOWNES PAM C","operator":""}},{"type":"Feature","geometry":{"type":"Point","coordinates":[-86.850888,36.159482]},"properties":{"apn":"09107045000","address":"5207 A KENTUCKY AVE, NASHVILLE, TN  37209","year_built":2017,"owner":"HENDERSON CLAIRE & TOWNES PAM C","operator":""}},{"type":"Feature","geometry":{"type":"Point","coordinates":[-86.616784,36.063473]},"properties":{"apn":"150140D06900CO","address":"4760 BACKSTRETCH BLVD, ANTIOCH, TN  37013","year_built":2016,"owner":"NASEEF SAID & FAWZY MARTHA","operator":""}},{"type":"Feature","geometry":{"type":"Point","coordinates":[-86.766504,36.197838]},"properties":{"apn":"07111052000","address":"1413 A MERIDIAN ST, NASHVILLE, TN  37207","year_built":2016,"owner":"BLAUVELT ADAM & FRANCES","operator":""}},{"type":"Feature","geometry":{"type":"Point","coordinates":[-86.666362,35.988173]},"properties":{"apn":"187050A06600CO","address":"748 WESTCOTT LN, NOLENSVILLE, TN  37135","year_built":2016,"owner":"NEUROTH KRISTI","operator":""}},{"type":"Feature","geometry":{"type":"Point","coordinates":[-86.766523,36.197702]},"properties":{"apn":"07111052200","address":"1411 A MERIDIAN ST, NASHVILLE, TN  37207","year_built":2016,"owner":"BULTEMEIER BRAD A","operator":""}},{"type":"Feature","geometry":{"type":"Point","coordinates":[-86.766514,36.19777]},"properties":{"apn":"07111052100","address":"1411 B MERIDIAN ST, NASHVILLE, TN  37207","year_built":2016,"owner":"BULTEMEIER BRAD A","operator":""}},{"type":"Feature","geometry":{"type":"Point","coordinates":[-86.725622,36.026211]},"properties":{"apn":"172110B02100CO","address":"6820 CHRISTIANSTED LN, NASHVILLE, TN  37211","year_built":2015,"owner":"REGG GEORGE J JR & PATRICIA L","operator":""}},{"type":"Feature","geometry":{"type":"Point","coordinates":[-86.632675,36.231086]},"properties":{"apn":"063040A06200CO","address":"1017 TABITHA LN, OLD HICKORY, TN  37138","year_built":2016,"owner":"SADDLER FAMILY REVOCABLE TRUST","operator":""}},{"type":"Feature","geometry":{"type":"Point","coordinates":[-86.731539,36.205709]},"properties":{"apn":"07207038400","address":"1226 KENMORE PL, NASHVILLE, TN  37216","year_built":2016,"owner":"LORANCE CHRISTINA A & BENJAMIN C","operator":""}},{"type":"Feature","geometry":{"type":"Point","coordinates":[-86.842274,36.155902]},"properties":{"apn":"09112032300","address":"4520 GEORGIA AVE, NASHVILLE, TN  37209","year_built":2016,"owner":"HAMMRICH SCOTT M","operator":""}},{"type":"Feature","geometry":{"type":"Point","coordinates":[-86.740968,36.358462]},"properties":{"apn":"01200025500","address":"1903 BAKER RD, GOODLETTSVILLE, TN  37072","year_built":2017,"owner":"PILKINGTON CARL EDWARD III","operator":""}},{"type":"Feature","geometry":{"type":"Point","coordinates":[-86.823677,36.144552]},"properties":{"apn":"10401046100","address":"408 A ST FRANCIS AVE, NASHVILLE, TN  37205","year_built":2016,"owner":"MEDLIN THOMAS R III & KATHERINE L","operator":""}},{"type":"Feature","geometry":{"type":"Point","coordinates":[-86.779536,36.195745]},"properties":{"apn":"07114040900","address":"110 A FERN AVE, NASHVILLE, TN  37207","year_built":2017,"owner":"GILLIAM BRICE & BROOKE D","operator":""}},{"type":"Feature","geometry":{"type":"Point","coordinates":[-86.833286,36.254265]},"properties":{"apn":"049010B01600CO","address":"537 CHERRY GROVE LN, WHITES CREEK, TN  37189","year_built":2023,"owner":"HAYES MILLARD III & JENAI L","operator":""}},{"type":"Feature","geometry":{"type":"Point","coordinates":[-86.85065,36.161218]},"properties":{"apn":"09107041800","address":"5200 B TENNESSEE AVE, NASHVILLE, TN  37209","year_built":2016,"owner":"CORBIN STEPHANIE","operator":""}},{"type":"Feature","geometry":{"type":"Point","coordinates":[-86.665483,35.987129]},"properties":{"apn":"187050A07600CO","address":"3224 SALTVILLE ALY, NOLENSVILLE, TN  37135","year_built":2016,"owner":"GILMORE GLENN & CYNTHIA","operator":""}},{"type":"Feature","geometry":{"type":"Point","coordinates":[-86.818939,36.24388]},"properties":{"apn":"049100A08100CO","address":"732 PRESERVATION WAY, NASHVILLE, TN  37207","year_built":2016,"owner":"JOHNSON CHRISTOPHER K & EMILY S","operator":""}},{"type":"Feature","geometry":{"type":"Point","coordinates":[-86.726553,36.026451]},"properties":{"apn":"172110B00600CO","address":"6925 SHELLY TRL, NASHVILLE, TN  37211","year_built":2016,"owner":"SLAUGHTER PASQUALE A","operator":""}},{"type":"Feature","geometry":{"type":"Point","coordinates":[-86.663728,35.983702]},"properties":{"apn":"187090A17900CO","address":"4146 ALVA LN, NOLENSVILLE, TN  37135","year_built":2015,"owner":"BERMUDEZ FLOR R & JUAN C","operator":""}},{"type":"Feature","geometry":{"type":"Point","coordinates":[-86.775007,36.257608]},"properties":{"apn":"050020A00900CO","address":"1829 BELLE ARBOR DR, NASHVILLE, TN  37207","year_built":2016,"owner":"CRAWFORD VANESSA A & MILLER JERMONT D","operator":""}},{"type":"Feature","geometry":{"type":"Point","coordinates":[-86.838923,36.067745]},"properties":{"apn":"14400011600","address":"2015 MAPLEMERE DR, NASHVILLE, TN  37215","year_built":2018,"owner":"RAINS ROBIN MELISSA","operator":""}},{"type":"Feature","geometry":{"type":"Point","coordinates":[-86.706623,36.07087]},"properties":{"apn":"148090B00200CO","address":"3806 CHAMBERS DR, NASHVILLE, TN  37211","year_built":2022,"owner":"BARNETT KEVIN & ARIAN","operator":""}},{"type":"Feature","geometry":{"type":"Point","coordinates":[-86.984801,36.075682]},"properties":{"apn":"141050A59200CO","address":"1664 BROCKTON LN, NASHVILLE, TN  37221","year_built":2016,"owner":"WILSON LISA C","operator":""}},{"type":"Feature","geometry":{"type":"Point","coordinates":[-86.834918,36.190999]},"properties":{"apn":"08004003100","address":"3202 DOAK AVE, NASHVILLE, TN  37218","year_built":2015,"owner":"PPTC LLC","operator":""}},{"type":"Feature","geometry":{"type":"Point","coordinates":[-86.764063,36.195077]},"properties":{"apn":"07115052000","address":"1317 D STAINBACK AVE, NASHVILLE, TN  37207","year_built":2015,"owner":"WHITE CHRIS","operator":""}},{"type":"Feature","geometry":{"type":"Point","coordinates":[-86.591232,36.142936]},"properties":{"apn":"109080A00600CO","address":"3028 COOKS LANDING CT, HERMITAGE, TN  37076","year_built":2014,"owner":"LIM OLGA","operator":""}},{"type":"Feature","geometry":{"type":"Point","coordinates":[-86.74482,36.290211]},"properties":{"apn":"03309001500","address":"1208 LOWES LN, GOODLETTSVILLE, TN  37072","year_built":2023,"owner":"BE A HELPING HAND FOUNDATION","operator":""}},{"type":"Feature","geometry":{"type":"Point","coordinates":[-86.745088,36.29021]},"properties":{"apn":"03309001400","address":"1210 LOWES LN, GOODLETTSVILLE, TN  37072","year_built":2023,"owner":"BE A HELPING HAND FOUNDATION","operator":""}},{"type":"Feature","geometry":{"type":"Point","coordinates":[-86.74536,36.290214]},"properties":{"apn":"03309001300","address":"1212 LOWES LN, GOODLETTSVILLE, TN  37072","year_built":2023,"owner":"BE A HELPING HAND FOUNDATION","operator":""}},{"type":"Feature","geometry":{"type":"Point","coordinates":[-86.745652,36.290217]},"properties":{"apn":"03309001200","address":"1214 LOWES LN, GOODLETTSVILLE, TN  37072","year_built":2023,"owner":"BE A HELPING HAND FOUNDATION","operator":""}},{"type":"Feature","geometry":{"type":"Point","coordinates":[-86.971669,36.055335]},"properties":{"apn":"15500029600","address":"8159 POPLAR CREEK RD, NASHVILLE, TN  37221","year_built":2014,"owner":"WALDEN WILLIAM G & PAMELA NELL REVOCABLE TRUSTS","operator":""}},{"type":"Feature","geometry":{"type":"Point","coordinates":[-86.69757,36.020939]},"properties":{"apn":"181010B23900CO","address":"6469 SUNNYWOOD DR, NASHVILLE, TN  37211","year_built":2015,"owner":"YAZDIAN SHAHRAM ABE","operator":""}},{"type":"Feature","geometry":{"type":"Point","coordinates":[-86.726006,36.026544]},"properties":{"apn":"172110B00400CO","address":"6825 CHRISTIANSTED LN, NASHVILLE, TN  37211","year_built":2015,"owner":"BALL SYDNEY ELIZABETH","operator":""}},{"type":"Feature","geometry":{"type":"Point","coordinates":[-86.725397,36.026735]},"properties":{"apn":"172110B01900CO","address":"6904 SHELLY TRL, NASHVILLE, TN  37211","year_built":2015,"owner":"GEORGE BONEY & LEENA V","operator":""}},{"type":"Feature","geometry":{"type":"Point","coordinates":[-86.631018,36.232906]},"properties":{"apn":"063040A02200CO","address":"1525 STOKLEY LN, OLD HICKORY, TN  37138","year_built":2015,"owner":"BRADLEY ANDREW G & COLETTE D","operator":""}},{"type":"Feature","geometry":{"type":"Point","coordinates":[-86.62512,36.164331]},"properties":{"apn":"097020A47000CO","address":"1791 STONEWATER DR, HERMITAGE, TN  37076","year_built":2015,"owner":"BHAGAT URVISH R","operator":""}},{"type":"Feature","geometry":{"type":"Point","coordinates":[-86.642228,36.04819]},"properties":{"apn":"163070A08300CO","address":"1937 WILD OAKS CT, ANTIOCH, TN  37013","year_built":2015,"owner":"WADHWANI ANITA V","operator":""}},{"type":"Feature","geometry":{"type":"Point","coordinates":[-86.815376,36.212412]},"properties":{"apn":"059150A15600CO","address":"3613 CUMBERLAND COVE CT, NASHVILLE, TN  37207","year_built":2015,"owner":"BROCK JASON TROY","operator":""}},{"type":"Feature","geometry":{"type":"Point","coordinates":[-86.953153,36.097849]},"properties":{"apn":"12800000400","address":"7955 CHARLOTTE PIKE, NASHVILLE, TN  37221","year_built":2018,"owner":"GOLDKORN JEREMY & WU FEI","operator":""}},{"type":"Feature","geometry":{"type":"Point","coordinates":[-86.781968,36.275364]},"properties":{"apn":"04100003001","address":"4127 CREEK TRAIL DR, WHITES CREEK, TN  37189","year_built":2017,"owner":"BARBEE PATRICIA ANN & RICKY","operator":""}},{"type":"Feature","geometry":{"type":"Point","coordinates":[-86.602468,36.055827]},"properties":{"apn":"164070A15900CO","address":"1624 HIGHWATER DR, ANTIOCH, TN  37013","year_built":2015,"owner":"HANNA HANNA & TOMA MERFAT","operator":""}},{"type":"Feature","geometry":{"type":"Point","coordinates":[-86.758998,36.192643]},"properties":{"apn":"07116046500","address":"1207 N 7TH ST, NASHVILLE, TN  37207","year_built":2015,"owner":"BLAUVELT ADAM & FRANCES","operator":""}},{"type":"Feature","geometry":{"type":"Point","coordinates":[-86.741053,36.178096]},"properties":{"apn":"08310017000","address":"1605 FOREST AVE, NASHVILLE, TN  37206","year_built":2015,"owner":"LEVY-SOUSAN NATALIE CHANTAL","operator":""}},{"type":"Feature","geometry":{"type":"Point","coordinates":[-86.667345,35.98784]},"properties":{"apn":"187050A13300CO","address":"841 BRANCH SIDE TRL, NOLENSVILLE, TN  37135","year_built":2015,"owner":"HARTON EVA PROCTOR","operator":""}},{"type":"Feature","geometry":{"type":"Point","coordinates":[-86.578926,36.073503]},"properties":{"apn":"151090A35600CO","address":"6489 PADDINGTON WAY, ANTIOCH, TN  37013","year_built":2015,"owner":"NELSON HOPE L","operator":""}},{"type":"Feature","geometry":{"type":"Point","coordinates":[-86.833442,36.115056]},"properties":{"apn":"11608020400","address":"3710 WIMBLEDON RD, NASHVILLE, TN  37215","year_built":2015,"owner":"CRAWFORD ANDREW","operator":""}},{"type":"Feature","geometry":{"type":"Point","coordinates":[-86.706138,36.27946]},"properties":{"apn":"04301032200","address":"1128 FLORENCE AVE, MADISON, TN  37115","year_built":2016,"owner":"WALL FAMILY REVOCABLE LIVING TRUST THE","operator":""}},{"type":"Feature","geometry":{"type":"Point","coordinates":[-86.692373,36.055914]},"properties":{"apn":"162020A05600CO","address":"5025 LUKER LN, ANTIOCH, TN  37013","year_built":2011,"owner":"JUAN R ALEMAN & NORA ALEMAN (ELDER) REVOCABLE TRUST","operator":""}},{"type":"Feature","geometry":{"type":"Point","coordinates":[-86.713205,36.210402]},"properties":{"apn":"07204044400","address":"1807 MCGAVOCK PIKE, NASHVILLE, TN  37216","year_built":2015,"owner":"WRIGHT BRIGITTE C","operator":""}},{"type":"Feature","geometry":{"type":"Point","coordinates":[-86.811713,36.171614]},"properties":{"apn":"08115003900","address":"1409 22ND AVE N, NASHVILLE, TN  37208","year_built":2013,"owner":"WILSON G AUSTIN","operator":""}},{"type":"Feature","geometry":{"type":"Point","coordinates":[-86.737969,36.025704]},"properties":{"apn":"172100C01800CO","address":"3108 CHARLES PARK DR, NASHVILLE, TN  37211","year_built":2015,"owner":"BAW IRREVOCABLE TRUST THE","operator":""}},{"type":"Feature","geometry":{"type":"Point","coordinates":[-86.649411,36.063791]},"properties":{"apn":"163020B09600CO","address":"705 FRODO LN, ANTIOCH, TN  37013","year_built":2015,"owner":"BLY ROGER & PAMELA","operator":""}},{"type":"Feature","geometry":{"type":"Point","coordinates":[-86.668352,36.019459]},"properties":{"apn":"174130A13600CO","address":"886 DAYBREAK DR, ANTIOCH, TN  37013","year_built":2015,"owner":"AH4R-TN 3 LLC","operator":"AMH (NYSE: AMH)"}},{"type":"Feature","geometry":{"type":"Point","coordinates":[-86.668711,36.018484]},"properties":{"apn":"174130A11500CO","address":"863 DAYBREAK DR, ANTIOCH, TN  37013","year_built":2015,"owner":"AH4R-TN 3 LLC","operator":"AMH (NYSE: AMH)"}},{"type":"Feature","geometry":{"type":"Point","coordinates":[-86.668896,36.01939]},"properties":{"apn":"174130A12100CO","address":"887 DAYBREAK DR, ANTIOCH, TN  37013","year_built":2015,"owner":"AH4R-TN 3 LLC","operator":"AMH (NYSE: AMH)"}},{"type":"Feature","geometry":{"type":"Point","coordinates":[-86.667989,36.018584]},"properties":{"apn":"174130A16000CO","address":"1104 DAYBREAK LN, ANTIOCH, TN  37013","year_built":2015,"owner":"AH4R-TN 3 LLC","operator":"AMH (NYSE: AMH)"}},{"type":"Feature","geometry":{"type":"Point","coordinates":[-86.667756,36.018618]},"properties":{"apn":"174130A15900CO","address":"763 EVENING AVE, ANTIOCH, TN  37013","year_built":2015,"owner":"HENDERSON MICHAEL & BOUN LESLIE","operator":""}},{"type":"Feature","geometry":{"type":"Point","coordinates":[-86.734417,36.180925]},"properties":{"apn":"08310035700","address":"1823 MCEWEN AVE, NASHVILLE, TN  37206","year_built":2015,"owner":"TUTTLE CASEY L & ANDREW K","operator":""}},{"type":"Feature","geometry":{"type":"Point","coordinates":[-86.790013,36.148228]},"properties":{"apn":"09313038500","address":"1500 KING HOLLANDS AVE, NASHVILLE, TN  37212","year_built":2016,"owner":"SHOEMAKER MOORE BENJAMIN & ASHLEY HALL","operator":""}},{"type":"Feature","geometry":{"type":"Point","coordinates":[-86.668221,36.018554]},"properties":{"apn":"174130A16100CO","address":"864 DAYBREAK DR, ANTIOCH, TN  37013","year_built":2015,"owner":"MCKNIGHT KELLY & SHAWN","operator":""}},{"type":"Feature","geometry":{"type":"Point","coordinates":[-86.696112,36.02303]},"properties":{"apn":"173100A15000CO","address":"3437 TURFWAY LN, ANTIOCH, TN  37013","year_built":2015,"owner":"DUAN ZHAOXIA J","operator":""}},{"type":"Feature","geometry":{"type":"Point","coordinates":[-86.637553,36.192998]},"properties":{"apn":"085040A21200CO","address":"4833 MEDALIST CIR, HERMITAGE, TN  37076","year_built":2015,"owner":"WITHROW ROBERT D & DENISE M","operator":""}},{"type":"Feature","geometry":{"type":"Point","coordinates":[-86.602913,36.055298]},"properties":{"apn":"164070A16800CO","address":"1704 PORCHREST WAY, ANTIOCH, TN  37013","year_built":2015,"owner":"JONES VANESSA D & BAYON W","operator":""}},{"type":"Feature","geometry":{"type":"Point","coordinates":[-86.69099,36.024038]},"properties":{"apn":"173100C00800CO","address":"132 BLACKPOOL DR, ANTIOCH, TN  37013","year_built":2015,"owner":"ADEFURIN ABIODUN & OGINNI ABIMBOLA","operator":""}},{"type":"Feature","geometry":{"type":"Point","coordinates":[-86.650057,36.063728]},"properties":{"apn":"163020B09800CO","address":"700 FRODO LN, ANTIOCH, TN  37013","year_built":2014,"owner":"HOWINGTON MICHAEL T SR","operator":""}},{"type":"Feature","geometry":{"type":"Point","coordinates":[-86.992174,36.022617]},"properties":{"apn":"16900035900","address":"0 HESTER BEASLEY RD, NASHVILLE, TN  37221","year_built":2017,"owner":"PERKY JEFFERSON H & SARAH RICHTER","operator":""}},{"type":"Feature","geometry":{"type":"Point","coordinates":[-86.763763,36.19719]},"properties":{"apn":"07115051800","address":"1405 B STAINBACK AVE, NASHVILLE, TN  37207","year_built":2015,"owner":"BULTEMEIER BRAD","operator":""}},{"type":"Feature","geometry":{"type":"Point","coordinates":[-86.701295,36.02604]},"properties":{"apn":"173090B13100CO","address":"2724 AMBER CREST CT, ANTIOCH, TN  37013","year_built":2015,"owner":"RAY JOHN A & DAWN","operator":""}},{"type":"Feature","geometry":{"type":"Point","coordinates":[-86.700958,36.025651]},"properties":{"apn":"173090B13700CO","address":"2717 AMBER CREST CT, ANTIOCH, TN  37013","year_built":2015,"owner":"TERRELL KRISTOFER","operator":""}},{"type":"Feature","geometry":{"type":"Point","coordinates":[-86.582193,36.177819]},"properties":{"apn":"087100A00100CO","address":"100 AARONS CRESS BLVD, HERMITAGE, TN  37076","year_built":2015,"owner":"MIRACLE KENNETH W & SAMIA H","operator":""}},{"type":"Feature","geometry":{"type":"Point","coordinates":[-86.691698,36.017206]},"properties":{"apn":"181010B29300CO","address":"8008 BROCKMAN LN, NASHVILLE, TN  37211","year_built":2015,"owner":"ATNAFE WOUBIT","operator":""}},{"type":"Feature","geometry":{"type":"Point","coordinates":[-86.801313,36.329654]},"properties":{"apn":"01600030200","address":"1940 SADDLEBACK RD, GOODLETTSVILLE, TN  37072","year_built":2018,"owner":"JOHNSON Z DARRELL & GLORIA K","operator":""}},{"type":"Feature","geometry":{"type":"Point","coordinates":[-86.79844,36.259889]},"properties":{"apn":"04000009200","address":"3659 KNIGHT DR, WHITES CREEK, TN  37189","year_built":2015,"owner":"KR TENNESSEE LLC","operator":""}},{"type":"Feature","geometry":{"type":"Point","coordinates":[-86.794024,36.168817]},"properties":{"apn":"09204039200","address":"907 A WARREN ST, NASHVILLE, TN  37208","year_built":2017,"owner":"HUFFMAN WILLIAM R & JANET B","operator":""}},{"type":"Feature","geometry":{"type":"Point","coordinates":[-86.794068,36.168881]},"properties":{"apn":"09204039100","address":"907 B WARREN ST, NASHVILLE, TN  37208","year_built":2017,"owner":"HUFFMAN WILLIAM R & JANET B","operator":""}},{"type":"Feature","geometry":{"type":"Point","coordinates":[-86.815137,36.213421]},"properties":{"apn":"059150A16300CO","address":"3371 WILLIAM BAILEY DR, NASHVILLE, TN  37207","year_built":2015,"owner":"SMITH EARLY & ALLEN-SMITH LINDA KAYE","operator":""}},{"type":"Feature","geometry":{"type":"Point","coordinates":[-86.666491,35.98367]},"properties":{"apn":"186040A35900CO","address":"9157 MACAULEY LN, NOLENSVILLE, TN  37135","year_built":2015,"owner":"JACKSON MONIQUE & FREDERICK","operator":""}},{"type":"Feature","geometry":{"type":"Point","coordinates":[-86.876137,36.362217]},"properties":{"apn":"00900023600","address":"8256 JACKMAN RD, JOELTON, TN  37080","year_built":2016,"owner":"POFF DAWN & ULRICH DOUG JR","operator":""}},{"type":"Feature","geometry":{"type":"Point","coordinates":[-86.650289,36.069264]},"properties":{"apn":"149150A41200CO","address":"3316 WELLENSTEIN WAY, ANTIOCH, TN  37013","year_built":2015,"owner":"ROBERTSON NATHANIEL","operator":""}},{"type":"Feature","geometry":{"type":"Point","coordinates":[-86.618304,36.035605]},"properties":{"apn":"175020A01500CO","address":"1421 SPRUCEDALE DR, ANTIOCH, TN  37013","year_built":2012,"owner":"AMH 2015-1 BORROWER LLC","operator":"AMH (NYSE: AMH)"}},{"type":"Feature","geometry":{"type":"Point","coordinates":[-86.765726,36.192545]},"properties":{"apn":"07115042700","address":"1207 PENNOCK AVE, NASHVILLE, TN  37207","year_built":2014,"owner":"GRATTON ERIK & HALL ERIN E","operator":""}},{"type":"Feature","geometry":{"type":"Point","coordinates":[-86.682203,36.032835]},"properties":{"apn":"173040A32400CO","address":"909 CABERNET TRL, ANTIOCH, TN  37013","year_built":2015,"owner":"GUIRGUIS MINA K & GODA FIFY A","operator":""}},{"type":"Feature","geometry":{"type":"Point","coordinates":[-86.744444,36.302069]},"properties":{"apn":"02500021600","address":"113 HILLS HOLLOW RD, GOODLETTSVILLE, TN  37072","year_built":2015,"owner":"WINGO ROBERT J JR & AMY GIPSON","operator":""}},{"type":"Feature","geometry":{"type":"Point","coordinates":[-86.899816,36.29591]},"properties":{"apn":"02900030000","address":"4183 BERNARD RD, JOELTON, TN  37080","year_built":2020,"owner":"FRIEDBERG WILLIAM A & CATISHA E","operator":""}},{"type":"Feature","geometry":{"type":"Point","coordinates":[-86.6827,36.162524]},"properties":{"apn":"09507016200","address":"2410 DEERWOOD CT, NASHVILLE, TN  37214","year_built":2015,"owner":"CATHEY HAROLD JOE JR & TARA","operator":""}},{"type":"Feature","geometry":{"type":"Point","coordinates":[-86.680024,36.033623]},"properties":{"apn":"173040A23600CO","address":"5300 RIDGEFALLS WAY, ANTIOCH, TN  37013","year_built":2014,"owner":"NWANSOH CHUMA","operator":""}},{"type":"Feature","geometry":{"type":"Point","coordinates":[-86.645278,36.271391]},"properties":{"apn":"044070A00600CO","address":"18 MAGNOLIA SHRS, OLD HICKORY, TN  37138","year_built":2016,"owner":"HEWITT SARA & BRYANT STEPHEN","operator":""}},{"type":"Feature","geometry":{"type":"Point","coordinates":[-86.628183,36.226801]},"properties":{"apn":"06405003100","address":"500 BOND ST, OLD HICKORY, TN  37138","year_built":2015,"owner":"HESTON DOUGLAS & PATRICIA","operator":""}},{"type":"Feature","geometry":{"type":"Point","coordinates":[-86.650087,36.063361]},"properties":{"apn":"163020B10000CO","address":"601 SAMWISE LN, ANTIOCH, TN  37013","year_built":2014,"owner":"ASAAD ABANOUB","operator":""}},{"type":"Feature","geometry":{"type":"Point","coordinates":[-86.604107,36.054981]},"properties":{"apn":"164070A19000CO","address":"1801 HILLPOINT CIR, ANTIOCH, TN  37013","year_built":2014,"owner":"SHAFIK AKRAM A & FAHMY HANAA","operator":""}},{"type":"Feature","geometry":{"type":"Point","coordinates":[-86.667667,35.986796]},"properties":{"apn":"187050A11200CO","address":"639 WESTCOTT LN, NOLENSVILLE, TN  37135","year_built":2014,"owner":"CUI YI & WANG XIAOMING","operator":""}},{"type":"Feature","geometry":{"type":"Point","coordinates":[-86.764827,36.19513]},"properties":{"apn":"07115051500","address":"1318 A STAINBACK AVE, NASHVILLE, TN  37207","year_built":2014,"owner":"MALLAHAN MITCHELL J & ERICA L","operator":""}},{"type":"Feature","geometry":{"type":"Point","coordinates":[-86.669724,36.016534]},"properties":{"apn":"182010A12800CO","address":"240 SUNDOWN DR, ANTIOCH, TN  37013","year_built":2012,"owner":"AMH 2014-3 BORROWER LLC","operator":"AMH (NYSE: AMH)"}},{"type":"Feature","geometry":{"type":"Point","coordinates":[-86.688551,36.009713]},"properties":{"apn":"181030A35000CO","address":"8013 MANDAN DR, BRENTWOOD, TN  37027","year_built":2012,"owner":"AMH 2014-3 BORROWER LLC","operator":"AMH (NYSE: AMH)"}},{"type":"Feature","geometry":{"type":"Point","coordinates":[-86.685081,36.011408]},"properties":{"apn":"181030A28000CO","address":"7432 STECOAH ST, ANTIOCH, TN  37013","year_built":2013,"owner":"AMH 2014-3 BORROWER LLC","operator":"AMH (NYSE: AMH)"}},{"type":"Feature","geometry":{"type":"Point","coordinates":[-86.686526,36.010609]},"properties":{"apn":"181030A27100CO","address":"400 CHINOOK DR, ANTIOCH, TN  37013","year_built":2013,"owner":"AMH 2014-3 BORROWER LLC","operator":"AMH (NYSE: AMH)"}},{"type":"Feature","geometry":{"type":"Point","coordinates":[-86.676776,36.029762]},"properties":{"apn":"173080A11900CO","address":"3045 BLUFFHOLLOW GAP, ANTIOCH, TN  37013","year_built":2013,"owner":"AMH 2014-3 BORROWER LLC","operator":"AMH (NYSE: AMH)"}},{"type":"Feature","geometry":{"type":"Point","coordinates":[-86.669968,36.016632]},"properties":{"apn":"182010A12700CO","address":"244 SUNDOWN DR, ANTIOCH, TN  37013","year_built":2012,"owner":"AMH 2014-3 BORROWER LLC","operator":"AMH (NYSE: AMH)"}},{"type":"Feature","geometry":{"type":"Point","coordinates":[-86.685153,36.00985]},"properties":{"apn":"181030A26200CO","address":"7275 SANTEELAH WAY, ANTIOCH, TN  37013","year_built":2013,"owner":"AMH 2014-3 BORROWER LLC","operator":"AMH (NYSE: AMH)"}},{"type":"Feature","geometry":{"type":"Point","coordinates":[-86.631277,36.007326]},"properties":{"apn":"183050A18900CO","address":"4228 OCTOBER WOODS DR, ANTIOCH, TN  37013","year_built":2013,"owner":"AMH 2014-3 BORROWER LLC","operator":"AMH (NYSE: AMH)"}},{"type":"Feature","geometry":{"type":"Point","coordinates":[-86.632856,36.228158]},"properties":{"apn":"06308004900","address":"4019 LAFAYETTE AVE, OLD HICKORY, TN  37138","year_built":2016,"owner":"NYAGO JENNIFER","operator":""}},{"type":"Feature","geometry":{"type":"Point","coordinates":[-86.63953,36.192469]},"properties":{"apn":"085040A24100CO","address":"5116 MOUNTAINBROOK CIR, HERMITAGE, TN  37076","year_built":2014,"owner":"VICKSTROM THOMAS C & WANDA G","operator":""}},{"type":"Feature","geometry":{"type":"Point","coordinates":[-86.633946,36.231226]},"properties":{"apn":"063040A05300CO","address":"1573 STOKLEY LN, OLD HICKORY, TN  37138","year_built":2015,"owner":"FIELDS DONALD H & TIFFANY B","operator":""}},{"type":"Feature","geometry":{"type":"Point","coordinates":[-86.709474,36.223255]},"properties":{"apn":"06209003200","address":"3818 BRUSH HILL RD, NASHVILLE, TN  37216","year_built":2023,"owner":"AVERY CANDICE","operator":""}},{"type":"Feature","geometry":{"type":"Point","coordinates":[-86.621151,36.164917]},"properties":{"apn":"097020A40700CO","address":"1308 RIVERBIRCH WAY, HERMITAGE, TN  37076","year_built":2013,"owner":"AMH 2014-2 BORROWER LLC","operator":"AMH (NYSE: AMH)"}},{"type":"Feature","geometry":{"type":"Point","coordinates":[-86.688318,36.008917]},"properties":{"apn":"181030A33600CO","address":"805 OTTOE CT, BRENTWOOD, TN  37027","year_built":2014,"owner":"AMH 2014-2 BORROWER LLC","operator":"AMH (NYSE: AMH)"}},{"type":"Feature","geometry":{"type":"Point","coordinates":[-86.684092,36.011347]},"properties":{"apn":"181030A23800CO","address":"204 STECOAH CT, ANTIOCH, TN  37013","year_built":2013,"owner":"AMH 2014-2 BORROWER LLC","operator":"AMH (NYSE: AMH)"}},{"type":"Feature","geometry":{"type":"Point","coordinates":[-86.688485,36.009311]},"properties":{"apn":"181030A33400CO","address":"808 OTTOE CT, BRENTWOOD, TN  37027","year_built":2013,"owner":"AMH 2014-2 BORROWER LLC","operator":"AMH (NYSE: AMH)"}},{"type":"Feature","geometry":{"type":"Point","coordinates":[-86.682553,36.013099]},"properties":{"apn":"181030A22100CO","address":"6947 CALDERWOOD DR, ANTIOCH, TN  37013","year_built":2013,"owner":"AMH 2014-2 BORROWER LLC","operator":"AMH (NYSE: AMH)"}},{"type":"Feature","geometry":{"type":"Point","coordinates":[-86.67853,36.029179]},"properties":{"apn":"173080A10200CO","address":"5685 DEER VALLEY TRL, ANTIOCH, TN  37013","year_built":2013,"owner":"AMH 2014-2 BORROWER LLC","operator":"AMH (NYSE: AMH)"}},{"type":"Feature","geometry":{"type":"Point","coordinates":[-86.677476,36.029659]},"properties":{"apn":"173080A14400CO","address":"3028 BLUFFHOLLOW GAP, ANTIOCH, TN  37013","year_built":2014,"owner":"AMH 2014-2 BORROWER LLC","operator":"AMH (NYSE: AMH)"}},{"type":"Feature","geometry":{"type":"Point","coordinates":[-86.68251,36.013246]},"properties":{"apn":"181030A22000CO","address":"6943 CALDERWOOD DR, ANTIOCH, TN  37013","year_built":2013,"owner":"AMH 2014-2 BORROWER LLC","operator":"AMH (NYSE: AMH)"}},{"type":"Feature","geometry":{"type":"Point","coordinates":[-86.70058,36.025768]},"properties":{"apn":"173090B13900CO","address":"2709 AMBER CREST CT, ANTIOCH, TN  37013","year_built":2014,"owner":"ASEGHEGN AWET YEMANE & ABRAHA ELSA FTWI","operator":""}},{"type":"Feature","geometry":{"type":"Point","coordinates":[-86.563865,36.146465]},"properties":{"apn":"110030A03800CO","address":"4678 HESSEY RD, MOUNT JULIET, TN  37122","year_built":2014,"owner":"CHERRY BRIAN & KELLY M","operator":""}},{"type":"Feature","geometry":{"type":"Point","coordinates":[-86.756665,36.230084]},"properties":{"apn":"06008010900","address":"3102 HILLSIDE RD, NASHVILLE, TN  37207","year_built":2014,"owner":"FRAZIER HIERONYA N","operator":""}},{"type":"Feature","geometry":{"type":"Point","coordinates":[-86.919901,36.328075]},"properties":{"apn":"01300003800","address":"6965 CLARKSVILLE PIKE, JOELTON, TN  37080","year_built":2018,"owner":"TASKEY CARL W JR & KANDI D","operator":""}},{"type":"Feature","geometry":{"type":"Point","coordinates":[-86.979203,36.095002]},"properties":{"apn":"12700029100","address":"8290 CHARLOTTE PIKE, NASHVILLE, TN  37221","year_built":2016,"owner":"CHRISTIAN MICHAEL","operator":""}},{"type":"Feature","geometry":{"type":"Point","coordinates":[-86.729875,36.217885]},"properties":{"apn":"06115040500","address":"3914 BAXTER AVE, NASHVILLE, TN  37216","year_built":2014,"owner":"BAILEY TODD & KONRAD KATHERINE M","operator":""}},{"type":"Feature","geometry":{"type":"Point","coordinates":[-86.784453,36.07568]},"properties":{"apn":"14605003000","address":"922 OVERTON LEA RD, NASHVILLE, TN  37220","year_built":2015,"owner":"HOBDAY CHRISTOPHER & KIRSTIN","operator":""}},{"type":"Feature","geometry":{"type":"Point","coordinates":[-86.740291,36.177466]},"properties":{"apn":"08310018100","address":"1616 FOREST AVE, NASHVILLE, TN  37206","year_built":2014,"owner":"NELSON GEORGE & LEAH","operator":""}},{"type":"Feature","geometry":{"type":"Point","coordinates":[-86.863655,36.22721]},"properties":{"apn":"05800024700","address":"4546 EATONS CREEK RD, NASHVILLE, TN  37218","year_built":2018,"owner":"FLOWERS JAMES MICHAEL JR & ANNA CATHERINE","operator":""}},{"type":"Feature","geometry":{"type":"Point","coordinates":[-86.840274,36.083005]},"properties":{"apn":"13016007700","address":"4524 EVERETT DR, NASHVILLE, TN  37215","year_built":2017,"owner":"BOURBEAU PETER JOHN & MARY MARGARET CROWELL","operator":""}},{"type":"Feature","geometry":{"type":"Point","coordinates":[-86.671229,36.019896]},"properties":{"apn":"182010A14200CO","address":"1555 SUNBEAM DR, ANTIOCH, TN  37013","year_built":2014,"owner":"JOHNSON CARRIE M & STEVEN","operator":""}},{"type":"Feature","geometry":{"type":"Point","coordinates":[-86.736187,36.18625]},"properties":{"apn":"08306043400","address":"1906 BENJAMIN ST, NASHVILLE, TN  37206","year_built":2014,"owner":"LAMBKIN ANTHONY TREVOR & DOMAN MARY","operator":""}},{"type":"Feature","geometry":{"type":"Point","coordinates":[-86.714465,36.05725]},"properties":{"apn":"16104019200","address":"300 B RICH CT, NASHVILLE, TN  37211","year_built":2018,"owner":"NOLAN CAPITAL LLC","operator":""}},{"type":"Feature","geometry":{"type":"Point","coordinates":[-86.777639,36.117009]},"properties":{"apn":"11806006600","address":"831 GALE LN, NASHVILLE, TN  37204","year_built":2015,"owner":"REYNOLDS WILLIAM CHRISTOPHER","operator":""}},{"type":"Feature","geometry":{"type":"Point","coordinates":[-86.794615,36.168774]},"properties":{"apn":"09204027900","address":"910 11TH AVE N, NASHVILLE, TN  37208","year_built":2017,"owner":"BLOODWORTH WALKER","operator":""}},{"type":"Feature","geometry":{"type":"Point","coordinates":[-86.76246,36.188093]},"properties":{"apn":"08203055700","address":"925 N 5TH ST, NASHVILLE, TN  37207","year_built":2014,"owner":"ROBERGE BRIAN M & LINDA D","operator":""}},{"type":"Feature","geometry":{"type":"Point","coordinates":[-86.795915,36.170692]},"properties":{"apn":"08116075100","address":"1012 A 11TH AVE N, NASHVILLE, TN  37208","year_built":2017,"owner":"AQUILA PROPERTIES LLC","operator":""}},{"type":"Feature","geometry":{"type":"Point","coordinates":[-86.718699,36.174049]},"properties":{"apn":"08316004200","address":"2506 LAZENBY DR, NASHVILLE, TN  37206","year_built":2018,"owner":"PUNCOCHAR MICAH J & BEA DAVID","operator":""}},{"type":"Feature","geometry":{"type":"Point","coordinates":[-86.606662,36.05054]},"properties":{"apn":"164070A00400CO","address":"405 SKYGAP CT, ANTIOCH, TN  37013","year_built":2014,"owner":"FAKHORY NASRY W & MAHROUS RANIA N","operator":""}},{"type":"Feature","geometry":{"type":"Point","coordinates":[-86.921793,36.084474]},"properties":{"apn":"128160B07700CO","address":"528 SUMMIT OAKS CT, NASHVILLE, TN  37221","year_built":2014,"owner":"ASHFORD ROWELL S & ROSEMARY H","operator":""}},{"type":"Feature","geometry":{"type":"Point","coordinates":[-86.590254,36.141477]},"properties":{"apn":"109080A02100CO","address":"3057 COOKS LANDING CT, HERMITAGE, TN  37076","year_built":2014,"owner":"MARKLEY SCOTT PATRICK & BLEDSOE JOHN HENRY","operator":""}},{"type":"Feature","geometry":{"type":"Point","coordinates":[-86.639425,36.191824]},"properties":{"apn":"085040A23600CO","address":"5121 MOUNTAINBROOK CIR, HERMITAGE, TN  37076","year_built":2014,"owner":"BOYLE KEVIN E & STEPHANIE A","operator":""}},{"type":"Feature","geometry":{"type":"Point","coordinates":[-86.648722,36.021361]},"properties":{"apn":"174110A19000CO","address":"1456 OHARA DR, ANTIOCH, TN  37013","year_built":2014,"owner":"GOODMAN DEBRAHIA","operator":""}},{"type":"Feature","geometry":{"type":"Point","coordinates":[-86.668172,36.019696]},"properties":{"apn":"182010A16200CO","address":"1505 SUNBEAM DR, ANTIOCH, TN  37013","year_built":2014,"owner":"BROOKINS MILAGROS D","operator":""}},{"type":"Feature","geometry":{"type":"Point","coordinates":[-86.819622,36.244259]},"properties":{"apn":"049100A09200CO","address":"344 PARMLEY LN, NASHVILLE, TN  37207","year_built":2014,"owner":"MALONE STACIE L","operator":""}},{"type":"Feature","geometry":{"type":"Point","coordinates":[-86.832158,36.143974]},"properties":{"apn":"10401017900","address":"142 40TH AVE N, NASHVILLE, TN  37209","year_built":2013,"owner":"KESTNER MICHAEL S & DONNA S","operator":""}},{"type":"Feature","geometry":{"type":"Point","coordinates":[-86.616859,36.045814]},"properties":{"apn":"164100A24100CO","address":"4257 SANDSTONE DR, ANTIOCH, TN  37013","year_built":2016,"owner":"REO FUNDING SOLUTIONS IV LLC","operator":""}},{"type":"Feature","geometry":{"type":"Point","coordinates":[-86.564242,36.145797]},"properties":{"apn":"110030A04000CO","address":"2713 ALVIN SPERRY PASS, MOUNT JULIET, TN  37122","year_built":2013,"owner":"HOOPER KYLE & CHERRELLE A","operator":""}},{"type":"Feature","geometry":{"type":"Point","coordinates":[-86.863083,36.143402]},"properties":{"apn":"103020D00400CO","address":"5737 MAUDINA AVE, NASHVILLE, TN  37209","year_built":2013,"owner":"TEDESCO MICHAEL & CLARK","operator":""}},{"type":"Feature","geometry":{"type":"Point","coordinates":[-86.826375,36.237808]},"properties":{"apn":"04900013400","address":"5210 BUENA VISTA PIKE, NASHVILLE, TN  37218","year_built":2022,"owner":"JOHNSON JEREMY A & NIKKI E","operator":""}},{"type":"Feature","geometry":{"type":"Point","coordinates":[-86.614579,36.065178]},"properties":{"apn":"150140B00700CO","address":"3725 LIPTON PL, ANTIOCH, TN  37013","year_built":2014,"owner":"SALAMA MALAK","operator":""}},{"type":"Feature","geometry":{"type":"Point","coordinates":[-86.649129,36.022473]},"properties":{"apn":"174110A48000CO","address":"1424 OHARA DR, ANTIOCH, TN  37013","year_built":2013,"owner":"CHAMLAGAI PARMANANDA & SUMITRA","operator":""}},{"type":"Feature","geometry":{"type":"Point","coordinates":[-86.73712,36.178459]},"properties":{"apn":"08310026800","address":"1805 FOREST AVE, NASHVILLE, TN  37206","year_built":2013,"owner":"COLLIER MICHAEL & KELLY","operator":""}},{"type":"Feature","geometry":{"type":"Point","coordinates":[-86.610839,36.073345]},"properties":{"apn":"150060A04000CO","address":"4133 ALICIA LN, ANTIOCH, TN  37013","year_built":2010,"owner":"MOORE SHERRY","operator":""}},{"type":"Feature","geometry":{"type":"Point","coordinates":[-86.721202,36.03483]},"properties":{"apn":"172030A12900CO","address":"1700 BOXWOOD DR, NASHVILLE, TN  37211","year_built":2014,"owner":"TSANG STEPHEN & JESSICA","operator":""}},{"type":"Feature","geometry":{"type":"Point","coordinates":[-86.97231,36.077151]},"properties":{"apn":"14100012500","address":"7984 HOOTEN HOWS RD, NASHVILLE, TN  37221","year_built":2014,"owner":"THOMAS JAMES R III","operator":""}},{"type":"Feature","geometry":{"type":"Point","coordinates":[-86.648263,36.022244]},"properties":{"apn":"174110A49000CO","address":"105 HEARTHSIDE WAY, ANTIOCH, TN  37013","year_built":2013,"owner":"BUCK CARL W & VELMA L","operator":""}},{"type":"Feature","geometry":{"type":"Point","coordinates":[-86.643573,36.261501]},"properties":{"apn":"04415043900","address":"905 RIVERSIDE RD, OLD HICKORY, TN  37138","year_built":2014,"owner":"JOHNSON SCOTT J & DIANA M","operator":""}},{"type":"Feature","geometry":{"type":"Point","coordinates":[-86.799797,36.120442]},"properties":{"apn":"11704041800","address":"1815 PRIMROSE AVE, NASHVILLE, TN  37212","year_built":2013,"owner":"YZERMAN MICHAEL & MEREDITH SIMPSON","operator":""}},{"type":"Feature","geometry":{"type":"Point","coordinates":[-86.668605,35.985534]},"properties":{"apn":"186040A21400CO","address":"612 WESTCOTT LN, NOLENSVILLE, TN  37135","year_built":2013,"owner":"SMALL ROBERT & JUDITH","operator":""}},{"type":"Feature","geometry":{"type":"Point","coordinates":[-86.804278,36.175202]},"properties":{"apn":"08111040000","address":"1533 14TH AVE N, NASHVILLE, TN  37208","year_built":2013,"owner":"BE A HELPING HAND FOUNDATION","operator":""}},{"type":"Feature","geometry":{"type":"Point","coordinates":[-86.954137,36.178393]},"properties":{"apn":"07800011000","address":"7934 RIVER ROAD PIKE, NASHVILLE, TN  37209","year_built":2015,"owner":"CHAPMAN WILLIAM T IV TRUSTEE","operator":""}},{"type":"Feature","geometry":{"type":"Point","coordinates":[-86.804181,36.175088]},"properties":{"apn":"08111039900","address":"1531 14TH AVE N, NASHVILLE, TN  37208","year_built":2013,"owner":"BE A HELPING HAND FOUNDATION","operator":""}},{"type":"Feature","geometry":{"type":"Point","coordinates":[-86.572477,36.160454]},"properties":{"apn":"098060A19000CO","address":"1629 ROBINDALE DR, HERMITAGE, TN  37076","year_built":2013,"owner":"BROOKS STEPHANE & CLAUDINE","operator":""}},{"type":"Feature","geometry":{"type":"Point","coordinates":[-86.809882,36.180925]},"properties":{"apn":"08107022800","address":"1812 16TH AVE N, NASHVILLE, TN  37208","year_built":2014,"owner":"WOODBINE COMMUNITY ORGANIZATION (WCO) INC","operator":""}},{"type":"Feature","geometry":{"type":"Point","coordinates":[-86.581627,36.073093]},"properties":{"apn":"151090A34300CO","address":"6437 PADDINGTON WAY, ANTIOCH, TN  37013","year_built":2013,"owner":"WAHIDI MARIAM","operator":""}},{"type":"Feature","geometry":{"type":"Point","coordinates":[-86.862065,36.241535]},"properties":{"apn":"04800016100","address":"4723 MCCOOL CT, NASHVILLE, TN  37218","year_built":2016,"owner":"WILLIAMS BENJAMIN T & ANNIE","operator":""}},{"type":"Feature","geometry":{"type":"Point","coordinates":[-86.730367,36.020219]},"properties":{"apn":"172150C00200CO","address":"4050 BRYCE RD, NASHVILLE, TN  37211","year_built":2012,"owner":"WILLIAMS TIMYATA R","operator":""}},{"type":"Feature","geometry":{"type":"Point","coordinates":[-86.639669,36.078703]},"properties":{"apn":"149040A02800CO","address":"808 LYNDON PARKE DR, NASHVILLE, TN  37217","year_built":2012,"owner":"GHOBRIAL FAWZY N & ABDO CHRESTINA","operator":""}},{"type":"Feature","geometry":{"type":"Point","coordinates":[-86.741487,36.184087]},"properties":{"apn":"08306043200","address":"710 N 16TH ST, NASHVILLE, TN  37206","year_built":2012,"owner":"DIAZ BRETT M & GWENDOLYN J","operator":""}},{"type":"Feature","geometry":{"type":"Point","coordinates":[-86.704835,36.062767]},"properties":{"apn":"14813022800","address":"297 FAIRLANE DR, NASHVILLE, TN  37211","year_built":2013,"owner":"SCHENKEL DAVID","operator":""}},{"type":"Feature","geometry":{"type":"Point","coordinates":[-86.640489,36.079085]},"properties":{"apn":"149040A00100CO","address":"736 GRIGGS PL, NASHVILLE, TN  37217","year_built":2012,"owner":"GERGIS THABET & AZIZ NABILA","operator":""}},{"type":"Feature","geometry":{"type":"Point","coordinates":[-86.721445,36.323299]},"properties":{"apn":"02504012700","address":"106 ESSEX CT, GOODLETTSVILLE, TN  37072","year_built":2013,"owner":"LEMAY JON C & LANA","operator":""}},{"type":"Feature","geometry":{"type":"Point","coordinates":[-86.642969,36.049569]},"properties":{"apn":"163070A13300CO","address":"1857 WILD OAKS CT, ANTIOCH, TN  37013","year_built":2012,"owner":"MORKOS SAMIH","operator":""}},{"type":"Feature","geometry":{"type":"Point","coordinates":[-86.851579,36.156744]},"properties":{"apn":"09111041400","address":"5218 INDIANA AVE, NASHVILLE, TN  37209","year_built":2016,"owner":"CHIMERA LLC","operator":""}},{"type":"Feature","geometry":{"type":"Point","coordinates":[-86.833694,36.054244]},"properties":{"apn":"158040A08000CO","address":"22 ANNANDALE, NASHVILLE, TN  37215","year_built":2015,"owner":"YI HORIM N & KRISTA K","operator":""}},{"type":"Feature","geometry":{"type":"Point","coordinates":[-86.84157,36.158698]},"properties":{"apn":"09108036000","address":"4507 MICHIGAN AVE, NASHVILLE, TN  37209","year_built":2012,"owner":"EVANS CLAIRE","operator":""}},{"type":"Feature","geometry":{"type":"Point","coordinates":[-86.747949,36.178621]},"properties":{"apn":"08309009400","address":"1203 FOREST AVE, NASHVILLE, TN  37206","year_built":2012,"owner":"GRESHAM FELIX & JODI","operator":""}},{"type":"Feature","geometry":{"type":"Point","coordinates":[-86.617901,36.035337]},"properties":{"apn":"175020A00300CO","address":"1424 SPRUCEDALE DR, ANTIOCH, TN  37013","year_built":2011,"owner":"AH4RITN LLC","operator":"AMH (NYSE: AMH)"}},{"type":"Feature","geometry":{"type":"Point","coordinates":[-86.619759,36.166422]},"properties":{"apn":"097020A17600CO","address":"1241 RIVERBIRCH WAY, HERMITAGE, TN  37076","year_built":2012,"owner":"AH4R I TN LLC","operator":"AMH (NYSE: AMH)"}},{"type":"Feature","geometry":{"type":"Point","coordinates":[-86.808124,36.182005]},"properties":{"apn":"08107031900","address":"1902 14TH AVE N, NASHVILLE, TN  37208","year_built":2013,"owner":"BE A HELPING HAND FOUNDATION","operator":""}},{"type":"Feature","geometry":{"type":"Point","coordinates":[-86.619709,36.165172]},"properties":{"apn":"097020A15100CO","address":"1676 STONEWATER DR, HERMITAGE, TN  37076","year_built":2012,"owner":"CUNNINGHAM JONATHAN D & BETHANY A","operator":""}},{"type":"Feature","geometry":{"type":"Point","coordinates":[-86.706005,36.279546]},"properties":{"apn":"04301019600","address":"1132 FLORENCE AVE, MADISON, TN  37115","year_built":2016,"owner":"WALL FAMILY REVOCABLE LIVING TRUST THE","operator":""}},{"type":"Feature","geometry":{"type":"Point","coordinates":[-86.993789,36.076152]},"properties":{"apn":"141050A27600CO","address":"1305 SCARCROFT LN, NASHVILLE, TN  37221","year_built":2012,"owner":"ROBERTSON JENNIFER G","operator":""}},{"type":"Feature","geometry":{"type":"Point","coordinates":[-86.836767,36.111931]},"properties":{"apn":"116120L00100CO","address":"4201 ARUNDEL CT, NASHVILLE, TN  37215","year_built":2013,"owner":"ALDERSON ROBERT E & JANE M","operator":""}},{"type":"Feature","geometry":{"type":"Point","coordinates":[-86.786855,36.248562]},"properties":{"apn":"05000015500","address":"3564 TRAIL HOLLOW LN, WHITES CREEK, TN  37189","year_built":2012,"owner":"HUDSON LILLIAN RENEE","operator":""}},{"type":"Feature","geometry":{"type":"Point","coordinates":[-86.804337,36.34716]},"properties":{"apn":"01000010300","address":"3215 IVEY POINT RD, GOODLETTSVILLE, TN  37072","year_built":2013,"owner":"ADCOCK EDROW & JUDY","operator":""}},{"type":"Feature","geometry":{"type":"Point","coordinates":[-86.648088,36.021601]},"properties":{"apn":"174110A49500CO","address":"1761 ELIJAH RYAN DR, ANTIOCH, TN  37013","year_built":2020,"owner":"SINDY HOSHYAR","operator":""}},{"type":"Feature","geometry":{"type":"Point","coordinates":[-86.993739,36.074947]},"properties":{"apn":"141050A26800CO","address":"720 GLOUCESTER LN, NASHVILLE, TN  37221","year_built":2012,"owner":"JABLONSKI MELINDA CARMEN & TORRES-CINTRON BRAYAN","operator":""}},{"type":"Feature","geometry":{"type":"Point","coordinates":[-86.964753,36.171027]},"properties":{"apn":"07700002700","address":"7870 RIVER ROAD PIKE, NASHVILLE, TN  37209","year_built":2018,"owner":"CHAPMAN WILLIAM T IV TRUSTEE","operator":""}},{"type":"Feature","geometry":{"type":"Point","coordinates":[-87.047849,36.041611]},"properties":{"apn":"15300000800","address":"9200 S HARPETH RD, NASHVILLE, TN  37221","year_built":2013,"owner":"SOUTH HARPETH LLC","operator":""}},{"type":"Feature","geometry":{"type":"Point","coordinates":[-86.619426,36.167776]},"properties":{"apn":"097020A13300CO","address":"1604 STONEWATER DR, HERMITAGE, TN  37076","year_built":2011,"owner":"IDOYE IFEOMA FRANCES","operator":""}},{"type":"Feature","geometry":{"type":"Point","coordinates":[-86.69687,36.019325]},"properties":{"apn":"181010B22000CO","address":"4025 SWEETBERRY DR, NASHVILLE, TN  37211","year_built":2011,"owner":"YAZDIAN AARON","operator":""}},{"type":"Feature","geometry":{"type":"Point","coordinates":[-86.693246,36.015847]},"properties":{"apn":"181010B32400CO","address":"7517 TARMAC WAY, NASHVILLE, TN  37211","year_built":2010,"owner":"YAZDIAN AMY R","operator":""}},{"type":"Feature","geometry":{"type":"Point","coordinates":[-86.930227,36.06355]},"properties":{"apn":"14200026500","address":"210 BELLEVUE RD, NASHVILLE, TN  37221","year_built":2023,"owner":"FIELDS SUSAN & KRAFT JERRY","operator":""}},{"type":"Feature","geometry":{"type":"Point","coordinates":[-86.861284,36.36501]},"properties":{"apn":"00900019800","address":"8004 JACKMAN RD, JOELTON, TN  37080","year_built":2021,"owner":"HUDGENS JANICE RUTH (LE) & TIMOTHY","operator":""}},{"type":"Feature","geometry":{"type":"Point","coordinates":[-86.612982,36.058876]},"properties":{"apn":"164020A00600CO","address":"1201 COLDFIELD CT, ANTIOCH, TN  37013","year_built":2014,"owner":"NORMANDY II GENERAL PARTNERSHIP","operator":""}},{"type":"Feature","geometry":{"type":"Point","coordinates":[-86.613308,36.056854]},"properties":{"apn":"164020A05500CO","address":"1521 BARNBROOK CV, ANTIOCH, TN  37013","year_built":2014,"owner":"NORMANDY II GENERAL PARTNERSHIP","operator":""}},{"type":"Feature","geometry":{"type":"Point","coordinates":[-86.613298,36.059162]},"properties":{"apn":"164020A00100CO","address":"1012 COTTAGE VIEW LN, ANTIOCH, TN  37013","year_built":2014,"owner":"NORMANDY II GENERAL PARTNERSHIP","operator":""}},{"type":"Feature","geometry":{"type":"Point","coordinates":[-86.613682,36.058183]},"properties":{"apn":"164020A01400CO","address":"2064 WAGONDALE WAY, ANTIOCH, TN  37013","year_built":2014,"owner":"NORMANDY II GENERAL PARTNERSHIP","operator":""}},{"type":"Feature","geometry":{"type":"Point","coordinates":[-86.612936,36.058474]},"properties":{"apn":"164020A00900CO","address":"1404 BARNBROOK CV, ANTIOCH, TN  37013","year_built":2014,"owner":"NORMANDY II GENERAL PARTNERSHIP","operator":""}},{"type":"Feature","geometry":{"type":"Point","coordinates":[-86.611064,36.058739]},"properties":{"apn":"164020A23800CO","address":"1725 CLAYCREEK PT, ANTIOCH, TN  37013","year_built":2014,"owner":"NORMANDY II GENERAL PARTNERSHIP","operator":""}},{"type":"Feature","geometry":{"type":"Point","coordinates":[-86.612809,36.05806]},"properties":{"apn":"164020A08600CO","address":"1409 BARNBROOK CV, ANTIOCH, TN  37013","year_built":2014,"owner":"NORMANDY II GENERAL PARTNERSHIP","operator":""}},{"type":"Feature","geometry":{"type":"Point","coordinates":[-86.611778,36.058601]},"properties":{"apn":"164020A22200CO","address":"1305 BARNBROOK CV, ANTIOCH, TN  37013","year_built":2014,"owner":"NORMANDY II GENERAL PARTNERSHIP","operator":""}},{"type":"Feature","geometry":{"type":"Point","coordinates":[-86.613784,36.057049]},"properties":{"apn":"164020A02000CO","address":"1520 BARNBROOK CV, ANTIOCH, TN  37013","year_built":2014,"owner":"NORMANDY II GENERAL PARTNERSHIP","operator":""}},{"type":"Feature","geometry":{"type":"Point","coordinates":[-86.611437,36.059226]},"properties":{"apn":"164020A24200CO","address":"1709 CLAYCREEK PT, ANTIOCH, TN  37013","year_built":2014,"owner":"NORMANDY II GENERAL PARTNERSHIP","operator":""}},{"type":"Feature","geometry":{"type":"Point","coordinates":[-86.612664,36.058128]},"properties":{"apn":"164020A08700CO","address":"1405 BARNBROOK CV, ANTIOCH, TN  37013","year_built":2014,"owner":"NORMANDY II GENERAL PARTNERSHIP","operator":""}},{"type":"Feature","geometry":{"type":"Point","coordinates":[-86.611918,36.058528]},"properties":{"apn":"164020A22100CO","address":"1309 BARNBROOK CV, ANTIOCH, TN  37013","year_built":2014,"owner":"NORMANDY II GENERAL PARTNERSHIP","operator":""}},{"type":"Feature","geometry":{"type":"Point","coordinates":[-86.613237,36.057403]},"properties":{"apn":"164020A05900CO","address":"1505 BARNBROOK CV, ANTIOCH, TN  37013","year_built":2014,"owner":"NORMANDY II GENERAL PARTNERSHIP","operator":""}},{"type":"Feature","geometry":{"type":"Point","coordinates":[-86.613805,36.056913]},"properties":{"apn":"164020A02100CO","address":"1524 BARNBROOK CV, ANTIOCH, TN  37013","year_built":2014,"owner":"NORMANDY II GENERAL PARTNERSHIP","operator":""}},{"type":"Feature","geometry":{"type":"Point","coordinates":[-86.611138,36.058871]},"properties":{"apn":"164020A23900CO","address":"1721 CLAYCREEK PT, ANTIOCH, TN  37013","year_built":2014,"owner":"NORMANDY II GENERAL PARTNERSHIP","operator":""}},{"type":"Feature","geometry":{"type":"Point","coordinates":[-86.613763,36.057185]},"properties":{"apn":"164020A01900CO","address":"1516 BARNBROOK CV, ANTIOCH, TN  37013","year_built":2014,"owner":"NORMANDY II GENERAL PARTNERSHIP","operator":""}},{"type":"Feature","geometry":{"type":"Point","coordinates":[-86.611232,36.058992]},"properties":{"apn":"164020A24000CO","address":"1717 CLAYCREEK PT, ANTIOCH, TN  37013","year_built":2014,"owner":"NORMANDY II GENERAL PARTNERSHIP","operator":""}},{"type":"Feature","geometry":{"type":"Point","coordinates":[-86.613327,36.056713]},"properties":{"apn":"164020A05400CO","address":"1525 BARNBROOK CV, ANTIOCH, TN  37013","year_built":2014,"owner":"NORMANDY II GENERAL PARTNERSHIP","operator":""}},{"type":"Feature","geometry":{"type":"Point","coordinates":[-86.613096,36.058413]},"properties":{"apn":"164020A01000CO","address":"1408 BARNBROOK CV, ANTIOCH, TN  37013","year_built":2014,"owner":"NORMANDY II GENERAL PARTNERSHIP","operator":""}},{"type":"Feature","geometry":{"type":"Point","coordinates":[-86.611451,36.058265]},"properties":{"apn":"164020A22600CO","address":"1728 CLAYCREEK PT, ANTIOCH, TN  37013","year_built":2014,"owner":"NORMANDY II GENERAL PARTNERSHIP","operator":""}},{"type":"Feature","geometry":{"type":"Point","coordinates":[-86.612123,36.058449]},"properties":{"apn":"164020A22000CO","address":"1313 BARNBROOK CV, ANTIOCH, TN  37013","year_built":2014,"owner":"NORMANDY II GENERAL PARTNERSHIP","operator":""}},{"type":"Feature","geometry":{"type":"Point","coordinates":[-86.612863,36.058696]},"properties":{"apn":"164020A00700CO","address":"1020 COTTAGE VIEW LN, ANTIOCH, TN  37013","year_built":2014,"owner":"NORMANDY II GENERAL PARTNERSHIP","operator":""}},{"type":"Feature","geometry":{"type":"Point","coordinates":[-86.613409,36.058674]},"properties":{"apn":"164020A00400CO","address":"1209 COLDFIELD CT, ANTIOCH, TN  37013","year_built":2014,"owner":"NORMANDY II GENERAL PARTNERSHIP","operator":""}},{"type":"Feature","geometry":{"type":"Point","coordinates":[-86.61202,36.059346]},"properties":{"apn":"164020A24500CO","address":"1700 CLAYCREEK PT, ANTIOCH, TN  37013","year_built":2014,"owner":"NORMANDY II GENERAL PARTNERSHIP","operator":""}},{"type":"Feature","geometry":{"type":"Point","coordinates":[-86.613212,36.057592]},"properties":{"apn":"164020A06000CO","address":"1501 BARNBROOK CV, ANTIOCH, TN  37013","year_built":2014,"owner":"NORMANDY II GENERAL PARTNERSHIP","operator":""}},{"type":"Feature","geometry":{"type":"Point","coordinates":[-86.612437,36.058911]},"properties":{"apn":"164020A25000CO","address":"1025 COTTAGE VIEW LN, ANTIOCH, TN  37013","year_built":2014,"owner":"NORMANDY II GENERAL PARTNERSHIP","operator":""}},{"type":"Feature","geometry":{"type":"Point","coordinates":[-86.612117,36.059139]},"properties":{"apn":"164020A24600CO","address":"1704 CLAYCREEK PT, ANTIOCH, TN  37013","year_built":2014,"owner":"NORMANDY II GENERAL PARTNERSHIP","operator":""}},{"type":"Feature","geometry":{"type":"Point","coordinates":[-86.613471,36.058062]},"properties":{"apn":"164020A01300CO","address":"1420 BARNBROOK CV, ANTIOCH, TN  37013","year_built":2014,"owner":"NORMANDY II GENERAL PARTNERSHIP","operator":""}},{"type":"Feature","geometry":{"type":"Point","coordinates":[-86.613025,36.057928]},"properties":{"apn":"164020A08500CO","address":"1413 BARNBROOK CV, ANTIOCH, TN  37013","year_built":2014,"owner":"NORMANDY II GENERAL PARTNERSHIP","operator":""}},{"type":"Feature","geometry":{"type":"Point","coordinates":[-86.612128,36.058902]},"properties":{"apn":"164020A24800CO","address":"1304 BARNBROOK CV, ANTIOCH, TN  37013","year_built":2014,"owner":"NORMANDY II GENERAL PARTNERSHIP","operator":""}},{"type":"Feature","geometry":{"type":"Point","coordinates":[-86.613225,36.057259]},"properties":{"apn":"164020A05800CO","address":"1509 BARNBROOK CV, ANTIOCH, TN  37013","year_built":2014,"owner":"NORMANDY II GENERAL PARTNERSHIP","operator":""}},{"type":"Feature","geometry":{"type":"Point","coordinates":[-86.613722,36.057458]},"properties":{"apn":"164020A01700CO","address":"1508 BARNBROOK CV, ANTIOCH, TN  37013","year_built":2014,"owner":"NORMANDY II GENERAL PARTNERSHIP","operator":""}},{"type":"Feature","geometry":{"type":"Point","coordinates":[-86.613236,36.058321]},"properties":{"apn":"164020A01100CO","address":"1412 BARNBROOK CV, ANTIOCH, TN  37013","year_built":2014,"owner":"NORMANDY II GENERAL PARTNERSHIP","operator":""}},{"type":"Feature","geometry":{"type":"Point","coordinates":[-86.611885,36.058977]},"properties":{"apn":"164020A24700CO","address":"1300 BARNBROOK CV, ANTIOCH, TN  37013","year_built":2014,"owner":"NORMANDY II GENERAL PARTNERSHIP","operator":""}},{"type":"Feature","geometry":{"type":"Point","coordinates":[-86.613856,36.056625]},"properties":{"apn":"164020A02300CO","address":"1532 BARNBROOK CV, ANTIOCH, TN  37013","year_built":2014,"owner":"NORMANDY II GENERAL PARTNERSHIP","operator":""}},{"type":"Feature","geometry":{"type":"Point","coordinates":[-86.613223,36.057121]},"properties":{"apn":"164020A05700CO","address":"1513 BARNBROOK CV, ANTIOCH, TN  37013","year_built":2014,"owner":"NORMANDY II GENERAL PARTNERSHIP","operator":""}},{"type":"Feature","geometry":{"type":"Point","coordinates":[-86.611802,36.059444]},"properties":{"apn":"164020A24400CO","address":"1701 CLAYCREEK PT, ANTIOCH, TN  37013","year_built":2014,"owner":"NORMANDY II GENERAL PARTNERSHIP","operator":""}},{"type":"Feature","geometry":{"type":"Point","coordinates":[-86.612617,36.059148]},"properties":{"apn":"164020A25200CO","address":"1017 COTTAGE VIEW LN, ANTIOCH, TN  37013","year_built":2014,"owner":"NORMANDY II GENERAL PARTNERSHIP","operator":""}},{"type":"Feature","geometry":{"type":"Point","coordinates":[-86.612499,36.058255]},"properties":{"apn":"164020A08800CO","address":"1401 BARNBROOK CV, ANTIOCH, TN  37013","year_built":2014,"owner":"NORMANDY II GENERAL PARTNERSHIP","operator":""}},{"type":"Feature","geometry":{"type":"Point","coordinates":[-86.612318,36.058762]},"properties":{"apn":"164020A24900CO","address":"1029 COTTAGE VIEW LN, ANTIOCH, TN  37013","year_built":2014,"owner":"NORMANDY II GENERAL PARTNERSHIP","operator":""}},{"type":"Feature","geometry":{"type":"Point","coordinates":[-86.61153,36.059388]},"properties":{"apn":"164020A24300CO","address":"1705 CLAYCREEK PT, ANTIOCH, TN  37013","year_built":2014,"owner":"NORMANDY II GENERAL PARTNERSHIP","operator":""}},{"type":"Feature","geometry":{"type":"Point","coordinates":[-86.613742,36.057322]},"properties":{"apn":"164020A01800CO","address":"1512 BARNBROOK CV, ANTIOCH, TN  37013","year_built":2014,"owner":"NORMANDY II GENERAL PARTNERSHIP","operator":""}},{"type":"Feature","geometry":{"type":"Point","coordinates":[-86.61334,36.056569]},"properties":{"apn":"164020A05300CO","address":"1529 BARNBROOK CV, ANTIOCH, TN  37013","year_built":2014,"owner":"NORMANDY II GENERAL PARTNERSHIP","operator":""}},{"type":"Feature","geometry":{"type":"Point","coordinates":[-86.611522,36.058388]},"properties":{"apn":"164020A22500CO","address":"1724 CLAYCREEK PT, ANTIOCH, TN  37013","year_built":2014,"owner":"NORMANDY II GENERAL PARTNERSHIP","operator":""}},{"type":"Feature","geometry":{"type":"Point","coordinates":[-86.670327,36.016779]},"properties":{"apn":"182010A12500CO","address":"252 SUNDOWN DR, ANTIOCH, TN  37013","year_built":2011,"owner":"GUIDRY WINSTON L & NICOLE","operator":""}},{"type":"Feature","geometry":{"type":"Point","coordinates":[-86.613704,36.057598]},"properties":{"apn":"164020A01600CO","address":"1504 BARNBROOK CV, ANTIOCH, TN  37013","year_built":2014,"owner":"NORMANDY II GENERAL PARTNERSHIP","operator":""}},{"type":"Feature","geometry":{"type":"Point","coordinates":[-86.61336,36.05821]},"properties":{"apn":"164020A01200CO","address":"1416 BARNBROOK CV, ANTIOCH, TN  37013","year_built":2014,"owner":"NORMANDY II GENERAL PARTNERSHIP","operator":""}},{"type":"Feature","geometry":{"type":"Point","coordinates":[-86.610945,36.058478]},"properties":{"apn":"164020A23600CO","address":"1733 CLAYCREEK PT, ANTIOCH, TN  37013","year_built":2014,"owner":"NORMANDY II GENERAL PARTNERSHIP","operator":""}},{"type":"Feature","geometry":{"type":"Point","coordinates":[-86.612723,36.059265]},"properties":{"apn":"164020A25300CO","address":"1013 COTTAGE VIEW LN, ANTIOCH, TN  37013","year_built":2014,"owner":"NORMANDY II GENERAL PARTNERSHIP","operator":""}},{"type":"Feature","geometry":{"type":"Point","coordinates":[-86.613836,36.056474]},"properties":{"apn":"164020A02400CO","address":"1536 BARNBROOK CV, ANTIOCH, TN  37013","year_built":2014,"owner":"NORMANDY II GENERAL PARTNERSHIP","operator":""}},{"type":"Feature","geometry":{"type":"Point","coordinates":[-86.611005,36.058606]},"properties":{"apn":"164020A23700CO","address":"1729 CLAYCREEK PT, ANTIOCH, TN  37013","year_built":2014,"owner":"NORMANDY II GENERAL PARTNERSHIP","operator":""}},{"type":"Feature","geometry":{"type":"Point","coordinates":[-86.611587,36.058716]},"properties":{"apn":"164020A22300CO","address":"1301 BARNBROOK CV, ANTIOCH, TN  37013","year_built":2014,"owner":"NORMANDY II GENERAL PARTNERSHIP","operator":""}},{"type":"Feature","geometry":{"type":"Point","coordinates":[-86.611324,36.059114]},"properties":{"apn":"164020A24100CO","address":"1713 CLAYCREEK PT, ANTIOCH, TN  37013","year_built":2014,"owner":"NORMANDY II GENERAL PARTNERSHIP","operator":""}},{"type":"Feature","geometry":{"type":"Point","coordinates":[-86.613578,36.058823]},"properties":{"apn":"164020A00300CO","address":"1208 COLDFIELD CT, ANTIOCH, TN  37013","year_built":2014,"owner":"NORMANDY II GENERAL PARTNERSHIP","operator":""}},{"type":"Feature","geometry":{"type":"Point","coordinates":[-86.612527,36.059027]},"properties":{"apn":"164020A25100CO","address":"1021 COTTAGE VIEW LN, ANTIOCH, TN  37013","year_built":2014,"owner":"NORMANDY II GENERAL PARTNERSHIP","operator":""}},{"type":"Feature","geometry":{"type":"Point","coordinates":[-86.613665,36.057765]},"properties":{"apn":"164020A01500CO","address":"1500 BARNBROOK CV, ANTIOCH, TN  37013","year_built":2014,"owner":"NORMANDY II GENERAL PARTNERSHIP","operator":""}},{"type":"Feature","geometry":{"type":"Point","coordinates":[-86.611523,36.058531]},"properties":{"apn":"164020A22400CO","address":"1720 CLAYCREEK PT, ANTIOCH, TN  37013","year_built":2014,"owner":"NORMANDY II GENERAL PARTNERSHIP","operator":""}},{"type":"Feature","geometry":{"type":"Point","coordinates":[-86.613534,36.059053]},"properties":{"apn":"164020A00200CO","address":"1204 COLDFIELD CT, ANTIOCH, TN  37013","year_built":2014,"owner":"NORMANDY II GENERAL PARTNERSHIP","operator":""}},{"type":"Feature","geometry":{"type":"Point","coordinates":[-86.613828,36.056774]},"properties":{"apn":"164020A02200CO","address":"1528 BARNBROOK CV, ANTIOCH, TN  37013","year_built":2014,"owner":"NORMANDY II GENERAL PARTNERSHIP","operator":""}},{"type":"Feature","geometry":{"type":"Point","coordinates":[-86.613156,36.058682]},"properties":{"apn":"164020A00500CO","address":"1205 COLDFIELD CT, ANTIOCH, TN  37013","year_built":2014,"owner":"NORMANDY II GENERAL PARTNERSHIP","operator":""}},{"type":"Feature","geometry":{"type":"Point","coordinates":[-86.610691,36.057229]},"properties":{"apn":"164020A19900CO","address":"2212 HAMLET HILL DR, ANTIOCH, TN  37013","year_built":2015,"owner":"NORMANDY II GENERAL PARTNERSHIP","operator":""}},{"type":"Feature","geometry":{"type":"Point","coordinates":[-86.612729,36.05855]},"properties":{"apn":"164020A00800CO","address":"1400 BARNBROOK CV, ANTIOCH, TN  37013","year_built":2014,"owner":"NORMANDY II GENERAL PARTNERSHIP","operator":""}},{"type":"Feature","geometry":{"type":"Point","coordinates":[-86.607409,36.060163]},"properties":{"apn":"164020A17400CO","address":"2905 SHALLOW CV, ANTIOCH, TN  37013","year_built":2018,"owner":"NORMANDY II GENERAL PARTNERSHIP","operator":""}},{"type":"Feature","geometry":{"type":"Point","coordinates":[-86.607643,36.06]},"properties":{"apn":"164020A17600CO","address":"2337 HAMLET HILL DR, ANTIOCH, TN  37013","year_built":2017,"owner":"NORMANDY II GENERAL PARTNERSHIP","operator":""}},{"type":"Feature","geometry":{"type":"Point","coordinates":[-86.607825,36.05997]},"properties":{"apn":"164020A17700CO","address":"2333 HAMLET HILL DR, ANTIOCH, TN  37013","year_built":2017,"owner":"NORMANDY II GENERAL PARTNERSHIP","operator":""}},{"type":"Feature","geometry":{"type":"Point","coordinates":[-86.607998,36.059927]},"properties":{"apn":"164020A17800CO","address":"2329 HAMLET HILL DR, ANTIOCH, TN  37013","year_built":2017,"owner":"NORMANDY II GENERAL PARTNERSHIP","operator":""}},{"type":"Feature","geometry":{"type":"Point","coordinates":[-86.608166,36.059868]},"properties":{"apn":"164020A17900CO","address":"2325 HAMLET HILL DR, ANTIOCH, TN  37013","year_built":2017,"owner":"NORMANDY II GENERAL PARTNERSHIP","operator":""}},{"type":"Feature","geometry":{"type":"Point","coordinates":[-86.607057,36.059571]},"properties":{"apn":"164020A16400CO","address":"2344 HAMLET HILL DR, ANTIOCH, TN  37013","year_built":2017,"owner":"NORMANDY II GENERAL PARTNERSHIP","operator":""}},{"type":"Feature","geometry":{"type":"Point","coordinates":[-86.608178,36.059385]},"properties":{"apn":"164020A15300CO","address":"2308 HAMLET HILL DR, ANTIOCH, TN  37013","year_built":2017,"owner":"NORMANDY II GENERAL PARTNERSHIP","operator":""}},{"type":"Feature","geometry":{"type":"Point","coordinates":[-86.608298,36.059281]},"properties":{"apn":"164020A15200CO","address":"2304 HAMLET HILL DR, ANTIOCH, TN  37013","year_built":2017,"owner":"NORMANDY II GENERAL PARTNERSHIP","operator":""}},{"type":"Feature","geometry":{"type":"Point","coordinates":[-86.608454,36.059143]},"properties":{"apn":"164020A15100CO","address":"2300 HAMLET HILL DR, ANTIOCH, TN  37013","year_built":2017,"owner":"NORMANDY II GENERAL PARTNERSHIP","operator":""}},{"type":"Feature","geometry":{"type":"Point","coordinates":[-86.608604,36.05961]},"properties":{"apn":"164020A18200CO","address":"2313 HAMLET HILL DR, ANTIOCH, TN  37013","year_built":2017,"owner":"NORMANDY II GENERAL PARTNERSHIP","operator":""}},{"type":"Feature","geometry":{"type":"Point","coordinates":[-86.60847,36.059708]},"properties":{"apn":"164020A18100CO","address":"2317 HAMLET HILL DR, ANTIOCH, TN  37013","year_built":2017,"owner":"NORMANDY II GENERAL PARTNERSHIP","operator":""}},{"type":"Feature","geometry":{"type":"Point","coordinates":[-86.608322,36.059795]},"properties":{"apn":"164020A18000CO","address":"2321 HAMLET HILL DR, ANTIOCH, TN  37013","year_built":2017,"owner":"NORMANDY II GENERAL PARTNERSHIP","operator":""}},{"type":"Feature","geometry":{"type":"Point","coordinates":[-86.608235,36.059063]},"properties":{"apn":"164020A15000CO","address":"2605 SPARROWGAP TRL, ANTIOCH, TN  37013","year_built":2017,"owner":"NORMANDY II GENERAL PARTNERSHIP","operator":""}},{"type":"Feature","geometry":{"type":"Point","coordinates":[-86.608095,36.05897]},"properties":{"apn":"164020A14900CO","address":"2609 SPARROWGAP TRL, ANTIOCH, TN  37013","year_built":2017,"owner":"NORMANDY II GENERAL PARTNERSHIP","operator":""}},{"type":"Feature","geometry":{"type":"Point","coordinates":[-86.607969,36.058868]},"properties":{"apn":"164020A14800CO","address":"2613 SPARROWGAP TRL, ANTIOCH, TN  37013","year_built":2017,"owner":"NORMANDY II GENERAL PARTNERSHIP","operator":""}},{"type":"Feature","geometry":{"type":"Point","coordinates":[-86.608246,36.058504]},"properties":{"apn":"164020A13800CO","address":"2612 SPARROWGAP TRL, ANTIOCH, TN  37013","year_built":2017,"owner":"NORMANDY II GENERAL PARTNERSHIP","operator":""}},{"type":"Feature","geometry":{"type":"Point","coordinates":[-86.607412,36.059982]},"properties":{"apn":"164020A17500CO","address":"2341 HAMLET HILL DR, ANTIOCH, TN  37013","year_built":2018,"owner":"NORMANDY II GENERAL PARTNERSHIP","operator":""}},{"type":"Feature","geometry":{"type":"Point","coordinates":[-86.607401,36.060302]},"properties":{"apn":"164020A17300CO","address":"2909 SHALLOW CV, ANTIOCH, TN  37013","year_built":2018,"owner":"NORMANDY II GENERAL PARTNERSHIP","operator":""}},{"type":"Feature","geometry":{"type":"Point","coordinates":[-86.607997,36.058317]},"properties":{"apn":"164020A14000CO","address":"2620 SPARROWGAP TRL, ANTIOCH, TN  37013","year_built":2017,"owner":"NORMANDY II GENERAL PARTNERSHIP","operator":""}},{"type":"Feature","geometry":{"type":"Point","coordinates":[-86.607421,36.060454]},"properties":{"apn":"164020A17200CO","address":"2913 SHALLOW CV, ANTIOCH, TN  37013","year_built":2018,"owner":"NORMANDY II GENERAL PARTNERSHIP","operator":""}},{"type":"Feature","geometry":{"type":"Point","coordinates":[-86.608915,36.059255]},"properties":{"apn":"164020A18500CO","address":"2301 HAMLET HILL DR, ANTIOCH, TN  37013","year_built":2017,"owner":"NORMANDY II GENERAL PARTNERSHIP","operator":""}},{"type":"Feature","geometry":{"type":"Point","coordinates":[-86.608997,36.059134]},"properties":{"apn":"164020A18600CO","address":"2269 HAMLET HILL DR, ANTIOCH, TN  37013","year_built":2017,"owner":"NORMANDY II GENERAL PARTNERSHIP","operator":""}},{"type":"Feature","geometry":{"type":"Point","coordinates":[-86.609079,36.059014]},"properties":{"apn":"164020A18700CO","address":"2265 HAMLET HILL DR, ANTIOCH, TN  37013","year_built":2017,"owner":"NORMANDY II GENERAL PARTNERSHIP","operator":""}},{"type":"Feature","geometry":{"type":"Point","coordinates":[-86.609162,36.058894]},"properties":{"apn":"164020A18800CO","address":"2261 HAMLET HILL DR, ANTIOCH, TN  37013","year_built":2017,"owner":"NORMANDY II GENERAL PARTNERSHIP","operator":""}},{"type":"Feature","geometry":{"type":"Point","coordinates":[-86.609244,36.058773]},"properties":{"apn":"164020A18900CO","address":"2257 HAMLET HILL DR, ANTIOCH, TN  37013","year_built":2017,"owner":"NORMANDY II GENERAL PARTNERSHIP","operator":""}},{"type":"Feature","geometry":{"type":"Point","coordinates":[-86.609332,36.058654]},"properties":{"apn":"164020A19000CO","address":"2253 HAMLET HILL DR, ANTIOCH, TN  37013","year_built":2017,"owner":"NORMANDY II GENERAL PARTNERSHIP","operator":""}},{"type":"Feature","geometry":{"type":"Point","coordinates":[-86.611675,36.0561]},"properties":{"apn":"164020A04400CO","address":"1565 BARNBROOK CV, ANTIOCH, TN  37013","year_built":2016,"owner":"NORMANDY II GENERAL PARTNERSHIP","operator":""}},{"type":"Feature","geometry":{"type":"Point","coordinates":[-86.609441,36.058545]},"properties":{"apn":"164020A19100CO","address":"2249 HAMLET HILL DR, ANTIOCH, TN  37013","year_built":2017,"owner":"NORMANDY II GENERAL PARTNERSHIP","operator":""}},{"type":"Feature","geometry":{"type":"Point","coordinates":[-86.611734,36.055659]},"properties":{"apn":"164020A03900CO","address":"1584 BARNBROOK CV, ANTIOCH, TN  37013","year_built":2016,"owner":"NORMANDY II GENERAL PARTNERSHIP","operator":""}},{"type":"Feature","geometry":{"type":"Point","coordinates":[-86.606883,36.060247]},"properties":{"apn":"164020A16700CO","address":"2908 SHALLOW CV, ANTIOCH, TN  37013","year_built":2018,"owner":"NORMANDY II GENERAL PARTNERSHIP","operator":""}},{"type":"Feature","geometry":{"type":"Point","coordinates":[-86.610943,36.056055]},"properties":{"apn":"164020A10400CO","address":"1094 COTTAGE VIEW LN, ANTIOCH, TN  37013","year_built":2016,"owner":"NORMANDY II GENERAL PARTNERSHIP","operator":""}},{"type":"Feature","geometry":{"type":"Point","coordinates":[-86.611549,36.056481]},"properties":{"apn":"164020A10000CO","address":"1078 COTTAGE VIEW LN, ANTIOCH, TN  37013","year_built":2016,"owner":"NORMANDY II GENERAL PARTNERSHIP","operator":""}},{"type":"Feature","geometry":{"type":"Point","coordinates":[-86.606842,36.060579]},"properties":{"apn":"164020A16900CO","address":"2916 SHALLOW CV, ANTIOCH, TN  37013","year_built":2018,"owner":"NORMANDY II GENERAL PARTNERSHIP","operator":""}},{"type":"Feature","geometry":{"type":"Point","coordinates":[-86.607311,36.060619]},"properties":{"apn":"164020A17100CO","address":"2917 SHALLOW CV, ANTIOCH, TN  37013","year_built":2018,"owner":"NORMANDY II GENERAL PARTNERSHIP","operator":""}},{"type":"Feature","geometry":{"type":"Point","coordinates":[-86.608118,36.058415]},"properties":{"apn":"164020A13900CO","address":"2616 SPARROWGAP TRL, ANTIOCH, TN  37013","year_built":2017,"owner":"NORMANDY II GENERAL PARTNERSHIP","operator":""}},{"type":"Feature","geometry":{"type":"Point","coordinates":[-86.607914,36.058173]},"properties":{"apn":"164020A14100CO","address":"2624 SPARROWGAP TRL, ANTIOCH, TN  37013","year_built":2017,"owner":"NORMANDY II GENERAL PARTNERSHIP","operator":""}},{"type":"Feature","geometry":{"type":"Point","coordinates":[-86.607445,36.058966]},"properties":{"apn":"164020A15800CO","address":"2816 MEGAN ANN CT, ANTIOCH, TN  37013","year_built":2017,"owner":"NORMANDY II GENERAL PARTNERSHIP","operator":""}},{"type":"Feature","geometry":{"type":"Point","coordinates":[-86.607832,36.059172]},"properties":{"apn":"164020A15600CO","address":"2808 MEGAN ANN CT, ANTIOCH, TN  37013","year_built":2017,"owner":"NORMANDY II GENERAL PARTNERSHIP","operator":""}},{"type":"Feature","geometry":{"type":"Point","coordinates":[-86.607933,36.059291]},"properties":{"apn":"164020A15500CO","address":"2804 MEGAN ANN CT, ANTIOCH, TN  37013","year_built":2017,"owner":"NORMANDY II GENERAL PARTNERSHIP","operator":""}},{"type":"Feature","geometry":{"type":"Point","coordinates":[-86.607464,36.058465]},"properties":{"apn":"164020A14400CO","address":"2629 SPARROWGAP TRL, ANTIOCH, TN  37013","year_built":2017,"owner":"NORMANDY II GENERAL PARTNERSHIP","operator":""}},{"type":"Feature","geometry":{"type":"Point","coordinates":[-86.606959,36.059932]},"properties":{"apn":"164020A16500CO","address":"2345 HAMLET HILL DR, ANTIOCH, TN  37013","year_built":2018,"owner":"NORMANDY II GENERAL PARTNERSHIP","operator":""}},{"type":"Feature","geometry":{"type":"Point","coordinates":[-86.607988,36.059501]},"properties":{"apn":"164020A15400CO","address":"2312 HAMLET HILL DR, ANTIOCH, TN  37013","year_built":2017,"owner":"NORMANDY II GENERAL PARTNERSHIP","operator":""}},{"type":"Feature","geometry":{"type":"Point","coordinates":[-86.608401,36.058223]},"properties":{"apn":"164020A13000CO","address":"2513 ROSALEE CT, ANTIOCH, TN  37013","year_built":2018,"owner":"NORMANDY II GENERAL PARTNERSHIP","operator":""}},{"type":"Feature","geometry":{"type":"Point","coordinates":[-86.608534,36.058333]},"properties":{"apn":"164020A13100CO","address":"2509 ROSALEE CT, ANTIOCH, TN  37013","year_built":2018,"owner":"NORMANDY II GENERAL PARTNERSHIP","operator":""}},{"type":"Feature","geometry":{"type":"Point","coordinates":[-86.60868,36.058422]},"properties":{"apn":"164020A13200CO","address":"2505 ROSALEE CT, ANTIOCH, TN  37013","year_built":2017,"owner":"NORMANDY II GENERAL PARTNERSHIP","operator":""}},{"type":"Feature","geometry":{"type":"Point","coordinates":[-86.610741,36.055675]},"properties":{"apn":"164020A10600CO","address":"1845 CLAYCREEK PT, ANTIOCH, TN  37013","year_built":2016,"owner":"NORMANDY II GENERAL PARTNERSHIP","operator":""}},{"type":"Feature","geometry":{"type":"Point","coordinates":[-86.608474,36.058711]},"properties":{"apn":"164020A13600CO","address":"2604 SPARROWGAP TRL, ANTIOCH, TN  37013","year_built":2017,"owner":"NORMANDY II GENERAL PARTNERSHIP","operator":""}},{"type":"Feature","geometry":{"type":"Point","coordinates":[-86.608224,36.058117]},"properties":{"apn":"164020A12900CO","address":"2517 ROSALEE CT, ANTIOCH, TN  37013","year_built":2018,"owner":"NORMANDY II GENERAL PARTNERSHIP","operator":""}},{"type":"Feature","geometry":{"type":"Point","coordinates":[-86.606919,36.06011]},"properties":{"apn":"164020A16600CO","address":"2904 SHALLOW CV, ANTIOCH, TN  37013","year_built":2018,"owner":"NORMANDY II GENERAL PARTNERSHIP","operator":""}},{"type":"Feature","geometry":{"type":"Point","coordinates":[-86.608369,36.058599]},"properties":{"apn":"164020A13700CO","address":"2608 SPARROWGAP TRL, ANTIOCH, TN  37013","year_built":2017,"owner":"NORMANDY II GENERAL PARTNERSHIP","operator":""}},{"type":"Feature","geometry":{"type":"Point","coordinates":[-86.607698,36.059007]},"properties":{"apn":"164020A15700CO","address":"2812 MEGAN ANN CT, ANTIOCH, TN  37013","year_built":2017,"owner":"NORMANDY II GENERAL PARTNERSHIP","operator":""}},{"type":"Feature","geometry":{"type":"Point","coordinates":[-86.607235,36.059107]},"properties":{"apn":"164020A15900CO","address":"2813 MEGAN ANN CT, ANTIOCH, TN  37013","year_built":2017,"owner":"NORMANDY II GENERAL PARTNERSHIP","operator":""}},{"type":"Feature","geometry":{"type":"Point","coordinates":[-86.607811,36.058049]},"properties":{"apn":"164020A14200CO","address":"2628 SPARROWGAP TRL, ANTIOCH, TN  37013","year_built":2017,"owner":"NORMANDY II GENERAL PARTNERSHIP","operator":""}},{"type":"Feature","geometry":{"type":"Point","coordinates":[-86.609,36.05811]},"properties":{"apn":"164020A12700CO","address":"2504 ROSALEE CT, ANTIOCH, TN  37013","year_built":2018,"owner":"NORMANDY II GENERAL PARTNERSHIP","operator":""}},{"type":"Feature","geometry":{"type":"Point","coordinates":[-86.607602,36.057994]},"properties":{"apn":"164020A14300CO","address":"2632 SPARROWGAP TRL, ANTIOCH, TN  37013","year_built":2017,"owner":"NORMANDY II GENERAL PARTNERSHIP","operator":""}},{"type":"Feature","geometry":{"type":"Point","coordinates":[-86.60916,36.05823]},"properties":{"apn":"164020A12600CO","address":"2248 HAMLET HILL DR, ANTIOCH, TN  37013","year_built":2018,"owner":"NORMANDY II GENERAL PARTNERSHIP","operator":""}},{"type":"Feature","geometry":{"type":"Point","coordinates":[-86.609566,36.058449]},"properties":{"apn":"164020A19200CO","address":"2245 HAMLET HILL DR, ANTIOCH, TN  37013","year_built":2017,"owner":"NORMANDY II GENERAL PARTNERSHIP","operator":""}},{"type":"Feature","geometry":{"type":"Point","coordinates":[-86.609308,36.058085]},"properties":{"apn":"164020A12500CO","address":"2244 HAMLET HILL DR, ANTIOCH, TN  37013","year_built":2018,"owner":"NORMANDY II GENERAL PARTNERSHIP","operator":""}},{"type":"Feature","geometry":{"type":"Point","coordinates":[-86.608656,36.058832]},"properties":{"apn":"164020A13500CO","address":"2260 HAMLET HILL DR, ANTIOCH, TN  37013","year_built":2017,"owner":"NORMANDY II GENERAL PARTNERSHIP","operator":""}},{"type":"Feature","geometry":{"type":"Point","coordinates":[-86.608742,36.05866]},"properties":{"apn":"164020A13400CO","address":"2256 HAMLET HILL DR, ANTIOCH, TN  37013","year_built":2017,"owner":"NORMANDY II GENERAL PARTNERSHIP","operator":""}},{"type":"Feature","geometry":{"type":"Point","coordinates":[-86.607291,36.059626]},"properties":{"apn":"164020A16300CO","address":"2340 HAMLET HILL DR, ANTIOCH, TN  37013","year_built":2017,"owner":"NORMANDY II GENERAL PARTNERSHIP","operator":""}},{"type":"Feature","geometry":{"type":"Point","coordinates":[-86.607567,36.059614]},"properties":{"apn":"164020A16200CO","address":"2336 HAMLET HILL DR, ANTIOCH, TN  37013","year_built":2017,"owner":"NORMANDY II GENERAL PARTNERSHIP","operator":""}},{"type":"Feature","geometry":{"type":"Point","coordinates":[-86.607842,36.058768]},"properties":{"apn":"164020A14700CO","address":"2617 SPARROWGAP TRL, ANTIOCH, TN  37013","year_built":2017,"owner":"NORMANDY II GENERAL PARTNERSHIP","operator":""}},{"type":"Feature","geometry":{"type":"Point","coordinates":[-86.607716,36.058669]},"properties":{"apn":"164020A14600CO","address":"2621 SPARROWGAP TRL, ANTIOCH, TN  37013","year_built":2017,"owner":"NORMANDY II GENERAL PARTNERSHIP","operator":""}},{"type":"Feature","geometry":{"type":"Point","coordinates":[-86.608875,36.058517]},"properties":{"apn":"164020A13300CO","address":"2501 ROSALEE CT, ANTIOCH, TN  37013","year_built":2017,"owner":"NORMANDY II GENERAL PARTNERSHIP","operator":""}},{"type":"Feature","geometry":{"type":"Point","coordinates":[-86.607433,36.059442]},"properties":{"apn":"164020A16100CO","address":"2805 MEGAN ANN CT, ANTIOCH, TN  37013","year_built":2017,"owner":"NORMANDY II GENERAL PARTNERSHIP","operator":""}},{"type":"Feature","geometry":{"type":"Point","coordinates":[-86.607195,36.059334]},"properties":{"apn":"164020A16000CO","address":"2809 MEGAN ANN CT, ANTIOCH, TN  37013","year_built":2017,"owner":"NORMANDY II GENERAL PARTNERSHIP","operator":""}},{"type":"Feature","geometry":{"type":"Point","coordinates":[-86.607589,36.05857]},"properties":{"apn":"164020A14500CO","address":"2625 SPARROWGAP TRL, ANTIOCH, TN  37013","year_built":2017,"owner":"NORMANDY II GENERAL PARTNERSHIP","operator":""}},{"type":"Feature","geometry":{"type":"Point","coordinates":[-86.608859,36.058012]},"properties":{"apn":"164020A12800CO","address":"2508 ROSALEE CT, ANTIOCH, TN  37013","year_built":2018,"owner":"NORMANDY II GENERAL PARTNERSHIP","operator":""}},{"type":"Feature","geometry":{"type":"Point","coordinates":[-86.608833,36.059382]},"properties":{"apn":"164020A18400CO","address":"2305 HAMLET HILL DR, ANTIOCH, TN  37013","year_built":2017,"owner":"NORMANDY II GENERAL PARTNERSHIP","operator":""}},{"type":"Feature","geometry":{"type":"Point","coordinates":[-86.608727,36.0595]},"properties":{"apn":"164020A18300CO","address":"2309 HAMLET HILL DR, ANTIOCH, TN  37013","year_built":2017,"owner":"NORMANDY II GENERAL PARTNERSHIP","operator":""}},{"type":"Feature","geometry":{"type":"Point","coordinates":[-86.610465,36.055688]},"properties":{"apn":"164020A10800CO","address":"1104 COTTAGE VIEW LN, ANTIOCH, TN  37013","year_built":2016,"owner":"NORMANDY II GENERAL PARTNERSHIP","operator":""}},{"type":"Feature","geometry":{"type":"Point","coordinates":[-86.612746,36.055782]},"properties":{"apn":"164020A03300CO","address":"1560 BARNBROOK CV, ANTIOCH, TN  37013","year_built":2016,"owner":"NORMANDY II GENERAL PARTNERSHIP","operator":""}},{"type":"Feature","geometry":{"type":"Point","coordinates":[-86.612879,36.057359]},"properties":{"apn":"164020A06200CO","address":"2025 WAGONDALE WAY, ANTIOCH, TN  37013","year_built":2016,"owner":"NORMANDY II GENERAL PARTNERSHIP","operator":""}},{"type":"Feature","geometry":{"type":"Point","coordinates":[-86.613286,36.055932]},"properties":{"apn":"164020A03000CO","address":"1548 BARNBROOK CV, ANTIOCH, TN  37013","year_built":2016,"owner":"NORMANDY II GENERAL PARTNERSHIP","operator":""}},{"type":"Feature","geometry":{"type":"Point","coordinates":[-86.612509,36.057659]},"properties":{"apn":"164020A08200CO","address":"2044 WAGONDALE WAY, ANTIOCH, TN  37013","year_built":2016,"owner":"NORMANDY II GENERAL PARTNERSHIP","operator":""}},{"type":"Feature","geometry":{"type":"Point","coordinates":[-86.613882,36.055905]},"properties":{"apn":"164020A02800CO","address":"2108 LACEWOOD PT, ANTIOCH, TN  37013","year_built":2016,"owner":"NORMANDY II GENERAL PARTNERSHIP","operator":""}},{"type":"Feature","geometry":{"type":"Point","coordinates":[-86.611978,36.056758]},"properties":{"apn":"164020A07500CO","address":"2016 WAGONDALE WAY, ANTIOCH, TN  37013","year_built":2016,"owner":"NORMANDY II GENERAL PARTNERSHIP","operator":""}},{"type":"Feature","geometry":{"type":"Point","coordinates":[-86.612827,36.057219]},"properties":{"apn":"164020A06300CO","address":"2021 WAGONDALE WAY, ANTIOCH, TN  37013","year_built":2016,"owner":"NORMANDY II GENERAL PARTNERSHIP","operator":""}},{"type":"Feature","geometry":{"type":"Point","coordinates":[-86.612412,36.05574]},"properties":{"apn":"164020A03500CO","address":"1568 BARNBROOK CV, ANTIOCH, TN  37013","year_built":2016,"owner":"NORMANDY II GENERAL PARTNERSHIP","operator":""}},{"type":"Feature","geometry":{"type":"Point","coordinates":[-86.610015,36.055924]},"properties":{"apn":"164020A11200CO","address":"1109 COTTAGE VIEW LN, ANTIOCH, TN  37013","year_built":2016,"owner":"NORMANDY II GENERAL PARTNERSHIP","operator":""}},{"type":"Feature","geometry":{"type":"Point","coordinates":[-86.611099,36.056835]},"properties":{"apn":"164020A20900CO","address":"1077 COTTAGE VIEW LN, ANTIOCH, TN  37013","year_built":2016,"owner":"NORMANDY II GENERAL PARTNERSHIP","operator":""}},{"type":"Feature","geometry":{"type":"Point","coordinates":[-86.612723,36.057117]},"properties":{"apn":"164020A06400CO","address":"2017 WAGONDALE WAY, ANTIOCH, TN  37013","year_built":2016,"owner":"NORMANDY II GENERAL PARTNERSHIP","operator":""}},{"type":"Feature","geometry":{"type":"Point","coordinates":[-86.612077,36.055697]},"properties":{"apn":"164020A03700CO","address":"1576 BARNBROOK CV, ANTIOCH, TN  37013","year_built":2016,"owner":"NORMANDY II GENERAL PARTNERSHIP","operator":""}},{"type":"Feature","geometry":{"type":"Point","coordinates":[-86.61309,36.055823]},"properties":{"apn":"164020A03100CO","address":"1552 BARNBROOK CV, ANTIOCH, TN  37013","year_built":2016,"owner":"NORMANDY II GENERAL PARTNERSHIP","operator":""}},{"type":"Feature","geometry":{"type":"Point","coordinates":[-86.610319,36.056107]},"properties":{"apn":"164020A11400CO","address":"1101 COTTAGE VIEW LN, ANTIOCH, TN  37013","year_built":2016,"owner":"NORMANDY II GENERAL PARTNERSHIP","operator":""}},{"type":"Feature","geometry":{"type":"Point","coordinates":[-86.610138,36.056245]},"properties":{"apn":"164020A11500CO","address":"1833 CLAYCREEK PT, ANTIOCH, TN  37013","year_built":2016,"owner":"NORMANDY II GENERAL PARTNERSHIP","operator":""}},{"type":"Feature","geometry":{"type":"Point","coordinates":[-86.612054,36.056088]},"properties":{"apn":"164020A04600CO","address":"1557 BARNBROOK CV, ANTIOCH, TN  37013","year_built":2016,"owner":"NORMANDY II GENERAL PARTNERSHIP","operator":""}},{"type":"Feature","geometry":{"type":"Point","coordinates":[-86.612878,36.056943]},"properties":{"apn":"164020A06600CO","address":"2104 FARMHILL CT, ANTIOCH, TN  37013","year_built":2016,"owner":"NORMANDY II GENERAL PARTNERSHIP","operator":""}},{"type":"Feature","geometry":{"type":"Point","coordinates":[-86.613003,36.056782]},"properties":{"apn":"164020A06700CO","address":"2108 FARMHILL CT, ANTIOCH, TN  37013","year_built":2016,"owner":"NORMANDY II GENERAL PARTNERSHIP","operator":""}},{"type":"Feature","geometry":{"type":"Point","coordinates":[-86.611326,36.055976]},"properties":{"apn":"164020A04200CO","address":"1573 BARNBROOK CV, ANTIOCH, TN  37013","year_built":2016,"owner":"NORMANDY II GENERAL PARTNERSHIP","operator":""}},{"type":"Feature","geometry":{"type":"Point","coordinates":[-86.610818,36.056479]},"properties":{"apn":"164020A20600CO","address":"1089 COTTAGE VIEW LN, ANTIOCH, TN  37013","year_built":2016,"owner":"NORMANDY II GENERAL PARTNERSHIP","operator":""}},{"type":"Feature","geometry":{"type":"Point","coordinates":[-86.609888,36.055827]},"properties":{"apn":"164020A11100CO","address":"1113 COTTAGE VIEW LN, ANTIOCH, TN  37013","year_built":2016,"owner":"NORMANDY II GENERAL PARTNERSHIP","operator":""}},{"type":"Feature","geometry":{"type":"Point","coordinates":[-86.610344,36.055591]},"properties":{"apn":"164020A10900CO","address":"1108 COTTAGE VIEW LN, ANTIOCH, TN  37013","year_built":2016,"owner":"NORMANDY II GENERAL PARTNERSHIP","operator":""}},{"type":"Feature","geometry":{"type":"Point","coordinates":[-86.611444,36.056361]},"properties":{"apn":"164020A10100CO","address":"1082 COTTAGE VIEW LN, ANTIOCH, TN  37013","year_built":2016,"owner":"NORMANDY II GENERAL PARTNERSHIP","operator":""}},{"type":"Feature","geometry":{"type":"Point","coordinates":[-86.612244,36.055718]},"properties":{"apn":"164020A03600CO","address":"1572 BARNBROOK CV, ANTIOCH, TN  37013","year_built":2016,"owner":"NORMANDY II GENERAL PARTNERSHIP","operator":""}},{"type":"Feature","geometry":{"type":"Point","coordinates":[-86.611967,36.056277]},"properties":{"apn":"164020A07200CO","address":"2004 WAGONDALE WAY, ANTIOCH, TN  37013","year_built":2016,"owner":"NORMANDY II GENERAL PARTNERSHIP","operator":""}},{"type":"Feature","geometry":{"type":"Point","coordinates":[-86.612246,36.057288]},"properties":{"apn":"164020A07900CO","address":"2032 WAGONDALE WAY, ANTIOCH, TN  37013","year_built":2016,"owner":"NORMANDY II GENERAL PARTNERSHIP","operator":""}},{"type":"Feature","geometry":{"type":"Point","coordinates":[-86.613642,36.056173]},"properties":{"apn":"164020A02600CO","address":"2100 LACEWOOD PT, ANTIOCH, TN  37013","year_built":2016,"owner":"NORMANDY II GENERAL PARTNERSHIP","operator":""}},{"type":"Feature","geometry":{"type":"Point","coordinates":[-86.612709,36.056468]},"properties":{"apn":"164020A06900CO","address":"2105 FARMHILL CT, ANTIOCH, TN  37013","year_built":2016,"owner":"NORMANDY II GENERAL PARTNERSHIP","operator":""}},{"type":"Feature","geometry":{"type":"Point","coordinates":[-86.611842,36.056098]},"properties":{"apn":"164020A04500CO","address":"1561 BARNBROOK CV, ANTIOCH, TN  37013","year_built":2016,"owner":"NORMANDY II GENERAL PARTNERSHIP","operator":""}},{"type":"Feature","geometry":{"type":"Point","coordinates":[-86.613798,36.056043]},"properties":{"apn":"164020A02700CO","address":"2104 LACEWOOD PT, ANTIOCH, TN  37013","year_built":2016,"owner":"NORMANDY II GENERAL PARTNERSHIP","operator":""}},{"type":"Feature","geometry":{"type":"Point","coordinates":[-86.61208,36.057041]},"properties":{"apn":"164020A07700CO","address":"2024 WAGONDALE WAY, ANTIOCH, TN  37013","year_built":2016,"owner":"NORMANDY II GENERAL PARTNERSHIP","operator":""}},{"type":"Feature","geometry":{"type":"Point","coordinates":[-86.612465,36.056133]},"properties":{"apn":"164020A04700CO","address":"1553 BARNBROOK CV, ANTIOCH, TN  37013","year_built":2016,"owner":"NORMANDY II GENERAL PARTNERSHIP","operator":""}},{"type":"Feature","geometry":{"type":"Point","coordinates":[-86.613163,36.056319]},"properties":{"apn":"164020A05100CO","address":"1537 BARNBROOK CV, ANTIOCH, TN  37013","year_built":2016,"owner":"NORMANDY II GENERAL PARTNERSHIP","operator":""}},{"type":"Feature","geometry":{"type":"Point","coordinates":[-86.611603,36.05663]},"properties":{"apn":"164020A09900CO","address":"1074 COTTAGE VIEW LN, ANTIOCH, TN  37013","year_built":2016,"owner":"NORMANDY II GENERAL PARTNERSHIP","operator":""}},{"type":"Feature","geometry":{"type":"Point","coordinates":[-86.612411,36.057533]},"properties":{"apn":"164020A08100CO","address":"2040 WAGONDALE WAY, ANTIOCH, TN  37013","year_built":2016,"owner":"NORMANDY II GENERAL PARTNERSHIP","operator":""}},{"type":"Feature","geometry":{"type":"Point","coordinates":[-86.613014,36.056239]},"properties":{"apn":"164020A05000CO","address":"1541 BARNBROOK CV, ANTIOCH, TN  37013","year_built":2016,"owner":"NORMANDY II GENERAL PARTNERSHIP","operator":""}},{"type":"Feature","geometry":{"type":"Point","coordinates":[-86.613774,36.056325]},"properties":{"apn":"164020A02500CO","address":"1540 BARNBROOK CV, ANTIOCH, TN  37013","year_built":2016,"owner":"NORMANDY II GENERAL PARTNERSHIP","operator":""}},{"type":"Feature","geometry":{"type":"Point","coordinates":[-86.612914,36.055802]},"properties":{"apn":"164020A03200CO","address":"1556 BARNBROOK CV, ANTIOCH, TN  37013","year_built":2016,"owner":"NORMANDY II GENERAL PARTNERSHIP","operator":""}},{"type":"Feature","geometry":{"type":"Point","coordinates":[-86.612943,36.056569]},"properties":{"apn":"164020A06800CO","address":"2109 FARMHILL CT, ANTIOCH, TN  37013","year_built":2016,"owner":"NORMANDY II GENERAL PARTNERSHIP","operator":""}},{"type":"Feature","geometry":{"type":"Point","coordinates":[-86.611924,36.056414]},"properties":{"apn":"164020A07300CO","address":"2008 WAGONDALE WAY, ANTIOCH, TN  37013","year_built":2016,"owner":"NORMANDY II GENERAL PARTNERSHIP","operator":""}},{"type":"Feature","geometry":{"type":"Point","coordinates":[-86.612425,36.056565]},"properties":{"apn":"164020A07000CO","address":"2009 WAGONDALE WAY, ANTIOCH, TN  37013","year_built":2017,"owner":"NORMANDY II GENERAL PARTNERSHIP","operator":""}},{"type":"Feature","geometry":{"type":"Point","coordinates":[-86.610216,36.055501]},"properties":{"apn":"164020A11000CO","address":"1112 COTTAGE VIEW LN, ANTIOCH, TN  37013","year_built":2016,"owner":"NORMANDY II GENERAL PARTNERSHIP","operator":""}},{"type":"Feature","geometry":{"type":"Point","coordinates":[-86.611474,36.055598]},"properties":{"apn":"164020A04000CO","address":"1852 CLAYCREEK PT, ANTIOCH, TN  37013","year_built":2016,"owner":"NORMANDY II GENERAL PARTNERSHIP","operator":""}},{"type":"Feature","geometry":{"type":"Point","coordinates":[-86.611128,36.056177]},"properties":{"apn":"164020A10300CO","address":"1090 COTTAGE VIEW LN, ANTIOCH, TN  37013","year_built":2016,"owner":"NORMANDY II GENERAL PARTNERSHIP","operator":""}},{"type":"Feature","geometry":{"type":"Point","coordinates":[-86.610902,36.056614]},"properties":{"apn":"164020A20700CO","address":"1085 COTTAGE VIEW LN, ANTIOCH, TN  37013","year_built":2016,"owner":"NORMANDY II GENERAL PARTNERSHIP","operator":""}},{"type":"Feature","geometry":{"type":"Point","coordinates":[-86.610536,36.05651]},"properties":{"apn":"164020A20400CO","address":"1820 CLAYCREEK PT, ANTIOCH, TN  37013","year_built":2016,"owner":"NORMANDY II GENERAL PARTNERSHIP","operator":""}},{"type":"Feature","geometry":{"type":"Point","coordinates":[-86.611502,36.056046]},"properties":{"apn":"164020A04300CO","address":"1569 BARNBROOK CV, ANTIOCH, TN  37013","year_built":2016,"owner":"NORMANDY II GENERAL PARTNERSHIP","operator":""}},{"type":"Feature","geometry":{"type":"Point","coordinates":[-86.610614,36.055829]},"properties":{"apn":"164020A10700CO","address":"1841 CLAYCREEK PT, ANTIOCH, TN  37013","year_built":2016,"owner":"NORMANDY II GENERAL PARTNERSHIP","operator":""}},{"type":"Feature","geometry":{"type":"Point","coordinates":[-86.610063,36.056386]},"properties":{"apn":"164020A11600CO","address":"1829 CLAYCREEK PT, ANTIOCH, TN  37013","year_built":2016,"owner":"NORMANDY II GENERAL PARTNERSHIP","operator":""}},{"type":"Feature","geometry":{"type":"Point","coordinates":[-86.612329,36.057408]},"properties":{"apn":"164020A08000CO","address":"2036 WAGONDALE WAY, ANTIOCH, TN  37013","year_built":2016,"owner":"NORMANDY II GENERAL PARTNERSHIP","operator":""}},{"type":"Feature","geometry":{"type":"Point","coordinates":[-86.61257,36.056966]},"properties":{"apn":"164020A06500CO","address":"2013 WAGONDALE WAY, ANTIOCH, TN  37013","year_built":2016,"owner":"NORMANDY II GENERAL PARTNERSHIP","operator":""}},{"type":"Feature","geometry":{"type":"Point","coordinates":[-86.612805,36.057839]},"properties":{"apn":"164020A08400CO","address":"2052 WAGONDALE WAY, ANTIOCH, TN  37013","year_built":2016,"owner":"NORMANDY II GENERAL PARTNERSHIP","operator":""}},{"type":"Feature","geometry":{"type":"Point","coordinates":[-86.612438,36.05632]},"properties":{"apn":"164020A07100CO","address":"2005 WAGONDALE WAY, ANTIOCH, TN  37013","year_built":2016,"owner":"NORMANDY II GENERAL PARTNERSHIP","operator":""}},{"type":"Feature","geometry":{"type":"Point","coordinates":[-86.61216,36.057168]},"properties":{"apn":"164020A07800CO","address":"2028 WAGONDALE WAY, ANTIOCH, TN  37013","year_built":2016,"owner":"NORMANDY II GENERAL PARTNERSHIP","operator":""}},{"type":"Feature","geometry":{"type":"Point","coordinates":[-86.612842,36.056211]},"properties":{"apn":"164020A04900CO","address":"1545 BARNBROOK CV, ANTIOCH, TN  37013","year_built":2016,"owner":"NORMANDY II GENERAL PARTNERSHIP","operator":""}},{"type":"Feature","geometry":{"type":"Point","coordinates":[-86.612644,36.057768]},"properties":{"apn":"164020A08300CO","address":"2048 WAGONDALE WAY, ANTIOCH, TN  37013","year_built":2016,"owner":"NORMANDY II GENERAL PARTNERSHIP","operator":""}},{"type":"Feature","geometry":{"type":"Point","coordinates":[-86.612677,36.056188]},"properties":{"apn":"164020A04800CO","address":"1549 BARNBROOK CV, ANTIOCH, TN  37013","year_built":2016,"owner":"NORMANDY II GENERAL PARTNERSHIP","operator":""}},{"type":"Feature","geometry":{"type":"Point","coordinates":[-86.611942,36.056563]},"properties":{"apn":"164020A07400CO","address":"2012 WAGONDALE WAY, ANTIOCH, TN  37013","year_built":2016,"owner":"NORMANDY II GENERAL PARTNERSHIP","operator":""}},{"type":"Feature","geometry":{"type":"Point","coordinates":[-86.612021,36.056901]},"properties":{"apn":"164020A07600CO","address":"2020 WAGONDALE WAY, ANTIOCH, TN  37013","year_built":2016,"owner":"NORMANDY II GENERAL PARTNERSHIP","operator":""}},{"type":"Feature","geometry":{"type":"Point","coordinates":[-86.613278,36.05643]},"properties":{"apn":"164020A05200CO","address":"1533 BARNBROOK CV, ANTIOCH, TN  37013","year_built":2016,"owner":"NORMANDY II GENERAL PARTNERSHIP","operator":""}},{"type":"Feature","geometry":{"type":"Point","coordinates":[-86.610991,36.056729]},"properties":{"apn":"164020A20800CO","address":"1081 COTTAGE VIEW LN, ANTIOCH, TN  37013","year_built":2016,"owner":"NORMANDY II GENERAL PARTNERSHIP","operator":""}},{"type":"Feature","geometry":{"type":"Point","coordinates":[-86.613406,36.055793]},"properties":{"apn":"164020A02900CO","address":"2105 LACEWOOD PT, ANTIOCH, TN  37013","year_built":2016,"owner":"NORMANDY II GENERAL PARTNERSHIP","operator":""}},{"type":"Feature","geometry":{"type":"Point","coordinates":[-86.611291,36.056268]},"properties":{"apn":"164020A10200CO","address":"1086 COTTAGE VIEW LN, ANTIOCH, TN  37013","year_built":2016,"owner":"NORMANDY II GENERAL PARTNERSHIP","operator":""}},{"type":"Feature","geometry":{"type":"Point","coordinates":[-86.61001,36.056542]},"properties":{"apn":"164020A11700CO","address":"1825 CLAYCREEK PT, ANTIOCH, TN  37013","year_built":2017,"owner":"NORMANDY II GENERAL PARTNERSHIP","operator":""}},{"type":"Feature","geometry":{"type":"Point","coordinates":[-86.612985,36.05749]},"properties":{"apn":"164020A06100CO","address":"2029 WAGONDALE WAY, ANTIOCH, TN  37013","year_built":2016,"owner":"NORMANDY II GENERAL PARTNERSHIP","operator":""}},{"type":"Feature","geometry":{"type":"Point","coordinates":[-86.612579,36.055761]},"properties":{"apn":"164020A03400CO","address":"1564 BARNBROOK CV, ANTIOCH, TN  37013","year_built":2016,"owner":"NORMANDY II GENERAL PARTNERSHIP","operator":""}},{"type":"Feature","geometry":{"type":"Point","coordinates":[-86.606803,36.060394]},"properties":{"apn":"164020A16800CO","address":"2912 SHALLOW CV, ANTIOCH, TN  37013","year_built":2018,"owner":"NORMANDY II GENERAL PARTNERSHIP","operator":""}},{"type":"Feature","geometry":{"type":"Point","coordinates":[-86.611216,36.056979]},"properties":{"apn":"164020A21000CO","address":"2200 HAMLET HILL DR, ANTIOCH, TN  37013","year_built":2015,"owner":"NORMANDY II GENERAL PARTNERSHIP","operator":""}},{"type":"Feature","geometry":{"type":"Point","coordinates":[-86.61132,36.0573]},"properties":{"apn":"164020A21100CO","address":"2201 HAMLET HILL DR, ANTIOCH, TN  37013","year_built":2015,"owner":"NORMANDY II GENERAL PARTNERSHIP","operator":""}},{"type":"Feature","geometry":{"type":"Point","coordinates":[-86.611387,36.057473]},"properties":{"apn":"164020A21200CO","address":"1065 COTTAGE VIEW LN, ANTIOCH, TN  37013","year_built":2015,"owner":"NORMANDY II GENERAL PARTNERSHIP","operator":""}},{"type":"Feature","geometry":{"type":"Point","coordinates":[-86.611449,36.057602]},"properties":{"apn":"164020A21300CO","address":"1061 COTTAGE VIEW LN, ANTIOCH, TN  37013","year_built":2015,"owner":"NORMANDY II GENERAL PARTNERSHIP","operator":""}},{"type":"Feature","geometry":{"type":"Point","coordinates":[-86.611536,36.057724]},"properties":{"apn":"164020A21400CO","address":"1057 COTTAGE VIEW LN, ANTIOCH, TN  37013","year_built":2015,"owner":"NORMANDY II GENERAL PARTNERSHIP","operator":""}},{"type":"Feature","geometry":{"type":"Point","coordinates":[-86.61162,36.057843]},"properties":{"apn":"164020A21500CO","address":"1053 COTTAGE VIEW LN, ANTIOCH, TN  37013","year_built":2015,"owner":"NORMANDY II GENERAL PARTNERSHIP","operator":""}},{"type":"Feature","geometry":{"type":"Point","coordinates":[-86.611703,36.057963]},"properties":{"apn":"164020A21600CO","address":"1049 COTTAGE VIEW LN, ANTIOCH, TN  37013","year_built":2015,"owner":"NORMANDY II GENERAL PARTNERSHIP","operator":""}},{"type":"Feature","geometry":{"type":"Point","coordinates":[-86.611788,36.058084]},"properties":{"apn":"164020A21700CO","address":"1045 COTTAGE VIEW LN, ANTIOCH, TN  37013","year_built":2015,"owner":"NORMANDY II GENERAL PARTNERSHIP","operator":""}},{"type":"Feature","geometry":{"type":"Point","coordinates":[-86.611882,36.058201]},"properties":{"apn":"164020A21800CO","address":"1041 COTTAGE VIEW LN, ANTIOCH, TN  37013","year_built":2015,"owner":"NORMANDY II GENERAL PARTNERSHIP","operator":""}},{"type":"Feature","geometry":{"type":"Point","coordinates":[-86.61196,36.058319]},"properties":{"apn":"164020A21900CO","address":"1037 COTTAGE VIEW LN, ANTIOCH, TN  37013","year_built":2015,"owner":"NORMANDY II GENERAL PARTNERSHIP","operator":""}},{"type":"Feature","geometry":{"type":"Point","coordinates":[-86.611375,36.058141]},"properties":{"apn":"164020A22700CO","address":"1732 CLAYCREEK PT, ANTIOCH, TN  37013","year_built":2015,"owner":"NORMANDY II GENERAL PARTNERSHIP","operator":""}},{"type":"Feature","geometry":{"type":"Point","coordinates":[-86.611302,36.058017]},"properties":{"apn":"164020A22800CO","address":"1736 CLAYCREEK PT, ANTIOCH, TN  37013","year_built":2015,"owner":"NORMANDY II GENERAL PARTNERSHIP","operator":""}},{"type":"Feature","geometry":{"type":"Point","coordinates":[-86.61123,36.057892]},"properties":{"apn":"164020A22900CO","address":"1740 CLAYCREEK PT, ANTIOCH, TN  37013","year_built":2015,"owner":"NORMANDY II GENERAL PARTNERSHIP","operator":""}},{"type":"Feature","geometry":{"type":"Point","coordinates":[-86.611159,36.057761]},"properties":{"apn":"164020A23000CO","address":"1744 CLAYCREEK PT, ANTIOCH, TN  37013","year_built":2015,"owner":"NORMANDY II GENERAL PARTNERSHIP","operator":""}},{"type":"Feature","geometry":{"type":"Point","coordinates":[-86.611061,36.057639]},"properties":{"apn":"164020A23100CO","address":"1748 CLAYCREEK PT, ANTIOCH, TN  37013","year_built":2015,"owner":"NORMANDY II GENERAL PARTNERSHIP","operator":""}},{"type":"Feature","geometry":{"type":"Point","coordinates":[-86.610707,36.057936]},"properties":{"apn":"164020A23200CO","address":"1749 CLAYCREEK PT, ANTIOCH, TN  37013","year_built":2015,"owner":"NORMANDY II GENERAL PARTNERSHIP","operator":""}},{"type":"Feature","geometry":{"type":"Point","coordinates":[-86.61076,36.058087]},"properties":{"apn":"164020A23300CO","address":"1745 CLAYCREEK PT, ANTIOCH, TN  37013","year_built":2015,"owner":"NORMANDY II GENERAL PARTNERSHIP","operator":""}},{"type":"Feature","geometry":{"type":"Point","coordinates":[-86.610824,36.058222]},"properties":{"apn":"164020A23400CO","address":"1741 CLAYCREEK PT, ANTIOCH, TN  37013","year_built":2015,"owner":"NORMANDY II GENERAL PARTNERSHIP","operator":""}},{"type":"Feature","geometry":{"type":"Point","coordinates":[-86.610884,36.05835]},"properties":{"apn":"164020A23500CO","address":"1737 CLAYCREEK PT, ANTIOCH, TN  37013","year_built":2015,"owner":"NORMANDY II GENERAL PARTNERSHIP","operator":""}},{"type":"Feature","geometry":{"type":"Point","coordinates":[-86.610517,36.056651]},"properties":{"apn":"164020A20300CO","address":"1816 CLAYCREEK PT, ANTIOCH, TN  37013","year_built":2016,"owner":"NORMANDY II GENERAL PARTNERSHIP","operator":""}},{"type":"Feature","geometry":{"type":"Point","coordinates":[-86.613265,36.05699]},"properties":{"apn":"164020A05600CO","address":"1517 BARNBROOK CV, ANTIOCH, TN  37013","year_built":2014,"owner":"NORMANDY II GENERAL PARTNERSHIP","operator":""}},{"type":"Feature","geometry":{"type":"Point","coordinates":[-86.611133,36.055878]},"properties":{"apn":"164020A04100CO","address":"1577 BARNBROOK CV, ANTIOCH, TN  37013","year_built":2016,"owner":"NORMANDY II GENERAL PARTNERSHIP","operator":""}},{"type":"Feature","geometry":{"type":"Point","coordinates":[-86.610642,36.05634]},"properties":{"apn":"164020A20500CO","address":"1093 COTTAGE VIEW LN, ANTIOCH, TN  37013","year_built":2016,"owner":"NORMANDY II GENERAL PARTNERSHIP","operator":""}},{"type":"Feature","geometry":{"type":"Point","coordinates":[-86.610129,36.056023]},"properties":{"apn":"164020A11300CO","address":"1105 COTTAGE VIEW LN, ANTIOCH, TN  37013","year_built":2016,"owner":"NORMANDY II GENERAL PARTNERSHIP","operator":""}},{"type":"Feature","geometry":{"type":"Point","coordinates":[-86.61191,36.055676]},"properties":{"apn":"164020A03800CO","address":"1580 BARNBROOK CV, ANTIOCH, TN  37013","year_built":2016,"owner":"NORMANDY II GENERAL PARTNERSHIP","operator":""}},{"type":"Feature","geometry":{"type":"Point","coordinates":[-86.610513,36.056795]},"properties":{"apn":"164020A20200CO","address":"1812 CLAYCREEK PT, ANTIOCH, TN  37013","year_built":2015,"owner":"NORMANDY II GENERAL PARTNERSHIP","operator":""}},{"type":"Feature","geometry":{"type":"Point","coordinates":[-86.610559,36.056932]},"properties":{"apn":"164020A20100CO","address":"1808 CLAYCREEK PT, ANTIOCH, TN  37013","year_built":2015,"owner":"NORMANDY II GENERAL PARTNERSHIP","operator":""}},{"type":"Feature","geometry":{"type":"Point","coordinates":[-86.610598,36.05707]},"properties":{"apn":"164020A20000CO","address":"1804 CLAYCREEK PT, ANTIOCH, TN  37013","year_built":2015,"owner":"NORMANDY II GENERAL PARTNERSHIP","operator":""}},{"type":"Feature","geometry":{"type":"Point","coordinates":[-86.611711,36.056991]},"properties":{"apn":"164020A09800CO","address":"1066 COTTAGE VIEW LN, ANTIOCH, TN  37013","year_built":2015,"owner":"NORMANDY II GENERAL PARTNERSHIP","operator":""}},{"type":"Feature","geometry":{"type":"Point","coordinates":[-86.612415,36.058083]},"properties":{"apn":"164020A08900CO","address":"1030 COTTAGE VIEW LN, ANTIOCH, TN  37013","year_built":2015,"owner":"NORMANDY II GENERAL PARTNERSHIP","operator":""}},{"type":"Feature","geometry":{"type":"Point","coordinates":[-86.612353,36.05796]},"properties":{"apn":"164020A09000CO","address":"1034 COTTAGE VIEW LN, ANTIOCH, TN  37013","year_built":2015,"owner":"NORMANDY II GENERAL PARTNERSHIP","operator":""}},{"type":"Feature","geometry":{"type":"Point","coordinates":[-86.612241,36.057854]},"properties":{"apn":"164020A09100CO","address":"1038 COTTAGE VIEW LN, ANTIOCH, TN  37013","year_built":2015,"owner":"NORMANDY II GENERAL PARTNERSHIP","operator":""}},{"type":"Feature","geometry":{"type":"Point","coordinates":[-86.612151,36.057736]},"properties":{"apn":"164020A09200CO","address":"1042 COTTAGE VIEW LN, ANTIOCH, TN  37013","year_built":2015,"owner":"NORMANDY II GENERAL PARTNERSHIP","operator":""}},{"type":"Feature","geometry":{"type":"Point","coordinates":[-86.612067,36.057617]},"properties":{"apn":"164020A09300CO","address":"1046 COTTAGE VIEW LN, ANTIOCH, TN  37013","year_built":2015,"owner":"NORMANDY II GENERAL PARTNERSHIP","operator":""}},{"type":"Feature","geometry":{"type":"Point","coordinates":[-86.611983,36.057498]},"properties":{"apn":"164020A09400CO","address":"1050 COTTAGE VIEW LN, ANTIOCH, TN  37013","year_built":2015,"owner":"NORMANDY II GENERAL PARTNERSHIP","operator":""}},{"type":"Feature","geometry":{"type":"Point","coordinates":[-86.611897,36.057378]},"properties":{"apn":"164020A09500CO","address":"1054 COTTAGE VIEW LN, ANTIOCH, TN  37013","year_built":2015,"owner":"NORMANDY II GENERAL PARTNERSHIP","operator":""}},{"type":"Feature","geometry":{"type":"Point","coordinates":[-86.611821,36.057254]},"properties":{"apn":"164020A09600CO","address":"1058 COTTAGE VIEW LN, ANTIOCH, TN  37013","year_built":2015,"owner":"NORMANDY II GENERAL PARTNERSHIP","operator":""}},{"type":"Feature","geometry":{"type":"Point","coordinates":[-86.611758,36.057124]},"properties":{"apn":"164020A09700CO","address":"1062 COTTAGE VIEW LN, ANTIOCH, TN  37013","year_built":2015,"owner":"NORMANDY II GENERAL PARTNERSHIP","operator":""}},{"type":"Feature","geometry":{"type":"Point","coordinates":[-86.609986,36.056699]},"properties":{"apn":"164020A11800CO","address":"1821 CLAYCREEK PT, ANTIOCH, TN  37013","year_built":2017,"owner":"NORMANDY II GENERAL PARTNERSHIP","operator":""}},{"type":"Feature","geometry":{"type":"Point","coordinates":[-86.610856,36.057086]},"properties":{"apn":"164020A19800CO","address":"2208 HAMLET HILL DR, ANTIOCH, TN  37013","year_built":2015,"owner":"NORMANDY II GENERAL PARTNERSHIP","operator":""}},{"type":"Feature","geometry":{"type":"Point","coordinates":[-86.609992,36.05686]},"properties":{"apn":"164020A11900CO","address":"1817 CLAYCREEK PT, ANTIOCH, TN  37013","year_built":2017,"owner":"NORMANDY II GENERAL PARTNERSHIP","operator":""}},{"type":"Feature","geometry":{"type":"Point","coordinates":[-86.610026,36.057015]},"properties":{"apn":"164020A12000CO","address":"1813 CLAYCREEK PT, ANTIOCH, TN  37013","year_built":2015,"owner":"NORMANDY II GENERAL PARTNERSHIP","operator":""}},{"type":"Feature","geometry":{"type":"Point","coordinates":[-86.61009,36.057168]},"properties":{"apn":"164020A12100CO","address":"1809 CLAYCREEK PT, ANTIOCH, TN  37013","year_built":2015,"owner":"NORMANDY II GENERAL PARTNERSHIP","operator":""}},{"type":"Feature","geometry":{"type":"Point","coordinates":[-86.610178,36.057301]},"properties":{"apn":"164020A12200CO","address":"1805 CLAYCREEK PT, ANTIOCH, TN  37013","year_built":2015,"owner":"NORMANDY II GENERAL PARTNERSHIP","operator":""}},{"type":"Feature","geometry":{"type":"Point","coordinates":[-86.610353,36.057436]},"properties":{"apn":"164020A12300CO","address":"1801 CLAYCREEK PT, ANTIOCH, TN  37013","year_built":2015,"owner":"NORMANDY II GENERAL PARTNERSHIP","operator":""}},{"type":"Feature","geometry":{"type":"Point","coordinates":[-86.610164,36.057517]},"properties":{"apn":"164020A12400CO","address":"2220 HAMLET HILL DR, ANTIOCH, TN  37013","year_built":2017,"owner":"NORMANDY II GENERAL PARTNERSHIP","operator":""}},{"type":"Feature","geometry":{"type":"Point","coordinates":[-86.610424,36.05788]},"properties":{"apn":"164020A19300CO","address":"2221 HAMLET HILL DR, ANTIOCH, TN  37013","year_built":2017,"owner":"NORMANDY II GENERAL PARTNERSHIP","operator":""}},{"type":"Feature","geometry":{"type":"Point","coordinates":[-86.61059,36.05775]},"properties":{"apn":"164020A19400CO","address":"1753 CLAYCREEK PT, ANTIOCH, TN  37013","year_built":2015,"owner":"NORMANDY II GENERAL PARTNERSHIP","operator":""}},{"type":"Feature","geometry":{"type":"Point","coordinates":[-86.610924,36.057505]},"properties":{"apn":"164020A19500CO","address":"2209 HAMLET HILL DR, ANTIOCH, TN  37013","year_built":2015,"owner":"NORMANDY II GENERAL PARTNERSHIP","operator":""}},{"type":"Feature","geometry":{"type":"Point","coordinates":[-86.611122,36.057412]},"properties":{"apn":"164020A19600CO","address":"2205 HAMLET HILL DR, ANTIOCH, TN  37013","year_built":2015,"owner":"NORMANDY II GENERAL PARTNERSHIP","operator":""}},{"type":"Feature","geometry":{"type":"Point","coordinates":[-86.610994,36.057017]},"properties":{"apn":"164020A19700CO","address":"2204 HAMLET HILL DR, ANTIOCH, TN  37013","year_built":2015,"owner":"NORMANDY II GENERAL PARTNERSHIP","operator":""}},{"type":"Feature","geometry":{"type":"Point","coordinates":[-86.610855,36.055564]},"properties":{"apn":"164020A10500CO","address":"1849 CLAYCREEK PT, ANTIOCH, TN  37013","year_built":2016,"owner":"NORMANDY II GENERAL PARTNERSHIP","operator":""}},{"type":"Feature","geometry":{"type":"Point","coordinates":[-86.993034,36.068178]},"properties":{"apn":"141050A05300CO","address":"205 AVONDALE PARK BLVD, NASHVILLE, TN  37221","year_built":2011,"owner":"CHIMBA DEO & LUCY ERASTO KIBARA","operator":""}},{"type":"Feature","geometry":{"type":"Point","coordinates":[-86.616808,36.062061]},"properties":{"apn":"150140D05400CO","address":"4636 BUCKPASSER AVE, ANTIOCH, TN  37013","year_built":2010,"owner":"WILLIAMS CHRISTOPHER","operator":""}},{"type":"Feature","geometry":{"type":"Point","coordinates":[-86.688551,36.005726]},"properties":{"apn":"181100A25500CO","address":"7201 AUTUMN CROSSING WAY, BRENTWOOD, TN  37027","year_built":2010,"owner":"GARNER WILLIAM TRAVIS & AMANDA BETH","operator":""}},{"type":"Feature","geometry":{"type":"Point","coordinates":[-86.739725,36.177963]},"properties":{"apn":"08310016300","address":"1621 FOREST AVE, NASHVILLE, TN  37206","year_built":2018,"owner":"AUSTIN WILLIAM TODD","operator":""}},{"type":"Feature","geometry":{"type":"Point","coordinates":[-86.762233,36.39456]},"properties":{"apn":"00200001300","address":"127 EAST END RD, GOODLETTSVILLE, TN  37072","year_built":2010,"owner":"RUMPH EVARLEAN & KENNETH E","operator":""}},{"type":"Feature","geometry":{"type":"Point","coordinates":[-86.610818,36.074486]},"properties":{"apn":"150060A04800CO","address":"4101 ALICIA LN, ANTIOCH, TN  37013","year_built":2010,"owner":"ICHEKE NKEIRU","operator":""}},{"type":"Feature","geometry":{"type":"Point","coordinates":[-86.866865,36.23285]},"properties":{"apn":"05800005200","address":"0 EATONS CREEK RD, NASHVILLE, TN  37218","year_built":2020,"owner":"ALBRIGHT ROBERT M & KELLY P","operator":""}},{"type":"Feature","geometry":{"type":"Point","coordinates":[-86.643013,36.0799]},"properties":{"apn":"14903015800","address":"2521 B EDGE O LAKE DR, NASHVILLE, TN  37217","year_built":2010,"owner":"GABRA ZAKRIA & BOKTOR RAGAA","operator":""}},{"type":"Feature","geometry":{"type":"Point","coordinates":[-86.793944,36.169721]},"properties":{"apn":"08116074000","address":"918 WARREN ST, NASHVILLE, TN  37208","year_built":2011,"owner":"HEUSER BRIAN & MARTIN MARIE H","operator":""}},{"type":"Feature","geometry":{"type":"Point","coordinates":[-86.633777,36.230992]},"properties":{"apn":"063040A05400CO","address":"1601 STOKLEY LN, OLD HICKORY, TN  37138","year_built":2011,"owner":"CORDER MARTINUS L & AMBRA G","operator":""}},{"type":"Feature","geometry":{"type":"Point","coordinates":[-86.852537,36.33486]},"properties":{"apn":"01500012600","address":"2887 MORGAN RD, JOELTON, TN  37080","year_built":2016,"owner":"MAYO TERRELL S & JENNIFER L","operator":""}},{"type":"Feature","geometry":{"type":"Point","coordinates":[-86.617972,36.035817]},"properties":{"apn":"175020A01800CO","address":"1427 SPRUCEDALE DR, ANTIOCH, TN  37013","year_built":2010,"owner":"STOVALL MOLLY","operator":""}},{"type":"Feature","geometry":{"type":"Point","coordinates":[-86.786723,36.112371]},"properties":{"apn":"118090E00200CO","address":"908 NOELTON AVE, NASHVILLE, TN  37204","year_built":2010,"owner":"BIOLA JUSTINE & BASS JOSEPH","operator":""}},{"type":"Feature","geometry":{"type":"Point","coordinates":[-86.789986,36.2055]},"properties":{"apn":"07105005400","address":"2003 BAPTIST WORLD CENTER DR, NASHVILLE, TN  37207","year_built":2016,"owner":"MCCLAIN RAY A","operator":""}},{"type":"Feature","geometry":{"type":"Point","coordinates":[-86.792483,36.172342]},"properties":{"apn":"08213002700","address":"908 PHILLIPS ST, NASHVILLE, TN  37208","year_built":2012,"owner":"GODDARD RICHARD","operator":""}},{"type":"Feature","geometry":{"type":"Point","coordinates":[-86.883534,36.35622]},"properties":{"apn":"00800024900","address":"7977 WHITES CREEK PIKE, JOELTON, TN  37080","year_built":2013,"owner":"WELDON DONNA ARMSTRONG","operator":""}},{"type":"Feature","geometry":{"type":"Point","coordinates":[-86.76633,36.182772]},"properties":{"apn":"08207034000","address":"323 GRACE ST, NASHVILLE, TN  37207","year_built":2019,"owner":"EDDINS TIMOTHY L","operator":""}},{"type":"Feature","geometry":{"type":"Point","coordinates":[-86.870513,36.276442]},"properties":{"apn":"03900019000","address":"5465 CLARKSVILLE PIKE, WHITES CREEK, TN  37189","year_built":2010,"owner":"BENTLEY BRANDON","operator":""}},{"type":"Feature","geometry":{"type":"Point","coordinates":[-86.696517,36.280552]},"properties":{"apn":"034140A03400CO","address":"720 MAYLENE DR, MADISON, TN  37115","year_built":2017,"owner":"STOKES M R","operator":""}},{"type":"Feature","geometry":{"type":"Point","coordinates":[-86.838293,36.148052]},"properties":{"apn":"09116025700","address":"4300 DAKOTA AVE, NASHVILLE, TN  37209","year_built":2010,"owner":"HEUSINKVELD DAVID C & LOGAN REGAN A","operator":""}},{"type":"Feature","geometry":{"type":"Point","coordinates":[-86.895109,36.312721]},"properties":{"apn":"02100036200","address":"5200 RAWLINGS RD, JOELTON, TN  37080","year_built":2010,"owner":"MIDGETT ERNEST C JR","operator":""}},{"type":"Feature","geometry":{"type":"Point","coordinates":[-86.562671,36.147969]},"properties":{"apn":"11000019800","address":"4665 HESSEY RD, MOUNT JULIET, TN  37122","year_built":2015,"owner":"PICIACCHIA CHRISTOPHER P & MICHELE R","operator":""}},{"type":"Feature","geometry":{"type":"Point","coordinates":[-86.90005,36.07909]},"properties":{"apn":"14300007200","address":"0 HIGHWAY 70 S, NASHVILLE, TN  37221","year_built":2013,"owner":"FRIENDS OF THE WARNER PARKS INC","operator":""}},{"type":"Feature","geometry":{"type":"Point","coordinates":[-86.727956,36.327286]},"properties":{"apn":"01800014300","address":"526 BRICK CHURCH PIKE, GOODLETTSVILLE, TN  37072","year_built":2023,"owner":"BERMAN ROXANNE","operator":""}},{"type":"Feature","geometry":{"type":"Point","coordinates":[-86.833433,36.227813]},"properties":{"apn":"05900002400","address":"3072 SUNNYVIEW DR, NASHVILLE, TN  37218","year_built":2011,"owner":"GRANT CLAUDE P JR & ROBY-GRANT SHEREKA D","operator":""}},{"type":"Feature","geometry":{"type":"Point","coordinates":[-86.866186,36.086142]},"properties":{"apn":"13013001500","address":"1222 CANTERBURY DR, NASHVILLE, TN  37205","year_built":2012,"owner":"LANE SAMUEL D & CHRISTINE B TRUSTEES","operator":""}},{"type":"Feature","geometry":{"type":"Point","coordinates":[-86.828613,36.156135]},"properties":{"apn":"09209003800","address":"3668 GEORGIA CT, NASHVILLE, TN  37209","year_built":2010,"owner":"MDHA","operator":""}},{"type":"Feature","geometry":{"type":"Point","coordinates":[-87.037338,36.002211]},"properties":{"apn":"17700004300","address":"8990 OLD HARDING PIKE, FRANKLIN, TN  37064","year_built":2013,"owner":"MCGEE SAMUEL DEWITT","operator":""}},{"type":"Feature","geometry":{"type":"Point","coordinates":[-86.813527,36.308275]},"properties":{"apn":"02300018800","address":"2308 CLAY LICK RD, WHITES CREEK, TN  37189","year_built":2014,"owner":"FRAZIER JAMES & LISA","operator":""}},{"type":"Feature","geometry":{"type":"Point","coordinates":[-86.691805,36.269844]},"properties":{"apn":"04307001600","address":"302 SCALF DR, MADISON, TN  37115","year_built":2018,"owner":"BRINEGAR SHIRLEY F","operator":""}},{"type":"Feature","geometry":{"type":"Point","coordinates":[-86.735253,36.069412]},"properties":{"apn":"14710021900","address":"5032 EDMONDSON PIKE, NASHVILLE, TN  37211","year_built":2012,"owner":"SCHENKEL DAVID L","operator":""}},{"type":"Feature","geometry":{"type":"Point","coordinates":[-86.76712,36.191507]},"properties":{"apn":"08203027700","address":"1119 MERIDIAN ST, NASHVILLE, TN  37207","year_built":2021,"owner":"SA LLC","operator":""}},{"type":"Feature","geometry":{"type":"Point","coordinates":[-86.743811,36.10142]},"properties":{"apn":"13301035200","address":"433 MCCLELLAN AVE, NASHVILLE, TN  37211","year_built":2015,"owner":"NABI AMIN","operator":""}},{"type":"Feature","geometry":{"type":"Point","coordinates":[-86.850154,36.337636]},"properties":{"apn":"01507000500","address":"2838 MORGAN RD, JOELTON, TN  37080","year_built":2010,"owner":"ELLISON MELLISSA Y","operator":""}},{"type":"Feature","geometry":{"type":"Point","coordinates":[-86.824808,36.149295]},"properties":{"apn":"09213039600","address":"3307 NEVADA AVE, NASHVILLE, TN  37209","year_built":2010,"owner":"OZARI TAMAY","operator":""}},{"type":"Feature","geometry":{"type":"Point","coordinates":[-86.816262,36.161934]},"properties":{"apn":"09206026000","address":"2521 HERMAN ST, NASHVILLE, TN  37208","year_built":2023,"owner":"LASTER RONALD L & CARLENE REVOCABLE LIVING TRUST","operator":""}},{"type":"Feature","geometry":{"type":"Point","coordinates":[-86.842438,36.361691]},"properties":{"apn":"00900015400","address":"7874 RIDGEWOOD RD, GOODLETTSVILLE, TN  37072","year_built":2021,"owner":"ABENDROTH TIMOTHY C & RACHEL D","operator":""}},{"type":"Feature","geometry":{"type":"Point","coordinates":[-86.647157,36.266498]},"properties":{"apn":"04411020800","address":"406 LAWRENCE ST, OLD HICKORY, TN  37138","year_built":2019,"owner":"DILTS JAMES E & PAMELA J","operator":""}},{"type":"Feature","geometry":{"type":"Point","coordinates":[-86.969749,36.042967]},"properties":{"apn":"15500005705","address":"8252 SPRING RIDGE DR, NASHVILLE, TN  37221","year_built":2015,"owner":"BOYD BARRY T & NANCY","operator":""}},{"type":"Feature","geometry":{"type":"Point","coordinates":[-86.874207,36.158591]},"properties":{"apn":"09008023300","address":"712 CROLEY DR, NASHVILLE, TN  37209","year_built":2018,"owner":"MOORE CHARLES S & KATHY L","operator":""}},{"type":"Feature","geometry":{"type":"Point","coordinates":[-86.970144,36.070877]},"properties":{"apn":"141070A48300CO","address":"706 MAPLE DALE CT, NASHVILLE, TN  37221","year_built":2018,"owner":"LAKE SHORE ESTATES INC","operator":""}},{"type":"Feature","geometry":{"type":"Point","coordinates":[-86.970386,36.070661]},"properties":{"apn":"141070A48500CO","address":"710 MAPLE DALE CT, NASHVILLE, TN  37221","year_built":2018,"owner":"LAKE SHORE ESTATES INC","operator":""}},{"type":"Feature","geometry":{"type":"Point","coordinates":[-86.970825,36.07013]},"properties":{"apn":"141070A46600CO","address":"354 WHITE OAK LN, NASHVILLE, TN  37221","year_built":2011,"owner":"LAKE SHORE ESTATES INC","operator":""}},{"type":"Feature","geometry":{"type":"Point","coordinates":[-86.970367,36.070753]},"properties":{"apn":"141070A48400CO","address":"708 MAPLE DALE CT, NASHVILLE, TN  37221","year_built":2018,"owner":"LAKE SHORE ESTATES INC","operator":""}},{"type":"Feature","geometry":{"type":"Point","coordinates":[-86.969988,36.070397]},"properties":{"apn":"141070A48800CO","address":"365 WHITE OAK LN, NASHVILLE, TN  37221","year_built":2016,"owner":"LAKE SHORE ESTATES INC","operator":""}},{"type":"Feature","geometry":{"type":"Point","coordinates":[-86.970556,36.070072]},"properties":{"apn":"141070A46400CO","address":"358 WHITE OAK LN, NASHVILLE, TN  37221","year_built":2020,"owner":"LAKE SHORE ESTATES INC","operator":""}},{"type":"Feature","geometry":{"type":"Point","coordinates":[-86.970116,36.070393]},"properties":{"apn":"141070A48900CO","address":"363 WHITE OAK LN, NASHVILLE, TN  37221","year_built":2016,"owner":"LAKE SHORE ESTATES INC","operator":""}},{"type":"Feature","geometry":{"type":"Point","coordinates":[-86.970274,36.070457]},"properties":{"apn":"141070A49000CO","address":"361 WHITE OAK LN, NASHVILLE, TN  37221","year_built":2016,"owner":"LAKE SHORE ESTATES INC","operator":""}},{"type":"Feature","geometry":{"type":"Point","coordinates":[-86.970392,36.070468]},"properties":{"apn":"141070A49100CO","address":"359 WHITE OAK LN, NASHVILLE, TN  37221","year_built":2016,"owner":"LAKE SHORE ESTATES INC","operator":""}},{"type":"Feature","geometry":{"type":"Point","coordinates":[-86.970812,36.070573]},"properties":{"apn":"141070A49400CO","address":"353 WHITE OAK LN, NASHVILLE, TN  37221","year_built":2015,"owner":"LAKE SHORE ESTATES INC","operator":""}},{"type":"Feature","geometry":{"type":"Point","coordinates":[-86.970922,36.070612]},"properties":{"apn":"141070A49500CO","address":"351 WHITE OAK LN, NASHVILLE, TN  37221","year_built":2015,"owner":"LAKE SHORE ESTATES INC","operator":""}},{"type":"Feature","geometry":{"type":"Point","coordinates":[-86.970667,36.070079]},"properties":{"apn":"141070A46500CO","address":"356 WHITE OAK LN, NASHVILLE, TN  37221","year_built":2020,"owner":"LAKE SHORE ESTATES INC","operator":""}},{"type":"Feature","geometry":{"type":"Point","coordinates":[-86.970404,36.070066]},"properties":{"apn":"141070A46300CO","address":"360 WHITE OAK LN, NASHVILLE, TN  37221","year_built":2020,"owner":"LAKE SHORE ESTATES INC","operator":""}},{"type":"Feature","geometry":{"type":"Point","coordinates":[-86.970763,36.071361]},"properties":{"apn":"141070A43000CO","address":"513 BENT TREE DR, NASHVILLE, TN  37221","year_built":2015,"owner":"LAKE SHORE ESTATES INC","operator":""}},{"type":"Feature","geometry":{"type":"Point","coordinates":[-86.970658,36.071395]},"properties":{"apn":"141070A43100CO","address":"515 BENT TREE DR, NASHVILLE, TN  37221","year_built":2014,"owner":"LAKE SHORE ESTATES INC","operator":""}},{"type":"Feature","geometry":{"type":"Point","coordinates":[-86.970508,36.071411]},"properties":{"apn":"141070A43200CO","address":"517 BENT TREE DR, NASHVILLE, TN  37221","year_built":2015,"owner":"LAKE SHORE ESTATES INC","operator":""}},{"type":"Feature","geometry":{"type":"Point","coordinates":[-86.970404,36.071448]},"properties":{"apn":"141070A43300CO","address":"519 BENT TREE DR, NASHVILLE, TN  37221","year_built":2015,"owner":"LAKE SHORE ESTATES INC","operator":""}},{"type":"Feature","geometry":{"type":"Point","coordinates":[-86.970941,36.070131]},"properties":{"apn":"141070A46700CO","address":"352 WHITE OAK LN, NASHVILLE, TN  37221","year_built":2010,"owner":"LAKE SHORE ESTATES INC","operator":""}},{"type":"Feature","geometry":{"type":"Point","coordinates":[-86.970292,36.070063]},"properties":{"apn":"141070A46200CO","address":"362 WHITE OAK LN, NASHVILLE, TN  37221","year_built":2020,"owner":"LAKE SHORE ESTATES INC","operator":""}},{"type":"Feature","geometry":{"type":"Point","coordinates":[-86.970134,36.070012]},"properties":{"apn":"141070A46100CO","address":"364 WHITE OAK LN, NASHVILLE, TN  37221","year_built":2020,"owner":"LAKE SHORE ESTATES INC","operator":""}},{"type":"Feature","geometry":{"type":"Point","coordinates":[-86.97002,36.070004]},"properties":{"apn":"141070A46000CO","address":"366 WHITE OAK LN, NASHVILLE, TN  37221","year_built":2020,"owner":"LAKE SHORE ESTATES INC","operator":""}},{"type":"Feature","geometry":{"type":"Point","coordinates":[-86.969375,36.070688]},"properties":{"apn":"141070A45300CO","address":"380 WHITE OAK LN, NASHVILLE, TN  37221","year_built":2016,"owner":"LAKE SHORE ESTATES INC","operator":""}},{"type":"Feature","geometry":{"type":"Point","coordinates":[-86.969372,36.070791]},"properties":{"apn":"141070A45200CO","address":"382 WHITE OAK LN, NASHVILLE, TN  37221","year_built":2016,"owner":"LAKE SHORE ESTATES INC","operator":""}},{"type":"Feature","geometry":{"type":"Point","coordinates":[-86.750336,36.297191]},"properties":{"apn":"03300016900","address":"1298 CAMPBELL RD, GOODLETTSVILLE, TN  37072","year_built":2015,"owner":"HARRIS CHERYL TR","operator":""}},{"type":"Feature","geometry":{"type":"Point","coordinates":[-86.965565,36.030821]},"properties":{"apn":"16900006900","address":"441 UNION BRIDGE RD, NASHVILLE, TN  37221","year_built":2018,"owner":"NATCHEZ ASSOCIATES LP","operator":""}},{"type":"Feature","geometry":{"type":"Point","coordinates":[-86.619193,36.064821]},"properties":{"apn":"15000010800","address":"3196 HAMILTON CHURCH RD, ANTIOCH, TN  37013","year_built":2021,"owner":"ALEXIS TUSCA R S","operator":""}},{"type":"Feature","geometry":{"type":"Point","coordinates":[-86.768179,36.230205]},"properties":{"apn":"06003004000","address":"218 EWING DR, NASHVILLE, TN  37207","year_built":2023,"owner":"MCCRAY OPHIA L","operator":""}},{"type":"Feature","geometry":{"type":"Point","coordinates":[-86.844009,36.294287]},"properties":{"apn":"03000003200","address":"4981 LAWS RD, WHITES CREEK, TN  37189","year_built":2016,"owner":"WOOD PAMELA MARIE HOBBS","operator":""}},{"type":"Feature","geometry":{"type":"Point","coordinates":[-86.827979,36.126534]},"properties":{"apn":"10413018500","address":"3620 BRIGHTON RD, NASHVILLE, TN  37205","year_built":2019,"owner":"FISHER D M","operator":""}},{"type":"Feature","geometry":{"type":"Point","coordinates":[-86.832507,36.149081]},"properties":{"apn":"09213023600","address":"3901 NEVADA AVE, NASHVILLE, TN  37209","year_built":2020,"owner":"ASHLAND RENTAL LLC","operator":""}}]}